Catchment,InsideSpecifiedArea,SLE,4thPref,Distance,Unplaced,Places,SchoolName,Feeder,2ndPref,OutsideSpecifiedArea,Year,Religion,Total,5thPref,1stPref,DfENumber,Other,PlaceAllocated,Sibling,3rdPref
0,0,3,0,12,0,178,All Saints RC School,12,12,0,2019,162,208,0,194,8164702,0,208,19,2
152,0,7,1,20,0,270,Archbishop Holgates CE School,0,10,0,2019,25,300,0,287,8164500,0,300,96,2
266,0,4,0,0,0,240,Fulford School,0,6,0,2019,0,274,0,267,8164153,0,274,4,1
189,0,5,0,27,0,239,Huntington School,0,3,0,2019,0,239,0,236,8164063,0,239,18,0
173,0,6,2,45,0,232,Joseph Rowntree School,0,14,0,2019,0,232,2,212,8164508,0,232,8,2
0,129,14,0,9,0,232,Manor CE Academy,6,10,0,2019,54,232,0,222,8164602,3,232,17,0
176,0,5,0,3,0,212,Millthorpe School,0,18,0,2019,0,212,1,190,8164229,0,212,28,3
129,0,1,0,6,9,190,Vale of York Academy,0,3,0,2019,0,146,0,132,8164000,9,146,1,2
151,0,1,3,6,27,180,York High School,0,24,0,2019,0,186,3,121,8164001,27,186,1,8
