Year,Religion,Sibling,2ndPref,Catchment,Distance,Places,SLE,4thPref,InsideSpecifiedArea,SchoolName,Total,PlaceAllocated,Feeder School,1stPref,5thPref,Unplaced,DfENumber,3rdPref
2021,127,19,3,0,0,178,9,0,0,All Saints RC School,178,178,23,175,0,0,8164702,0
2021,18,110,11,108,43,300,10,0,0,Archbishop Holgates CE School,299,299,0,276,0,10,8164500,2
2021,0,4,2,254,0,240,2,0,0,Fulford School,260,260,0,258,0,0,8164153,0
2021,0,22,2,179,36,239,2,0,0,Huntington School,239,239,0,237,0,0,8164063,0
2021,0,12,15,179,31,232,10,0,0,Joseph Rowntree School,232,232,0,217,0,0,8164508,0
2021,34,8,11,0,43,240,6,0,140,Manor CE Academy,240,240,9,223,0,0,8164602,6
2021,0,8,19,196,4,212,4,0,0,Millthorpe School,212,212,0,190,0,0,8164229,3
2021,0,2,5,158,0,150,0,0,0,Vale of York Academy,160,160,0,153,0,0,8164000,2
2021,0,4,10,110,13,180,3,2,0,York High School,154,154,0,116,0,24,8164001,2
