SLE,Distance,1stPref,DfENumber,Year,Total,OutsideSpecifiedArea,5thPref,SchoolName,PlaceAllocated,2ndPref,3rdPref,Catchment,4thPref,Feeder,InsideSpecifiedArea,Places,Unplaced,Other,Sibling,Religion
6,19,168,8164702,2018,178,0.0,0,All Saints RC School,178,6,4,0,0,0,0,178,0,0,11,142
4,35,280,8164500,2018,300,0.0,2,Archbishop Holgates CE School,300,15,3,155,0,0,0,300,0,0,83,23
6,0,252,8164153,2018,252,0.0,0,Fulford School,252,0,0,243,0,0,0,252,0,0,3,0
7,29,238,8164063,2018,239,0.0,0,Huntington School,239,1,0,182,0,0,0,239,0,0,21,0
9,36,207,8164508,2018,232,0.0,0,Joseph Rowntree School,232,21,1,175,3,0,0,232,0,0,12,0
12,77,230,8164602,2018,232,0.0,0,Manor CE Academy,232,1,1,0,0,7,36,232,0,2,7,91
4,17,193,8164229,2018,212,0.0,1,Millthorpe School,212,15,3,167,0,0,0,212,0,0,24,0
1,3,102,8164000,2018,128,0.0,1,Vale of York Academy,128,8,3,110,1,0,0,190,13,13,1,0
3,6,134,8164703,2018,180,,0,York High School,180,18,7,145,0,0,0,180,21,21,5,0
