track,year,title,album
14.0,1996.0,walkaways,recovering the satellites
9.0,2001.0,hopeless bleak despair,mink car
1.0,1964.0,little saint nick,the beach boys' christmas album
10.0,1990.0,dream is still alive,wilson phillips
19.0,1994.0,stomp box,john henry
2.0,2008.0,shine over babylon,detours
3.0,1994.0,return to innocence,the cross of changes
29.0,2007.0,who wants an haircut? (feat. baha man),testify
2.0,1992.0,tennessee,fat city
1.0,1967.0,brown eyed girl,blowin' your mind
12.0,1997.0,why can't we be friends,fush yu mang
2.0,2004.0,think of me,phantom of the opera
8.0,2005.0,pardon me,make believe
1.0,1985.0,shout,songs from the big chair
12.0,1997.0,walking my baby back home,hourglass
4.0,2002.0,ticket to heaven,away from the sun
,2008.0,another day in paradise,
10.0,2006.0,do i creep you out,straight outta lynwood
,,moliendo caf&eacute;,folklore latinamericano vol. i
1.0,1995.0,all i really want,jagged little pill
2.0,1996.0,hoodoo voodoo doll,guitar slinger
12.0,1965.0,barbara ann,beach boys' party
8.0,1994.0,pretty donna,hints allegations and things left unsaid
2.0,1984.0,we're not gonna take it,stay hungry
12.0,1996.0,she'll come back to me,fashion nugget
14.0,2008.0,lullaby for wyatt,detours
1.0,2002.0,american gigolo,maladroit
6.0,1986.0,the heat is on,beverly hills cop soundtrack
1.0,1994.0,ode to my family,no need to argue
1.0,2002.0,don't know why,come away with me
4.0,1994.0,iris,throwing copper
10.0,2008.0,my apocalypse,death magnetic
10.0,1994.0,o do not forsake me,john henry
2.0,2004.0,heaven,los lonely boys
34.0,2007.0,you make me laugh,testify
6.0,2001.0,aprendiz,mtv unplugged (alejandro sanz)
3.0,1965.0,unchained melody,just once in my life
3.0,1996.0,female of the species,spiders
7.0,2008.0,thought i knew,weezer (2008)
9.0,2002.0,la pantallera,no pares de sudar
9.0,1991.0,lounge act,nevermind
10.0,2008.0,the angel and the one,weezer (2008)
3.0,2006.0,goodbye alice in wonderland,goodbye alice in wonderland
12.0,1998.0,grow old with you,the wedding singer volume 2
5.0,1989.0,how can we be lovers,soul provider
1.0,1965.0,help!,help!
5.0,1994.0,love lifted me,hints allegations and things left unsaid
9.0,1995.0,i'm sensitive,pieces of you
,2008.0,always be my baby,
2.0,1984.0,girls just want to have fun,she's so unusual
6.0,1991.0,motownphilly,cooleyhighharmony
2.0,1993.0,omaha,august and everything after
6.0,2004.0,thunderbird,the spine
11.0,1996.0,don't cry for me argentina,evita soundtrack
7.0,1992.0,when i was your age,off the deep end
7.0,1995.0,you part the waters,motorcade of generosity
,2008.0,i am... i said,
2.0,2002.0,seven years,come away with me
,,carmen suite no. 1,
4.0,2005.0,tiger rider vs. the time sprinkler!,charge!!
9.0,1990.0,one heart in the right place,one heart in the right place
1.0,1965.0,do you wanna dance,today!
5.0,2004.0,in the morning,feels like home
12.0,1996.0,the night santa went crazy,bad hair day
1.0,1995.0,space cowboy,the return of the space cowboy
3.0,2005.0,how to save a life,how to save a life
4.0,1996.0,she crawls away,fairweather johnson
2.0,1980.0,twilight,boy
6.0,1998.0,song of truth,especially for youth - joy in the journey (1998)
14.0,2002.0,big yellow taxi,hard candy
6.0,1998.0,jump jive and wail,dirty boogie
13.0,1997.0,phantasma del mar!,the fury of the aquabats
1.0,1996.0,sunny came home,a few small repairs
7.0,1995.0,te llor&eacute; un r&iacute;o (vivo),en vivo
11.0,1995.0,big yellow taxi (traffic jam mix),friends soundtrack
17.0,1990.0,sapphire bullets of pure love,flood
5.0,1976.0,knowing me knowing you,arrival
5.0,1997.0,staring at the sun,pop
4.0,2003.0,baltimore oriole,trouble no more
4.0,2000.0,la playa,el viaje de copperpot
11.0,2002.0,not coming home (live),songs about jane
1.0,1989.0,it had to be you,when harry met sally soundtrack
3.0,1996.0,when you love a woman,trial by fire
20.0,1994.0,someone like you,jekyll &amp; hyde soundtrack
5.0,1998.0,god must have spent a little more time on you,n sync
14.0,1960.0,hit the road jack,the genius hits the road
12.0,2002.0,it's only love,c'mon c'mon
4.0,1987.0,hungry eyes,dirty dancing soundtrack
10.0,1994.0,on bended knee,ii
4.0,2004.0,cool,love. angel. music. baby.
11.0,1994.0,no one knows my plan,john henry
12.0,1991.0,struggle within,metallica
2.0,1986.0,put your hand inside the puppet head,they might be giants
5.0,1996.0,the alternative polka,bad hair day
10.0,1983.0,keeping the faith,an innocent man
3.0,1992.0,take a chance on me,abba-esque
5.0,2008.0,gasoline,detours
4.0,1991.0,breed,nevermind
11.0,1999.0,i wonder as i wander,joy: a holiday collection
4.0,1986.0,true colors,true colors
12.0,1996.0,the interlocutor,hot
8.0,1999.0,natural blues,play
16.0,2002.0,bed bed bed,no!
3.0,1981.0,down under,business as usual
,,alma llanera,folklore latinamericano vol. i
1.0,1994.0,the dam at otter creek,throwing copper
10.0,1993.0,the world's address,lincoln
11.0,2004.0,the long way home,feels like home
2.0,1999.0,lost in you,the life of chris gaines
14.0,1999.0,angel,mirrorball
1.0,2005.0,better together,in between dreams
3.0,2001.0,hash pipe,weezer (2001)
1.0,1998.0,last kiss,no boundaries: a benefit for the kosovar refugees
6.0,2002.0,here without you,away from the sun
15.0,1998.0,long way back home,stunt
11.0,1994.0,children of the world,house of love
1.0,1996.0,s-e-x-x-y,factory showroom
3.0,1999.0,amazed,lonely grill
10.0,2005.0,louisiana bayou,stand up
15.0,1995.0,turning,les mis&eacute;rables soundtrack
3.0,2001.0,invincible,invincible
14.0,1997.0,lobster bucket!,the fury of the aquabats
2.0,1996.0,6th avenue heartache,bringing down the horse
10.0,1995.0,fantine's death,les mis&eacute;rables soundtrack
1.0,1994.0,the way she loves me,paid vacation
1.0,1982.0,hurts so good,american fool
1.0,1991.0,joyride,joyride
2.0,2002.0,american girls,hard candy
10.0,2006.0,strange love,let love in
7.0,1986.0,toddler hiway,they might be giants
14.0,1996.0,sad songs and waltzes,fashion nugget
7.0,1994.0,come out and play,smash
5.0,2000.0,yellow,parachutes
4.0,2006.0,bling (confessions of a king),sam's town
7.0,2001.0,the ballad of henry darger,motherland
1.0,1998.0,sweetheart,#1's
1.0,1983.0,the heart of rock &amp; roll,sports
11.0,1986.0,brass monkey,licensed to ill
3.0,1998.0,ray of light,ray of light
11.0,2001.0,my man,mink car
7.0,1996.0,freshmen,villains
10.0,2004.0,the view,good news for people who love bad news
8.0,1994.0,time,cracked rear view
1.0,2000.0,beautiful day,all that you can't leave behind
1.0,1983.0,you're not alone,you're not alone
2.0,2002.0,dope nose,maladroit
2.0,2005.0,perfect lie,wildflower
7.0,2006.0,stitches,analog heart
1.0,1988.0,talkin' 'bout a revolution,tracy chapman
3.0,1998.0,the last stop,before these crowded streets
8.0,1998.0,fly away,5
10.0,2000.0,don't fix it,bedlam ballroom
13.0,2005.0,hey there delilah,all that we needed
6.0,1999.0,rushing,play
,,o holy night,
3.0,2001.0,wrapped up in you,scarecrow
7.0,1994.0,big yellow taxi,house of love
12.0,1990.0,minimum wage,flood
2.0,1981.0,jessie's girl,working class dog
4.0,2000.0,las estrellas,miss mujerzuela
7.0,1971.0,maggie may,every picture tells a story
9.0,2008.0,drunk with the thought of you,detours
1.0,1998.0,the way,all the pain money can buy
1.0,1993.0,all for love,three musketeers soundtrack
12.0,1997.0,go the distance,hercules soundtrack
8.0,1996.0,miller's angels,recovering the satellites
6.0,1976.0,blowin' in the wind,from every stage
2.0,1995.0,untitled,collective soul
1.0,2003.0,fallen,afterglow
7.0,1997.0,clumsy,clumsy
7.0,1991.0,the motown song,vagabond heart
,,ode to joy,
28.0,2007.0,a star is torn medley,testify
6.0,1988.0,look away,chicago 19
12.0,2001.0,the luckiest,rockin' the suburbs
5.0,1997.0,the good ship lifestyle,tubthumper
9.0,1995.0,drink with me,les mis&eacute;rables soundtrack
,,sin ti,folklore latinamericano vol. i
1.0,1988.0,don't worry be happy,simple pleasures
6.0,1990.0,perfidia,forever plaid soundtrack
4.0,1999.0,never let you go,blue
15.0,1997.0,the memory of trees,paint the sky with stars:  the best of enya
3.0,1963.0,love potion no. 9,meet the searchers
2.0,1993.0,hero,music box
4.0,1999.0,trouble,come on now social
7.0,1997.0,procura,pa' otro la'o
10.0,1995.0,red light,home
10.0,1995.0,remember the tinman,new beginning
10.0,2004.0,masquerade,phantom of the opera
8.0,1996.0,josephine,bringing down the horse
3.0,1995.0,good intentions,friends soundtrack
6.0,2002.0,hard wired,let it rain
3.0,2000.0,tal vez quiz&aacute;s,paulina
10.0,1981.0,open arms,escape
6.0,1992.0,i'll be there,mtv unplugged (mariah carey)
12.0,1991.0,arise &amp; shine forth,the forgotten carols
1.0,2000.0,a day without rain,a day without rain
12.0,1992.0,baby-baby-baby,ooooooohhh...on the tlc tip
9.0,1979.0,cars,the pleasure principle
8.0,2001.0,carrying cathy,rockin' the suburbs
5.0,1992.0,mr. wendal,3 years 5 months &amp; 2 days in the life of--
2.0,2003.0,world on fire,afterglow
2.0,1996.0,get out of this house,a few small repairs
6.0,1995.0,i may know the word,tigerlily
3.0,1988.0,(this song's just) six words long,even worse
2.0,1997.0,song 2,blur
3.0,2002.0,bright lights,more than you think you are
6.0,1996.0,beer,turn the radio off
6.0,2001.0,golden boy,motherland
9.0,1990.0,surrender,war
1.0,2000.0,prayin' for daylight,rascal flatts
12.0,2000.0,sandy face!,myths legends and other amazing adventures vol. 2
6.0,2004.0,the guitar man,pressure chief
1.0,2001.0,don't let go,weezer (2001)
1.0,1997.0,torn,left of the middle
13.0,1997.0,end credits (afro-cuban version),songs in the key of springfield
4.0,1995.0,pentagram,motorcade of generosity
4.0,1998.0,joy will be my reward,especially for youth - joy in the journey (1998)
14.0,2006.0,s-e-x-x-y,severe tire damage
36.0,2007.0,poppa can you hear me?,testify
10.0,1998.0,out of my head,all the pain money can buy
9.0,1999.0,it's all about the pentiums,running with scissors
3.0,1987.0,englishman in new york,nothing like the sun
12.0,1998.0,taking it home with me,especially for youth - joy in the journey (1998)
1.0,1989.0,strange fire,strange fire
4.0,1983.0,happy birthday,weird al yankovic
5.0,1991.0,it's so hard to say goodbye to yesterday,cooleyhighharmony
1.0,1995.0,heaven's here on earth,new beginning
,,si te vas te vas,
5.0,2002.0,flake,brushfire fairytales
25.0,2007.0,welcome to moe's,testify
7.0,2006.0,everything had changed,are me
,,piano sonata in a - rondo alla turca,
6.0,1993.0,it's alright,people get ready: a tribute to curtis mayfield
,1934.0,rhapsody on a theme of paganini,
3.0,2000.0,only time,a day without rain
3.0,2001.0,the middle,bleed american
,2008.0,i believe,
7.0,1993.0,talk soup,alapalooza
13.0,2001.0,mink car,mink car
12.0,2000.0,bedlam reprise,bedlam ballroom
11.0,2002.0,possibilities,maladroit
15.0,1999.0,the itchy &amp; scratchy &amp; poochie show theme,go simpsonic with the simpsons
6.0,2002.0,c'mon c'mon,c'mon c'mon
7.0,1977.0,thank you for the music,the album
1.0,1981.0,start me up,tattoo you
41.0,1999.0,presidents' song,go simpsonic with the simpsons
1.0,1998.0,we like to party,the party album
4.0,1953.0,you can fly! you can fly! you can fly!,peter pan soundtrack
6.0,1991.0,the dance,the forgotten carols
6.0,1968.0,magic carpet ride,candy soundtrack
3.0,2002.0,shiver,songs about jane
13.0,1995.0,angel standing by,pieces of you
4.0,1994.0,don't cry,seal (1994)
1.0,2001.0,disco medley,live the last concert
,,spring - 3rd movement,
6.0,2004.0,andy you're a star,hot fuss
6.0,1982.0,sweet dreams (are made of this),sweet dreams (are made of this)
12.0,1988.0,a groovy kind of love,buster soundtrack
12.0,2005.0,waterslides!,charge!!
4.0,2005.0,good people,in between dreams
16.0,1992.0,hypnotist of ladies,apollo 18
2.0,2000.0,diferente,homenaje a papo
10.0,2006.0,first kiss,severe tire damage
7.0,1996.0,gump,bad hair day
8.0,1995.0,stumbleine,mellon collie and the infinite sadness - twilight to starlight
6.0,1998.0,body movin',hello nasty
11.0,1998.0,why don't you get a job?,americana
11.0,1999.0,run on,play
1.0,1996.0,frank sinatra,fashion nugget
1.0,1993.0,there she goes,so i married an axe murderer soundtrack
,,amor de tres,
6.0,2004.0,my happy ending,under my skin
1.0,1988.0,heaven is a place on earth,heaven on earth
1.0,1967.0,san francisco (be sure to wear flowers in your hair),voice of scott mckenzie
12.0,2002.0,truth is a whisper,gutterflower
6.0,2006.0,bull in a china shop,are me
12.0,1998.0,sweet child o' mine,globe sessions
1.0,1986.0,everything right is wrong again,they might be giants
4.0,2003.0,my immortal,fallen
5.0,1992.0,i was only kidding,off the deep end
1.0,2000.0,independent women pt. 1,charlie's angels soundtrack
9.0,2000.0,baby seat,maroon
14.0,1998.0,american woman,5
2.0,1990.0,release me,wilson phillips
2.0,1990.0,birdhouse in your soul,flood
5.0,1994.0,undone (the sweater song),weezer (1994)
12.0,1999.0,underwater wonderland,go simpsonic with the simpsons
38.0,2007.0,hullaba lula (feat. kelsey grammar) (unaired bonus track),testify
6.0,1987.0,it's the end of the world as we know it,document
16.0,1979.0,wonderful christmastime,back to the egg
10.0,1991.0,god that failed,metallica
,1958.0,the little drummer boy,
2.0,2001.0,why georgia,room for squares
3.0,1999.0,anti-matter,the floating eye of death
10.0,2006.0,take it back,are me
10.0,1995.0,don't speak,tragic kingdom
5.0,1988.0,there she goes,the la's
4.0,1997.0,let's forget about it,firecracker
7.0,1988.0,melanie,even worse
3.0,1999.0,only one,hooked
7.0,2005.0,speed of sound,x&amp;y
7.0,1995.0,the rape of the world,new beginning
13.0,1956.0,blue moon,elvis [1956]
5.0,2002.0,running out of days,away from the sun
3.0,1996.0,3:00 AM,yourself or someone like you
2.0,1995.0,man in the long black coat,relish
2.0,1983.0,heart and soul,sports
7.0,1992.0,friday i'm in love,wish
,,manantial,folklore latinamericano vol. ii
10.0,1999.0,bailamos,enrique
2.0,1989.0,diamond in the rough,steady on
8.0,1983.0,another one rides the bus,weird al yankovic
14.0,1994.0,a self called nowhere,john henry
21.0,2007.0,glove slap (feat. the b-52s),testify
9.0,1996.0,god don't make lonely girls,bringing down the horse
3.0,2001.0,whenever wherever,laundry service
1.0,1995.0,i know,wild seed - wild flower
1.0,1966.0,m&aacute;s que nada,herb alpert presents sergio mendes &amp; brasil '66
1.0,1992.0,rump shaker,hard or smooth
7.0,1992.0,so what'cha want,check your head
18.0,2003.0,the meek shall inherit (audrey edit),little shop of horrors soundtrack
1.0,1989.0,steady on,steady on
20.0,1995.0,encore 1 - speeches - do you hear the people sing,les mis&eacute;rables soundtrack
7.0,1999.0,bodyrock,play
,2008.0,she's a woman,
6.0,2007.0,the simpsons end credits,testify
1.0,1979.0,grandma got run over by a reindeer,grandma got run over by a reindeer
1.0,1991.0,smells like teen spirit,nevermind
5.0,1982.0,where everybody knows your name,keeper
11.0,2005.0,stolen away on 55th &amp; 3rd,stand up
7.0,1991.0,heal the world,dangerous
6.0,1996.0,invisible city,bringing down the horse
,,si no te hubieras ido,
1.0,1970.0,fire and rain,sweet baby james
6.0,1988.0,lasagna,even worse
2.0,1997.0,enough to be on your way,hourglass
3.0,1999.0,hey leonardo (she likes me for me),walking off the buzz
9.0,1992.0,a whole new world,aladdin soundtrack
5.0,1999.0,come on over (all i want is you),christina aguilera - genie in a bottle
8.0,1992.0,the guitar (the lion sleeps tonight),apollo 18
3.0,1994.0,jesus doesn't want me for a sunbeam,mtv unplugged in new york
1.0,1980.0,funkytown,mouth to mouth
6.0,1999.0,take a picture,title of record
3.0,1997.0,truly madly deeply,savage garden
1.0,1999.0,sequence erase,the floating eye of death
11.0,2004.0,wishing you were somehow here again,phantom of the opera
7.0,1983.0,if this is it,sports
1.0,2004.0,horn intro,good news for people who love bad news
6.0,1997.0,the celts,paint the sky with stars:  the best of enya
5.0,2003.0,battle hymn of the republic,spirit of america
6.0,1999.0,chemical bomb,the floating eye of death
3.0,1996.0,barely breathing,duncan sheik
4.0,1991.0,i'll be there,dollars &amp; sex
4.0,1999.0,we put the spring in springfield,go simpsonic with the simpsons
4.0,1986.0,walk like an egyptian,different light
11.0,2002.0,lucky kid,c'mon c'mon
4.0,1992.0,the hit,patriot games soundtrack
18.0,1999.0,my weakness,play
9.0,2000.0,just this side of blue,bedlam ballroom
1.0,2002.0,die another day,die another day soundtrack
6.0,1972.0,rockin' robin,got to be there
5.0,2005.0,home,it's time
7.0,2001.0,losing lisa,rockin' the suburbs
11.0,1999.0,sweet surrender,mirrorball
,,william tell overture,
7.0,2004.0,love me tender,princess diaries 2 soundtrack
2.0,1985.0,dead man's party,dead man's party
1.0,2004.0,vertigo,how to dismantle an atomic bomb
9.0,1989.0,christmas (baby please come home),a very special christmas
1.0,1993.0,the power of love,the colour of my love
11.0,2004.0,untitled (how can this happen to me),still not getting any...
,2008.0,hello again,
10.0,1996.0,james k. polk,factory showroom
8.0,1997.0,whatever you do! don't!,come on over
8.0,2005.0,you and me,lifehouse
13.0,1995.0,by starlight,mellon collie and the infinite sadness - twilight to starlight
4.0,1992.0,until i fall away,new miserable experience
6.0,1975.0,sweet emotion,toys in the attic
3.0,1996.0,if you could only see,lemon parade
3.0,2002.0,traveling soldier,home
5.0,1989.0,when i see you smile,bad english
3.0,1991.0,one,achtung baby
10.0,1998.0,alpha beta parking lot,prolonging the magic
3.0,1998.0,hands,spirit
1.0,1998.0,satan is my motor,prolonging the magic
7.0,1997.0,angel,surfacing
4.0,1995.0,don't look back in anger,(what's the story) morning glory?
3.0,1995.0,one sweet day,daydream
6.0,2000.0,nada,fijate bien
10.0,1991.0,all i want,fear
1.0,1993.0,what is love,haddaway
4.0,1993.0,frank's 2000in tv,alapalooza
13.0,2000.0,do it this a way,bedlam ballroom
8.0,1997.0,burning man,third eye blind
5.0,2001.0,commissioning a symphony in c,comfort eagle
,2008.0,dream on,
4.0,1987.0,here i go again,whitesnake
5.0,1988.0,if only you believe in yourself,a new kind of love song
3.0,1999.0,show me the meaning of being lonely,millenium
2.0,1997.0,falling in love (is so hard on the knees) (clean),nine lives
8.0,1983.0,give a little bit of yourself,celebrating the light
16.0,1927.0,it don't mean a thing (if it ain't got that swing),rockin' in rhythm
4.0,2000.0,again,greatest hits (lenny kravitz)
4.0,2004.0,big sky!,yo check out this ride!
9.0,2002.0,the edison museum,no!
7.0,1990.0,two hearts beat as one,war
9.0,1992.0,plush,core
3.0,1995.0,building the barricade - on my own,les mis&eacute;rables soundtrack
7.0,2001.0,asi es la vida,el que busca encuentra
8.0,1995.0,the runaway cart,les mis&eacute;rables soundtrack
3.0,1998.0,dragula,hellbilly deluxe
8.0,2004.0,bukowski,good news for people who love bad news
8.0,2002.0,o holy night,josh groban in concert
15.0,2000.0,use me,scattered smothered and covered
8.0,1995.0,cowboy romance,tigerlily
7.0,1998.0,take me there,especially for youth - joy in the journey (1998)
,2008.0,billie jean,
13.0,1997.0,hangnail,hourglass
1.0,2000.0,too little too late,maroon
8.0,2002.0,space rock,maladroit
8.0,2003.0,down in the bottom,trouble no more
9.0,1996.0,perhaps perhaps perhaps,fashion nugget
1.0,1995.0,prologue,les mis&eacute;rables soundtrack
12.0,1992.0,gentle,you've always been there for me
4.0,1997.0,gaia,hourglass
10.0,1998.0,sweetest thing,best of 1980-1990
14.0,2001.0,sometimes it be that way,this way
3.0,1989.0,black velvet,alannah myles
,2008.0,day tripper,
9.0,1995.0,jealousy,tigerlily
12.0,1997.0,that don't impress me much,come on over
10.0,1995.0,ironic,jagged little pill
7.0,1996.0,hell,hot
,,la vida es un carnaval,
1.0,1994.0,you gotta be,i ain't movin'
10.0,2001.0,just can't last,motherland
5.0,1995.0,i wanna come over,your little secret
2.0,1993.0,brother,so i married an axe murderer soundtrack
8.0,1998.0,home again,musical chairs
5.0,1992.0,rhythm is a dancer,the madman's return
4.0,1992.0,my evil twin,apollo 18
1.0,1997.0,transistor,transistor
1.0,1996.0,real world,yourself or someone like you
7.0,2002.0,must get out,songs about jane
,2008.0,every breath you take,
10.0,2001.0,o girlfriend,weezer (2001)
1.0,1995.0,como un perro enloquecido,cuando los angeles lloran
3.0,1989.0,shotgun down the avalanche,steady on
11.0,2005.0,breakdown,in between dreams
3.0,2006.0,when you were young,sam's town
2.0,1996.0,nobody knows,words
5.0,2003.0,dare you to move,the beautiful letdown
3.0,2000.0,original prankster,conspiracy of one
2.0,2000.0,simple kind of life,return of saturn
11.0,2000.0,american pie,music
,,waltz of the flowers,
6.0,1996.0,the chanukah song,what the hell happened to me!
1.0,2002.0,hard candy,hard candy
7.0,1999.0,maria maria,supernatural
4.0,1996.0,open book,fashion nugget
15.0,2007.0,jellyfish,testify
1.0,2007.0,the simpsons main title theme,testify
5.0,1998.0,free,train
,2008.0,total eclipse of the heart,
4.0,2000.0,pero me acuerdo de t&iacute;,mi reflejo
3.0,1975.0,how sweet it is (to be loved by you),gorilla
12.0,2002.0,love explosion,maladroit
10.0,1998.0,american girls,meet the deedles soundtrack
2.0,2000.0,never do anything,maroon
7.0,2006.0,uncle johnny,sam's town
1.0,1994.0,shine,hints allegations and things left unsaid
15.0,1990.0,love is a many splendored thing,forever plaid soundtrack
5.0,1970.0,lola,lola vs. the powerman &amp; the money-go-round pt. 1
4.0,2004.0,black horse and the cherry tree,eye to the telescope
9.0,2002.0,tired of waiting for you,shenanigans
6.0,1993.0,beautiful in my eyes,painted desert serenade
4.0,1995.0,(if you're not in it for love) i'm outta here!,the woman in me
5.0,1983.0,i guess that's why they call it the blues,too low for zero
5.0,1997.0,'round springfield,songs in the key of springfield
5.0,2001.0,a lifetime,closer
1.0,1989.0,closer to fine,indigo girls
9.0,1994.0,ridiculous thoughts,no need to argue
,,el humahuaque&ntilde;o,
,1986.0,walk this way (clean),raising hell
7.0,1994.0,ants marching,under the table &amp; dreaming
13.0,1997.0,little red rodeo,direct hits
20.0,1955.0,oklahoma!,oklahoma soundtrack
1.0,1964.0,fun fun fun,shut down vol. 2
5.0,1995.0,i dreamed a dream,les mis&eacute;rables soundtrack
5.0,1999.0,lovers of loving love,the floating eye of death
,,feliz navidad,
8.0,2003.0,light in your eyes,the very best of sheryl crow
2.0,1994.0,i'll remember,with honors soundtrack
32.0,2007.0,king of the cats itchy &amp; scratchy medley,testify
2.0,1996.0,where have all the cowboys gone,this fire
2.0,1999.0,every morning,14:59
1.0,2000.0,lo har&eacute; por ti,paulina
2.0,1992.0,oye mi amor,donde jugaran los ni&ntilde;os?
4.0,1995.0,river,tigerlily
4.0,1999.0,other side,californication
2.0,1997.0,quit playing games (with my heart),backstreet boys
2.0,2000.0,say it isn't so,crush
1.0,1977.0,barracuda,little queen
2.0,1995.0,aeroplane (clean),one hot minute
7.0,1988.0,orange crush,green
9.0,1959.0,baby it's cold outside,a winter romance
6.0,2001.0,you rock my world,invincible
,2008.0,the time of my life,
10.0,1995.0,brain stew,insomniac
8.0,2005.0,out of my hands,stand up
2.0,1996.0,a change would do you good,sheryl crow
7.0,1992.0,no rain,blind melon
3.0,1993.0,strong enough,tuesday night music club
7.0,1995.0,fantine's arrest,les mis&eacute;rables soundtrack
10.0,2002.0,painter song,come away with me
2.0,1997.0,falling in love,firecracker
4.0,1997.0,adia,surfacing
10.0,1994.0,not even the trees,cracked rear view
1.0,2001.0,i'm a slave 4 u,britney
7.0,2002.0,i want to be on t.v.,shenanigans
6.0,2006.0,listen,let love in
1.0,1996.0,change the world,phenomenon soundtrack
1.0,1994.0,my name is jonas,weezer (1994)
,,prelude in c sharp minor,
14.0,2002.0,minor thing,by the way
8.0,1995.0,the kandinsky prince,home
13.0,1995.0,master of the house,les mis&eacute;rables soundtrack
13.0,1998.0,when you dream,stunt
,,blah blah blah,
2.0,2002.0,soak up the sun,c'mon c'mon
5.0,2006.0,without you here,let love in
1.0,1992.0,dig my grave,apollo 18
4.0,1995.0,lead kindly light,shout with glory
,2008.0,forever in blue jeans,
16.0,1995.0,stars,les mis&eacute;rables soundtrack
13.0,1990.0,scotland the brave,forever plaid soundtrack
9.0,,monkey business,monkey business
24.0,1999.0,chief wiggum p.i. main title,go simpsonic with the simpsons
3.0,1995.0,right hand man,relish
38.0,1997.0,end credits (renaissance version),songs in the key of springfield
1.0,2004.0,american idiot (clean),american idiot
3.0,1984.0,easy lover,hits
5.0,2004.0,dig your grave,good news for people who love bad news
3.0,2004.0,seven days without you,avion
2.0,1993.0,losing my religion,out of time
7.0,1994.0,all over you,throwing copper
1.0,1971.0,she's got a way,cold spring harbor
2.0,2000.0,absolutely (story of a girl),the madding crowd
5.0,1997.0,only if...,paint the sky with stars:  the best of enya
9.0,1992.0,airline amy,off the deep end
3.0,2000.0,crazy for this girl,evan and jaron
8.0,2003.0,i don't want to be,chariot
4.0,2004.0,100 years,the battle for everything
,,symphony no. 9,
10.0,2004.0,above ground,feels like home
2.0,2000.0,hey luno!,myths legends and other amazing adventures vol. 2
11.0,2002.0,rotting,shenanigans
9.0,1993.0,cryin',get a grip
9.0,1998.0,love will find you there,especially for youth - joy in the journey (1998)
3.0,1995.0,smoke and ashes,new beginning
,,pathetique,
9.0,2001.0,not the same,rockin' the suburbs
10.0,1993.0,harvey the wonder hamster,alapalooza
1.0,1984.0,ghostbusters,ghostbusters soundtrack
3.0,1994.0,wasting time,hints allegations and things left unsaid
1.0,1998.0,honor to us all,mulan soundtrack
4.0,1991.0,until the end of the world,achtung baby
3.0,2002.0,cold cold heart,come away with me
1.0,1997.0,rpm,floored
12.0,2006.0,particle man,severe tire damage
2.0,1999.0,my name is (slim shady) (clean),the slim shady lp
11.0,1998.0,what's going on here,musical chairs
11.0,1995.0,seven years,tigerlily
6.0,1994.0,kiss from a rose,seal (1994)
4.0,2000.0,go home,maroon
1.0,2003.0,hands down,a mark a mission a brand a scar
4.0,1979.0,rock lobster,b-52s
2.0,1997.0,prisoner,transistor
2.0,2006.0,snow (hey oh),stadium arcadium
1.0,1998.0,the boogie bumper,big bad voodoo daddy
,,can can,orpheus in the underworld
5.0,2001.0,blurry,come clean
16.0,2000.0,leaving,retrospective
3.0,1994.0,let her cry,cracked rear view
5.0,2001.0,build a levee,motherland
7.0,1995.0,if i got my ticket can i ride,shout with glory
3.0,2004.0,take me out,franz ferdinand
10.0,2002.0,sick of me,shenanigans
16.0,1999.0,poochie rap song,go simpsonic with the simpsons
9.0,1998.0,please baby,big bad voodoo daddy
6.0,1999.0,germs,running with scissors
17.0,1995.0,they don't care about us,history: past present and future book i
5.0,1972.0,horse with no name,america
11.0,1995.0,bleed,collective soul
4.0,1997.0,beautiful disaster,transistor
3.0,2003.0,libertad,libertad
8.0,2002.0,broken,let it rain
9.0,1996.0,another's horsedreamer's blues,recovering the satellites
3.0,1998.0,king of swing,big bad voodoo daddy
4.0,2005.0,get out of my mind,looking for lucky
4.0,2006.0,better days,let love in
1.0,2008.0,that was just your life,death magnetic
4.0,2001.0,mr. xcitement,mink car
3.0,2002.0,keep fishin',maladroit
,,it's beginning to look a lot like christmas,
43.0,1999.0,talkin' softball,go simpsonic with the simpsons
3.0,1998.0,light up my room,stunt
,1946.0,sleigh ride,
2.0,2008.0,the greatest man that ever lived (variations on a shaker hymn),weezer (2008)
5.0,2000.0,stop drop and roll,bedlam ballroom
14.0,2005.0,constellations,in between dreams
8.0,2004.0,lonely,trouble
6.0,2008.0,cyanide,death magnetic
11.0,2003.0,hey girl,a mark a mission a brand a scar
9.0,1994.0,i'll make love to you,ii
2.0,2006.0,world,two lights
1.0,1979.0,don't stop 'til you get enough,off the wall
8.0,1998.0,when you sleep,prolonging the magic
11.0,1980.0,the devil went down to georgia,urban cowboy soundtrack
11.0,1996.0,el-shaddai,he hears me
10.0,1994.0,hello morning,faithful
4.0,1990.0,like a song...,war
8.0,1984.0,king of suede,in 3-d
19.0,1995.0,rue plumet - in my life,les mis&eacute;rables soundtrack
4.0,1983.0,total eclipse of the heart,faster than the speed of night
7.0,1991.0,i was not his father he was mine (joseph),the forgotten carols
1.0,1992.0,please don't go,please don't go
8.0,2006.0,peterborough and the kawarthas,are me
10.0,2003.0,so beautiful,a mark a mission a brand a scar
6.0,1998.0,trou macacq,perennial favorites
14.0,1992.0,if i wasn't shy,apollo 18
1.0,1980.0,celebration,celebrate!
3.0,2005.0,banana pancakes,in between dreams
6.0,1993.0,this poem sucks,so i married an axe murderer soundtrack
6.0,1985.0,george of the jungle,dare to be stupid
4.0,1999.0,why does my heart feel so bad?,play
8.0,1994.0,bang and blame,monster
2.0,2006.0,enterlude,sam's town
4.0,1994.0,as i lay me down,whaler
5.0,2000.0,my way,chocolate starfish and the hot dog flavored water
3.0,2004.0,angel of music,phantom of the opera
1.0,1999.0,honey,play
3.0,1974.0,rainy day women #12 &amp; 35,before the flood
1.0,1987.0,faith,faith
3.0,1990.0,impulsive,wilson phillips
17.0,1993.0,mary jane's last dance,greatest hits (tom petty &amp; the heartbreakers)
16.0,2007.0,homer &amp; marge (feat. weird al yankovic),testify
10.0,2004.0,letterbomb (clean),american idiot
30.0,1999.0,cape feare (medley),go simpsonic with the simpsons
11.0,1990.0,heart and soul,forever plaid soundtrack
7.0,1992.0,passionate kisses,come on come on
13.0,2006.0,where the white boys dance,sam's town
3.0,1983.0,i love rocky road,weird al yankovic
24.0,1997.0,flaming moe's,songs in the key of springfield
11.0,1993.0,waffle king,alapalooza
8.0,1994.0,shit towne,throwing copper
7.0,1998.0,my drag,perennial favorites
,,symphony no. 40 1st movement,
4.0,1998.0,guitar,prolonging the magic
6.0,1995.0,dry bones,shout with glory
14.0,1995.0,take me down,mellon collie and the infinite sadness - dawn to dusk
37.0,1997.0,end credits (jfk homage),songs in the key of springfield
,1910.0,la fille aux cheveux de lin,
2.0,1978.0,my best friend's girl,the cars
4.0,1996.0,criminal,tidal
2.0,1999.0,i want it that way,millenium
4.0,1964.0,linus and lucy,a charlie brown christmas
1.0,1998.0,meet virginia,train
1.0,1975.0,fernando,abba greatest hits
12.0,1992.0,&aacute;ngel,jon secada
4.0,1997.0,fight song!,the fury of the aquabats
6.0,1993.0,traffic jam,alapalooza
2.0,1998.0,flagpole sitta,where have all the merrymakers gone?
8.0,1986.0,rabid child,they might be giants
2.0,1963.0,catch a wave,surfer girl
6.0,1992.0,highland's execution,patriot games soundtrack
1.0,1975.0,mamma mia,abba
9.0,2002.0,happy,let it rain
11.0,2001.0,privacy,invincible
11.0,2006.0,vanishing,are me
14.0,2007.0,tastes like liberty,testify
6.0,2000.0,el alma al aire,el alma al aire
5.0,1992.0,mammal,apollo 18
6.0,1987.0,paradise city,appetite for destruction
9.0,1994.0,look away,cracked rear view
1.0,1986.0,higher love,back in the high life
10.0,2003.0,little darlin',hootie and the blowfish
3.0,2006.0,into the ocean,foiled
6.0,1997.0,show me love,robyn is here
3.0,1996.0,memphis exorcism,hot
1.0,1969.0,bridge over troubled water,bridge over troubled water
12.0,1994.0,motherless child,cracked rear view
7.0,1965.0,california girls,summer days (and summer nights!!)
1.0,1992.0,live and learn,live and learn
2.0,2006.0,severe tire damage theme,severe tire damage
7.0,2004.0,dance hall,good news for people who love bad news
1.0,1965.0,i can't help myself (sugar pie honey bunch),the four tops second album
12.0,2003.0,all of this,blink 182
2.0,1993.0,i can see clearly now,cool runnings soundtrack
3.0,1967.0,lucy in the sky with diamonds,sgt. pepper's lonely hearts club band
,,los caminos de la vida,
8.0,1998.0,go daddy-o,big bad voodoo daddy
3.0,1990.0,new year's day,war
2.0,1996.0,put a lid on it,hot
4.0,2002.0,you never know,gutterflower
2.0,2002.0,hero,spiderman soundtrack
3.0,1985.0,everybody wants to rule the world,songs from the big chair
34.0,1999.0,end credits (jazz quartet version),go simpsonic with the simpsons
13.0,2004.0,don't miss you at all,feels like home
4.0,1998.0,i'll be that girl,stunt
3.0,1992.0,she's actual size,apollo 18
3.0,1994.0,satellite,under the table &amp; dreaming
3.0,2001.0,como olvidar (merengue),yo por ti
7.0,1965.0,ticket to ride,help!
8.0,2003.0,show me your heart,hootie and the blowfish
7.0,1983.0,the check's in the mail,weird al yankovic
1.0,2003.0,calling all angels,my private nation
6.0,1988.0,kokomo,cocktail soundtrack
4.0,1997.0,homer &amp; apu (who needs the kwik-e-mart),songs in the key of springfield
1.0,1975.0,jaws theme,jaws soundtrack
1.0,1996.0,mission impossible theme,mission impossible soundtrack
4.0,1999.0,i try,on how life is
12.0,2007.0,what do i think of the pie?,testify
16.0,1986.0,i hope that i get old before i die,they might be giants
1.0,1996.0,summon the heroes (1996 olympic theme),summon the heroes
,2008.0,vanishing,
7.0,1938.0,it's only a paper moon,ella and her fellas
1.0,1995.0,st. teresa,relish
12.0,2000.0,good morning beautiful,blue moon
1.0,2002.0,let it rain,let it rain
12.0,1991.0,(everything i do) i do it for you,waking up the neighbours
6.0,1967.0,happy together,happy together
4.0,2005.0,it ends tonight,move along
4.0,1998.0,sin documentos,sin documentos
5.0,1996.0,snoop dog baby,turn the radio off
12.0,1999.0,the chanukah song part ii,stan and judy's kid
2.0,1976.0,dancing queen,arrival
9.0,1996.0,84000 different delusions,a few small repairs
,1903.0,claire de lune,
4.0,2008.0,the day that never comes,death magnetic
,,etude op. 10 no. 3 (tristesse),
10.0,2003.0,bob,poodle hat
5.0,1996.0,so strange,fairweather johnson
1.0,2002.0,suffocate,shenanigans
,,truth surrup,
11.0,2007.0,you're a bunch of stuff,testify
1.0,2002.0,inaudible melodies,brushfire fairytales
11.0,1999.0,tiny pants,the floating eye of death
8.0,1998.0,fat boy,spirit
6.0,1994.0,missing,amplified heart
7.0,1970.0,sweet baby james,sweet baby james
7.0,2001.0,in too deep,all killer no filler
6.0,1999.0,someday,14:59
7.0,2005.0,look at me (i'm a winner)!,charge!!
9.0,2004.0,museum of idiots,the spine
5.0,2003.0,i'll come running,hootie and the blowfish
5.0,1993.0,achy breaky song,alapalooza
7.0,1996.0,laughing out loud,bringing down the horse
4.0,2008.0,love like this,pocketful of sunshine
7.0,2000.0,you speak my language,blender
1.0,1998.0,i don't want to miss a thing,armageddon soundtrack
2.0,1990.0,u can't touch this,please hammer don't hurt 'em
2.0,1973.0,piano man,piano man
12.0,1998.0,so long farewell goodbye,big bad voodoo daddy
5.0,1986.0,the way it is,the way it is
13.0,2001.0,grey matter,this way
1.0,,from my heart to yours,the collection volume 1
6.0,1994.0,stay (i missed you),reality bites soundtrack
9.0,1988.0,greensleeves,a fresh aire christmas
1.0,1989.0,the end of the innocence,the end of the innocence
4.0,2006.0,the truth,analog heart
5.0,2001.0,fred jones part 2,rockin' the suburbs
,2008.0,angels,
4.0,1982.0,hungry like the wolf,rio
2.0,1995.0,back for good,nobody else
5.0,1993.0,livin' on the edge,get a grip
12.0,1998.0,do you,spirit
8.0,1993.0,when i fall in love,the colour of my love
1.0,1989.0,she drives me crazy,the raw &amp; the cooked
1.0,1982.0,rosanna,toto iv
11.0,2000.0,happiness,blender
9.0,1994.0,spy,john henry
1.0,1982.0,maneater,h2o
1.0,1984.0,material girl,like a virgin
6.0,2000.0,i don't care (clean),the return of el santo
3.0,1997.0,what can i do,talk on corners
9.0,1991.0,give it away,blood sugar sex magik
3.0,1998.0,moscas en la casa,&iquest;d&oacute;nde est&aacute;n los ladrones?
1.0,1997.0,steal my sunshine,you can't stop the bum rush
2.0,2000.0,it's gonna be me,no strings attached
1.0,2003.0,meant to live,the beautiful letdown
1.0,2000.0,bedbugs,bedlam ballroom
6.0,1984.0,when doves cry,purple rain
1.0,2000.0,hanging by a moment,no name face
7.0,1997.0,r&oacute;bame el alma,sue&ntilde;os liquidos
8.0,1999.0,with arms wide open,human clay
15.0,1990.0,hot cha,flood
1.0,1991.0,good for me,heart in motion
9.0,1996.0,the dish,star trek first contact soundtrack
2.0,1990.0,gotta be this or that - undecided,forever plaid soundtrack
8.0,2002.0,lonestar,come away with me
4.0,2006.0,i'll sue ya',straight outta lynwood
1.0,1997.0,line 'em up,hourglass
13.0,2006.0,1000 miles away,goodbye alice in wonderland
10.0,1988.0,angel of harlem,rattle and hum
13.0,2002.0,the long day is over,come away with me
7.0,2006.0,give a little bit,let love in
11.0,1998.0,crash and burn,globe sessions
15.0,1997.0,to make you feel my love,greatest hits volume iii
5.0,1994.0,lightning crashes,throwing copper
6.0,1999.0,ave maria,joy: a holiday collection
13.0,2000.0,the wild sea,myths legends and other amazing adventures vol. 2
6.0,1996.0,santeria,sublime
9.0,2001.0,cleveland,this way
5.0,2003.0,gone,on and on
,,me ilusion&eacute;,
6.0,1999.0,californication,californication
1.0,1995.0,have you ever really loved a woman,don juan demarco soundtrack
3.0,1997.0,book of days,paint the sky with stars:  the best of enya
5.0,1996.0,daria,fashion nugget
5.0,1996.0,if it makes you happy,sheryl crow
2.0,1956.0,hound dog,the real elvis
4.0,1991.0,i adore mi amor,cmb
1.0,1966.0,the sounds of silence,sounds of silence
13.0,1999.0,happy birthday mr. burns,go simpsonic with the simpsons
6.0,1993.0,all about soul (remix),river of dreams
5.0,2002.0,goodnight l.a.,hard candy
10.0,1997.0,yellow and rose,hourglass
1.0,1982.0,1999,1999
9.0,2000.0,after all,blender
5.0,2000.0,don't let me be the last to know,oops! i did it again
13.0,1990.0,everything i wanted,greatest hits
8.0,1999.0,monsters wedding,the floating eye of death
8.0,1992.0,love is on the way,the lizard
6.0,2002.0,the zephyr song,by the way
1.0,1962.0,the lion sleeps tonight,the lion sleeps tonight
2.0,2002.0,another sun,let it rain
11.0,1986.0,she's an angel,they might be giants
13.0,1994.0,flute loop,ill communication
1.0,1988.0,a little respect,the innocents
2.0,2000.0,shiver,parachutes
4.0,1983.0,sister christian,midnight madness
2.0,1992.0,hey jealousy,new miserable experience
2.0,1994.0,snail shell,john henry
9.0,1987.0,angel,permanent vacation
,2008.0,god bless the u.s.a.,
1.0,2004.0,eight easy steps,so-called chaos
13.0,1999.0,if things were perfect,play
3.0,2006.0,home,daughtry
,,winter - 1st movement,
1.0,1983.0,break my stride,i don't speak the language
8.0,2003.0,the lord bless you and keep you,consider the lilies
7.0,2001.0,comfort eagle,comfort eagle
7.0,2002.0,can't stop,by the way
3.0,2001.0,running away,hoobastank
1.0,2008.0,troublemaker,weezer (2008)
7.0,1990.0,watershed,nomads indians saints
11.0,1993.0,crazy,get a grip
6.0,2001.0,el album,gozo poderoso
20.0,2007.0,the president wore pearls medley,testify
2.0,1987.0,the way you make me feel,bad
2.0,1994.0,goodnight good guy,hints allegations and things left unsaid
2.0,1993.0,don't turn around,the sign
5.0,1997.0,du hast,sehnsucht
10.0,2005.0,mechanical ape!,charge!!
2.0,2003.0,it's my life,the singles 1992-2003
1.0,2005.0,hung up,confessions on a dance floor
12.0,1996.0,california love,all eyez on me
6.0,1994.0,i'm goin' home,cracked rear view
8.0,1982.0,pyt (pretty young thing),thriller
10.0,2001.0,rockin' the suburbs,rockin' the suburbs
,,minute waltz opus 64 no. 1,
8.0,1996.0,aquabat march,the return of the aquabats!
9.0,1994.0,holiday,weezer (1994)
1.0,1964.0,i want to hold your hand,meet the beatles
16.0,2004.0,i can't hide from my mind,the spine
7.0,2000.0,fallen embers,a day without rain
10.0,2004.0,it's kickin' in,the spine
3.0,2005.0,stuck in a movie!,charge!!
14.0,2008.0,come around,saturday nights &amp; sunday mornings
4.0,2008.0,heart songs,weezer (2008)
1.0,1993.0,if i had no loot,sons of soul
12.0,1998.0,cool blue reason,prolonging the magic
1.0,1988.0,the promise,when in rome
6.0,1998.0,alcohol,stunt
1.0,1992.0,connected,connected
6.0,1991.0,polly,nevermind
9.0,2008.0,suicide and redemption,death magnetic
1.0,1998.0,kind &amp; generous,ophelia
1.0,1970.0,i'll be there,third album
1.0,1999.0,the dolphin's cry,the distance to here
2.0,1998.0,rockafeller skank,you've come a long way baby
7.0,1998.0,sheep go to heaven,prolonging the magic
11.0,1991.0,to be with you,lean into it
12.0,1991.0,the show must go on,innuendo
6.0,1999.0,thank you,no angel
5.0,1987.0,we close our eyes,boi-ngo
3.0,1995.0,jellybelly,mellon collie and the infinite sadness - dawn to dusk
5.0,2000.0,shabadaba,cd00
6.0,2003.0,cupid,on and on
3.0,2001.0,jaded,just push play
1.0,1993.0,all that she wants,the sign
1.0,1986.0,manic monday,different light
17.0,1999.0,the sky is broken,play
8.0,2001.0,yeh yeh,mink car
13.0,2006.0,wind it up,are me
15.0,2006.0,meet james ensor,severe tire damage
9.0,1962.0,marian the librarian,music man soundtrack
2.0,1997.0,sex and candy,marcy playground
9.0,1998.0,praise you,you've come a long way baby
1.0,1993.0,i would do anything for love,bat out of hell ii: back into hell
7.0,1995.0,it's a free world baby,friends soundtrack
4.0,2008.0,sundays,saturday nights &amp; sunday mornings
11.0,1995.0,don't,pieces of you
14.0,1996.0,i'll never be,turn the radio off
7.0,2008.0,washington square,saturday nights &amp; sunday mornings
6.0,1998.0,octavo dia,&iquest;d&oacute;nde est&aacute;n los ladrones?
1.0,1998.0,joy in the journey,especially for youth - joy in the journey (1998)
,1901.0,pomp and circumstance,
4.0,1994.0,always,cross road
1.0,1997.0,not while i'm around,on stage
7.0,2004.0,man and a woman,how to dismantle an atomic bomb
5.0,1999.0,adia,mirrorball
2.0,2000.0,stuck in a moment you can't get out of,all that you can't leave behind
20.0,1995.0,we'll shout and give him glory,shout with glory
11.0,2004.0,spines,the spine
10.0,1985.0,take me home,no jacket required
11.0,1997.0,i want more,tubthumper
5.0,2002.0,what a scene,gutterflower
1.0,1998.0,save tonight,desireless
13.0,1995.0,can i touch you...there,greatest hits (1985-1995)
8.0,1996.0,stickshifts and safetybelts,fashion nugget
10.0,1986.0,(she was a) hotel detective,they might be giants
,1942.0,sabre dance,
4.0,1995.0,insensitive,living under june
5.0,2006.0,satellite,goodbye alice in wonderland
18.0,1962.0,76 trombones,music man soundtrack
2.0,1998.0,it's all been done,stunt
2.0,2001.0,survivor,survivor
20.0,1999.0,trash of the titans (medley),go simpsonic with the simpsons
2.0,2000.0,el santo,the return of el santo
11.0,1968.0,a hazy shade of winter,bookends
7.0,1997.0,hold on the light will come,on stage
3.0,1999.0,falls apart,14:59
2.0,1990.0,seconds,war
6.0,2002.0,bubble toes,brushfire fairytales
12.0,1996.0,the olympic spirit,summon the heroes
5.0,1994.0,the power,house of love
4.0,2002.0,i'm with you,let go
1.0,1992.0,gitana,falta amor
7.0,1996.0,what a good boy,rock spectacle
,,mayonesa,
