track,title,year,album
4.0,zombie,1994.0,no need to argue
1.0,orinoco flow,1997.0,paint the sky with stars:  the best of enya
3.0,trash day,2003.0,poodle hat
10.0,the kraken,1998.0,perennial favorites
2.0,world on fire,2003.0,afterglow
4.0,pretty fly for a white guy,1998.0,americana
3.0,englishman in new york,1987.0,nothing like the sun
11.0,children of the world,1994.0,house of love
8.0,pardon me,2005.0,make believe
9.0,don't let the sun go down on me,1974.0,caribou
,fair phyllis,,
,la adelita,,folklore latinamericano vol. ii
6.0,nothing compares 2 u,1990.0,i do not want what i haven't got
1.0,super rad!,1997.0,the fury of the aquabats
10.0,above ground,2004.0,feels like home
5.0,she sees a diamond,,the collection volume 1
2.0,death letter,2003.0,trouble no more
2.0,brother,1993.0,so i married an axe murderer soundtrack
12.0,pillar of davidson,1994.0,throwing copper
5.0,all these things that i've done,2004.0,hot fuss
3.0,a quest for souls of men,1994.0,no more lonely people
36.0,end credits (addams family homage),1997.0,songs in the key of springfield
23.0,come together,1995.0,history: past present and future book i
3.0,running away,2001.0,hoobastank
1.0,independent women pt. 1,2000.0,charlie's angels soundtrack
11.0,i bombed korea,1995.0,motorcade of generosity
11.0,missing link,2000.0,bedlam ballroom
,si te vas te vas,,
,humahuaque&ntilde;o-quebrade&ntilde;o,,folklore latinamericano vol. ii
7.0,big yellow taxi,1994.0,house of love
6.0,jammin',1977.0,exodus
33.0,kamp krusty theme song,1999.0,go simpsonic with the simpsons
3.0,wire,1984.0,the unforgettable fire
10.0,'40',1990.0,war
2.0,dashboard,2007.0,we were dead before the ship even sank
6.0,one by one,1997.0,tubthumper
,pathetique,,
10.0,not even the trees,1994.0,cracked rear view
4.0,diamond road,2002.0,c'mon c'mon
1.0,times like these,2003.0,on and on
3.0,lump,1995.0,the presidents of the united states of america
8.0,hot sumer nights (won't last forever)!,2005.0,charge!!
11.0,jumpin' jack,1998.0,big bad voodoo daddy
1.0,every little thing he does is magic,1994.0,cover girl
12.0,waterloo,1974.0,waterloo
10.0,joliet bound,2003.0,trouble no more
,we can work it out,2008.0,
10.0,cupid de locke,1995.0,mellon collie and the infinite sadness - dawn to dusk
3.0,closer to you,2002.0,red letter days
3.0,hands clean,2002.0,under rug swept
8.0,never saw blue like that,1999.0,the runaway bride soundtrack
1.0,shower the people,1976.0,in the pocket
1.0,dirty little secret,2005.0,move along
1.0,breathe your name,2002.0,divine discontent
6.0,god bless the child,1990.0,sing the blues
11.0,become,2006.0,let love in
13.0,you'll miss me,1993.0,lincoln
,el cascabel,,folklore latinamericano vol. i
1.0,free as a bird,1995.0,anthology 1
8.0,you and me,2005.0,lifehouse
7.0,the end of the world,2003.0,trouble no more
9.0,my list,2006.0,sam's town
3.0,pool party,2000.0,myths legends and other amazing adventures vol. 2
14.0,i won't leave you lonely,1997.0,come on over
4.0,everybody hurts,1992.0,automatic for the people
8.0,story of my life,2006.0,summer girl
13.0,the wild sea,2000.0,myths legends and other amazing adventures vol. 2
7.0,i'll stand by you,1994.0,last of the independents
2.0,we didn't start the fire,1989.0,storm front
2.0,my baby's in love with eddie vedder,1999.0,running with scissors
7.0,in too deep,2001.0,all killer no filler
,smoke gets in your eyes,1958.0,
3.0,i knew i loved you,1999.0,affirmation
10.0,dream is still alive,1990.0,wilson phillips
23.0,el gato volador,2000.0,cuentos de la cripta 3
13.0,working class hero,2007.0,instant karma: the campaign to save darfur
15.0,the memory of trees,1997.0,paint the sky with stars:  the best of enya
6.0,no more lonely people,1994.0,no more lonely people
10.0,the boys of summer,2003.0,so long astoria
19.0,epilogue (finale),1995.0,les mis&eacute;rables soundtrack
8.0,i cannot find my way (three kings),1991.0,the forgotten carols
7.0,tap twist snap,1997.0,floored
8.0,give a little bit of yourself,1983.0,celebrating the light
6.0,where your eyes don't go,1993.0,lincoln
1.0,do the bartman,1990.0,sing the blues
2.0,vent,2000.0,blender
1.0,vertigo,2004.0,how to dismantle an atomic bomb
2.0,survivor,2001.0,survivor
11.0,woody,2003.0,hootie and the blowfish
2.0,creep (clean),1993.0,pablo honey
,ooby dooby,1956.0,
3.0,twenty-one,1994.0,no need to argue
8.0,light in your eyes,1999.0,hooked
3.0,wasting my time,2001.0,the fallout
8.0,39.1 degrees celsius,1996.0,star trek first contact soundtrack
1.0,grandma got run over by a reindeer,1979.0,grandma got run over by a reindeer
7.0,i wanna be sedated,1978.0,road to ruin
12.0,daddy,1995.0,pieces of you
2.0,inside out,1998.0,eve 6
4.0,purple toupee,1993.0,lincoln
5.0,friends in low places,1990.0,no fences
2.0,trash trampoline and the party girl,1982.0,a celebration
12.0,genius in france,2003.0,poodle hat
34.0,you make me laugh,2007.0,testify
10.0,smalltown,1997.0,tubthumper
11.0,lucky kid,2002.0,c'mon c'mon
8.0,happy just the way we are,1999.0,go simpsonic with the simpsons
14.0,i am a grocery bag,2002.0,no!
,todav&iacute;a,,
9.0,baby seat,2000.0,maroon
7.0,polka power!,1999.0,running with scissors
1.0,little shop of horrors,2003.0,little shop of horrors soundtrack
1.0,the way she loves me,1994.0,paid vacation
11.0,one night in bangkok,1984.0,chess soundtrack
12.0,go west,1993.0,very
2.0,selling the drama,1994.0,throwing copper
10.0,can't stop loving you,2002.0,testify
12.0,the chipmunk song,1959.0,let's all sing with the chipmunks
,winter - 2nd movement,,
2.0,lullaby,1998.0,soul's core
11.0,waffle king,1993.0,alapalooza
9.0,then the morning comes,1999.0,astro lounge
6.0,talking in your sleep,1983.0,in heat
2.0,i palindrome i,1992.0,apollo 18
3.0,3:00 AM,1996.0,yourself or someone like you
1.0,a day without rain,2000.0,a day without rain
2.0,mummers' dance,1997.0,the book of secrets
3.0,memo to human resources,2004.0,the spine
,sin ti,,folklore latinamericano vol. i
4.0,taylor,2003.0,on and on
6.0,the refugee,1990.0,war
2.0,goodnight good guy,1994.0,hints allegations and things left unsaid
3.0,c&oacute;mo dueles en los labios,1997.0,sue&ntilde;os liquidos
6.0,what i've done,2007.0,minutes to midnight
1.0,what i didn't know,1998.0,radiance
4.0,vivir sin aire,1992.0,donde jugaran los ni&ntilde;os?
6.0,michelle post,1998.0,musical chairs
12.0,cool blue reason,1998.0,prolonging the magic
3.0,how sweet it is (to be loved by you),1975.0,gorilla
6.0,the heat is on,1986.0,beverly hills cop soundtrack
,moonlight 3rd movement,,
5.0,where everybody knows your name,1982.0,keeper
8.0,dance with the angels,1997.0,firecracker
2.0,absolutely (story of a girl),2000.0,the madding crowd
11.0,f-stop blues,2002.0,brushfire fairytales
3.0,so insane,2006.0,summer girl
2.0,underneath your clothes,2001.0,laundry service
8.0,rabid child,1986.0,they might be giants
3.0,robot parade,2002.0,no!
1.0,better together,2005.0,in between dreams
15.0,lazyhead and sleepybones,2002.0,no!
3.0,the downeaster alexa,1989.0,storm front
5.0,you can't hurry love,1982.0,hello i must be going!
11.0,world of two,2001.0,comfort eagle
11.0,pink,1997.0,nine lives
8.0,livin' in the fridge,1993.0,alapalooza
3.0,intuition,2003.0,304
2.0,prisoner,1997.0,transistor
9.0,leaving,2005.0,looking for lucky
3.0,you're an original,2002.0,c'mon c'mon
15.0,road trippin',1999.0,californication
3.0,whirlpool,1993.0,why does the sun shine?
8.0,time,1994.0,cracked rear view
1.0,if you leave,1986.0,pretty in pink soundtrack
10.0,drink!,2001.0,mink car
5.0,goodnight l.a.,2002.0,hard candy
2.0,she's so high,1999.0,tal bachman
1.0,honor to us all,1998.0,mulan soundtrack
5.0,wicked game,1989.0,heart shaped world
6.0,59th street bridge song (feelin' groovy),1966.0,parsley sage rosemary and thyme
6.0,the ascent of stan,2001.0,rockin' the suburbs
13.0,italian leather sofa,1996.0,fashion nugget
7.0,asi es la vida,2001.0,el que busca encuentra
6.0,race car ya-yas,1996.0,fashion nugget
2.0,soak up the sun,2002.0,c'mon c'mon
5.0,drift away,2002.0,no stranger to shame
3.0,show me the meaning of being lonely,1999.0,millenium
9.0,love of a lifetime,1991.0,don't treat me bad
9.0,cd repo man,1996.0,the return of the aquabats!
7.0,the one i love,1987.0,document
3.0,drip drip drip,1997.0,tubthumper
3.0,truthfully,1997.0,firecracker
9.0,set adrift on memory bliss,1991.0,of the heart of the soul and of the cross
3.0,love in an elevator,1989.0,pump
1.0,funkytown,1980.0,mouth to mouth
5.0,b&eacute;same,2001.0,sue&ntilde;o repetido
9.0,after all,2000.0,blender
29.0,krusty the clown main title,1999.0,go simpsonic with the simpsons
1.0,message in a bottle,1979.0,reggatta de blanc
8.0,taco grande,1992.0,off the deep end
6.0,lasagna,1988.0,even worse
2.0,new beginning,1995.0,new beginning
1.0,children,1996.0,dreamland
4.0,little things,1994.0,sixteen stone
7.0,territorial pissings,1991.0,nevermind
5.0,1979,1995.0,mellon collie and the infinite sadness - twilight to starlight
25.0,the love-matic grandpa main title,1999.0,go simpsonic with the simpsons
5.0,i shot the sheriff,1974.0,461 ocean boulevard
1.0,dani california,2006.0,stadium arcadium
13.0,cole's song,1995.0,mr. holland's opus soundtrack
1.0,jurassic park,1993.0,alapalooza
4.0,outsider,2002.0,shenanigans
4.0,break me,2001.0,this way
2.0,my soul hungered,1994.0,book of mormon soundtrack
2.0,hold on,1999.0,mirrorball
5.0,boast,2000.0,blender
2.0,enough to be on your way,1997.0,hourglass
3.0,traffic in the sky,2003.0,on and on
9.0,crying shame,2005.0,in between dreams
,vanishing,2008.0,
4.0,yo te amo,2001.0,simplemente
3.0,it's your love,1997.0,everywhere
9.0,changes,2002.0,away from the sun
3.0,i'm too sexy,1992.0,up
4.0,the big issue,1997.0,tubthumper
8.0,the humour of the situation,2000.0,maroon
10.0,rejoice the lord is king,2003.0,consider the lilies
7.0,particle man,1990.0,flood
3.0,impulsive,1990.0,wilson phillips
6.0,invisible city,1996.0,bringing down the horse
2.0,ruby sees all,1995.0,motorcade of generosity
2.0,love of my life,1999.0,supernatural
13.0,do it this a way,2000.0,bedlam ballroom
2.0,fair,2005.0,whatever and ever amen
9.0,one heart in the right place,1990.0,one heart in the right place
3.0,crazy for this girl,2000.0,evan and jaron
37.0,end credits (jfk homage),1997.0,songs in the key of springfield
3.0,thank u,1998.0,supposed former infatuation junkie
5.0,holiday,1983.0,madonna
3.0,don't tell me,2004.0,under my skin
19.0,rue plumet - in my life,1995.0,les mis&eacute;rables soundtrack
1.0,ricky,1983.0,weird al yankovic
1.0,gitana,1992.0,falta amor
9.0,drink the water,2002.0,brushfire fairytales
8.0,i'm sick of you,1996.0,bad hair day
8.0,do i have to say the words,1991.0,waking up the neighbours
5.0,you and me and the bottle makes 3 tonight (baby),1998.0,big bad voodoo daddy
6.0,it's the end of the world as we know it,1987.0,document
,a mis paisanos,,folklore latinamericano vol. ii
14.0,s-e-x-x-y,2006.0,severe tire damage
10.0,on bended knee,1994.0,ii
8.0,nothing else matters,1991.0,metallica
13.0,amazing,1993.0,get a grip
,hungarian dance,,
9.0,another's horsedreamer's blues,1996.0,recovering the satellites
10.0,goodbye to you,2001.0,the spirit room
7.0,morning song,1995.0,pieces of you
1.0,prologue,1995.0,les mis&eacute;rables soundtrack
11.0,pet name,1996.0,factory showroom
10.0,black and blue,2002.0,hard candy
1.0,when i'm gone,2002.0,away from the sun
2.0,butterfly,1997.0,butterfly
1.0,beverly hills,2005.0,make believe
5.0,remember the time,1991.0,dangerous
,juana,,
7.0,testing 123,2003.0,everything to everyone
1.0,the dolphin's cry,1999.0,the distance to here
7.0,azul,2001.0,azul
13.0,happy birthday mr. burns,1999.0,go simpsonic with the simpsons
2.0,put a lid on it,1996.0,hot
6.0,feels like tonight,2006.0,daughtry
6.0,cyanide,2008.0,death magnetic
10.0,brain stew,1995.0,insomniac
11.0,trapped in the drive-thru,2006.0,straight outta lynwood
9.0,a whole new world,1992.0,aladdin soundtrack
6.0,butterfly in reverse,2002.0,hard candy
10.0,i won't walk away,2001.0,this way
6.0,desapariciones,1999.0,mtv unplugged (man&aacute;)
14.0,learn to be lonely,2004.0,phantom of the opera
9.0,never is enough,1998.0,stunt
9.0,love is a battlefield,1983.0,live from earth
2.0,i disappear,2000.0,mission impossible 2 soundtrack
4.0,santa monica,1995.0,sparkle &amp; fade
6.0,look away,1988.0,chicago 19
11.0,bohemian rhapsody,1975.0,a night at the opera
5.0,come away with me,2002.0,come away with me
11.0,the long way home,2004.0,feels like home
13.0,1000 miles away,2006.0,goodbye alice in wonderland
8.0,light in your eyes,2003.0,the very best of sheryl crow
4.0,podemos hacernos da&ntilde;o,2000.0,fijate bien
6.0,the olive tree,1994.0,book of mormon soundtrack
2.0,in my place,2002.0,a rush of blood to the head
1.0,the attack on rue plumet,1995.0,les mis&eacute;rables soundtrack
2.0,on parole - the bishop,1995.0,les mis&eacute;rables soundtrack
8.0,the runaway cart,1995.0,les mis&eacute;rables soundtrack
14.0,shangri-la - rags to riches,1990.0,forever plaid soundtrack
,someone to watch over me,,
15.0,meet james ensor,2006.0,severe tire damage
8.0,all the small things,1999.0,enema of the state
10.0,take me home,1985.0,no jacket required
1.0,come thou fount of every blessing,1999.0,beautiful savior
7.0,prima donna,2004.0,phantom of the opera
9.0,home,1995.0,home
5.0,baby can i hold you,1988.0,tracy chapman
3.0,keep fishin',2002.0,maladroit
8.0,twisting,1990.0,flood
8.0,high speed,2000.0,parachutes
1.0,sunglasses at night,1984.0,first offense
1.0,building a mystery,1999.0,mirrorball
9.0,the dish,1996.0,star trek first contact soundtrack
1.0,san francisco (be sure to wear flowers in your hair),1967.0,voice of scott mckenzie
1.0,into the night,2007.0,ultimate santana
10.0,flight of the passing fancy,1996.0,hot
7.0,la bamba,1959.0,ritchie valens
8.0,drain you,1991.0,nevermind
5.0,so strange,1996.0,fairweather johnson
7.0,this used to be my playground,1992.0,something to remember
1.0,i believe,1995.0,home
1.0,line 'em up,1997.0,hourglass
4.0,pentagram,1995.0,motorcade of generosity
5.0,angels,1999.0,the ego has landed
4.0,you sang to me,1999.0,marc anthony
2.0,antolog&iacute;a,1996.0,pies descalzos
39.0,song of the wild beasts (unaired bonus track),2007.0,testify
5.0,major tom (coming home),1983.0,error in the system
,i saw her standing there,2008.0,
10.0,idiot box!,1997.0,the fury of the aquabats
10.0,open arms,1981.0,escape
3.0,magic chicken!,1997.0,the fury of the aquabats
11.0,streetcorner symphony,2005.0,something to be
10.0,axel f.,1984.0,beverly hills cop soundtrack
8.0,el duelo,2000.0,mtv unplugged (la ley)
1.0,walls (circus),1996.0,songs and music from she's the one
4.0,bad day,2006.0,daniel powter
13.0,h&eacute;roe,2001.0,escape
4.0,what it's like (clean),1998.0,whitey ford sings the blues
1.0,cotton eye joe,1994.0,sex &amp; violins
6.0,george of the jungle,1985.0,dare to be stupid
7.0,cold beverage,1994.0,g. love and special sauce
2.0,old dirt hill (bring that beat back),2005.0,stand up
10.0,sick of me,2002.0,shenanigans
6.0,cupid,2003.0,on and on
3.0,all singing all dancing (medley),1999.0,go simpsonic with the simpsons
3.0,ghost,1992.0,rites of passage
10.0,narrow your eyes,1992.0,apollo 18
12.0,anyone at all,1998.0,you've got mail soundtrack
13.0,i believe in christ,2003.0,consider the lilies
8.0,first attack,1995.0,les mis&eacute;rables soundtrack
8.0,cowboy romance,1995.0,tigerlily
18.0,out of jail,1994.0,john henry
3.0,i love you always forever,1996.0,now in a minute
3.0,come to my window,1993.0,yes i am
3.0,some guys have all the luck,1984.0,camouflage
7.0,a boozehound named barney,1999.0,go simpsonic with the simpsons
11.0,hold on the light will come,1988.0,a new kind of love song
6.0,all about soul (remix),1993.0,river of dreams
10.0,oh l'amour,1986.0,wonderland
8.0,space rock,2002.0,maladroit
5.0,battle hymn of the republic,2003.0,spirit of america
1.0,something about you,1985.0,world machine
1.0,where the streets have no name,1987.0,the joshua tree
5.0,carnival,1995.0,tigerlily
1.0,here with me,1999.0,no angel
3.0,hundido en un rinc&oacute;n,1995.0,cuando los angeles lloran
13.0,december,2002.0,maladroit
1.0,against all odds (take a look at me now),1984.0,against all odds soundtrack
2.0,i want you,1997.0,savage garden
2.0,the world at large,2004.0,good news for people who love bad news
6.0,out of our heads,2008.0,detours
3.0,pinch me,2000.0,maroon
13.0,grey matter,2001.0,this way
1.0,walk on the ocean,1991.0,fear
7.0,jupiter,1998.0,spirit
5.0,baby's got sauce,1994.0,g. love and special sauce
10.0,one by one,2000.0,a day without rain
9.0,slave,2002.0,maladroit
2.0,what might have been,1993.0,big time
4.0,mr. xcitement,2001.0,mink car
3.0,como olvidar (merengue),2001.0,yo por ti
8.0,up er mei,1997.0,hourglass
14.0,horse,1994.0,throwing copper
10.0,first contact,1996.0,star trek first contact soundtrack
6.0,up up up,2002.0,gutterflower
7.0,if she only knew,1994.0,faithful
7.0,anything but down,1998.0,globe sessions
8.0,an ode to no one,1995.0,mellon collie and the infinite sadness - dawn to dusk
,candombe para jos&eacute;,,folklore latinamericano vol. ii
2.0,you've got a friend,1971.0,mud slide slim and the blue horizon
9.0,it's all about the pentiums,1999.0,running with scissors
8.0,don't let me be lonely tonight,1972.0,one man dog
6.0,red red wine,1983.0,labour of love
1.0,go,1999.0,come on now social
1.0,robot theme song!,2000.0,myths legends and other amazing adventures vol. 2
4.0,the impression that i get,1997.0,let's face it
8.0,drive,1999.0,make yourself
6.0,fortunate son,1969.0,willy and the poor boys
12.0,tonight is the night i fell asleep at the wheel,2000.0,maroon
9.0,84000 different delusions,1996.0,a few small repairs
15.0,inside,1999.0,play
13.0,mink car,2001.0,mink car
1.0,kryptonite,2000.0,the better life
5.0,i'm like a bird,2000.0,whoa nelly!
8.0,found out about you,1992.0,new miserable experience
2.0,borderline,1983.0,madonna
3.0,bugler's dream (1992 olympic theme),1996.0,summon the heroes
25.0,welcome to moe's,2007.0,testify
6.0,bull in a china shop,2006.0,are me
13.0,te aviso te anuncio,2001.0,laundry service
1.0,closing time,1998.0,feeling strangely fine
5.0,free,1998.0,train
2.0,candle in the wind,1973.0,goodbye yellow brick road
,es para ti,,folklore latinamericano vol. i
7.0,through the never,1991.0,metallica
12.0,one wild night,2000.0,crush
9.0,time after time,2006.0,when all that's left is you
5.0,quisiera ser,2001.0,mtv unplugged (alejandro sanz)
1.0,smells like nirvana,1992.0,off the deep end
3.0,if you could only see,1996.0,lemon parade
8.0,adrian,1995.0,pieces of you
1.0,horn intro,2004.0,good news for people who love bad news
9.0,all i ask of you (reprise),2004.0,phantom of the opera
5.0,putting the pieces together,1992.0,patriot games soundtrack
2.0,mr. brightside,2004.0,hot fuss
6.0,in a moment,1994.0,hints allegations and things left unsaid
8.0,seize the day,1992.0,newsies soundtrack
,panorama,,folklore latinamericano vol. i
12.0,nightingale,2002.0,come away with me
13.0,see the constellation,1992.0,apollo 18
11.0,ebay,2003.0,poodle hat
2.0,red sweater!,1997.0,the fury of the aquabats
3.0,stan (clean),2000.0,the marshall mathers lp
9.0,jake,1997.0,firecracker
3.0,wonderwall,1995.0,(what's the story) morning glory?
1.0,boys don't cry,1980.0,boys don't cry
2.0,the great beyond,1997.0,man on the moon soundtrack
4.0,in the arms of sleep,1995.0,mellon collie and the infinite sadness - twilight to starlight
1.0,you're not alone,1983.0,you're not alone
3.0,and we go,1998.0,especially for youth - joy in the journey (1998)
2.0,every morning,1999.0,14:59
1.0,mr. roboto,1983.0,kilroy was here
5.0,commissioning a symphony in c,2001.0,comfort eagle
14.0,tastes like liberty,2007.0,testify
6.0,i'll be waiting,2008.0,it is time for a love revolution
1.0,strange fire,1989.0,strange fire
4.0,stairway to heaven,1971.0,led zeppelin iv
39.0,end credits (dragnet homage),1997.0,songs in the key of springfield
1.0,bye bye bye,2000.0,no strings attached
8.0,i don't want to be,2003.0,chariot
3.0,those sweet words,2004.0,feels like home
18.0,my weakness,1999.0,play
7.0,letter to god,2005.0,wildflower
1.0,let's hear it for the boy,1984.0,let's hear it for the boy
3.0,saint judas,2001.0,motherland
3.0,into the ocean,2006.0,foiled
4.0,tiny hands,1993.0,my servant joseph
5.0,there she goes,1988.0,the la's
10.0,glycerine,1994.0,sixteen stone
2.0,snail shell,1994.0,john henry
6.0,you can call me al,1986.0,graceland
7.0,mr. popeil,1984.0,in 3-d
12.0,champagne supernova,1995.0,(what's the story) morning glory?
17.0,the goodbye girl,2004.0,best of hootie and the blowfish 1993-2003
8.0,broken,2002.0,let it rain
3.0,only happy when it rains,1995.0,garbage
13.0,steady as we go,2005.0,stand up
9.0,hey ya!,2003.0,speakerboxxx/the love below
7.0,i come from the water,1994.0,rubberneck
3.0,all you wanted,2001.0,the spirit room
4.0,lotto fever,1999.0,the floating eye of death
,me ilusion&eacute;,,
1.0,in the air tonight,1981.0,face value
,blackbird,2008.0,
13.0,just the two of us,1997.0,big willie style
3.0,the killing stone,2005.0,looking for lucky
2.0,the living years,1988.0,the living years
2.0,back for good,1995.0,nobody else
14.0,please forgive me,1993.0,so far so good
2.0,rapid hope loss,2003.0,a mark a mission a brand a scar
12.0,that don't impress me much,1997.0,come on over
10.0,brand new day,1999.0,brand new day
5.0,no other way,2005.0,in between dreams
6.0,plastic lips!,2005.0,charge!!
9.0,ebudae,1997.0,paint the sky with stars:  the best of enya
4.0,down to the river to pray,2000.0,o brother where art thou? soundtrack
8.0,everything sucks (clean),1996.0,turn the radio off
8.0,whatever you do! don't!,1997.0,come on over
8.0,can't let it go,2006.0,let love in
2.0,perfect situation,2005.0,make believe
,piano sonata no. 16 in c allegro,,
13.0,love is all there is,2008.0,detours
9.0,if you wanna touch her ask!,1997.0,come on over
9.0,spiraling shape,1996.0,factory showroom
1.0,i'll be there,1970.0,third album
9.0,dentist!,2003.0,little shop of horrors soundtrack
6.0,me gustas t&uacute;,2001.0,pr&oacute;xima estaci&oacute;n: esperanza
1.0,you spin me 'round (like a record),1985.0,youthquake
2.0,anchor of my soul,1998.0,especially for youth - joy in the journey (1998)
9.0,end of the movie,2004.0,pressure chief
,unterlanders heimweh,,
3.0,return to innocence,1994.0,the cross of changes
3.0,number three,1986.0,they might be giants
10.0,anyone but you,2008.0,saturday nights &amp; sunday mornings
2.0,always on the run,1991.0,mama said
1.0,everything right is wrong again,1986.0,they might be giants
5.0,selfless cold and composed,2005.0,whatever and ever amen
3.0,gangsta's paradise,1995.0,gangsta's paradise
2.0,don't say a word,2006.0,analog heart
8.0,tha crossroads,1995.0,e 1999 eternal
1.0,simple,1995.0,collective soul
9.0,we'll be here (when you're gone),2006.0,let love in
3.0,little sister,1995.0,pieces of you
10.0,desert mountain showdown,1998.0,musical chairs
5.0,we are family,1979.0,we are family
1.0,amor prohibido,1994.0,amor prohibido
10.0,fragile heart,2006.0,goodbye alice in wonderland
5.0,i will buy you a new life,1997.0,so much for the afterglow
4.0,always,1994.0,cross road
5.0,nerd alert!,2005.0,charge!!
31.0,springfield blows,2007.0,testify
2.0,dead man's party,1985.0,dead man's party
4.0,insensitive,1995.0,living under june
,reverie,,
7.0,lucky,2000.0,oops! i did it again
8.0,keep me in motion,1998.0,especially for youth - joy in the journey (1998)
1.0,one thing leads to another,1983.0,reach the beach
4.0,a girl worth fighting for,1998.0,mulan soundtrack
1.0,like a surgeon,1985.0,dare to be stupid
4.0,stand,1988.0,green
1.0,how do i live,1997.0,songbook: a collection of hits
4.0,carry this picture,2003.0,a mark a mission a brand a scar
7.0,the check's in the mail,1983.0,weird al yankovic
3.0,empty chairs and empty tables,2000.0,on stage 2: more broadway favorites
1.0,99 red balloons,1984.0,99 luftballons
10.0,let it breathe,1996.0,fairweather johnson
12.0,the chanukah song part ii,1999.0,stan and judy's kid
2.0,find my baby,1999.0,play
7.0,can't buy me love,1964.0,a hard day's night
8.0,live it up,2005.0,wildflower
3.0,light in your eyes,1997.0,blessid union of souls
5.0,secret smile,1998.0,feeling strangely fine
16.0,playdough!,1997.0,the fury of the aquabats
7.0,give a little bit,2006.0,let love in
3.0,when you love a woman,1996.0,trial by fire
4.0,iris,1994.0,throwing copper
6.0,butterfly,1999.0,gift of game
2.0,we're not gonna take it,1984.0,stay hungry
3.0,king of swing,1998.0,big bad voodoo daddy
2.0,baby baby,1991.0,heart in motion
3.0,seven days without you,2004.0,avion
6.0,be our guest,1991.0,beauty and the beast soundtrack
,superstar,2008.0,
3.0,cachito,1992.0,donde jugaran los ni&ntilde;os?
3.0,jesus doesn't want me for a sunbeam,1994.0,mtv unplugged in new york
6.0,never get over you,1992.0,expose
1.0,main title - locutus,1996.0,star trek first contact soundtrack
3.0,gift from him,1997.0,on stage
4.0,brown eyed girl,2000.0,songs from an american movie vol. 1: learning how to smile
9.0,cryin',1993.0,get a grip
3.0,para no verte m&aacute;s,2000.0,visperas de carnaval
6.0,st. jimmy,2004.0,american idiot
6.0,sweet emotion,1975.0,toys in the attic
11.0,powdered milk man!,1997.0,the fury of the aquabats
1.0,hands down,2003.0,a mark a mission a brand a scar
3.0,just the way you are,1977.0,the stranger
2.0,say it isn't so,2000.0,crush
1.0,cuidate,2000.0,el viaje de copperpot
2.0,shiver,2000.0,parachutes
8.0,hey chico,1999.0,night of the exotic tiki gods
3.0,hey baby,2001.0,rock steady
1.0,a little respect,1988.0,the innocents
2.0,everything to everyone,1997.0,so much for the afterglow
,jesu joy of man's desiring,,
13.0,by starlight,1995.0,mellon collie and the infinite sadness - twilight to starlight
4.0,minnie the moocher,1998.0,big bad voodoo daddy
5.0,gasoline,2008.0,detours
7.0,saturday night,1993.0,so i married an axe murderer soundtrack
3.0,like a virgin,1984.0,like a virgin
,summer - 1st movement,,
8.0,sullivan street,1993.0,august and everything after
7.0,spider,1992.0,apollo 18
,etude op.10 no.12 (revolutionary),,
16.0,till my head falls off,2006.0,severe tire damage
7.0,so what'cha want,1992.0,check your head
1.0,kiss the rain,1997.0,growing pains
5.0,how,1997.0,firecracker
3.0,banana pancakes,2005.0,in between dreams
2.0,what would you say,1994.0,under the table &amp; dreaming
2.0,forever in love,1992.0,breathless
,always be my baby,2008.0,
2.0,the way you make me feel,1987.0,bad
2.0,crazy,1999.0,baby one more time
1.0,i want you to want me,1999.0,10 things i hate about you soundtrack
2.0,dope nose,2002.0,maladroit
1.0,what i am,1988.0,shooting rubberbands at the stars
4.0,joy will be my reward,1998.0,especially for youth - joy in the journey (1998)
5.0,satellite,2006.0,goodbye alice in wonderland
9.0,syndicated inc.,1996.0,bad hair day
9.0,love,1995.0,mellon collie and the infinite sadness - dawn to dusk
9.0,lafayette,2003.0,trouble no more
4.0,superman (love theme),1978.0,superman soundtrack
21.0,canyonero,1999.0,go simpsonic with the simpsons
26.0,the simpsons spin-off showcase (medley),1999.0,go simpsonic with the simpsons
10.0,have i told you lately,1991.0,vagabond heart
11.0,the impossible dream,2000.0,on stage 2: more broadway favorites
2.0,hey luno!,2000.0,myths legends and other amazing adventures vol. 2
8.0,show me your heart,2003.0,hootie and the blowfish
2.0,jump,1992.0,totally krossed out
4.0,make someone happy,1965.0,jimmy durante's way of life
1.0,in the house of stone and light,1995.0,in the house of stone and light
6.0,conventioneers,2000.0,maroon
5.0,move your body,1999.0,europop
,malacumba guapa,,folklore latinamericano vol. i
9.0,falling for you,1996.0,pinkerton
5.0,crab,2001.0,weezer (2001)
17.0,everybody hates ned flanders medley (feat. david byrne),2007.0,testify
2.0,tainted love,1981.0,non-stop erotic cabaret
1.0,living with a hernia,1986.0,polka party!
4.0,josey,1995.0,home
11.0,what i need,1991.0,the forgotten carols
7.0,speed of sound,2005.0,x&amp;y
6.0,ave maria,1999.0,joy: a holiday collection
2.0,time love and tenderness,1991.0,time love &amp; tenderness
4.0,three marlenas,1996.0,bringing down the horse
1.0,no more i love you's,1995.0,medusa
2.0,we are the champions,1977.0,news of the world
11.0,santa monica,1997.0,savage garden
1.0,jane,1994.0,maybe you should drive
4.0,how do you talk to an angel,1992.0,the heights
5.0,super freak,1981.0,street songs
11.0,peace and love,1997.0,blessid union of souls
11.0,why should you come when i call?,2002.0,hard candy
,spring - 1st movement,,
1.0,we built this city,1985.0,knee deep in the hoopla
,forever,2008.0,
13.0,no need to argue,1994.0,no need to argue
1.0,celebration,1980.0,celebrate!
9.0,jealousy,1995.0,tigerlily
6.0,lovely ladies,1995.0,les mis&eacute;rables soundtrack
4.0,100 years,2004.0,the battle for everything
11.0,tiny pants,1999.0,the floating eye of death
4.0,she will be loved,2002.0,songs about jane
19.0,treehouse of horror v,1997.0,songs in the key of springfield
11.0,demolition rickshaw!,2005.0,charge!!
8.0,silver inches,2000.0,a day without rain
5.0,love lifted me,1994.0,hints allegations and things left unsaid
10.0,possession,1999.0,mirrorball
2.0,diamond in the rough,1989.0,steady on
21.0,glove slap (feat. the b-52s),2007.0,testify
3.0,only one,1999.0,hooked
3.0,glory of love,1986.0,solitude/solitaire
22.0,two dozen and one greyhounds,1997.0,songs in the key of springfield
5.0,goodnight elisabeth,1996.0,recovering the satellites
2.0,nothing left to lose,2006.0,nothing left to lose
3.0,benny and the jets,1973.0,goodbye yellow brick road
6.0,hush,2000.0,bedlam ballroom
,cuentame de ti,,
3.0,never there,1998.0,prolonging the magic
1.0,the simpsons main title theme,2007.0,testify
3.0,beloved wife,1995.0,tigerlily
5.0,a water prayer,1995.0,home
7.0,in my room,1963.0,surfer girl
1.0,yellow submarine,1969.0,yellow submarine
5.0,you turn the screws,1998.0,prolonging the magic
2.0,you're beautiful,2005.0,back to bedlam
5.0,horse with no name,1972.0,america
16.0,i am a man of constant sorrow,2000.0,o brother where art thou? soundtrack
11.0,fall line,2003.0,on and on
12.0,scapegoat,1997.0,tubthumper
2.0,wishing,1998.0,musical chairs
14.0,take me down,1995.0,mellon collie and the infinite sadness - dawn to dusk
4.0,ocean breathes salty,2004.0,good news for people who love bad news
1.0,you and i both,2002.0,waiting for my rocket to come
14.0,walkaways,1996.0,recovering the satellites
5.0,carbon monoxide,2004.0,pressure chief
8.0,testosterone,1994.0,sixteen stone
9.0,i cry the day i take the tree down,1991.0,the forgotten carols
1.0,always on my mind,1987.0,always on my mind
28.0,send in the clowns,1997.0,songs in the key of springfield
10.0,rain,1992.0,erotica
1.0,i wanna be there,1997.0,blessid union of souls
3.0,ska robot army,1996.0,the return of the aquabats!
9.0,enter sandman (s&amp;m),1999.0,s&amp;m
8.0,weasel stomping day,2006.0,straight outta lynwood
2.0,bring me to life,2003.0,fallen
32.0,king of the cats itchy &amp; scratchy medley,2007.0,testify
9.0,coraz&oacute;n espinado,1999.0,supernatural
4.0,zero,1995.0,mellon collie and the infinite sadness - dawn to dusk
8.0,is this love?,1995.0,motorcade of generosity
7.0,what a good boy,1996.0,rock spectacle
2.0,sara,1985.0,knee deep in the hoopla
7.0,wild honey,2000.0,all that you can't leave behind
,hello again,2008.0,
2.0,video killed the radio star,1979.0,age of plastic
4.0,the unforgiven ii,1997.0,reload
1.0,de pies a cabeza,1992.0,donde jugaran los ni&ntilde;os?
,l&aacute;grimas negras,,folklore latinamericano vol. i
5.0,black balloon,1998.0,dizzy up the girl
3.0,why can't i,2003.0,liz phair
2.0,fashion zombies!,2005.0,charge!!
11.0,will you be there,1991.0,dangerous
3.0,a matter of trust,1986.0,the bridge
2.0,it's my life,2003.0,the singles 1992-2003
7.0,without you,1993.0,music box
1.0,the final countdown,1986.0,the final countdown
5.0,a lifetime,2001.0,closer
3.0,counting blue cars,1995.0,pet your friends
3.0,man it's so loud in here,2001.0,mink car
48.0,end credits (philip glass homage),1999.0,go simpsonic with the simpsons
1.0,hard candy,2002.0,hard candy
5.0,shabadaba,2000.0,cd00
9.0,i'm sensitive,1995.0,pieces of you
,white christmas,1954.0,
4.0,i want a new drug,1983.0,sports
14.0,cocoon,2003.0,on and on
,encuentros,,folklore latinamericano vol. ii
5.0,throw away the trash!,2004.0,yo check out this ride!
12.0,losing hope,2002.0,brushfire fairytales
8.0,da da da i don't love you you don't love me aha aha aha,1981.0,da da da
1.0,torn,1997.0,left of the middle
3.0,the brady bunch,1984.0,in 3-d
8.0,what it feels like for a girl,2000.0,music
2.0,super duper love (are you diggin' on me) pt. 1,2003.0,the soul sessions
5.0,i'll come running,2003.0,hootie and the blowfish
4.0,the sweetest days,1995.0,sweetest days
9.0,suicide and redemption,2008.0,death magnetic
1.0,take a look around,2000.0,chocolate starfish and the hot dog flavored water
,one rock 'n' roll too many,2008.0,
12.0,the sewers,1995.0,les mis&eacute;rables soundtrack
5.0,from this moment on,1997.0,come on over
12.0,waterslides!,2005.0,charge!!
9.0,angel of the morning,1995.0,friends soundtrack
1.0,live and learn,1992.0,live and learn
3.0,thank you for loving me,2000.0,crush
7.0,she drives like crazy,1989.0,uhf soundtrack
3.0,superman (it's not easy),2000.0,america town
7.0,when,1997.0,come on over
1.0,meant to live,2003.0,the beautiful letdown
1.0,walking man,1974.0,walking man
7.0,everything had changed,2006.0,are me
6.0,will he ever come?,1988.0,a new kind of love song
,symphony no. 9,,
9.0,sweet child o' mine,1987.0,appetite for destruction
6.0,money money money,1976.0,arrival
8.0,with arms wide open,1999.0,human clay
4.0,electrical storm,2002.0,best of 1990-2000
1.0,feels good,1990.0,the revival
4.0,don't dream it's over,1986.0,crowded house
2.0,world,2006.0,two lights
10.0,going down in flames,2002.0,away from the sun
2.0,are you gonna be my girl,2003.0,get born
14.0,constellations,2005.0,in between dreams
11.0,one flight down,2002.0,come away with me
5.0,don't wanna fall in love,2002.0,shenanigans
3.0,they got lost,2006.0,severe tire damage
4.0,i'll be that girl,1998.0,stunt
1.0,black betty,1977.0,ram jam
11.0,motivation,2008.0,detours
6.0,i heard him come,1992.0,i heard him come
4.0,no one is to blame,1985.0,dream into action
1.0,from my heart to yours,,the collection volume 1
40.0,skinner &amp; the superintendent,1999.0,go simpsonic with the simpsons
6.0,uptown girl,1983.0,an innocent man
17.0,working undercover for the man,2001.0,mink car
1.0,now stand back for your own safety!,2005.0,charge!!
10.0,smash,2002.0,gutterflower
6.0,surf wax america,1994.0,weezer (1994)
10.0,yellow and rose,1997.0,hourglass
4.0,happy birthday,1983.0,weird al yankovic
4.0,come on eileen,1997.0,it means everything
7.0,you're the inspiration,1984.0,chicago 17
10.0,homeless reprise,1991.0,the forgotten carols
13.0,wake up call,2002.0,no!
11.0,what's going on here,1998.0,musical chairs
6.0,the chanukah song,1996.0,what the hell happened to me!
5.0,running from an angel,1994.0,cracked rear view
7.0,no rain,1992.0,blind melon
1.0,hotel california,1976.0,hotel california
2.0,sad caper,1996.0,fairweather johnson
1.0,if i had no loot,1993.0,sons of soul
11.0,fired,2001.0,rockin' the suburbs
20.0,a heart full of love,1995.0,les mis&eacute;rables soundtrack
,memory,2008.0,
3.0,everybody wants to rule the world,1985.0,songs from the big chair
11.0,lazy days,2000.0,a day without rain
12.0,tear,2002.0,by the way
6.0,the dance,1991.0,the forgotten carols
11.0,why do i keep counting,2006.0,sam's town
5.0,tell her about it,1983.0,an innocent man
1.0,too little too late,2000.0,maroon
10.0,thanksgiving song,1993.0,they're all gonna laugh at you
6.0,friends,1993.0,my servant joseph
2.0,everlasting love,1989.0,cross that line
1.0,hung up,2005.0,confessions on a dance floor
17.0,the city of new york vs. homer,1999.0,go simpsonic with the simpsons
5.0,dare you to move,2003.0,the beautiful letdown
5.0,where do they make balloons?,2002.0,no!
16.0,stand on your own head,1993.0,lincoln
4.0,peace be upon us,2008.0,detours
9.0,praise you,1998.0,you've come a long way baby
1.0,don't know why,2002.0,come away with me
2.0,attempt on the royals,1992.0,patriot games soundtrack
12.0,i am not your broom,2002.0,no!
6.0,read my mind,2006.0,sam's town
1.0,she drives me crazy,1989.0,the raw &amp; the cooked
5.0,i melt with you,1982.0,after the snow
15.0,theme song!,1997.0,the fury of the aquabats
3.0,she's actual size,1992.0,apollo 18
7.0,give me novacaine,2004.0,american idiot
,the music of the night,2008.0,
8.0,soon,1998.0,perennial favorites
1.0,comanche,1995.0,motorcade of generosity
3.0,teenage dirtbag,2000.0,wheatus
22.0,o pruny night,2007.0,testify
1.0,human beings,1998.0,human being
8.0,in the garage,1994.0,weezer (1994)
1.0,the dam at otter creek,1994.0,throwing copper
2.0,even flow,1991.0,ten
2.0,pride (in the name of love),1984.0,the unforgettable fire
6.0,where the river flows,1995.0,collective soul
2.0,homeless,1991.0,the forgotten carols
4.0,hold me,2005.0,make believe
,sing sing sing (with a swing),1936.0,
1.0,ymca,1978.0,cruisin'
3.0,one,1991.0,achtung baby
20.0,we'll shout and give him glory,1995.0,shout with glory
1.0,closer to free,1993.0,go slow down
1.0,real world,1996.0,yourself or someone like you
1.0,doctor worm,2006.0,severe tire damage
4.0,rock the casbah,1982.0,combat rock
7.0,extra savoir-faire,1994.0,john henry
8.0,sunday morning,2002.0,songs about jane
9.0,simpsoncalifragilisticexpialad'ohcious end credits suite,1999.0,go simpsonic with the simpsons
2.0,flagpole sitta,1998.0,where have all the merrymakers gone?
1.0,day of living,1994.0,faithful
7.0,hold on the light will come,1997.0,on stage
9.0,attacked by snakes!,1997.0,the fury of the aquabats
,i don't wanna cry,2008.0,
2.0,when it's over,2001.0,sugar ray
2.0,aeroplane (clean),1995.0,one hot minute
5.0,welcome to paradise,1994.0,dookie
1.0,wow flash,2000.0,wow flash
7.0,black hole sun,1994.0,superunknown
12.0,rule the world with love,2006.0,are me
13.0,it's all understood,2002.0,brushfire fairytales
1.0,deep water,1998.0,spirit
10.0,carol of the bells,1988.0,a fresh aire christmas
2.0,it's all been done,1998.0,stunt
7.0,everybody's talkin',1968.0,aerial ballet
3.0,lean on me,1986.0,life love &amp; pain
1.0,higher love,1986.0,back in the high life
10.0,bring him home,1995.0,les mis&eacute;rables soundtrack
1.0,baby one more time,1999.0,baby one more time
5.0,come down,1994.0,sixteen stone
12.0,you might die trying,2005.0,stand up
10.0,don't fix it,2000.0,bedlam ballroom
2.0,heaven,2004.0,los lonely boys
7.0,soul to squeeze,1993.0,coneheads soundtrack
3.0,anti-matter,1999.0,the floating eye of death
5.0,i dreamed a dream,1995.0,les mis&eacute;rables soundtrack
8.0,indian summer sky,1984.0,the unforgettable fire
1.0,god bless this mess,2008.0,detours
3.0,the game of love,2002.0,shaman
5.0,december,1995.0,collective soul
3.0,you were not there in bethlehem (the shepherd),1991.0,the forgotten carols
1.0,standing still,2001.0,this way
9.0,god don't make lonely girls,1996.0,bringing down the horse
6.0,old man &amp; me,1996.0,fairweather johnson
1.0,genie in a bottle,1999.0,christina aguilera - genie in a bottle
13.0,do you remember,2005.0,in between dreams
7.0,fight for your right,1986.0,licensed to ill
37.0,cletus the slack-jawed yokel,1999.0,go simpsonic with the simpsons
2.0,piano man,1973.0,piano man
1.0,closer to fine,1989.0,indigo girls
,william tell overture,,
17.0,consider the lilies,2003.0,consider the lilies
12.0,&aacute;ngel,1992.0,jon secada
6.0,diamond joe,2003.0,trouble no more
4.0,as i lay me down,1994.0,whaler
2.0,si te vas,1998.0,&iquest;d&oacute;nde est&aacute;n los ladrones?
9.0,somebody to love,1996.0,the cable guy soundtrack
11.0,let me go,1998.0,prolonging the magic
11.0,run on,1999.0,play
17.0,mary jane's last dance,1993.0,greatest hits (tom petty &amp; the heartbreakers)
1.0,for the beauty of the earth,2003.0,consider the lilies
9.0,itchy &amp; scratchy main title theme,1997.0,songs in the key of springfield
2.0,lost in you,1999.0,the life of chris gaines
4.0,it's the most wonderful time of the year,1964.0,the andy williams christmas album
6.0,the white stuff,1992.0,off the deep end
3.0,sound of your voice,2006.0,are me
4.0,why does my heart feel so bad?,1999.0,play
8.0,pink triangle,1996.0,pinkerton
1.0,american gigolo,2002.0,maladroit
7.0,the rain song,2003.0,hootie and the blowfish
,truth surrup,,
3.0,take it all away,2004.0,pressure chief
10.0,morning glory,1995.0,(what's the story) morning glory?
11.0,happiness,2000.0,blender
1.0,bedbugs,2000.0,bedlam ballroom
9.0,faith (clean),1997.0,three dollar bill y'all
2.0,pocketful of sunshine,2008.0,pocketful of sunshine
,alma llanera,,folklore latinamericano vol. i
1.0,zoot suit riot,1997.0,zoot suit riot
8.0,one night,2000.0,in blue
13.0,a long december,1996.0,recovering the satellites
9.0,steven's last night in town,2005.0,whatever and ever amen
2.0,school day,1990.0,sing the blues
6.0,let it be,1970.0,let it be
7.0,the man with glooey hands,1999.0,the floating eye of death
1.0,fun fun fun,1964.0,shut down vol. 2
4.0,trouble,1999.0,come on now social
