title,artist,album
another one bites the dust,queen,the game
que tu quieres,calle ciega,no pares de sudar
the power,amy grant,house of love
raindrops keep falling on my head,b.j. thomas,butch cassidy &amp; the sundance kid soundtrack
tonight tonight,smashing pumpkins,mellon collie and the infinite sadness - dawn to dusk
small town,john mellencamp,scarecrow
mr. jones,counting crows,august and everything after
istanbul (not constantinople),they might be giants,severe tire damage
this poem sucks,mike myers,so i married an axe murderer soundtrack
bull in a china shop,barenaked ladies,are me
josey,deep blue something,home
alpha beta parking lot,cake,prolonging the magic
one by one,hootie and the blowfish,musical chairs
when i look into your eyes,firehouse,hold your fire
because the night,10000 maniacs,mtv unplugged (10000 maniacs)
monkey business,my man friday,monkey business
turn around,they might be giants,apollo 18
machine head,bush,sixteen stone
inside,moby,play
vindicated,dashboard confessional,spiderman 2 soundtrack
crazy,gnarls barkley,st. elsewhere
share the joy,michael mclean,a new kind of love song
(everything i do) i do it for you,bryan adams,waking up the neighbours
midnight show,killers,hot fuss
h&eacute;roe,enrique iglesias,escape
hard candy,counting crows,hard candy
the dolphin's cry,live,the distance to here
mr. xcitement,they might be giants,mink car
all,collective soul,hints allegations and things left unsaid
jesu joy of man's desiring,russ freeman,
painter song,norah jones,come away with me
sin ti,king chang&oacute;,the return of el santo
pero me acuerdo de t&iacute;,christina aguilera,mi reflejo
on mercury,red hot chili peppers,by the way
lo que fui es lo que soy,alejandro sanz,mtv unplugged (alejandro sanz)
daughters,john mayer,heavier things
don't speak,no doubt,tragic kingdom
piece of dirt,they might be giants,lincoln
millenium,robbie williams,the ego has landed
blue eyes blue,eric clapton,the runaway bride soundtrack
you must love me,brooke white,
humoresque no. 7,dvorak,
a complicated song,weird al yankovic,poodle hat
love is a many splendored thing,forever plaid,forever plaid soundtrack
children of the world,amy grant,house of love
ob-la-di ob-la-da,no doubt,live in the tragic kingdom
carry this picture,dashboard confessional,a mark a mission a brand a scar
build a levee,natalie merchant,motherland
conviction of the heart,kenny loggins,leap of faith
make it go away (radiation song),sheryl crow,detours
couch potato,weird al yankovic,poodle hat
song of the south,alabama,southern star
robot parade,they might be giants,no!
everything zen,bush,sixteen stone
(i can't get no) satisfaction,rolling stones,out of our heads
ode to joy,beethoven,
if things were perfect,moby,play
benny and the jets,elton john,goodbye yellow brick road
how sweet it is (to be loved by you),james taylor,gorilla
i'm too sexy,right said fred,up
caribbean blue,enya,paint the sky with stars:  the best of enya
'surprise' symphony no. 94,haydn,
the alternative polka,weird al yankovic,bad hair day
china roses,enya,paint the sky with stars:  the best of enya
the first noel,andy williams,the andy williams christmas album
el santo,king chang&oacute;,the return of el santo
antolog&iacute;a,shakira,pies descalzos
99 red balloons,nena,99 luftballons
saturday night,ned's atomic dustbin,so i married an axe murderer soundtrack
867-5309/jenny,tommy tutone,tommy tutone 2
it's coming down,cake,fashion nugget
carve your heart out yourself,dashboard confessional,a mark a mission a brand a scar
crazy 'bout ya baby,forever plaid,forever plaid soundtrack
upside down,jack johnson,sing-a-longs &amp; lullabies for the film curious george
quisiera ser,alejandro sanz,mtv unplugged (alejandro sanz)
tears fall down,hootie and the blowfish,hootie and the blowfish
let it breathe,hootie and the blowfish,fairweather johnson
rhapsody in blue,gershwin,
here is no why,smashing pumpkins,mellon collie and the infinite sadness - dawn to dusk
englishman in new york,sting,nothing like the sun
love me tender,norah jones,princess diaries 2 soundtrack
superman theme,john williams,superman soundtrack
flaming moe's,the simpsons,songs in the key of springfield
fight song!,aquabats,the fury of the aquabats
soon,squirrel nut zippers,perennial favorites
empty,cranberries,no need to argue
when your heart says go,northern voices,faithful
she gathers rain,collective soul,collective soul
are you happy now,michelle branch,hotel paper
new york,u2,all that you can't leave behind
1000 miles away,jewel,goodbye alice in wonderland
got to get you into my life,syesha mercado,
what's on your mind (pure energy),information society,information society
the night santa went crazy,weird al yankovic,bad hair day
smoke,ben folds five,whatever and ever amen
i'm your angel,r. kelly and celine dion,these are special times
don't turn off the lights,enrique iglesias,escape
why don't you get a job?,offspring,americana
hunger for the great light,dave matthews band,stand up
dig your grave,modest mouse,good news for people who love bad news
brown eyed girl,van morrison,blowin' your mind
like a virgin,madonna,like a virgin
bizarre love triangle,new order,brotherhood
what it's like (clean),everlast,whitey ford sings the blues
like a prayer,madonna,like a prayer
independent women pt. 1,destiny's child,charlie's angels soundtrack
stay away,nirvana,nevermind
still fighting it,ben folds,rockin' the suburbs
the river of dreams,billy joel,river of dreams
building the barricade - on my own,les mis&eacute;rables,les mis&eacute;rables soundtrack
neverland medley (somewhere out there - never never land - pure imagination),kenny loggins,return to pooh corner
the difference,wallflowers,bringing down the horse
underneath it all,no doubt,rock steady
cowboy romance,natalie merchant,tigerlily
moment musical in a flat major d 780 no. 2,schubert,
parachutes,coldplay,parachutes
walk to the water,u2,with or without you
one heart in the right place,michael mclean,one heart in the right place
don't wait,dashboard confessional,dusk and summer
only wanna be with you,hootie and the blowfish,cracked rear view
i can't dance,genesis,we can't dance
steal my sunshine,len,you can't stop the bum rush
happy birthday mr. smithers,the simpsons,go simpsonic with the simpsons
the plumbing song,weird al yankovic,off the deep end
good is good,sheryl crow,wildflower
angels,robbie williams,the ego has landed
throw away your television,red hot chili peppers,by the way
layla,derek and the dominos,layla and other assorted love songs
good old days,weird al yankovic,even worse
lost in you,garth brooks (as chris gaines),the life of chris gaines
above ground,norah jones,feels like home
tal vez quiz&aacute;s,paulina rubio,paulina
blister in the sun,violent femmes,violent femmes
disarm,smashing pumpkins,siamese dream
perfect lie,sheryl crow,wildflower
footloose,kenny loggins,footloose soundtrack
why don't you &amp; i,santana,shaman
that thing you do!,wonders,that thing you do soundtrack
i'm ready,tracy chapman,new beginning
a fish called selma,the simpsons,songs in the key of springfield
donde estar&aacute;s,miguel morales,
the break,soul asylum,so i married an axe murderer soundtrack
mi eterno amor secreto,olga ta&ntilde;&oacute;n,nuevos senderos
overture,andrew lloyd webber,phantom of the opera
breathless,corrs,in blue
only time,enya,a day without rain
all nightmare long,metallica,death magnetic
into the night,benny mardones,benny mardones
beauty and the beast,celine dion,beauty and the beast soundtrack
why georgia,john mayer,room for squares
be like that,3 doors down,the better life
shoe box,barenaked ladies,born on a pirate ship
muzzle,smashing pumpkins,mellon collie and the infinite sadness - dawn to dusk
warning,green day,warning
lucky ball and chain,they might be giants,flood
theme song!,aquabats,the fury of the aquabats
leaving on a jet plane,chantal kreviazuk,armageddon soundtrack
the dangling conversation,simon and garfunkel,parsley sage rosemary and thyme
i melt with you,modern english,after the snow
enough to be on your way,james taylor,hourglass
assault on ryan's house,james horner,patriot games soundtrack
interstate love song,stone temple pilots,purple
stop drop and roll,squirrel nut zippers,bedlam ballroom
gangsta's paradise,coolio,gangsta's paradise
she's actual size,they might be giants,apollo 18
total eclipse of the heart,carly smithson,
mercury,counting crows,recovering the satellites
a quest for souls of men,elemeno-p,no more lonely people
boatman,james taylor,hourglass
hard to say i'm sorry,chicago,chicago 16
quiero,shakira,pies descalzos
better man,pearl jam,vitalogy
kiss the rain,billie myers,growing pains
cut every corner,the simpsons,go simpsonic with the simpsons
santa baby,madonna,a very special christmas
prisoner,311,transistor
it's a free world baby,rem,friends soundtrack
sunny came home,shawn colvin,a few small repairs
drowning,backstreet boys,the hits chapter one
brown eyed girl,everclear,songs from an american movie vol. 1: learning how to smile
don't cry for me argentina,madonna,evita soundtrack
diamond in the rough,shawn colvin,steady on
i love rocky road,weird al yankovic,weird al yankovic
send in the clowns,the simpsons,songs in the key of springfield
in marge we trust,the simpsons,go simpsonic with the simpsons
thirty-three,smashing pumpkins,mellon collie and the infinite sadness - twilight to starlight
she drives me crazy,fine young cannibals,the raw &amp; the cooked
adam's song,blink 182,enema of the state
a whole new world,aladdin,aladdin soundtrack
i stand all amazed,mormon tabernacle choir,
god rest ye merry gentlemen,mannheim steamroller,mannheim steamroller christmas
american gigolo,weezer,maladroit
comanche,cake,motorcade of generosity
wherever you will go,calling,camino palmero
la bamba,ritchie valens,ritchie valens
love stinks,j. geils band,love stinks
(they long to be) close to you,carpenters,close to you
black hole sun,soundgarden,superunknown
in the garage,weezer,weezer (1994)
everybody's talkin',harry nilsson,aerial ballet
oye mi amor,man&aacute;,donde jugaran los ni&ntilde;os?
shadow stabbing,cake,comfort eagle
cold dark world,weezer,weezer (2008)
i'll stand by you,pretenders,last of the independents
let it be,beatles,let it be
i say a little prayer,my best friend's wedding,my best friend's wedding soundtrack
a little respect,erasure,the innocents
light in your eyes,sheryl crow,the very best of sheryl crow
semi-charmed life,third eye blind,third eye blind
hold on,sarah mclachlan,mirrorball
go the distance,michael bolton,hercules soundtrack
jump up behind me,james taylor,hourglass
cold cold heart,norah jones,come away with me
o.p.p.,naughty by nature,naughty by nature
black and white,three dog night,seven separate fools
a hard day's night,beatles,a hard day's night
the refugee,u2,war
santeria,sublime,sublime
theme from close encounters of the third kind,john williams,close encounters of the third kind soundtrack
aquabat march,aquabats,the return of the aquabats!
love you out loud,rascal flatts,melt
kiss me,sixpence none the richer,sixpence none the richer
the lion sleeps tonight,tokens,the lion sleeps tonight
living with a hernia,weird al yankovic,polka party!
carrying cathy,ben folds,rockin' the suburbs
automatic,weezer,weezer (2008)
sapphire bullets of pure love,they might be giants,flood
across the universe,michael johns,
shadow of the day,linkin park,minutes to midnight
wonderful christmastime,paul mccartney,back to the egg
for the beauty of the earth,mormon tabernacle choir,consider the lilies
my bologna,weird al yankovic,weird al yankovic
we never change,coldplay,parachutes
free to everyone,hootie and the blowfish,looking for lucky
bad day,daniel powter,daniel powter
it's beginning to look a lot like christmas,johnny mathis,
what i didn't know,athenaeum,radiance
all 4 love,color me badd,cmb
not while i'm around,david barrus,on stage
i like it (like that),blackout allstars,i like it like that soundtrack
love is a battlefield,pat benatar,live from earth
missing link,squirrel nut zippers,bedlam ballroom
boulevard of broken dreams (clean),green day,american idiot
bones,killers,sam's town
holiday,green day,american idiot
big yellow taxi,amy grant,house of love
we're not gonna take it,twisted sister,stay hungry
lasagna,weird al yankovic,even worse
one of us,joan osborne,relish
whoomp! (there it is),tag team,whoomp! (there it is)
sleepwalkers,they might be giants,no!
ce fut en mai,moniot d'arras,
pool party,aquabats,myths legends and other amazing adventures vol. 2
it's beginning to look a lot like christmas,bing crosby,
everything right is wrong again,they might be giants,they might be giants
ghostbusters,ray parker jr.,ghostbusters soundtrack
the way you make me feel,michael jackson,bad
deeper side,hootie and the blowfish,hootie and the blowfish
discotheque,u2,pop
masquerade,andrew lloyd webber,phantom of the opera
that don't impress me much,shania twain,come on over
alright,hootie and the blowfish,hootie and the blowfish
i touch myself,divinyls,divinyls
pancreas,weird al yankovic,straight outta lynwood
all i really want,alanis morissette,jagged little pill
insignificant,counting crows,saturday nights &amp; sunday mornings
it's all been done,barenaked ladies,stunt
somewhere only we know,keane,hopes and fears
earth stopped cold at dawn,hootie and the blowfish,fairweather johnson
first contact,jerry goldsmith,star trek first contact soundtrack
go daddy-o,big bad voodoo daddy,big bad voodoo daddy
pentagram,cake,motorcade of generosity
boast,collective soul,blender
suits are picking up the bill,squirrel nut zippers,perennial favorites
they'll never stop the simpsons,the simpsons,testify
we are family,sister sledge,we are family
little red rodeo,collin raye,direct hits
ode to my family,cranberries,no need to argue
working undercover for the man,they might be giants,mink car
run,collective soul,dosage
adventure today!,aquabats,myths legends and other amazing adventures vol. 2
lucky,britney spears,oops! i did it again
diamond ring,sheryl crow,detours
put your hand inside the puppet head,they might be giants,they might be giants
love explosion,weezer,maladroit
como un perro enloquecido,man&aacute;,cuando los angeles lloran
body movin',beastie boys,hello nasty
god don't make lonely girls,wallflowers,bringing down the horse
complicated,avril lavigne,let go
twilight,squirrel nut zippers,hot
love like this,natasha bedingfield,pocketful of sunshine
unwritten,natasha bedingfield,unwritten
superman (it's not easy),five for fighting,america town
losing hope,jack johnson,brushfire fairytales
carriage,counting crows,hard candy
sweetheart,mariah carey,#1's
love,smashing pumpkins,mellon collie and the infinite sadness - dawn to dusk
mission impossible theme,u2,mission impossible soundtrack
autumn jones,hootie and the blowfish,looking for lucky
the heat is on,glenn frey,beverly hills cop soundtrack
c&oacute;mo te deseo (vivo),man&aacute;,en vivo
d&oacute;nde jugar&aacute;n los ni&ntilde;os,man&aacute;,donde jugaran los ni&ntilde;os?
como duele el frio,jos&eacute; luis carrascal,
it's the most wonderful time of the year,andy williams,the andy williams christmas album
what'd i say,ray charles,what'd i say
vivir sin aire (vivo),man&aacute;,en vivo
short skirt/long jacket,cake,comfort eagle
the distance,cake,fashion nugget
set adrift on memory bliss,pm dawn,of the heart of the soul and of the cross
don't worry be happy,bobby mcferrin,simple pleasures
listen,goo goo dolls,let love in
old dirt hill (bring that beat back),dave matthews band,stand up
las vegas nights,hootie and the blowfish,musical chairs
candombe para jos&eacute;,itayp&uacute;,folklore latinamericano vol. ii
fear,sarah mclachlan,mirrorball
pomp and circumstance,elgar,
they'll need a crane,they might be giants,lincoln
runaway train,soul asylum,grave dancers union
a girl worth fighting for,mulan,mulan soundtrack
superman,rem,life's rich pageant
down slow,moby,play
beloved wife,natalie merchant,tigerlily
whistling in the dark,they might be giants,flood
waiting,cake,pressure chief
du hast,rammstein,sehnsucht
the truth,david cook,analog heart
the space between,dave matthews band,everyday
rule the world with love,barenaked ladies,are me
worlds apart,david barrus,on stage 2: more broadway favorites
baby-baby-baby,tlc,ooooooohhh...on the tlc tip
go with me,kenneth cope,my servant joseph
the sweetest days,vanessa williams,sweetest days
we love to smoke,the simpsons,go simpsonic with the simpsons
lead kindly light,byu men's chorus,shout with glory
she's a rebel,green day,american idiot
insensitive,jann arden,living under june
throw away the trash!,aquabats,yo check out this ride!
roll to me,del amitri,twisted
right hand man,joan osborne,relish
st. teresa,joan osborne,relish
teardrops will fall,john mellencamp,trouble no more
everybody hurts,rem,automatic for the people
wild night,john mellencamp,dance naked
children's medley,elemeno-p,no more lonely people
faith,george michael,faith
through the never,metallica,metallica
standing still,jewel,this way
it's all been done,voice male,hooked
show me the meaning of being lonely,backstreet boys,millenium
move your body,eiffel 65,europop
y yo ni se diga,diablitos,
cleaning out my closet (clean),eminem,the eminem show
love potion no. 9,searchers,meet the searchers
the first cut is the deepest,sheryl crow,the very best of sheryl crow
song of shelbyville,the simpsons,testify
major tom (coming home),peter schilling,error in the system
i remember larry,weird al yankovic,bad hair day
trash of the titans (medley),the simpsons,go simpsonic with the simpsons
man it's so loud in here,they might be giants,mink car
time after time,quietdrive,when all that's left is you
together forever,michael mclean,the collection volume 1
la fille aux cheveux de lin,debussy,
feels good,tony toni tone,the revival
peaches,presidents of the united states of america,the presidents of the united states of america
cat's in the cradle,ugly kid joe,america's least wanted
dead,they might be giants,flood
hold on,david barrus,on stage
am i getting through (part i &amp; ii),sheryl crow,globe sessions
don't wanna fall in love,green day,shenanigans
blurry,puddle of mudd,come clean
simpsoncalifragilisticexpialad'ohcious (medley),the simpsons,go simpsonic with the simpsons
dancing workers' song (unaired bonus track),the simpsons,testify
celebrating the light,michael mclean,celebrating the light
ooby dooby,roy orbison,
come around,counting crows,saturday nights &amp; sunday mornings
up so close,cake,motorcade of generosity
dreaming my dreams,cranberries,no need to argue
i think about you,collin raye,i think about you
goodnight elisabeth,counting crows,recovering the satellites
the scientist,coldplay,a rush of blood to the head
walk on,u2,all that you can't leave behind
it's alright,huey lewis and the news,people get ready: a tribute to curtis mayfield
don't be stupid (you know i love you),shania twain,come on over
bugler's dream (1992 olympic theme),john williams,summon the heroes
taylor,jack johnson,on and on
don't take the girl,tim mcgraw,not a moment too soon
teenage dirtbag,wheatus,wheatus
troublemaker,weezer,weezer (2008)
evening at lafitte's,squirrel nut zippers,perennial favorites
stalk of wheat,they might be giants,the spine
end credits (renaissance version),the simpsons,songs in the key of springfield
amen,jewel,pieces of you
the memory of trees,enya,paint the sky with stars:  the best of enya
clavado en un bar,man&aacute;,sue&ntilde;os liquidos
meltdown!,aquabats,charge!!
float on,modest mouse,good news for people who love bad news
peace be upon us,sheryl crow,detours
over you,sheryl crow,c'mon c'mon
boat chase,james horner,patriot games soundtrack
where the river flows,collective soul,collective soul
stay together for the kids,blink 182,take off your pants and jacket
big yellow taxi,counting crows,hard candy
graduate,third eye blind,third eye blind
into the groove,madonna,you can dance
sassy girl,my man friday,monkey business
this is such a pity,weezer,make believe
fumbling towards ecstasy,sarah mclachlan,mirrorball
i'll come running,hootie and the blowfish,hootie and the blowfish
aun te amo,vallenato 2000,
attacked by snakes!,aquabats,the fury of the aquabats
sparks,coldplay,parachutes
celebration,kool and the gang,celebrate!
electric boogie,marcia griffiths,carousel
about me,they might be giants,severe tire damage
lean on me,club nouveau,life love &amp; pain
baby it's cold outside,dean martin,a winter romance
whenever wherever,shakira,laundry service
man! i feel like a woman!,shania twain,come on over
stephenville tx,jewel,goodbye alice in wonderland
when,shania twain,come on over
lifetimes,sheryl crow,wildflower
tales of a scorched earth,smashing pumpkins,mellon collie and the infinite sadness - twilight to starlight
all i want,toad the wet sprocket,fear
carnival,natalie merchant,tigerlily
wonderful,everclear,songs from an american movie vol. 1: learning how to smile
au contraire,they might be giants,the spine
seven years,norah jones,come away with me
amino man,aquabats,the floating eye of death
another year's gone by,hootie and the blowfish,looking for lucky
more than words,extreme,extreme ii: pornograffiti
real gone,sheryl crow,cars soundtrack
cry,forever plaid,forever plaid soundtrack
letterbomb (clean),green day,american idiot
i got rhythm,gershwin,
thanksgiving song,adam sandler,they're all gonna laugh at you
state your peace,hootie and the blowfish,looking for lucky
can't stop loving you,phil collins,testify
that boy could dance,weird al yankovic,in 3-d
kiss me son of god,they might be giants,lincoln
don't panic,coldplay,parachutes
trigger happy,weird al yankovic,off the deep end
young dumb &amp; ugly,weird al yankovic,alapalooza
misery,soul asylum,let your dim light shine
who needs sleep,barenaked ladies,stunt
barbara ann,beach boys,beach boys' party
got my own thing now,squirrel nut zippers,hot
the river,live,songs from black mountain
red light,u2,war
truck drivin' song,weird al yankovic,running with scissors
bye bye bye,n sync,no strings attached
huele a tristeza,man&aacute;,donde jugaran los ni&ntilde;os?
t.b.d.,live,throwing copper
think of me,david archuleta,
you've got a friend,brooke white,
rejoice the lord is king,mormon tabernacle choir,consider the lilies
only happy when it rains,garbage,garbage
over in love (instrumental),tracy chapman,let it rain
the hit,james horner,patriot games soundtrack
hands down,dashboard confessional,a mark a mission a brand a scar
off the hook,barenaked ladies,maroon
spring - 3rd movement,vivaldi,
whatsername,green day,american idiot
moliendo caf&eacute;,itayp&uacute;,folklore latinamericano vol. i
all i can say,northern voices,faithful
a day in the life,michael johns,
a self called nowhere,they might be giants,john henry
shame on you (clean),indigo girls,shaming of the sun
rockin' around the christmas tree,brenda lee,
lady riff (feat. ricky gervais),the simpsons,testify
grapefruit diet,weird al yankovic,running with scissors
vertigo,u2,how to dismantle an atomic bomb
all the king's horses,joss stone,the soul sessions
your own worst enemy,they might be giants,factory showroom
star wars - imperial march,john williams,the empire strikes back soundtrack
84000 different delusions,shawn colvin,a few small repairs
without me (clean),eminem,the marshall mathers lp
ode to branson,the simpsons,testify
istanbul (not constantinople),they might be giants,flood
breed,nirvana,nevermind
los angeles,counting crows,saturday nights &amp; sunday mornings
in your eyes,peter gabriel,so
pathetique,beethoven,
reason to believe,wilson phillips,wilson phillips
cleveland,jewel,this way
like a song...,u2,war
59th street bridge song (feelin' groovy),simon and garfunkel,parsley sage rosemary and thyme
love don't cost a thing,jennifer lopez,j. lo
waitress (clean),live,throwing copper
pork &amp; beans,weezer,weezer (2008)
walk on the ocean,toad the wet sprocket,fear
feed me (git it),little shop of horrors,little shop of horrors soundtrack
then the morning comes,smash mouth,astro lounge
line 'em up,james taylor,hourglass
ave maria,schubert,
just can't last,natalie merchant,motherland
c&oacute;mo dueles en los labios,man&aacute;,sue&ntilde;os liquidos
butterfly,crazy town,gift of game
that was just your life,metallica,death magnetic
daughter,pearl jam,vs.
peace and love,blessid union of souls,blessid union of souls
i like it i love it,tim mcgraw,all i want
jessie's girl,rick springfield,working class dog
higher,creed,human clay
the good life,weezer,pinkerton
new beginning,tracy chapman,new beginning
she's an angel,they might be giants,severe tire damage
here's to the night,eve 6,horrorscope
come together,michael jackson,history: past present and future book i
rosanna,toto,toto iv
empty chairs and empty tables,david barrus,on stage 2: more broadway favorites
i could write a book,harry connick jr.,when harry met sally soundtrack
tired of sex,weezer,pinkerton
what it feels like for a girl,madonna,music
tiny hands,kenneth cope,my servant joseph
don't tell me,avril lavigne,under my skin
ordinary world,duran duran,duran duran [the wedding album]
island in the sun,weezer,weezer (2001)
hanging tree,counting crows,saturday nights &amp; sunday mornings
love shack,b-52s,cosmic thing
fallen,sarah mclachlan,afterglow
every little thing he does is magic,shawn colvin,cover girl
the end of the innocence,don henley,the end of the innocence
perdido en un barco,man&aacute;,falta amor
counting blue cars,dishwalla,pet your friends
all day and all of the night,kinks,kinks
god bless the child,the simpsons,sing the blues
humahuaque&ntilde;o-quebrade&ntilde;o,itayp&uacute;,folklore latinamericano vol. ii
heaven's already here,collective soul,hints allegations and things left unsaid
the devil went down to georgia,charlie daniels band,urban cowboy soundtrack
zak and sara,ben folds,rockin' the suburbs
big shot,billy joel,52nd street
the show must go on,queen,innuendo
slob,weezer,maladroit
start me up,rolling stones,tattoo you
mayonesa,jump,
no not much,forever plaid,forever plaid soundtrack
torn,natalie imbruglia,left of the middle
confessions part iii,weird al yankovic,straight outta lynwood
you're not alone,michael mclean,you're not alone
tiempo al tiempo,itayp&uacute;,folklore latinamericano vol. ii
minimum wage,they might be giants,flood
a thousand miles,vanessa carlton,be not nobody
zombie,cranberries,no need to argue
when i'm lonely,hootie and the blowfish,fairweather johnson
detours,sheryl crow,detours
down under,men at work,business as usual
first date,blink 182,take off your pants and jacket
horn intro,modest mouse,good news for people who love bad news
original of the species,u2,how to dismantle an atomic bomb
without you,carly smithson,
by the way,red hot chili peppers,by the way
be our guest,beauty and the beast,beauty and the beast soundtrack
simple,collective soul,collective soul
the goodbye girl,hootie and the blowfish,best of hootie and the blowfish 1993-2003
how do you talk to an angel,heights,the heights
women and men,they might be giants,flood
jaded,aerosmith,just push play
you're beautiful,james blunt,back to bedlam
oops! i did it again,britney spears,oops! i did it again
breaking down the wall,elemeno-p,no more lonely people
presidents' song,the simpsons,go simpsonic with the simpsons
the long way home,norah jones,feels like home
can i touch you...there,michael bolton,greatest hits (1985-1995)
carol of the bells,mannheim steamroller,a fresh aire christmas
i want you,savage garden,savage garden
i wish i felt nothing,wallflowers,bringing down the horse
falling for the first time,barenaked ladies,maroon
saint judas,natalie merchant,motherland
a star is torn medley,the simpsons,testify
too many walls,cathy dennis,move to this
workin' for a livin',huey lewis and the news,picture this
jolene,cake,motorcade of generosity
linger,cranberries,everybody else is doing it so why can't we?
god rest ye merry gentlemen,barenaked ladies,maybe this christmas
building a mystery (clean),sarah mclachlan,surfacing
don't stop believing,journey,escape
watermark,enya,paint the sky with stars:  the best of enya
building zion,elemeno-p,no more lonely people
flagpole sitta,harvey danger,where have all the merrymakers gone?
hash pipe,weezer,weezer (2001)
aprendiz,alejandro sanz,mtv unplugged (alejandro sanz)
livin' on the edge,aerosmith,get a grip
smooth,santana,supernatural
sabre dance,khachaturian,
bullet with butterfly wings,smashing pumpkins,mellon collie and the infinite sadness - dawn to dusk
when the stars go blue,corrs,live in dublin
mele kalikimaka,jimmy buffett,christmas island
superman (love theme),john williams,superman soundtrack
el cascabel,itayp&uacute;,folklore latinamericano vol. i
come together,beatles,abbey road
go to town,counting crows,mr. deeds soundtrack
anyone at all,carole king,you've got mail soundtrack
perfect blue buildings,counting crows,august and everything after
december,collective soul,collective soul
hey ya!,outkast,speakerboxxx/the love below
you can't do that,amanda overmyer,
song for the dumped,ben folds five,whatever and ever amen
snoop dog baby,reel big fish,turn the radio off
i could die for you,red hot chili peppers,by the way
mr. president (have pity on the working man),randy newman,good old boys
relax,frankie goes to hollywood,welcome to the pleasuredome
it's gonna be me,n sync,no strings attached
silver,david cook,analog heart
reunion,collective soul,collective soul
desensitized,green day,shenanigans
the good times are killing me,modest mouse,good news for people who love bad news
wishing,hootie and the blowfish,musical chairs
i love you,martina mcbride,emotion
meant to be,squirrel nut zippers,hot
farewell and goodnight,smashing pumpkins,mellon collie and the infinite sadness - twilight to starlight
drive to you,jewel,goodbye alice in wonderland
pyt (pretty young thing),michael jackson,thriller
broken beat and scarred,metallica,death magnetic
trains,northern voices,faithful
take me as i am,jekyll &amp; hyde,jekyll &amp; hyde soundtrack
spies,coldplay,parachutes
give it away,red hot chili peppers,blood sugar sex magik
mellon collie and the infinite sadness,smashing pumpkins,mellon collie and the infinite sadness - dawn to dusk
puttin' on the ritz,taco,puttin' on the ritz
desapariciones,man&aacute;,mtv unplugged (man&aacute;)
comfort eagle,cake,comfort eagle
the difficult kind,sheryl crow,globe sessions
over tokyo,collective soul,blender
i believe in a thing called love,darkness,permission to land
wishing you were somehow here again,andrew lloyd webber,phantom of the opera
pretty pink ribbon,cake,comfort eagle
when love comes to town,u2,rattle and hum
fantine's arrest,les mis&eacute;rables,les mis&eacute;rables soundtrack
lithium,nirvana,nevermind
light in your eyes,blessid union of souls,blessid union of souls
are you gonna go my way,lenny kravitz,are you gonna go my way
have you ever really loved a woman,bryan adams,don juan demarco soundtrack
sweet home alabama,lynyrd skynyrd,second helping
baby i'm yours,shai,if i ever fall in love
the statue got me high,they might be giants,apollo 18
lounge act,nirvana,nevermind
eternal flame,bangles,everything
stuck in a movie!,aquabats,charge!!
always on your side,sheryl crow,wildflower
my best friend's girl,cars,the cars
bawitdaba,kid rock,devil without a cause
what is love,haddaway,haddaway
do what you have to do,sarah mclachlan,mirrorball
on the wagon,green day,shenanigans
december 1963 (oh what a night),four seasons,who loves you
those sweet words,norah jones,feels like home
shape of my heart,backstreet boys,black &amp; blue
trash trampoline and the party girl,u2,a celebration
drift away,uncle kracker,no stranger to shame
241,reel big fish,turn the radio off
la isla bonita,madonna,true blue
it's kickin' in,they might be giants,the spine
man with all the toys,beach boys,the beach boys' christmas album
in the mood,glenn miller,
too much,dave matthews band,crash
i'll never be,reel big fish,turn the radio off
sunday morning,maroon 5,songs about jane
so beautiful,dashboard confessional,a mark a mission a brand a scar
my shepherd will supply my need,mormon tabernacle choir,consider the lilies
hazy shade of winter,bangles,less than zero soundtrack
as sisters in zion &amp; we'll bring the world his truth,michael hicks,
daria,cake,fashion nugget
which part is mine?,michael mclean,one heart in the right place
weather channel,sheryl crow,c'mon c'mon
a mis paisanos,itayp&uacute;,folklore latinamericano vol. ii
two steps behind,def leppard,retro active
say it isn't so,bon jovi,crush
one flight down,norah jones,come away with me
take it back,barenaked ladies,are me
spoon,dave matthews band,before these crowded streets
the rain song,hootie and the blowfish,hootie and the blowfish
martian girl!,aquabats,the fury of the aquabats
sweet adeline (my evaline),weezer,weezer (1996)
hey hey what can i do,hootie and the blowfish,encomium
jumper,third eye blind,third eye blind
she's so high,tal bachman,tal bachman
halo,deep blue something,home
shangri-la - rags to riches,forever plaid,forever plaid soundtrack
cumbersome,seven mary three,american standard
la tortura,shakira,fijaci&oacute;n oral vol. 1
pink triangle,weezer,pinkerton
everything's not lost,coldplay,parachutes
wild child,enya,a day without rain
like a surgeon,weird al yankovic,dare to be stupid
mamma mia,a-teens,the abba generation
i can't be with you,cranberries,no need to argue
new york city,they might be giants,factory showroom
broken wings,mr. mister,welcome to the real world
a groovy kind of love,phil collins,buster soundtrack
better now,collective soul,youth
baby one more time,bowling for soup,freaky friday soundtrack
goodbye,hootie and the blowfish,cracked rear view
carol of the bells,mormon tabernacle choir,a mormon tabernacle choir christmas
truly madly deeply,savage garden,savage garden
the nearness of you,norah jones,come away with me
water's edge (clean),seven mary three,american standard
haze of love,cake,motorcade of generosity
the simpsons main title theme,the simpsons,songs in the key of springfield
dinner bell,they might be giants,apollo 18
love of a lifetime,firehouse,don't treat me bad
absolutely bill's mood,they might be giants,they might be giants
use me,hootie and the blowfish,scattered smothered and covered
jack and diane,john mellencamp,american fool
lisa's sax (medley),the simpsons,go simpsonic with the simpsons
love is on the way,saigon kick,the lizard
original prankster,offspring,conspiracy of one
i want it that way,backstreet boys,millenium
home,daughtry,daughtry
why bother?,weezer,pinkerton
back at the barricade,les mis&eacute;rables,les mis&eacute;rables soundtrack
boot scootin' boogie,brooks and dunn,brand new man
stickshifts and safetybelts,cake,fashion nugget
the chokin' kind,joss stone,the soul sessions
don't let me be the last to know,britney spears,oops! i did it again
love is free,sheryl crow,detours
f-stop blues,jack johnson,brushfire fairytales
the old apartment,barenaked ladies,rock spectacle
acuarela de sikus,itayp&uacute;,folklore latinamericano vol. ii
itchy &amp; scratchy main title theme,the simpsons,songs in the key of springfield
the dish,jerry goldsmith,star trek first contact soundtrack
nugget,cake,fashion nugget
firecracker,lisa loeb,firecracker
true colors,phil collins,hits
just the two of us,will smith,big willie style
gone,jack johnson,on and on
the simpsons end credits,the simpsons,testify
don't stand so close to me,police,zenyatta mondatta
cash and cary,the simpsons,go simpsonic with the simpsons
don't dream it's over,crowded house,crowded house
o holy night,josh groban,josh groban in concert
the wild sea,aquabats,myths legends and other amazing adventures vol. 2
running out of days,3 doors down,away from the sun
world,five for fighting,two lights
i am yours,tracy chapman,let it rain
natural blues,moby,play
dreaming of you,selena,dreaming of you
go,indigo girls,come on now social
el condor pasa (if i could),simon and garfunkel,bridge over troubled water
she has a girlfriend now,reel big fish,turn the radio off
enterlude,killers,sam's town
school day,the simpsons,sing the blues
in the middle in the middle in the middle,they might be giants,no!
warm tape,red hot chili peppers,by the way
let him in (the innkeeper),michael mclean,the forgotten carols
the house at the top of the tree,they might be giants,no!
lights,journey,infinity
why does the sun shine? (the sun is a mass of incandescent gas),they might be giants,why does the sun shine?
consider the lilies,mormon tabernacle choir,consider the lilies
it don't hurt,sheryl crow,globe sessions
top,live,throwing copper
north star,greg simpson,especially for youth - joy in the journey (1998)
toddler hiway,they might be giants,they might be giants
dance into the light,phil collins,dance into the light
talking in your sleep,romantics,in heat
secret,maroon 5,songs about jane
take me out,franz ferdinand,franz ferdinand
truth is a whisper,goo goo dolls,gutterflower
money for nothing,weird al yankovic,uhf soundtrack
mr. mastodon farm,cake,motorcade of generosity
no more i love you's,annie lennox,medusa
cody's song,kenny loggins,leap of faith
the one i love,rem,document
homeless reprise,michael mclean,the forgotten carols
omaha,counting crows,august and everything after
the power of love,celine dion,the colour of my love
white flag,dido,life for rent
fibber island,they might be giants,no!
holiday in spain,counting crows,hard candy
rock this town,stray cats,stray cats
everything you know is wrong,weird al yankovic,bad hair day
come undone,duran duran,duran duran [the wedding album]
como olvidar (merengue),olga ta&ntilde;&oacute;n,yo por ti
join the club,reel big fish,turn the radio off
wrapped up in you,garth brooks,scarecrow
now stand back for your own safety!,aquabats,charge!!
barely breathing,duncan sheik,duncan sheik
walk like an egyptian,bangles,different light
jane,barenaked ladies,maybe you should drive
wildflower,sheryl crow,wildflower
everything to everyone,everclear,so much for the afterglow
the house is rockin',brian setzer orchestra,guitar slinger
rock 'n' roll lifestyle,cake,motorcade of generosity
losing lisa,ben folds,rockin' the suburbs
nothing's gonna stop us now,starship,no protection
i believe,blessid union of souls,home
master of the house,les mis&eacute;rables,les mis&eacute;rables soundtrack
when you say nothing at all,alison krauss,keith whitley: tribute
the last stop,dave matthews band,before these crowded streets
new year's day,u2,war
smooth rider,dave matthews band,stand up
what i've done,linkin park,minutes to midnight
when i'm gone,3 doors down,away from the sun
black velvet,alannah myles,alannah myles
virtual insanity,jamiroquai,travelling without moving
polaroids,shawn colvin,fat city
c&oacute;mo te deseo,man&aacute;,donde jugaran los ni&ntilde;os?
smoke gets in your eyes,platters,
rhythm is a dancer,snap,the madman's return
hall of heads,they might be giants,apollo 18
all i ask of you,andrew lloyd webber,phantom of the opera
stars,les mis&eacute;rables,les mis&eacute;rables soundtrack
wishing heart,lisa loeb,firecracker
headline news,weird al yankovic,greatest hits volume ii (weird al yankovic)
anti-matter,aquabats,the floating eye of death
only the good die young,billy joel,the stranger
exquisite dead guy,they might be giants,factory showroom
holier than thou,metallica,metallica
to be with you,mr. big,lean into it
look at all those idiots,the simpsons,sing the blues
rock me amadeus,falco,falco 3
venice queen,red hot chili peppers,by the way
knocking on heaven's door,guns n' roses,use your illusion ii
'round springfield,the simpsons,songs in the key of springfield
put a lid on it,squirrel nut zippers,hot
x.y.u.,smashing pumpkins,mellon collie and the infinite sadness - twilight to starlight
ex-girlfriend,no doubt,return of saturn
i can see clearly now,jimmy cliff,cool runnings soundtrack
spider,they might be giants,apollo 18
breathe,melissa etheridge,lucky
road movie to berlin,they might be giants,flood
always something there to remind me,naked eyes,naked eyes
mediocre bad guys,jack johnson,on and on
jesus loves you,jewel,this way
call and answer,barenaked ladies,stunt
you're not alone,david barrus,on stage
piano sonata in a - rondo alla turca,mozart,
the weird al show theme,weird al yankovic,running with scissors
mr. roboto,styx,kilroy was here
man on the moon,rem,automatic for the people
let love in,goo goo dolls,let love in
what i like about you,romantics,the romantics
tired of waiting for you,green day,shenanigans
pallin' with al,squirrel nut zippers,perennial favorites
this love,maroon 5,songs about jane
head over feet,alanis morissette,jagged little pill
good intentions,toad the wet sprocket,friends soundtrack
i'm not gonna beg,natalie merchant,motherland
easy lover,phil collins,hits
i will wait,hootie and the blowfish,musical chairs
turning japanese,vapors,new clear days
i dreamed a dream,les mis&eacute;rables,les mis&eacute;rables soundtrack
eleanor rigby,david cook,
how to save a life,fray,how to save a life
i can dream about you,dan hartman,streets of fire soundtrack
human beings,seal,human being
without you,mariah carey,music box
don't know why,norah jones,come away with me
helicopters,barenaked ladies,maroon
sunrise,norah jones,feels like home
holiday,madonna,madonna
just this side of blue,squirrel nut zippers,bedlam ballroom
i alone,live,throwing copper
why does the sun shine,they might be giants,severe tire damage
rush (new york city club version),big audio dynamite ii,so i married an axe murderer soundtrack
bodyrock,moby,play
bring him home,david barrus,on stage
good,better than ezra,deluxe
hold on to the child,northern voices,faithful
up er mei,james taylor,hourglass
sweet caroline,david archuleta,
fight for your right,beastie boys,licensed to ill
jingle bells,the simpsons,songs in the key of springfield
the point of no return,andrew lloyd webber,phantom of the opera
we will rock you / we are the champions,michael johns,
louisiana bayou,dave matthews band,stand up
tearin' up my heart,n sync,n sync
jump,kris kross,totally krossed out
harvey the wonder hamster,weird al yankovic,alapalooza
museum of idiots,they might be giants,the spine
sundays,counting crows,saturday nights &amp; sunday mornings
sympathy,goo goo dolls,gutterflower
my list,killers,sam's town
super rad!,aquabats,the fury of the aquabats
broken,tracy chapman,let it rain
path of thorns,sarah mclachlan,mirrorball
i'll be missing you,puff daddy,no way out
objection,shakira,laundry service
jerry springer,weird al yankovic,running with scissors
alimony,weird al yankovic,even worse
minuet,beethoven,
such great heights,postal service,give up
catch a falling star,perry como,
everyday,dave matthews band,everyday
scarborough fair-canticle,simon and garfunkel,parsley sage rosemary and thyme
how bizarre,omc,how bizarre
addicted to spuds,weird al yankovic,polka party!
cada quien con cada cual,ricardo montaner,sue&ntilde;o repetido
strange love,goo goo dolls,let love in
never know,jack johnson,in between dreams
heroes,wallflowers,godzilla soundtrack
someone to watch over me,gershwin,
una noche,corrs,in blue
on my way home,enya,paint the sky with stars:  the best of enya
lovin' touchin' squeezin',journey,evolution
the big issue,chumbawamba,tubthumper
american baby intro,dave matthews band,stand up
union strike folk song,the simpsons,go simpsonic with the simpsons
you never know,goo goo dolls,gutterflower
gotta be this or that - undecided,forever plaid,forever plaid soundtrack
raining in baltimore,counting crows,august and everything after
fully functional,jerry goldsmith,star trek first contact soundtrack
the boogie bumper,big bad voodoo daddy,big bad voodoo daddy
my hero,foo fighters,the colour and the shape
hey luno!,aquabats,myths legends and other amazing adventures vol. 2
mexico,james taylor,gorilla
la adelita,itayp&uacute;,folklore latinamericano vol. ii
eat it,weird al yankovic,in 3-d
wake me up before you go-go,wham,make it big
eye on springfield theme,the simpsons,songs in the key of springfield
run on,moby,play
danger woman!,aquabats,myths legends and other amazing adventures vol. 2
lost in the work,northern voices,faithful
cole's song,julian lennon,mr. holland's opus soundtrack
san francisco (be sure to wear flowers in your hair),scott mckenzie,voice of scott mckenzie
i know,dionne farris,wild seed - wild flower
bent out of shape,squirrel nut zippers,bedlam ballroom
the sounds of silence,simon and garfunkel,sounds of silence
i bombed korea,cake,motorcade of generosity
screaming infidelities,dashboard confessional,the places you have come to fear the most
hullaba lula (feat. kelsey grammar) (unaired bonus track),the simpsons,testify
this time,3 doors down,away from the sun
friends in low places,garth brooks,no fences
innocence,hootie and the blowfish,hootie and the blowfish
fortunate son,creedence clearwater revival,willy and the poor boys
wrapped around your finger,police,synchronicity
miller's angels,counting crows,recovering the satellites
let it go,michael mclean,you've always been there for me
i can't hide from my mind,they might be giants,the spine
you might die trying,dave matthews band,stand up
clocks,coldplay,a rush of blood to the head
one love,hootie and the blowfish,looking for lucky
scorpio end credits,the simpsons,go simpsonic with the simpsons
live and learn,joe public,live and learn
out of our heads,sheryl crow,detours
closer to you,wallflowers,red letter days
near you always,jewel,pieces of you
el duelo,la ley,mtv unplugged (la ley)
swing low sweet chariot,eric clapton,there's one in every crowd
magic chicken!,aquabats,the fury of the aquabats
the interlocutor,squirrel nut zippers,hot
one and only,chesney hawkes,one and only
good enough,sarah mclachlan,mirrorball
your horoscope for today,weird al yankovic,running with scissors
man in the long black coat,joan osborne,relish
wichita skyline,shawn colvin,a few small repairs
you can call me al,paul simon,graceland
hungry like the wolf,duran duran,rio
