title,track,album,year
cookie jar,12.0,on and on,2003.0
god don't make lonely girls,9.0,bringing down the horse,1996.0
hey luno!,2.0,myths legends and other amazing adventures vol. 2,2000.0
she will be loved,4.0,songs about jane,2002.0
hard wired,6.0,let it rain,2002.0
o do not forsake me,10.0,john henry,1994.0
the way you do the things you do,2.0,black rain soundtrack,1989.0
fun fun fun,1.0,shut down vol. 2,1964.0
new age girl,1.0,different story,1994.0
beat it,5.0,thriller,1982.0
mexico,1.0,gorilla,1975.0
come as you are,3.0,nevermind,1991.0
baby one more time,9.0,freaky friday soundtrack,2003.0
we want a rock,9.0,flood,1990.0
snow (hey oh),2.0,stadium arcadium,2006.0
how do i live,1.0,songbook: a collection of hits,1997.0
smoke gets in your eyes,,,1958.0
anchor of my soul,2.0,especially for youth - joy in the journey (1998),1998.0
the memory of trees,15.0,paint the sky with stars:  the best of enya,1997.0
barracuda,1.0,little queen,1977.0
galileo,2.0,rites of passage,1992.0
the facts about jimmy,3.0,a few small repairs,1996.0
sassy girl,1.0,monkey business,
whoomp! (there it is),1.0,whoomp! (there it is),1993.0
lo que fui es lo que soy,12.0,mtv unplugged (alejandro sanz),2001.0
two dozen and one greyhounds,22.0,songs in the key of springfield,1997.0
you never know,4.0,gutterflower,2002.0
what i've done,6.0,minutes to midnight,2007.0
huele a tristeza,11.0,donde jugaran los ni&ntilde;os?,1992.0
sometimes you can't make it on your own,3.0,how to dismantle an atomic bomb,2004.0
collide,3.0,stop all the world now,2003.0
where you are,12.0,goodbye alice in wonderland,2006.0
which part is mine?,2.0,one heart in the right place,1990.0
set adrift on memory bliss,9.0,of the heart of the soul and of the cross,1991.0
end credits (renaissance version),38.0,songs in the key of springfield,1997.0
fortunate fool,7.0,brushfire fairytales,2002.0
mummers' dance,2.0,the book of secrets,1997.0
i'm trying to be like jesus,9.0,consider the lilies,2003.0
the ballad of jebadiah springfield,27.0,go simpsonic with the simpsons,1999.0
better days (and the bottom drops out),2.0,mobile estates,1999.0
broken,5.0,the punisher soundtrack,2004.0
female of the species,3.0,spiders,1996.0
graduate,5.0,third eye blind,1997.0
the house is on fire,1.0,motherland,2001.0
we never change,9.0,parachutes,2000.0
absence of fear,13.0,spirit,1998.0
carmina burana - o fortuna,,,1935.0
man of sorrows,8.0,my servant joseph,1993.0
goodbye,10.0,let it rain,2002.0
with a shout,8.0,october,1981.0
stop drop and roll,5.0,bedlam ballroom,2000.0
angel,14.0,mirrorball,1999.0
i'm your angel,14.0,these are special times,1998.0
polkas on 45,6.0,in 3-d,1984.0
tomorrow morning,10.0,on and on,2003.0
danger woman!,10.0,myths legends and other amazing adventures vol. 2,2000.0
i believe,,,2008.0
like a virgin,3.0,like a virgin,1984.0
on almost any sunday morning,8.0,saturday nights &amp; sunday mornings,2008.0
rain king,7.0,august and everything after,1993.0
caribbean plaid,10.0,forever plaid soundtrack,1990.0
stones in my passway,1.0,trouble no more,2003.0
sweet surrender,3.0,surfacing,1997.0
u can't touch this,2.0,please hammer don't hurt 'em,1990.0
temporal wake,3.0,star trek first contact soundtrack,1996.0
waltz into me,12.0,looking for lucky,2005.0
a water prayer,5.0,home,1995.0
respect,1.0,i never loved a man the way i love you,1967.0
one step closer,9.0,how to dismantle an atomic bomb,2004.0
hush,6.0,bedlam ballroom,2000.0
the anthem,2.0,the young and the hopeless,2002.0
the sky is broken,17.0,play,1999.0
hanginaround,1.0,this desert life,1999.0
memphis exorcism,3.0,hot,1996.0
lucky ball and chain,3.0,flood,1990.0
living with a hernia,1.0,polka party!,1986.0
breathe,10.0,hints allegations and things left unsaid,1994.0
higher,9.0,human clay,1999.0
bad businessman,9.0,hot,1996.0
dance with the angels,8.0,firecracker,1997.0
it's not over,1.0,daughtry,2006.0
my best friend,9.0,make believe,2005.0
let it be,,,2008.0
we will rock you,1.0,news of the world,1977.0
wildflower,5.0,wildflower,2005.0
la playa,4.0,el viaje de copperpot,2000.0
remember the time,5.0,dangerous,1991.0
just to see you smile,9.0,everywhere,1997.0
fallen,1.0,afterglow,2003.0
the simpsons main title theme,1.0,testify,2007.0
hey there delilah,13.0,all that we needed,2005.0
she don't use jelly,4.0,transmissions from the satellite heart,1993.0
turning japanese,2.0,new clear days,1980.0
cryin',9.0,get a grip,1993.0
barcelona,10.0,spirit,1998.0
on bended knee,10.0,ii,1994.0
shine on me,2.0,treasure the truth - especially for youth 1997,1997.0
happy,9.0,let it rain,2002.0
up from your life,9.0,hourglass,1997.0
jeremy (clean),6.0,ten,1991.0
cleaning out my closet (clean),4.0,the eminem show,2002.0
iris,11.0,dizzy up the girl,1998.0
1492,1.0,saturday nights &amp; sunday mornings,2008.0
oh l'amour,10.0,wonderland,1986.0
no other way,5.0,in between dreams,2005.0
cyanide,6.0,death magnetic,2008.0
unrelated thing,4.0,john henry,1994.0
stomp box,19.0,john henry,1994.0
please baby,9.0,big bad voodoo daddy,1998.0
lily (my one and only),12.0,mellon collie and the infinite sadness - twilight to starlight,1995.0
the heat is on,6.0,beverly hills cop soundtrack,1986.0
float on,3.0,good news for people who love bad news,2004.0
life is a highway,1.0,mad mad world,1992.0
invincible,3.0,invincible,2001.0
i miss you,3.0,blink 182,2003.0
ordinary world,2.0,duran duran [the wedding album],1993.0
do what?,3.0,bedlam ballroom,2000.0
you and the mona lisa,4.0,a few small repairs,1996.0
homecoming (clean),12.0,american idiot,2004.0
home,9.0,home,1995.0
breakdown,11.0,in between dreams,2005.0
in a little while,3.0,no stranger to shame,2002.0
on a plain,11.0,nevermind,1991.0
ella era todo,,,
this way,8.0,this way,2001.0
bling (confessions of a king),4.0,sam's town,2006.0
1985,3.0,a hangover you don't deserve,2004.0
it ends tonight,4.0,move along,2005.0
learning for myself,2.0,my servant joseph,1993.0
when i fall in love,8.0,the colour of my love,1993.0
adia,5.0,mirrorball,1999.0
fall together,10.0,maladroit,2002.0
cumbersome,2.0,american standard,1995.0
meet virginia,1.0,train,1998.0
drink!,10.0,mink car,2001.0
the difference,5.0,bringing down the horse,1996.0
round here,1.0,august and everything after,1993.0
the rape of the world,7.0,new beginning,1995.0
finished with lies,15.0,mink car,2001.0
adia,4.0,surfacing,1997.0
mele kalikimaka,6.0,christmas island,1996.0
look what you've done,4.0,get born,2003.0
carnival town,4.0,feels like home,2004.0
a quest for souls of men,3.0,no more lonely people,1994.0
stickshifts and safetybelts,8.0,fashion nugget,1996.0
i could write a book,8.0,when harry met sally soundtrack,1989.0
pet name,11.0,factory showroom,1996.0
staple it together,7.0,in between dreams,2005.0
can't get you out of my head,3.0,fever,2001.0
james k. polk,10.0,factory showroom,1996.0
tonight is the night i fell asleep at the wheel,12.0,maroon,2000.0
because the night,12.0,mtv unplugged (10000 maniacs),1993.0
moscas en la casa,3.0,&iquest;d&oacute;nde est&aacute;n los ladrones?,1998.0
mary jane's last dance,17.0,greatest hits (tom petty &amp; the heartbreakers),1993.0
beautiful stranger,1.0,austin powers: the spy who shagged me soundtrack,1999.0
in bloom,2.0,nevermind,1991.0
buddy holly,4.0,weezer (1994),1994.0
heroes,1.0,godzilla soundtrack,1998.0
a change would do you good,2.0,sheryl crow,1996.0
that's what love is for,4.0,heart in motion,1991.0
arise &amp; shine forth,12.0,the forgotten carols,1991.0
good,2.0,deluxe,1995.0
everybody get dangerous,5.0,weezer (2008),2008.0
end credits (big band vegas version),8.0,songs in the key of springfield,1997.0
come down,5.0,sixteen stone,1994.0
on a tuesday in amsterdam long ago,13.0,saturday nights &amp; sunday mornings,2008.0
why must the good die - free at last,10.0,my servant joseph,1993.0
hold on,1.0,wilson phillips,1990.0
&aacute;ngel,12.0,jon secada,1992.0
i love you,6.0,mirrorball,1999.0
earth stopped cold at dawn,7.0,fairweather johnson,1996.0
shame on you (clean),1.0,shaming of the sun,1997.0
drive to you,8.0,goodbye alice in wonderland,2006.0
all for you,3.0,somewhere more familiar,1997.0
the love-matic grandpa main title,25.0,go simpsonic with the simpsons,1999.0
miracle drug,2.0,how to dismantle an atomic bomb,2004.0
painters,6.0,pieces of you,1995.0
always be my baby,,,2008.0
memory,,,2008.0
as i am,2.0,as i am,2005.0
heaven,2.0,los lonely boys,2004.0
au contraire,12.0,the spine,2004.0
back at the barricade,4.0,les mis&eacute;rables soundtrack,1995.0
hero,2.0,spiderman soundtrack,2002.0
dig your grave,5.0,good news for people who love bad news,2004.0
i'm alive,,,2008.0
standing still,1.0,this way,2001.0
39.1 degrees celsius,8.0,star trek first contact soundtrack,1996.0
what'd i say,1.0,what'd i say,1959.0
for our day,1.0,book of mormon soundtrack,1994.0
blurry,5.0,come clean,2001.0
particle man,7.0,flood,1990.0
axel f.,10.0,beverly hills cop soundtrack,1984.0
take me as i am,7.0,jekyll &amp; hyde soundtrack,1994.0
albuquerque,12.0,running with scissors,1999.0
i've got to find out who i am,1.0,old testament soundtrack,1987.0
never know,2.0,in between dreams,2005.0
kamp krusty theme song,33.0,go simpsonic with the simpsons,1999.0
yo te amo,4.0,simplemente,2001.0
the star spangled banner,42.0,go simpsonic with the simpsons,1999.0
bridge over troubled water,1.0,bridge over troubled water,1969.0
ska robot army,3.0,the return of the aquabats!,1996.0
window to his love,10.0,window to his love,2003.0
bagged me a homer,32.0,songs in the key of springfield,1997.0
reaching,10.0,especially for youth - joy in the journey (1998),1998.0
all star,5.0,astro lounge,1999.0
nightgown of the sullen moon,2.0,they'll need a crane,1989.0
loving you,20.0,passion soundtrack,1994.0
running from an angel,5.0,cracked rear view,1994.0
man! i feel like a woman!,1.0,come on over,1997.0
name,6.0,a boy named goo,1995.0
el &uacute;ltimo adios,2.0,paulina,2000.0
vasoline,2.0,purple,1994.0
daria,5.0,fashion nugget,1996.0
hello again,9.0,stand up,2005.0
over tokyo,10.0,blender,2000.0
bang and blame,8.0,monster,1994.0
everybody needs someone sometime,3.0,this way,2001.0
break my stride,1.0,i don't speak the language,1983.0
the dangling conversation,7.0,parsley sage rosemary and thyme,1966.0
jesus loves you,2.0,this way,2001.0
the dance,6.0,the forgotten carols,1991.0
big yellow taxi,14.0,hard candy,2002.0
hurts so good,1.0,american fool,1982.0
ya-hoo main title,38.0,go simpsonic with the simpsons,1999.0
light in your eyes,3.0,blessid union of souls,1997.0
jupiter,7.0,spirit,1998.0
iris,4.0,throwing copper,1994.0
harder to breathe,1.0,songs about jane,2002.0
my friend of misery,11.0,metallica,1991.0
le ballet d'or,12.0,saturday nights &amp; sunday mornings,2008.0
all singing all dancing (medley),3.0,go simpsonic with the simpsons,1999.0
wouldn't change a thing,12.0,home,1995.0
perhaps perhaps perhaps,9.0,fashion nugget,1996.0
disease,2.0,more than you think you are,2002.0
fuel,1.0,reload,1997.0
human beings,1.0,human being,1998.0
angel,9.0,permanent vacation,1987.0
zak and sara,2.0,rockin' the suburbs,2001.0
the end of the line,2.0,death magnetic,2008.0
why pt.2,3.0,blender,2000.0
peterborough and the kawarthas,8.0,are me,2006.0
death and destruction,5.0,maladroit,2002.0
liebestraum,,,
halloween,6.0,before these crowded streets,1998.0
linger,7.0,everybody else is doing it so why can't we?,1993.0
black velvet,3.0,alannah myles,1989.0
quit playing games (with my heart),2.0,backstreet boys,1997.0
when a man loves a woman,6.0,time love &amp; tenderness,1991.0
y yo sigo aqu&iacute;,4.0,paulina,2000.0
doctor worm,1.0,severe tire damage,2006.0
thank u,3.0,supposed former infatuation junkie,1998.0
on parole - the bishop,2.0,les mis&eacute;rables soundtrack,1995.0
over you,4.0,daughtry,2006.0
music,1.0,music,2000.0
up er mei,8.0,hourglass,1997.0
hovering sombrero,7.0,mink car,2001.0
end credits (dragnet homage),39.0,songs in the key of springfield,1997.0
tears in heaven,10.0,rush soundtrack,1992.0
come undone,6.0,duran duran [the wedding album],1993.0
lifetimes,6.0,wildflower,2005.0
i can't help myself (sugar pie honey bunch),1.0,the four tops second album,1965.0
so much in love,1.0,all-4-one,1994.0
god rest ye merry gentlemen,10.0,mannheim steamroller christmas,1984.0
lucky one,1.0,house of love,1994.0
my own worst enemy,2.0,a place in the sun,1999.0
cole's song,13.0,mr. holland's opus soundtrack,1995.0
pancreas,2.0,straight outta lynwood,2006.0
the way you look tonight,7.0,my best friend's wedding soundtrack,1997.0
jump,2.0,totally krossed out,1992.0
it had to be you,1.0,when harry met sally soundtrack,1989.0
you were not there in bethlehem (the shepherd),3.0,the forgotten carols,1991.0
across the sea,5.0,pinkerton,1996.0
oklahoma!,20.0,oklahoma soundtrack,1955.0
all over you,7.0,throwing copper,1994.0
honeyscrew,9.0,fairweather johnson,1996.0
transistor,1.0,transistor,1997.0
muzzle,12.0,mellon collie and the infinite sadness - dawn to dusk,1995.0
the dish,9.0,star trek first contact soundtrack,1996.0
theme song!,15.0,the fury of the aquabats,1997.0
rappin' ronnie reagan,36.0,go simpsonic with the simpsons,1999.0
sabre dance,,,1942.0
the bargain - waltz of treachery,14.0,les mis&eacute;rables soundtrack,1995.0
mr. holland begins,1.0,mr. holland's opus score,1995.0
an american in paris,,,
indian summer sky,8.0,the unforgettable fire,1984.0
las estrellas,4.0,miss mujerzuela,2000.0
all for love,1.0,three musketeers soundtrack,1993.0
joy in the journey,1.0,especially for youth - joy in the journey (1998),1998.0
keeping the faith,10.0,an innocent man,1983.0
she thinks she's edith head,16.0,mink car,2001.0
love in an elevator,3.0,pump,1989.0
stuck in a closet with vanna white,2.0,even worse,1988.0
javert's arrival - little people,5.0,les mis&eacute;rables soundtrack,1995.0
ymca,1.0,cruisin',1978.0
i love you,2.0,surfacing,1997.0
the way,1.0,all the pain money can buy,1998.0
down in the bottom,8.0,trouble no more,2003.0
32 footsteps,6.0,they might be giants,1986.0
where the white boys dance,13.0,sam's town,2006.0
i don't want to wait,11.0,this fire,1996.0
waterfalls,8.0,crazysexycool,1994.0
in a little while,6.0,all that you can't leave behind,2000.0
right hand man,3.0,relish,1995.0
wow flash,1.0,wow flash,2000.0
the old apartment,8.0,rock spectacle,1996.0
inaudible melodies,1.0,brushfire fairytales,2002.0
the day the violence died,11.0,songs in the key of springfield,1997.0
take it all away,3.0,pressure chief,2004.0
my bologna,6.0,weird al yankovic,1983.0
american gigolo,1.0,maladroit,2002.0
super rad!,1.0,the fury of the aquabats,1997.0
maddest kind of love,7.0,big bad voodoo daddy,1998.0
the kraken,10.0,perennial favorites,1998.0
la fille aux cheveux de lin,,,1910.0
where do they make balloons?,5.0,no!,2002.0
omaha,2.0,august and everything after,1993.0
don't tell me,3.0,under my skin,2004.0
ice cream,12.0,mirrorball,1999.0
the impossible dream,11.0,on stage 2: more broadway favorites,2000.0
the brady bunch,3.0,in 3-d,1984.0
i'll fly away,9.0,o brother where art thou? soundtrack,2000.0
the ballad of mr. bonkers,9.0,the floating eye of death,1999.0
cold beverage,7.0,g. love and special sauce,1994.0
believe,1.0,believe,1998.0
down once more/track down this murderer,13.0,phantom of the opera,2004.0
piano sonata no. 16 in c allegro,,,
pride (in the name of love),2.0,the unforgettable fire,1984.0
i lost on jeopardy,5.0,in 3-d,1984.0
dancing workers' song (unaired bonus track),40.0,testify,2007.0
change your mind,8.0,hot fuss,2004.0
someone to watch over me,,,
abc,3.0,abc,1970.0
those sweet words,3.0,feels like home,2004.0
sexy plexi,4.0,brushfire fairytales,2002.0
an ode to no one,8.0,mellon collie and the infinite sadness - dawn to dusk,1995.0
king of the cats itchy &amp; scratchy medley,32.0,testify,2007.0
bye bye bye,1.0,no strings attached,2000.0
cowtown,2.0,lincoln,1993.0
sweetheart,1.0,#1's,1998.0
poprocks &amp; coke,2.0,international superhits!,2001.0
underneath it all,5.0,rock steady,2001.0
how do you talk to an angel,4.0,the heights,1992.0
fear,9.0,mirrorball,1999.0
love me tender,7.0,princess diaries 2 soundtrack,2004.0
firecracker,12.0,firecracker,1997.0
tempus vernum,4.0,a day without rain,2000.0
olv&iacute;dala,,,
if i could,10.0,in between dreams,2005.0
wake me up when september ends,11.0,american idiot,2004.0
you and me,8.0,lifehouse,2005.0
greensleeves,9.0,a fresh aire christmas,1988.0
what's up,3.0,bigger better faster more!,1992.0
kokomo,6.0,cocktail soundtrack,1988.0
intuition,3.0,304,2003.0
lasagna,6.0,even worse,1988.0
answer man,5.0,musical chairs,1998.0
lucky star,1.0,madonna,1983.0
release me,2.0,wilson phillips,1990.0
simple kind of life,2.0,return of saturn,2000.0
forever in blue jeans,,,2008.0
into the night,1.0,ultimate santana,2007.0
tiempo al tiempo,,folklore latinamericano vol. ii,
friday i'm in love,7.0,wish,1992.0
fired,11.0,rockin' the suburbs,2001.0
te quiero comer la boca,4.0,buenos muchachos,2001.0
fantine's arrest,7.0,les mis&eacute;rables soundtrack,1995.0
don't say a word,2.0,analog heart,2006.0
good is good,3.0,wildflower,2005.0
california dreamin',7.0,if you can believe your eyes and ears,1966.0
golden boy,6.0,motherland,2001.0
last dance rodeo,9.0,goodbye alice in wonderland,2006.0
californication,6.0,californication,1999.0
ha ha your dead,14.0,shenanigans,2002.0
got to get you into my life,,,2008.0
i should be allowed to think,6.0,john henry,1994.0
when i look into your eyes,5.0,hold your fire,1992.0
chess piece face,15.0,they might be giants,1986.0
rodeo,2.0,ropin' the wind,1991.0
away from the sun,2.0,away from the sun,2002.0
ave maria,6.0,joy: a holiday collection,1999.0
the lucky one,3.0,new favorite,2001.0
everyday,,,
show me the meaning of being lonely,3.0,millenium,1999.0
flora's secret,6.0,a day without rain,2000.0
truth surrup,,,
one headlight,1.0,bringing down the horse,1996.0
listen,2.0,disciplined breakdown,1997.0
when the stars go blue,3.0,live in dublin,2002.0
another first kiss,5.0,mink car,2001.0
symphony no. 5,,,
down under,3.0,business as usual,1981.0
i wish i felt nothing,11.0,bringing down the horse,1996.0
h&eacute;roe,13.0,escape,2001.0
wrapped up in you,3.0,scarecrow,2001.0
king of swing,3.0,big bad voodoo daddy,1998.0
stand on your own head,16.0,lincoln,1993.0
dancing on the ceiling,1.0,dancing on the ceiling,1986.0
twisting,8.0,flood,1990.0
mouth,4.0,the garden,1995.0
have you ever really loved a woman,1.0,don juan demarco soundtrack,1995.0
the zephyr song,6.0,by the way,2002.0
little things,4.0,sixteen stone,1994.0
walking on sunshine,1.0,hooked,1999.0
lithium,5.0,nevermind,1991.0
mmm mmm mmm mmm,3.0,god shuffled his feet,1997.0
an american symphony (mr. holland's opus),12.0,mr. holland's opus soundtrack,1995.0
ticket to heaven,4.0,away from the sun,2002.0
dani california,1.0,stadium arcadium,2006.0
why does this always happen to me,8.0,poodle hat,2003.0
slave,9.0,maladroit,2002.0
the background,12.0,third eye blind,1997.0
mamma mia,1.0,the abba generation,2000.0
i want more,11.0,tubthumper,1997.0
breathe,4.0,lucky,2004.0
my apocalypse,10.0,death magnetic,2008.0
juana,,,
california girls,7.0,summer days (and summer nights!!),1965.0
all day and all of the night,19.0,kinks,1964.0
like a prayer,1.0,like a prayer,1989.0
think of me,2.0,phantom of the opera,2004.0
who wants an haircut? (feat. baha man),29.0,testify,2007.0
rio,1.0,rio,1982.0
heart songs,4.0,weezer (2008),2008.0
it's all about the pentiums,9.0,running with scissors,1999.0
end credits (australian version),16.0,songs in the key of springfield,1997.0
the ballad of henry darger,7.0,motherland,2001.0
open arms,10.0,escape,1981.0
let's hear it for the boy,1.0,let's hear it for the boy,1984.0
if you leave,1.0,pretty in pink soundtrack,1986.0
fairweather johnson,8.0,fairweather johnson,1996.0
another postcard,3.0,everything to everyone,2003.0
love of a lifetime,9.0,don't treat me bad,1991.0
heaven's here on earth,1.0,new beginning,1995.0
country road,5.0,sweet baby james,1970.0
superman (love theme),4.0,superman soundtrack,1978.0
you'll miss me,13.0,lincoln,1993.0
c'mon c'mon,6.0,c'mon c'mon,2002.0
times like these,1.0,on and on,2003.0
black balloon,5.0,dizzy up the girl,1998.0
almost,5.0,let it rain,2002.0
losing lisa,7.0,rockin' the suburbs,2001.0
you're pitiful,13.0,straight outta lynwood,2006.0
ya got trouble,2.0,music man soundtrack,1962.0
happiness,11.0,blender,2000.0
baby baby,2.0,heart in motion,1991.0
encore 2 - one day more,21.0,les mis&eacute;rables soundtrack,1995.0
which describes how you're feeling,12.0,apollo 18,1992.0
holier than thou,3.0,metallica,1991.0
better now,1.0,youth,2004.0
the first cut is the deepest,4.0,the very best of sheryl crow,2003.0
diamond ring,10.0,detours,2008.0
tangled,5.0,songs about jane,2002.0
take a picture,6.0,title of record,1999.0
what's simple is true,2.0,spirit,1998.0
walking my baby back home,12.0,hourglass,1997.0
connected,1.0,connected,1992.0
nothing's gonna change my clothes,9.0,they might be giants,1986.0
on mercury,13.0,by the way,2002.0
livin' in the fridge,8.0,alapalooza,1993.0
monkey,11.0,recovering the satellites,1996.0
two hearts,1.0,buster soundtrack,1988.0
fly like an eagle,2.0,fly like an eagle,1976.0
belle,12.0,in between dreams,2005.0
you part the waters,7.0,motorcade of generosity,1995.0
desert rose,2.0,brand new day,1999.0
home,5.0,are me,2006.0
don't cry for me argentina,11.0,evita soundtrack,1996.0
everybody's talkin',7.0,aerial ballet,1968.0
smooth,5.0,supernatural,1999.0
saint judas,3.0,motherland,2001.0
take it back,10.0,are me,2006.0
perd&oacute;name la vida,,,
changes,9.0,away from the sun,2002.0
jurassic park theme,2.0,jurassic park soundtrack,1993.0
polka your eyes out,4.0,off the deep end,1992.0
last kiss,1.0,no boundaries: a benefit for the kosovar refugees,1998.0
everytime you go away,2.0,the secret of association,1985.0
three marlenas,4.0,bringing down the horse,1996.0
i'm holdin' on to love (to save my life),2.0,come on over,1997.0
down slow,12.0,play,1999.0
the entertainer,6.0,streetlife serenade,1974.0
spy,4.0,why does the sun shine?,1993.0
sullivan street,8.0,august and everything after,1993.0
desert mountain showdown,10.0,musical chairs,1998.0
bart sells his soul (in-a-gadda-da-vida),34.0,songs in the key of springfield,1997.0
up all night (frankie miller goes to hollywood),12.0,hard candy,2002.0
shower the people,1.0,in the pocket,1976.0
in a moment,6.0,hints allegations and things left unsaid,1994.0
guitar,4.0,prolonging the magic,1998.0
where it's at,8.0,odelay,1996.0
material girl,1.0,like a virgin,1984.0
hung up,1.0,confessions on a dance floor,2005.0
one night,8.0,in blue,2000.0
sunrise,1.0,feels like home,2004.0
goodnight good guy,2.0,hints allegations and things left unsaid,1994.0
off the hook,10.0,maroon,2000.0
trains,11.0,faithful,1994.0
winter - 2nd movement,,,
innocence,3.0,hootie and the blowfish,2003.0
meant to live,1.0,the beautiful letdown,2003.0
pallin' with al,4.0,perennial favorites,1998.0
always something there to remind me,1.0,naked eyes,1983.0
love lifted me,5.0,hints allegations and things left unsaid,1994.0
sit down you're rockin' the boat,1.0,leap of faith soundtrack,1992.0
i like it (like that),2.0,i like it like that soundtrack,1994.0
lady of spain,12.0,forever plaid soundtrack,1990.0
smells like teen spirit,1.0,nevermind,1991.0
water runs dry,12.0,ii,1994.0
eye of the tiger,1.0,eye of the tiger,1982.0
blessed be the guy that bonds (mcbain end credits),45.0,go simpsonic with the simpsons,1999.0
american baby,5.0,stand up,2005.0
enough to be on your way,2.0,hourglass,1997.0
you must love me,,,2008.0
marjorie (feat. jackson browne),19.0,testify,2007.0
bad,1.0,bad,1987.0
hannah jane,1.0,cracked rear view,1994.0
don't you want me,10.0,dare!,1981.0
john lee supertaster,8.0,no!,2002.0
worms make dirt!,11.0,myths legends and other amazing adventures vol. 2,2000.0
i can see clearly now,2.0,cool runnings soundtrack,1993.0
wild night,4.0,dance naked,1994.0
fernando,1.0,abba greatest hits,1975.0
time love and tenderness,2.0,time love &amp; tenderness,1991.0
somebody to love,9.0,the cable guy soundtrack,1996.0
end credits (hill street blues homage),17.0,songs in the key of springfield,1997.0
the president wore pearls medley,20.0,testify,2007.0
self esteem,8.0,smash,1994.0
in my life,,,2008.0
i was not his father he was mine (joseph),7.0,the forgotten carols,1991.0
live it up,8.0,wildflower,2005.0
lost in the work,9.0,faithful,1994.0
long way back home,15.0,stunt,1998.0
the night santa went crazy,12.0,bad hair day,1996.0
somewhere in the middle,3.0,opaline,2002.0
(this song's just) six words long,3.0,even worse,1988.0
american pie,1.0,american pie,1971.0
don't miss you at all,13.0,feels like home,2004.0
the nearness of you,14.0,come away with me,2002.0
i can't hide from my mind,16.0,the spine,2004.0
here i go again,4.0,whitesnake,1987.0
rabid child,8.0,they might be giants,1986.0
baby one more time,1.0,baby one more time,1999.0
battle of who could care less (clean),10.0,whatever and ever amen,2005.0
build a levee,5.0,motherland,2001.0
in the garage,8.0,weezer (1994),1994.0
stay (i missed you),6.0,reality bites soundtrack,1994.0
how can we be lovers,5.0,soul provider,1989.0
fall line,11.0,on and on,2003.0
good intentions,3.0,friends soundtrack,1995.0
nothing else matters,8.0,metallica,1991.0
lost in you,2.0,the life of chris gaines,1999.0
up so close,3.0,motorcade of generosity,1995.0
i go to extremes,4.0,storm front,1989.0
whole new you,2.0,whole new you,2001.0
lucky,7.0,oops! i did it again,2000.0
subliminal,1.0,john henry,1994.0
space,4.0,hootie and the blowfish,2003.0
jealousy,9.0,tigerlily,1995.0
our house,7.0,presents the rise &amp; fall,1982.0
76 trombones,18.0,music man soundtrack,1962.0
in marge we trust,28.0,go simpsonic with the simpsons,1999.0
here without you,6.0,away from the sun,2002.0
that boy could dance,9.0,in 3-d,1984.0
california love,12.0,all eyez on me,1996.0
suffocate,1.0,shenanigans,2002.0
fur elise,,,
losing hope,12.0,brushfire fairytales,2002.0
drink the water,9.0,brushfire fairytales,2002.0
love you out loud,5.0,melt,2003.0
what do i think of the pie?,12.0,testify,2007.0
hold me now,3.0,into the gap,1984.0
cupid de locke,10.0,mellon collie and the infinite sadness - dawn to dusk,1995.0
gangsta's paradise,3.0,gangsta's paradise,1995.0
she never told me she was a mime,9.0,alapalooza,1993.0
talkin' softball,43.0,go simpsonic with the simpsons,1999.0
possum kingdom,4.0,rubberneck,1994.0
drowning,13.0,the hits chapter one,2001.0
i'll be missing you,16.0,no way out,1997.0
don't stand so close to me,1.0,zenyatta mondatta,1980.0
bbc,2.0,austin powers soundtrack,1997.0
total eclipse of the heart,4.0,faster than the speed of night,1983.0
sitting waiting wishing,6.0,in between dreams,2005.0
orange crush,7.0,green,1988.0
do you remember,13.0,in between dreams,2005.0
cigarette,8.0,whatever and ever amen,2005.0
it's over,1.0,tails,1995.0
high speed,8.0,parachutes,2000.0
wicked game,5.0,heart shaped world,1989.0
champagne supernova,12.0,(what's the story) morning glory?,1995.0
truthfully,3.0,firecracker,1997.0
menuet - string quintet in e major op.11-5 g. 275,2.0,paper music,1995.0
quimby campaign commercial,18.0,go simpsonic with the simpsons,1999.0
get the party started,4.0,m!ssundaztood,2001.0
kiss me,4.0,sixpence none the richer,1997.0
jaws theme,1.0,jaws soundtrack,1975.0
miller's angels,8.0,recovering the satellites,1996.0
sloop john b,7.0,pet sounds,1966.0
the icicle melts,7.0,no need to argue,1994.0
san francisco (be sure to wear flowers in your hair),1.0,voice of scott mckenzie,1967.0
long way down,1.0,a boy named goo,1995.0
major tom (coming home),5.0,error in the system,1983.0
wild honey,7.0,all that you can't leave behind,2000.0
at the end of the day,4.0,les mis&eacute;rables soundtrack,1995.0
the boys of summer,1.0,building the perfect beast,1984.0
ode to a superhero,9.0,poodle hat,2003.0
toca para mi,11.0,mtv unplugged (alejandro sanz),2001.0
perdido en un barco,8.0,falta amor,1992.0
stand up (for it),3.0,stand up,2005.0
bones,8.0,sam's town,2006.0
beloved wife,3.0,tigerlily,1995.0
north star,5.0,especially for youth - joy in the journey (1998),1998.0
how,5.0,firecracker,1997.0
the great beyond,2.0,man on the moon soundtrack,1997.0
leaving,16.0,retrospective,2000.0
zombie,4.0,no need to argue,1994.0
top of the world,2.0,a song for you,1972.0
i wanna be sedated,7.0,road to ruin,1978.0
life goes on,1.0,twisted angel,2002.0
please don't go,1.0,please don't go,1992.0
don't turn around,2.0,the sign,1993.0
boys don't cry,1.0,boys don't cry,1980.0
when i dream of michelangelo,9.0,saturday nights &amp; sunday mornings,2008.0
humahuaque&ntilde;o-quebrade&ntilde;o,,folklore latinamericano vol. ii,
one rock 'n' roll too many,,,2008.0
man on the moon,10.0,automatic for the people,1992.0
closer to free,1.0,go slow down,1993.0
shenandoah,13.0,on stage,1997.0
my life,3.0,52nd street,1978.0
the promise,1.0,when in rome,1988.0
walking on broken glass,2.0,diva,1992.0
special,5.0,version 2.0,1998.0
playdough,1.0,the return of the aquabats!,1996.0
testify,2.0,testify,2007.0
maggie may,7.0,every picture tells a story,1971.0
vivir sin aire,4.0,donde jugaran los ni&ntilde;os?,1992.0
with or without you,3.0,the joshua tree,1987.0
path of thorns,8.0,mirrorball,1999.0
baby it's cold outside,9.0,a winter romance,1959.0
experimental film,1.0,the spine,2004.0
can i borrow a feeling?,47.0,go simpsonic with the simpsons,1999.0
shadow of the day,5.0,minutes to midnight,2007.0
it's no good,4.0,ultra,1995.0
screaming infidelities,2.0,the places you have come to fear the most,2001.0
carmen suite no. 1,,,
hold on,8.0,the young and the hopeless,2002.0
cupid,6.0,on and on,2003.0
men in black,16.0,big willie style,1997.0
banana pancakes,3.0,in between dreams,2005.0
freshmen,7.0,villains,1996.0
if she only knew,7.0,faithful,1994.0
candle in the wind,2.0,goodbye yellow brick road,1973.0
polonaise no. 6 op.53 (heroic),,,
wanna b ur lovr,6.0,poodle hat,2003.0
ce fut en mai,,,
by the way,1.0,by the way,2002.0
she drives me crazy,1.0,the raw &amp; the cooked,1989.0
if i was your woman,,,2008.0
fuera de m&iacute;,14.0,mtv unplugged (la ley),2000.0
flagpole sitta,2.0,where have all the merrymakers gone?,1998.0
1999,1.0,1999,1982.0
it's my life,1.0,crush,2000.0
tucker's town,3.0,fairweather johnson,1996.0
theme from flood,1.0,flood,1990.0
thunderbird,6.0,the spine,2004.0
i got a woman,3.0,ray charles at newport,1954.0
everything to everyone,2.0,so much for the afterglow,1997.0
robot parade,3.0,no!,2002.0
do you believe in love,6.0,picture this,1982.0
do da da,12.0,shenanigans,2002.0
porcelain,6.0,analog heart,2006.0
desensitized,2.0,shenanigans,2002.0
dance of the sugar plum fairy,,,
lay all your love on me,9.0,super trouper,1980.0
santa monica,4.0,sparkle &amp; fade,1995.0
all the small things,8.0,enema of the state,1999.0
whatever it takes,3.0,house of love,1994.0
butterfly,6.0,gift of game,1999.0
someday,6.0,14:59,1999.0
my soul hungered,2.0,book of mormon soundtrack,1994.0
let go,8.0,analog heart,2006.0
where your eyes don't go,6.0,lincoln,1993.0
superstar,,,2008.0
i come from the water,7.0,rubberneck,1994.0
come to my window,3.0,yes i am,1993.0
hold on to the child,2.0,faithful,1994.0
burndt jamb,7.0,maladroit,2002.0
tales of a scorched earth,6.0,mellon collie and the infinite sadness - twilight to starlight,1995.0
silly little pop song,11.0,fairweather johnson,1996.0
fashion zombies!,2.0,charge!!,2005.0
daddy,12.0,pieces of you,1995.0
stars,16.0,les mis&eacute;rables soundtrack,1995.0
spider,11.0,severe tire damage,2006.0
winter - 1st movement,,,
jack and diane,2.0,american fool,1982.0
monkey business,9.0,monkey business,
crazy little thing called love,5.0,the game,1980.0
maneater,1.0,h2o,1982.0
imagine,1.0,imagine,1971.0
yesterday,13.0,ii,1994.0
don't tell me,7.0,music,2000.0
all i want is more (clean),11.0,turn the radio off,1996.0
stay with me,,stay with me,1984.0
secret,9.0,songs about jane,2002.0
push,4.0,yourself or someone like you,1996.0
lullaby,2.0,soul's core,1998.0
silver,10.0,analog heart,2006.0
bleed,11.0,collective soul,1995.0
oh how the years go by,6.0,house of love,1994.0
america,1.0,the jazz singer soundtrack,1980.0
stayin' alive,1.0,saturday night fever soundtrack,1977.0
mississippi,9.0,globe sessions,1998.0
piano man,2.0,piano man,1973.0
my name is (slim shady) (clean),2.0,the slim shady lp,1999.0
private idaho,5.0,wild planet,1980.0
song to make love to,7.0,home,1995.0
macondo,,folklore latinamericano vol. ii,
bring him home,8.0,on stage,1997.0
in the dark,4.0,let it rain,2002.0
inner light spectrum,5.0,transistor,1997.0
the raiders march,1.0,raiders of the lost ark soundtrack,1981.0
goodnight elisabeth,5.0,recovering the satellites,1996.0
rushing,6.0,play,1999.0
it's over,12.0,perennial favorites,1998.0
up up up,6.0,gutterflower,2002.0
stay with you,1.0,let love in,2006.0
innocence maintained,6.0,spirit,1998.0
la adelita,,folklore latinamericano vol. ii,
who will save your soul,1.0,pieces of you,1995.0
warm tape,15.0,by the way,2002.0
borderline,2.0,madonna,1983.0
don't dream it's over,4.0,crowded house,1986.0
stay (wasting time),5.0,before these crowded streets,1998.0
i'll be there for you,13.0,friends soundtrack,1995.0
together again,11.0,the velvet rope,1997.0
here comes the sun,,,2008.0
trouble,6.0,parachutes,2000.0
complicated,2.0,let go,2002.0
attempt on the royals,2.0,patriot games soundtrack,1992.0
west end girls,2.0,please,1986.0
mr. brightside,2.0,hot fuss,2004.0
one by one,10.0,a day without rain,2000.0
walk this way (clean),,raising hell,1986.0
rainy day women #12 &amp; 35,3.0,before the flood,1974.0
what a good boy,7.0,rock spectacle,1996.0
istanbul (not constantinople),8.0,severe tire damage,2006.0
dope nose,2.0,maladroit,2002.0
sweet child o' mine,12.0,globe sessions,1998.0
america,,,2008.0
emily,3.0,book of mormon soundtrack,1994.0
hold on,2.0,mirrorball,1999.0
istanbul (not constantinople),4.0,flood,1990.0
end credits (addams family homage),36.0,songs in the key of springfield,1997.0
no not much,5.0,forever plaid soundtrack,1990.0
first contact,10.0,star trek first contact soundtrack,1996.0
sunny came home,1.0,a few small repairs,1996.0
torn,1.0,left of the middle,1997.0
staring at the sun,5.0,pop,1997.0
everybody hates ned flanders medley (feat. david byrne),17.0,testify,2007.0
a thousand years,1.0,brand new day,1999.0
strange fire,1.0,strange fire,1989.0
angels,,,2008.0
i dreamed a dream,5.0,les mis&eacute;rables soundtrack,1995.0
sgt. pepper's lonely hearts club band,1.0,sgt. pepper's lonely hearts club band,1967.0
everything had changed,7.0,are me,2006.0
i swear,4.0,all-4-one,1994.0
lounge act,9.0,nevermind,1991.0
dime,4.0,pressure chief,2004.0
morning song,7.0,pieces of you,1995.0
white &amp; nerdy,1.0,straight outta lynwood,2006.0
the long day is over,13.0,come away with me,2002.0
go and tell him (soup song),12.0,hootie and the blowfish,2003.0
unbelievable,6.0,schubert dip,1991.0
just a gigolo,2.0,crazy from the heat,1985.0
waltz of the flowers,,,
eleanor rigby,,,2008.0
jenny was a friend of mine,1.0,hot fuss,2004.0
virus alert,6.0,straight outta lynwood,2006.0
pocketful of sunshine,2.0,pocketful of sunshine,2008.0
can't fight this feeling,6.0,wheels are turnin',1984.0
walk on by,6.0,prolonging the magic,1998.0
suddenly seymour,16.0,little shop of horrors soundtrack,2003.0
