year,track,title,album
1996.0,8.0,everything sucks (clean),turn the radio off
,,humahuaque&ntilde;o-quebrade&ntilde;o,folklore latinamericano vol. ii
1997.0,7.0,angel,surfacing
1990.0,8.0,sixteen tons - chain gang,forever plaid soundtrack
2005.0,7.0,the damage in your heart,make believe
1976.0,6.0,money money money,arrival
2000.0,9.0,we never change,parachutes
2004.0,3.0,float on,good news for people who love bad news
1996.0,3.0,no other one,pinkerton
1962.0,2.0,you don't know me,modern sounds in country and western music
1967.0,1.0,for what it's worth,buffalo springfield
1995.0,11.0,seven years,tigerlily
1995.0,12.0,love is all around,picture this
1991.0,1.0,walking in memphis,marc cohn
2001.0,10.0,i won't walk away,this way
1994.0,12.0,water runs dry,ii
2003.0,10.0,tomorrow morning,on and on
1992.0,12.0,&aacute;ngel,jon secada
2000.0,2.0,one step closer,hybrid theory
1995.0,2.0,i go blind,friends soundtrack
1996.0,8.0,stickshifts and safetybelts,fashion nugget
2002.0,2.0,desensitized,shenanigans
1984.0,8.0,i can dream about you,streets of fire soundtrack
1995.0,3.0,up so close,motorcade of generosity
1997.0,7.0,stay together for the kids,take off your pants and jacket
2004.0,4.0,love and peace or else,how to dismantle an atomic bomb
2005.0,7.0,staple it together,in between dreams
2002.0,6.0,espionage,shenanigans
1990.0,10.0,someone keeps moving my chair,flood
1985.0,2.0,money for nothing,brothers in arms
1998.0,1.0,bawitdaba,devil without a cause
1992.0,12.0,which describes how you're feeling,apollo 18
1998.0,5.0,leave,stunt
1996.0,12.0,mercury,recovering the satellites
2001.0,8.0,this way,this way
1995.0,4.0,don't look back in anger,(what's the story) morning glory?
2004.0,4.0,black horse and the cherry tree,eye to the telescope
2002.0,3.0,you lied,shenanigans
1996.0,9.0,bad businessman,hot
2005.0,4.0,american baby intro,stand up
1997.0,12.0,walking my baby back home,hourglass
1979.0,2.0,video killed the radio star,age of plastic
2002.0,10.0,goodbye,let it rain
1997.0,13.0,little red rodeo,direct hits
1964.0,12.0,twist and shout,introducing... the beatles
1989.0,10.0,the heart of the matter,the end of the innocence
1992.0,5.0,mr. wendal,3 years 5 months &amp; 2 days in the life of--
2005.0,6.0,lifetimes,wildflower
1994.0,4.0,possum kingdom,rubberneck
2008.0,,fragile,
2003.0,11.0,fall line,on and on
2001.0,7.0,asi es la vida,el que busca encuentra
1986.0,1.0,here comes the rain again,touch
1991.0,2.0,sad but true,metallica
2008.0,,day tripper,
,,me ilusion&eacute;,
1991.0,12.0,struggle within,metallica
1997.0,16.0,ob-la-di ob-la-da,live in the tragic kingdom
1986.0,1.0,manic monday,different light
2000.0,7.0,radiation song!,myths legends and other amazing adventures vol. 2
1999.0,9.0,fear,mirrorball
2002.0,2.0,the anthem,the young and the hopeless
1997.0,1.0,zoot suit riot,zoot suit riot
2008.0,8.0,now that you're gone,detours
2000.0,1.0,a day without rain,a day without rain
1997.0,6.0,the story of nothing!,the fury of the aquabats
2006.0,10.0,do i creep you out,straight outta lynwood
1982.0,4.0,hungry like the wolf,rio
2003.0,2.0,are you gonna be my girl,get born
1997.0,14.0,lobster bucket!,the fury of the aquabats
2004.0,4.0,big sky!,yo check out this ride!
2002.0,10.0,black and blue,hard candy
2005.0,2.0,as i am,as i am
1997.0,4.0,let's forget about it,firecracker
1986.0,1.0,the final countdown,the final countdown
2000.0,11.0,american pie,music
2002.0,8.0,john lee supertaster,no!
1998.0,5.0,secret smile,feeling strangely fine
1989.0,4.0,toy soldiers,martika
1992.0,1.0,dig my grave,apollo 18
1988.0,8.0,every rose has its thorn,open up and say...ahh!
1992.0,4.0,the hit,patriot games soundtrack
1996.0,4.0,open book,fashion nugget
2004.0,10.0,the view,good news for people who love bad news
1992.0,11.0,i don't know why,fat city
1985.0,5.0,yoda,dare to be stupid
1969.0,1.0,yellow submarine,yellow submarine
1996.0,12.0,the night santa went crazy,bad hair day
1985.0,2.0,just a gigolo,crazy from the heat
,,spring - 3rd movement,
2000.0,6.0,in a little while,all that you can't leave behind
2006.0,1.0,don't wait,dusk and summer
1995.0,1.0,comanche,motorcade of generosity
1996.0,12.0,nothin' (clean),turn the radio off
2002.0,8.0,the news,brushfire fairytales
2005.0,2.0,perfect situation,make believe
2002.0,6.0,only hope,a walk to remember soundtrack
1997.0,1.0,steal my sunshine,you can't stop the bum rush
1998.0,10.0,mambo swing,big bad voodoo daddy
2007.0,36.0,poppa can you hear me?,testify
,,si te vas te vas,
2000.0,1.0,breathless,in blue
1994.0,7.0,i'll stand by you,last of the independents
1999.0,6.0,cut every corner,go simpsonic with the simpsons
1997.0,6.0,something about the way you look tonight,the big picture
1999.0,2.0,better days (and the bottom drops out),mobile estates
1998.0,8.0,when you sleep,prolonging the magic
1997.0,2.0,journey to the past,anastasia soundtrack
1967.0,1.0,respect,i never loved a man the way i love you
1982.0,4.0,goodnight saigon,the nylon curtain
1994.0,5.0,running from an angel,cracked rear view
1983.0,1.0,mr. roboto,kilroy was here
1999.0,8.0,your horoscope for today,running with scissors
2002.0,11.0,not coming home (live),songs about jane
1999.0,3.0,good enough,mirrorball
2001.0,6.0,the rock show (clean),take off your pants and jacket
1996.0,10.0,james k. polk,factory showroom
2004.0,4.0,breathe,lucky
1997.0,4.0,the impression that i get,let's face it
1966.0,7.0,california dreamin',if you can believe your eyes and ears
1996.0,5.0,so strange,fairweather johnson
1997.0,8.0,whatever you do! don't!,come on over
1994.0,4.0,wild night,dance naked
,,la bamba,folklore latinamericano vol. ii
2000.0,3.0,d&oacute;nde est&aacute;n los ladrones,mtv unplugged (shakira)
1993.0,3.0,break it down again,elemental
1999.0,6.0,germs,running with scissors
1982.0,10.0,come on eileen,too-rye-ay
2006.0,10.0,silver,analog heart
2005.0,2.0,perfect lie,wildflower
2002.0,9.0,changes,away from the sun
2004.0,16.0,i can't hide from my mind,the spine
1964.0,4.0,linus and lucy,a charlie brown christmas
2007.0,22.0,o pruny night,testify
2003.0,2.0,death letter,trouble no more
1999.0,8.0,drive,make yourself
2008.0,12.0,make it go away (radiation song),detours
1998.0,6.0,jump jive and wail,dirty boogie
1980.0,1.0,america,the jazz singer soundtrack
2001.0,6.0,happy in the meantime,atomic
1990.0,13.0,letterbox,flood
2000.0,3.0,empty spaces,something like human
2006.0,5.0,home,are me
1994.0,3.0,a quest for souls of men,no more lonely people
1992.0,2.0,attempt on the royals,patriot games soundtrack
1997.0,2.0,falling in love (is so hard on the knees) (clean),nine lives
1993.0,2.0,don't turn around,the sign
2000.0,5.0,be like that,the better life
1989.0,4.0,love shack,cosmic thing
2002.0,9.0,tired of waiting for you,shenanigans
2005.0,1.0,dreamgirl,stand up
2003.0,9.0,when she's gone,hootie and the blowfish
1976.0,4.0,new york state of mind,turnstiles
2001.0,6.0,el album,gozo poderoso
2003.0,3.0,when i look to the sky,my private nation
1966.0,6.0,59th street bridge song (feelin' groovy),parsley sage rosemary and thyme
2000.0,2.0,shape of my heart,black &amp; blue
1995.0,3.0,good intentions,friends soundtrack
2003.0,10.0,window to his love,window to his love
1995.0,16.0,stars,les mis&eacute;rables soundtrack
1968.0,1.0,hello i love you,waiting for the sun
1997.0,13.0,motorcycle drive by,third eye blind
2008.0,5.0,all nightmare long,death magnetic
1996.0,7.0,your own worst enemy,factory showroom
1996.0,14.0,sweet adeline (my evaline),weezer (1996)
2003.0,2.0,little brother,hootie and the blowfish
1995.0,10.0,where i go,tigerlily
2004.0,1.0,vindicated,spiderman 2 soundtrack
1997.0,11.0,together again,the velvet rope
1998.0,6.0,octavo dia,&iquest;d&oacute;nde est&aacute;n los ladrones?
2007.0,1.0,into the night,ultimate santana
1992.0,3.0,ghost,rites of passage
2004.0,7.0,where are we runnin',baptism
1986.0,2.0,west end girls,please
2006.0,1.0,again and again,goodbye alice in wonderland
1988.0,5.0,i think i'm a clone now,even worse
2001.0,4.0,get the party started,m!ssundaztood
1999.0,14.0,the field of excellence,go simpsonic with the simpsons
1996.0,14.0,walkaways,recovering the satellites
1998.0,3.0,dragula,hellbilly deluxe
,,a distant serenade,distant serenade
1995.0,2.0,untitled,collective soul
,,new world symphony 1st movement,
1992.0,4.0,polka your eyes out,off the deep end
1977.0,7.0,dust in the wind,point of know return
,,summer - 3rd movement,
1985.0,1.0,what you need,listen like thieves
1994.0,3.0,whatever it takes,house of love
1986.0,17.0,alienation's for the rich,they might be giants
2000.0,4.0,want you bad,conspiracy of one
1997.0,5.0,cat with 2 heads!,the fury of the aquabats
1992.0,10.0,tears in heaven,rush soundtrack
2002.0,11.0,lucky kid,c'mon c'mon
2004.0,13.0,whatsername,american idiot
2008.0,2.0,hanging tree,saturday nights &amp; sunday mornings
2005.0,3.0,this is such a pity,make believe
1998.0,4.0,only lonely,musical chairs
1989.0,5.0,janie's got a gun,pump
1997.0,4.0,come on eileen,it means everything
2002.0,14.0,minor thing,by the way
1993.0,6.0,this poem sucks,so i married an axe murderer soundtrack
2004.0,7.0,on top,hot fuss
1990.0,1.0,feels good,the revival
1985.0,2.0,dare to be stupid,dare to be stupid
2008.0,,forever in blue jeans,
1995.0,13.0,by starlight,mellon collie and the infinite sadness - twilight to starlight
1997.0,16.0,end credits (australian version),songs in the key of springfield
1999.0,6.0,take a picture,title of record
1997.0,16.0,men in black,big willie style
2001.0,10.0,just can't last,motherland
1995.0,18.0,the wedding chorale - beggars at the feast,les mis&eacute;rables soundtrack
1995.0,10.0,red light,home
1994.0,4.0,i swear,all-4-one
2001.0,3.0,jaded,just push play
2001.0,3.0,hash pipe,weezer (2001)
1993.0,7.0,without you,music box
2000.0,8.0,el duelo,mtv unplugged (la ley)
2008.0,,here comes the sun,
2006.0,6.0,porcelain,analog heart
2000.0,10.0,yo no soy esa mujer,paulina
2002.0,8.0,sunday morning,songs about jane
1996.0,1.0,sell out,turn the radio off
2006.0,6.0,only one too,goodbye alice in wonderland
2008.0,,across the universe,
1995.0,7.0,te llor&eacute; un r&iacute;o (vivo),en vivo
1981.0,6.0,tomorrow,october
2004.0,3.0,take it all away,pressure chief
1996.0,2.0,antolog&iacute;a,pies descalzos
1982.0,6.0,sweet dreams (are made of this),sweet dreams (are made of this)
2002.0,5.0,where do they make balloons?,no!
1997.0,3.0,sweet surrender,surfacing
1997.0,12.0,the man with many names,on stage
1991.0,6.0,unbelievable,schubert dip
1991.0,5.0,wherever i may roam,metallica
1999.0,7.0,do what you have to do,mirrorball
1997.0,4.0,jumper,third eye blind
2006.0,4.0,better days,let love in
2003.0,1.0,meant to live,the beautiful letdown
2003.0,3.0,traffic in the sky,on and on
1995.0,10.0,ironic,jagged little pill
1995.0,5.0,dreaming of you,dreaming of you
1996.0,5.0,across the sea,pinkerton
1997.0,7.0,captain hampton and the midget pirates!,the fury of the aquabats
2004.0,4.0,wearing a raincoat,the spine
1998.0,1.0,tearin' up my heart,n sync
2004.0,11.0,tougher than it is,pressure chief
2005.0,6.0,smooth rider,stand up
1992.0,9.0,cat's in the cradle,america's least wanted
,,summer - 2nd movement,
1993.0,17.0,mary jane's last dance,greatest hits (tom petty &amp; the heartbreakers)
1982.0,6.0,dirty laundry,i can't stand still
2004.0,4.0,boulevard of broken dreams (clean),american idiot
1998.0,5.0,black balloon,dizzy up the girl
1987.0,8.0,just like heaven,kiss me kiss me kiss me
1998.0,5.0,you and me and the bottle makes 3 tonight (baby),big bad voodoo daddy
1983.0,3.0,i love rocky road,weird al yankovic
1996.0,1.0,lovin' you lots and lots,that thing you do soundtrack
1984.0,2.0,jump,1984
1990.0,1.0,gonna make you sweat (everybody dance now),gonna make you sweat
2007.0,41.0,oldies and nudies (unaired bonus track),testify
2001.0,2.0,jesus loves you,this way
1991.0,3.0,one,achtung baby
1998.0,2.0,it's all been done,stunt
1986.0,12.0,superman,life's rich pageant
1984.0,1.0,eat it,in 3-d
1993.0,7.0,reason to believe,unplugged...and seated
1994.0,7.0,cold beverage,g. love and special sauce
1991.0,12.0,arise &amp; shine forth,the forgotten carols
1996.0,10.0,flight of the passing fancy,hot
1999.0,9.0,it's all about the pentiums,running with scissors
2006.0,1.0,fidelity,begin to hope
1993.0,6.0,it's alright,people get ready: a tribute to curtis mayfield
1996.0,1.0,virtual insanity,travelling without moving
1998.0,1.0,i will wait,musical chairs
2006.0,8.0,story of my life,summer girl
2004.0,3.0,zero hour!,yo check out this ride!
2008.0,,innocent,
2002.0,4.0,you never know,gutterflower
2001.0,7.0,i love rock and roll,britney
2001.0,12.0,suerte,laundry service
2002.0,3.0,hands clean,under rug swept
1996.0,3.0,when you love a woman,trial by fire
1992.0,6.0,el desierto,donde jugaran los ni&ntilde;os?
1998.0,1.0,save tonight,desireless
1994.0,14.0,baby i love your way,reality bites soundtrack
1999.0,8.0,hey chico,night of the exotic tiki gods
2000.0,5.0,my funny valentine,on stage 2: more broadway favorites
1936.0,,sing sing sing (with a swing),
1992.0,5.0,when i look into your eyes,hold your fire
1964.0,19.0,all day and all of the night,kinks
1993.0,3.0,the break,so i married an axe murderer soundtrack
2002.0,15.0,warm tape,by the way
2000.0,1.0,skin,blender
1989.0,5.0,how can we be lovers,soul provider
1979.0,9.0,cars,the pleasure principle
2005.0,5.0,crazy,the collection
1997.0,2.0,all i ask of you,on stage
1996.0,12.0,the olympic spirit,summon the heroes
2002.0,6.0,shoot the moon,come away with me
1995.0,2.0,new beginning,new beginning
1979.0,8.0,chiquitita,voulez-vous
1997.0,29.0,the monorail song,songs in the key of springfield
2000.0,5.0,boast,blender
2002.0,10.0,through with you,songs about jane
1997.0,11.0,pink,nine lives
1984.0,7.0,kids wanna rock,reckless
2003.0,8.0,down in the bottom,trouble no more
2005.0,6.0,plastic lips!,charge!!
1997.0,4.0,anywhere is,paint the sky with stars:  the best of enya
1994.0,13.0,white discussion,throwing copper
1994.0,3.0,return to innocence,the cross of changes
1993.0,1.0,ana ng,lincoln
2004.0,6.0,all because of you,how to dismantle an atomic bomb
2008.0,,long and winding road,
1995.0,1.0,st. teresa,relish
1997.0,12.0,why can't we be friends,fush yu mang
1993.0,8.0,the river of dreams,river of dreams
2004.0,2.0,the world at large,good news for people who love bad news
1987.0,4.0,hungry eyes,dirty dancing soundtrack
2005.0,2.0,fashion zombies!,charge!!
1997.0,9.0,itchy &amp; scratchy main title theme,songs in the key of springfield
1993.0,1.0,i would do anything for love,bat out of hell ii: back into hell
1970.0,1.0,fire and rain,sweet baby james
1996.0,2.0,long day,yourself or someone like you
1994.0,2.0,vasoline,purple
1988.0,5.0,eternal flame,everything
1997.0,16.0,i'll be missing you,no way out
,,volar&aacute;s,folklore latinamericano vol. ii
2004.0,3.0,sometimes you can't make it on your own,how to dismantle an atomic bomb
2008.0,5.0,insignificant,saturday nights &amp; sunday mornings
1994.0,10.0,dreaming my dreams,no need to argue
1998.0,9.0,evening at lafitte's,perennial favorites
2002.0,2.0,four of two,no!
2002.0,7.0,fortunate fool,brushfire fairytales
2000.0,7.0,sin ti,the return of el santo
1992.0,8.0,electronic battlefield,patriot games soundtrack
,,mayonesa,
1995.0,4.0,coldfeet,new beginning
1986.0,7.0,fight for your right,licensed to ill
2004.0,1.0,yo check out this ride!,yo check out this ride!
2002.0,11.0,possibilities,maladroit
2002.0,5.0,clocks,a rush of blood to the head
2000.0,8.0,without me (clean),the marshall mathers lp
1995.0,9.0,who am i? - the trial,les mis&eacute;rables soundtrack
1997.0,11.0,honey i'm home,come on over
1993.0,2.0,jurassic park theme,jurassic park soundtrack
2008.0,,sweet caroline,
1995.0,10.0,morning glory,(what's the story) morning glory?
2004.0,2.0,spine,the spine
2005.0,2.0,fair,whatever and ever amen
1995.0,3.0,hundido en un rinc&oacute;n,cuando los angeles lloran
1965.0,13.0,yesterday,help!
1970.0,1.0,instant karma (we all shine on),instant karma (we all shine on)
1980.0,1.0,funkytown,mouth to mouth
1992.0,2.0,hey jealousy,new miserable experience
2006.0,14.0,all the pretty face,sam's town
2001.0,6.0,my sacrifice,weathered
1979.0,1.0,don't stop 'til you get enough,off the wall
1998.0,4.0,guitar,prolonging the magic
1974.0,7.0,honey honey,waterloo
,,ella era todo,
2003.0,4.0,taylor,on and on
1992.0,2.0,divine thing,hotwired
1997.0,3.0,little more time with you,hourglass
1994.0,12.0,burning bridges,hints allegations and things left unsaid
1987.0,11.0,hazy shade of winter,less than zero soundtrack
2003.0,1.0,the chokin' kind,the soul sessions
1992.0,4.0,how do you talk to an angel,the heights
2003.0,12.0,all of this,blink 182
1986.0,6.0,you can call me al,graceland
1994.0,7.0,black hole sun,superunknown
1995.0,6.0,ana,cuando los angeles lloran
1994.0,1.0,rise and take a stand,no more lonely people
2001.0,17.0,mad world,donnie darko soundtrack
1999.0,12.0,the thing on the bass amp,the floating eye of death
1997.0,15.0,kamp krusty (south of the border),songs in the key of springfield
2003.0,4.0,look what you've done,get born
1983.0,1.0,karma chameleon,colour by numbers
2001.0,13.0,mink car,mink car
1987.0,1.0,where the streets have no name,the joshua tree
1998.0,2.0,slide,dizzy up the girl
1965.0,3.0,my girl,the temptations sing smokey
1995.0,6.0,runaway,forgiven not forgotten
2007.0,23.0,america (i love this country),testify
,,perd&oacute;name la vida,
1999.0,7.0,a boozehound named barney,go simpsonic with the simpsons
1997.0,3.0,truthfully,firecracker
1997.0,9.0,attacked by snakes!,the fury of the aquabats
1997.0,2.0,narcolepsy,third eye blind
1978.0,7.0,i wanna be sedated,road to ruin
1994.0,4.0,always,cross road
1980.0,12.0,star wars - imperial march,the empire strikes back soundtrack
1994.0,16.0,forrest gump suite,forrest gump soundtrack
1998.0,5.0,fat cat keeps getting fatter,perennial favorites
1992.0,2.0,my lovin' (you're never gonna get it),funky divas
1995.0,7.0,thru the eyes of ruby,mellon collie and the infinite sadness - twilight to starlight
1988.0,12.0,a groovy kind of love,buster soundtrack
1991.0,4.0,that's what love is for,heart in motion
1996.0,8.0,aquabat march,the return of the aquabats!
2001.0,3.0,first date,take off your pants and jacket
2002.0,2.0,october road,october road
1986.0,10.0,(she was a) hotel detective,they might be giants
1980.0,1.0,i will follow,boy
1999.0,12.0,underwater wonderland,go simpsonic with the simpsons
1995.0,9.0,drink with me,les mis&eacute;rables soundtrack
1999.0,3.0,porcelain,play
1994.0,1.0,lucky one,house of love
1981.0,1.0,the raiders march,raiders of the lost ark soundtrack
1994.0,1.0,ode to my family,no need to argue
2003.0,1.0,fallen,afterglow
2001.0,4.0,clint eastwood,gorillaz
1979.0,1.0,message in a bottle,reggatta de blanc
1994.0,5.0,all i can say,faithful
1992.0,5.0,putting the pieces together,patriot games soundtrack
1999.0,9.0,it's all been done,hooked
1999.0,8.0,you'll be in my heart,tarzan soundtrack
2008.0,9.0,suicide and redemption,death magnetic
2007.0,35.0,lady riff (feat. ricky gervais),testify
1978.0,2.0,my best friend's girl,the cars
1996.0,12.0,i can hear you,factory showroom
1994.0,3.0,sleeping in the flowers,john henry
1999.0,5.0,what's my age again,enema of the state
1988.0,12.0,when love comes to town,rattle and hum
1995.0,10.0,don't speak,tragic kingdom
2002.0,16.0,venice queen,by the way
1996.0,7.0,earth stopped cold at dawn,fairweather johnson
1997.0,1.0,not while i'm around,on stage
1999.0,5.0,smooth,supernatural
1995.0,7.0,it's a free world baby,friends soundtrack
1987.0,1.0,tom's diner,solitude standing
2007.0,3.0,vulnerable,awake
1998.0,1.0,the boogie bumper,big bad voodoo daddy
1981.0,10.0,don't you want me,dare!
1994.0,1.0,day of living,faithful
1997.0,10.0,how do i live,you light up my life: inspirational songs
2000.0,1.0,cuidate,el viaje de copperpot
1993.0,12.0,bohemian polka,alapalooza
1997.0,6.0,show me love,robyn is here
1995.0,2.0,tonight tonight,mellon collie and the infinite sadness - dawn to dusk
1990.0,3.0,lucky ball and chain,flood
2005.0,1.0,hung up,confessions on a dance floor
2002.0,4.0,ticket to heaven,away from the sun
2001.0,4.0,hero,escape
1983.0,9.0,wrapped around your finger,synchronicity
2001.0,5.0,fred jones part 2,rockin' the suburbs
1901.0,,pomp and circumstance,
1995.0,5.0,a water prayer,home
1997.0,1.0,transistor,transistor
1999.0,12.0,gloria,joy: a holiday collection
2000.0,5.0,crawling,hybrid theory
1992.0,7.0,so what'cha want,check your head
2001.0,1.0,opera singer,comfort eagle
2004.0,4.0,somebody told me,hot fuss
1972.0,6.0,rockin' robin,got to be there
1981.0,2.0,silver bells,christmas wishes
1991.0,2.0,i touch myself,divinyls
2002.0,13.0,on the wagon,shenanigans
2003.0,3.0,another postcard,everything to everyone
1997.0,9.0,faith (clean),three dollar bill y'all
,,dif&iacute;cil de igualar,
1983.0,1.0,lucky star,madonna
1995.0,2.0,ruby sees all,motorcade of generosity
2003.0,5.0,love you out loud,melt
2000.0,6.0,el alma al aire,el alma al aire
1995.0,1.0,in the house of stone and light,in the house of stone and light
1999.0,4.0,we put the spring in springfield,go simpsonic with the simpsons
2004.0,4.0,100 years,the battle for everything
,,a mis paisanos,folklore latinamericano vol. ii
1998.0,13.0,closet full of fear,musical chairs
1997.0,7.0,tap twist snap,floored
1986.0,3.0,lean on me,life love &amp; pain
2000.0,16.0,i am a man of constant sorrow,o brother where art thou? soundtrack
1993.0,2.0,brother,so i married an axe murderer soundtrack
1967.0,1.0,san francisco (be sure to wear flowers in your hair),voice of scott mckenzie
1996.0,10.0,angel on my bike,bringing down the horse
2000.0,4.0,podemos hacernos da&ntilde;o,fijate bien
2002.0,10.0,fall together,maladroit
1988.0,10.0,twister,even worse
1992.0,4.0,dizz knee land,puzzle
,,autumn - 3rd movement,
2005.0,4.0,landed,songs for silverman
1986.0,5.0,hide away folk family,they might be giants
2001.0,1.0,annie waits,rockin' the suburbs
1998.0,1.0,i don't want to miss a thing,armageddon soundtrack
2005.0,11.0,demolition rickshaw!,charge!!
1999.0,44.0,like father like clown (medley),go simpsonic with the simpsons
1999.0,8.0,natural blues,play
1999.0,27.0,the ballad of jebadiah springfield,go simpsonic with the simpsons
2006.0,1.0,straight ahead,analog heart
1997.0,5.0,du hast,sehnsucht
1992.0,9.0,dinner bell,apollo 18
1995.0,11.0,second attack - the final battle,les mis&eacute;rables soundtrack
2004.0,9.0,all i ask of you (reprise),phantom of the opera
2008.0,3.0,love is free,detours
2006.0,3.0,feel the silence,let love in
1993.0,7.0,piece of dirt,lincoln
2003.0,11.0,one thing,finger eleven
2008.0,,over the rainbow,
1999.0,2.0,beautiful savior,beautiful savior
1993.0,6.0,where your eyes don't go,lincoln
2005.0,7.0,smoke,whatever and ever amen
1993.0,19.0,again,janet.
1994.0,6.0,oh how the years go by,house of love
1996.0,7.0,lovefool,first band on the moon
1997.0,1.0,super rad!,the fury of the aquabats
1996.0,5.0,metal detector,factory showroom
2002.0,5.0,don't wanna fall in love,shenanigans
1998.0,9.0,hem of your garment,prolonging the magic
1992.0,1.0,have yourself a merry little christmas,home for christmas
1993.0,6.0,beautiful in my eyes,painted desert serenade
1996.0,1.0,the house is rockin',guitar slinger
2002.0,10.0,going down in flames,away from the sun
1989.0,1.0,strange fire,strange fire
1989.0,7.0,another day in paradise,but seriously
2002.0,9.0,hole in my pocket,c'mon c'mon
1998.0,5.0,special,version 2.0
1998.0,1.0,we like to party,the party album
1995.0,20.0,earth song,history: past present and future book i
1984.0,8.0,indian summer sky,the unforgettable fire
1999.0,8.0,light in your eyes,hooked
2002.0,12.0,go to town,mr. deeds soundtrack
1992.0,4.0,my evil twin,apollo 18
2004.0,,i fought the law,
1998.0,8.0,fly away,5
2002.0,5.0,running out of days,away from the sun
1990.0,10.0,caribbean plaid,forever plaid soundtrack
2002.0,4.0,sexy plexi,brushfire fairytales
2001.0,2.0,survivor,survivor
1974.0,5.0,i shot the sheriff,461 ocean boulevard
2004.0,5.0,broken,the punisher soundtrack
1980.0,5.0,private idaho,wild planet
1987.0,1.0,i've got to find out who i am,old testament soundtrack
2000.0,3.0,teenage dirtbag,wheatus
2005.0,13.0,awesome forces!,charge!!
2004.0,17.0,the goodbye girl,best of hootie and the blowfish 1993-2003
1997.0,1.0,to the moon and back,savage garden
2004.0,10.0,everything (clean),so-called chaos
1980.0,2.0,turning japanese,new clear days
1998.0,9.0,whiskey in the jar,garage inc.
1992.0,3.0,cachito,donde jugaran los ni&ntilde;os?
1970.0,5.0,country road,sweet baby james
2006.0,13.0,1000 miles away,goodbye alice in wonderland
2005.0,2.0,never know,in between dreams
1988.0,9.0,greensleeves,a fresh aire christmas
1973.0,5.0,the joker,the joker
1977.0,1.0,stayin' alive,saturday night fever soundtrack
2006.0,1.0,adrift,are me
1978.0,10.0,heart of glass,parallel lines
,,me gusta,
1998.0,2.0,you get what you give,maybe you've been brainwashed too
2007.0,15.0,jellyfish,testify
1997.0,16.0,boadicea,paint the sky with stars:  the best of enya
1995.0,1.0,the attack on rue plumet,les mis&eacute;rables soundtrack
1999.0,6.0,rushing,play
1994.0,6.0,i should be allowed to think,john henry
1995.0,3.0,jellybelly,mellon collie and the infinite sadness - dawn to dusk
1997.0,3.0,dammit (clean),dude ranch
1995.0,10.0,brain stew,insomniac
1992.0,5.0,i was only kidding,off the deep end
2005.0,11.0,freak me out,make believe
1999.0,1.0,larger than life,millenium
2000.0,10.0,worlds apart,on stage 2: more broadway favorites
,,la vida es un carnaval,
2008.0,,without you,
2007.0,5.0,the way i am,girls and boys
1991.0,5.0,lithium,nevermind
1999.0,3.0,i knew i loved you,affirmation
1997.0,1.0,discotheque,pop
2002.0,3.0,somewhere out there,gravity
2005.0,1.0,i know why,wildflower
1990.0,7.0,cry,forever plaid soundtrack
1986.0,1.0,everything right is wrong again,they might be giants
1996.0,13.0,italian leather sofa,fashion nugget
2004.0,11.0,untitled (how can this happen to me),still not getting any...
1993.0,1.0,another night,another night
1991.0,8.0,mysterious ways,achtung baby
2003.0,2.0,it's my life,the singles 1992-2003
2000.0,3.0,rock dj,sing when you're winning
1990.0,8.0,red light,war
1997.0,32.0,bagged me a homer,songs in the key of springfield
1999.0,2.0,love of my life,supernatural
2005.0,1.0,one angry dwarf and 200 solemn faces,whatever and ever amen
1984.0,4.0,buy me a condo,in 3-d
1992.0,4.0,vivir sin aire,donde jugaran los ni&ntilde;os?
1999.0,10.0,brand new day,brand new day
2003.0,8.0,daughters,heavier things
2001.0,11.0,love me just leave me alone,this way
2008.0,6.0,i'll be waiting,it is time for a love revolution
1986.0,1.0,papa don't preach,true blue
2000.0,6.0,turn around,blender
1994.0,8.0,time,cracked rear view
2002.0,13.0,on mercury,by the way
1984.0,1.0,wake me up before you go-go,make it big
1996.0,8.0,miller's angels,recovering the satellites
1990.0,6.0,god bless the child,sing the blues
2000.0,9.0,baby seat,maroon
1994.0,8.0,why must i be sad?,john henry
2002.0,3.0,in a little while,no stranger to shame
1972.0,1.0,listen to the music,toulouse street
1991.0,3.0,o.p.p.,naughty by nature
1993.0,4.0,she don't use jelly,transmissions from the satellite heart
2002.0,10.0,the house at the top of the tree,no!
2001.0,6.0,you rock my world,invincible
1999.0,6.0,desapariciones,mtv unplugged (man&aacute;)
1995.0,3.0,lump,the presidents of the united states of america
1994.0,4.0,firm in the faith,book of mormon soundtrack
1999.0,4.0,never let you go,blue
2001.0,4.0,island in the sun,weezer (2001)
1991.0,9.0,give it away,blood sugar sex magik
1983.0,7.0,the check's in the mail,weird al yankovic
1984.0,11.0,one night in bangkok,chess soundtrack
2007.0,40.0,dancing workers' song (unaired bonus track),testify
1997.0,13.0,phantasma del mar!,the fury of the aquabats
1992.0,10.0,man on the moon,automatic for the people
2003.0,1.0,times like these,on and on
1999.0,48.0,end credits (philip glass homage),go simpsonic with the simpsons
1993.0,16.0,stand on your own head,lincoln
1988.0,1.0,what's on your mind (pure energy),information society
1993.0,3.0,mr. jones,august and everything after
1997.0,2.0,i love you,surfacing
2006.0,4.0,stolen,dusk and summer
1996.0,8.0,fairweather johnson,fairweather johnson
2008.0,,america,
2002.0,3.0,robot parade,no!
1990.0,14.0,two days in february,hold me up
1998.0,3.0,riverwide,globe sessions
1991.0,2.0,even flow,ten
1995.0,21.0,encore 2 - one day more,les mis&eacute;rables soundtrack
1998.0,6.0,halloween,before these crowded streets
1996.0,4.0,three marlenas,bringing down the horse
2000.0,8.0,ver&oacute;nica,miss mujerzuela
1984.0,7.0,you're the inspiration,chicago 17
1994.0,7.0,big yellow taxi,house of love
1997.0,5.0,inner light spectrum,transistor
1993.0,3.0,my servant joseph,my servant joseph
1980.0,6.0,what i like about you,the romantics
1990.0,11.0,hearing aid,flood
1984.0,10.0,god rest ye merry gentlemen,mannheim steamroller christmas
1998.0,2.0,fire escape,all the pain money can buy
1975.0,1.0,fernando,abba greatest hits
1995.0,23.0,come together,history: past present and future book i
1992.0,4.0,everybody hurts,automatic for the people
1976.0,5.0,maybe i'm amazed,wings over america
,,spring - 1st movement,
1997.0,6.0,the celts,paint the sky with stars:  the best of enya
1986.0,7.0,toddler hiway,they might be giants
2006.0,5.0,without you here,let love in
1997.0,10.0,cash,floored
1994.0,8.0,sing and shout,no more lonely people
2002.0,4.0,she will be loved,songs about jane
2001.0,8.0,simple pages,weezer (2001)
2001.0,11.0,my man,mink car
1997.0,9.0,if you wanna touch her ask!,come on over
1995.0,2.0,on parole - the bishop,les mis&eacute;rables soundtrack
1997.0,3.0,magic chicken!,the fury of the aquabats
1993.0,5.0,achy breaky song,alapalooza
1973.0,3.0,benny and the jets,goodbye yellow brick road
2000.0,5.0,deora ar mo chroi,a day without rain
2004.0,7.0,waiting,pressure chief
1995.0,4.0,foolish games,pieces of you
1992.0,12.0,gentle,you've always been there for me
2000.0,10.0,over tokyo,blender
1997.0,4.0,fly,floored
1999.0,42.0,the star spangled banner,go simpsonic with the simpsons
1981.0,10.0,open arms,escape
1992.0,2.0,dreams,everybody else is doing it so why can't we?
1997.0,3.0,drip drip drip,tubthumper
1955.0,20.0,oklahoma!,oklahoma soundtrack
2004.0,9.0,extraordinary girl,american idiot
2001.0,6.0,the ascent of stan,rockin' the suburbs
1995.0,11.0,the confrontation,les mis&eacute;rables soundtrack
1997.0,7.0,the way you look tonight,my best friend's wedding soundtrack
1981.0,2.0,tainted love,non-stop erotic cabaret
2004.0,3.0,lady,baptism
1995.0,7.0,you part the waters,motorcade of generosity
2000.0,14.0,fuera de m&iacute;,mtv unplugged (la ley)
1987.0,5.0,we close our eyes,boi-ngo
2002.0,3.0,somewhere in the middle,opaline
1996.0,3.0,join the club,turn the radio off
1992.0,3.0,the whole armor of god,new testament soundtrack
1994.0,14.0,a self called nowhere,john henry
1992.0,1.0,connected,connected
1999.0,24.0,chief wiggum p.i. main title,go simpsonic with the simpsons
1999.0,1.0,beautiful stranger,austin powers: the spy who shagged me soundtrack
2004.0,12.0,the point of no return,phantom of the opera
2003.0,6.0,ghost of a good thing,a mark a mission a brand a scar
1998.0,12.0,subway ride,globe sessions
1988.0,6.0,will he ever come?,a new kind of love song
1995.0,3.0,counting blue cars,pet your friends
1986.0,16.0,i hope that i get old before i die,they might be giants
1998.0,7.0,blue monday,candyass
2002.0,4.0,i'm with you,let go
2003.0,6.0,diamond joe,trouble no more
1995.0,1.0,water's edge (clean),american standard
2007.0,26.0,we are the jockeys,testify
1999.0,2.0,star wars - duel of the fates,star wars episode i: the phantom menace soundtrack
1977.0,6.0,margaritaville,changes in latitudes changes in attitudes
2004.0,6.0,my happy ending,under my skin
2000.0,7.0,fallen embers,a day without rain
1984.0,6.0,polkas on 45,in 3-d
2006.0,13.0,where the white boys dance,sam's town
1992.0,6.0,highland's execution,patriot games soundtrack
1994.0,13.0,all,hints allegations and things left unsaid
1999.0,2.0,find my baby,play
1996.0,7.0,what a good boy,rock spectacle
1987.0,9.0,sweet child o' mine,appetite for destruction
1998.0,10.0,american girls,meet the deedles soundtrack
1982.0,5.0,where everybody knows your name,keeper
1961.0,1.0,blue moon,blue moon
1997.0,6.0,how's it going to be,third eye blind
1997.0,4.0,i'll be,misguided roses
1990.0,1.0,do the bartman,sing the blues
2004.0,7.0,prima donna,phantom of the opera
1999.0,46.0,you're gonna like me (the gabbo song),go simpsonic with the simpsons
1969.0,2.0,raindrops keep falling on my head,butch cassidy &amp; the sundance kid soundtrack
1991.0,3.0,alive,ten
1995.0,4.0,mouth,the garden
2005.0,2.0,hey sister pretty,looking for lucky
1991.0,8.0,nothing else matters,metallica
1986.0,7.0,la isla bonita,true blue
1997.0,31.0,cool,songs in the key of springfield
1994.0,4.0,iris,throwing copper
1999.0,1.0,blue,europop
2001.0,2.0,poprocks &amp; coke,international superhits!
2008.0,1.0,god bless this mess,detours
1998.0,1.0,pantala naga pampa,before these crowded streets
1998.0,7.0,jupiter,spirit
2000.0,1.0,take a look around,chocolate starfish and the hot dog flavored water
1992.0,1.0,main title,patriot games soundtrack
2006.0,12.0,particle man,severe tire damage
2005.0,12.0,belle,in between dreams
2006.0,4.0,i'll sue ya',straight outta lynwood
2006.0,13.0,wind it up,are me
1995.0,1.0,have you ever really loved a woman,don juan demarco soundtrack
1987.0,4.0,here i go again,whitesnake
1992.0,17.0,fingertips,apollo 18
2008.0,,michelle,
1997.0,1.0,i do,firecracker
1997.0,8.0,burning man,third eye blind
1989.0,3.0,kid fears,indigo girls
1984.0,11.0,nature trail to hell,in 3-d
1995.0,4.0,it's no good,ultra
1996.0,3.0,bugler's dream (1992 olympic theme),summon the heroes
1998.0,5.0,answer man,musical chairs
2006.0,4.0,over you,daughtry
1998.0,8.0,unchained melody,best of 1980-1990
,,moliendo caf&eacute;,folklore latinamericano vol. i
1984.0,3.0,i want to know what love is,agent provocateur
1978.0,1.0,superman theme,superman soundtrack
1996.0,6.0,since you've been gone,bad hair day
2002.0,5.0,tangled,songs about jane
1997.0,9.0,the christmas song,a very special christmas vol. 3
1990.0,14.0,shangri-la - rags to riches,forever plaid soundtrack
1997.0,3.0,electric barbarella,medazzaland
2006.0,8.0,bones,sam's town
2001.0,8.0,long line of cars,comfort eagle
1986.0,6.0,(i just) died in your arms,broadcast
2000.0,2.0,stronger,oops! i did it again
1994.0,3.0,wasting time,hints allegations and things left unsaid
2001.0,1.0,no such thing,room for squares
2000.0,1.0,boss of me,malcolm in the middle soundtrack
2002.0,4.0,cleaning out my closet (clean),the eminem show
1995.0,3.0,smoke and ashes,new beginning
1998.0,10.0,sweetest thing,best of 1980-1990
1988.0,2.0,fast car,tracy chapman
1995.0,6.0,painters,pieces of you
1991.0,1.0,smells like teen spirit,nevermind
2005.0,1.0,state your peace,looking for lucky
1996.0,5.0,daria,fashion nugget
1977.0,1.0,barracuda,little queen
2002.0,1.0,a new beginning,the young and the hopeless
1986.0,3.0,number three,they might be giants
2005.0,11.0,free to everyone,looking for lucky
1997.0,12.0,firecracker,firecracker
1995.0,9.0,home,home
,,i got rhythm,
2008.0,,every breath you take,
1998.0,9.0,never is enough,stunt
2000.0,6.0,angel,hot shot
2001.0,6.0,aprendiz,mtv unplugged (alejandro sanz)
1972.0,8.0,don't let me be lonely tonight,one man dog
2006.0,12.0,rule the world with love,are me
1998.0,1.0,cruel summer,cruel summer
2008.0,,she's a woman,
1997.0,2.0,prisoner,transistor
2002.0,10.0,throw away your television,by the way
2000.0,4.0,la playa,el viaje de copperpot
2004.0,3.0,holiday,american idiot
2001.0,5.0,crab,weezer (2001)
2008.0,8.0,on almost any sunday morning,saturday nights &amp; sunday mornings
1996.0,3.0,ska robot army,the return of the aquabats!
1997.0,8.0,creepy crawling,tubthumper
2006.0,10.0,take it back,are me
1999.0,2.0,crazy,baby one more time
2000.0,1.0,ex-girlfriend,return of saturn
1996.0,9.0,syndicated inc.,bad hair day
1991.0,8.0,i cannot find my way (three kings),the forgotten carols
1993.0,1.0,there she goes,so i married an axe murderer soundtrack
1980.0,1.0,i'm alright,caddyshack soundtrack
1984.0,8.0,going down to liverpool,all over the place
1965.0,7.0,ticket to ride,help!
1990.0,16.0,women and men,flood
1996.0,1.0,amish paradise,bad hair day
1991.0,2.0,in bloom,nevermind
1987.0,9.0,angel,permanent vacation
1993.0,10.0,why must the good die - free at last,my servant joseph
1992.0,9.0,airline amy,off the deep end
2001.0,3.0,everybody needs someone sometime,this way
1994.0,5.0,empty,no need to argue
2005.0,11.0,stolen away on 55th &amp; 3rd,stand up
2000.0,6.0,i felll asleep on my arm!,myths legends and other amazing adventures vol. 2
1974.0,1.0,walking man,walking man
1998.0,5.0,god must have spent a little more time on you,n sync
2007.0,20.0,the president wore pearls medley,testify
1992.0,6.0,never get over you,expose
1996.0,2.0,red alert,star trek first contact soundtrack
1992.0,3.0,harry's game,patriot games soundtrack
1997.0,3.0,hole in my soul,nine lives
2008.0,,one rock 'n' roll too many,
1998.0,15.0,long way back home,stunt
2000.0,2.0,say it isn't so,crush
1996.0,13.0,the bells are ringing,factory showroom
,,organum haec dies,
1999.0,31.0,mr. plow,go simpsonic with the simpsons
2004.0,10.0,palm of your hand,pressure chief
1982.0,2.0,trash trampoline and the party girl,a celebration
1991.0,1.0,enter sandman,metallica
1996.0,3.0,cavity search,bad hair day
1995.0,1.0,space cowboy,the return of the space cowboy
2000.0,3.0,para no verte m&aacute;s,visperas de carnaval
2002.0,3.0,traveling soldier,home
2000.0,6.0,lo que yo m&aacute;s quiero,son by four
1995.0,13.0,angel standing by,pieces of you
1983.0,4.0,happy birthday,weird al yankovic
1992.0,2.0,forever in love,breathless
1992.0,5.0,rhythm is a dancer,the madman's return
1998.0,9.0,the dreaming tree,before these crowded streets
2007.0,6.0,what i've done,minutes to midnight
2003.0,11.0,feed me (git it),little shop of horrors soundtrack
2004.0,13.0,don't miss you at all,feels like home
1999.0,12.0,albuquerque,running with scissors
1997.0,28.0,send in the clowns,songs in the key of springfield
2000.0,8.0,bedlam ballroom,bedlam ballroom
2003.0,1.0,heaven,birds of pray
1994.0,3.0,i alone,throwing copper
1991.0,11.0,to be with you,lean into it
1991.0,3.0,the real thing,leap of faith
1983.0,6.0,talking in your sleep,in heat
2004.0,1.0,overture,phantom of the opera
1999.0,6.0,i love you,mirrorball
1977.0,2.0,take a chance on me,the album
1996.0,3.0,memphis exorcism,hot
1990.0,4.0,crazy 'bout ya baby,forever plaid soundtrack
1996.0,6.0,prince nez,hot
1994.0,5.0,welcome to paradise,dookie
1997.0,1.0,losing a whole year,third eye blind
2000.0,8.0,what it feels like for a girl,music
1989.0,1.0,here i am (come and take me),labour of love ii
2003.0,9.0,lafayette,trouble no more
1994.0,12.0,dirt bike,john henry
1984.0,2.0,girls just want to have fun,she's so unusual
1983.0,1.0,blister in the sun,violent femmes
2004.0,8.0,the world before later on,the spine
1998.0,7.0,maddest kind of love,big bad voodoo daddy
1976.0,12.0,steamroller (clean),greatest hits (james taylor)
2003.0,9.0,dreams be dreams,on and on
2006.0,7.0,give a little bit,let love in
1994.0,12.0,motherless child,cracked rear view
2000.0,9.0,i'll fly away,o brother where art thou? soundtrack
2002.0,4.0,feelin' the same way,come away with me
1967.0,1.0,sgt. pepper's lonely hearts club band,sgt. pepper's lonely hearts club band
1999.0,10.0,cash and cary,go simpsonic with the simpsons
1987.0,2.0,i still haven't found what i'm looking for,the joshua tree
1999.0,21.0,canyonero,go simpsonic with the simpsons
1968.0,4.0,ob-la-di ob-la-da,the beatles (the white album)
1988.0,7.0,orange crush,green
2001.0,8.0,imitation of life,reveal
1999.0,1.0,honey,play
2001.0,1.0,pop,celebrity
1997.0,30.0,in search of an out of body vibe,songs in the key of springfield
1969.0,6.0,fortunate son,willy and the poor boys
2006.0,3.0,home,daughtry
2007.0,31.0,springfield blows,testify
1996.0,1.0,summon the heroes (1996 olympic theme),summon the heroes
2000.0,3.0,elevation,all that you can't leave behind
1986.0,1.0,everybody have fun tonight,mosaic
2008.0,5.0,gasoline,detours
1998.0,4.0,joy will be my reward,especially for youth - joy in the journey (1998)
1978.0,3.0,roxanne,outlandos d'amour
1991.0,4.0,until the end of the world,achtung baby
,,etude op. 10 no. 3 (tristesse),
,5.0,she sees a diamond,the collection volume 1
2008.0,,waiting on the world to change,
2002.0,4.0,if i could give all my love (richard manuel is dead),hard candy
1996.0,7.0,gump,bad hair day
1968.0,5.0,born to be wild,steppenwolf
2006.0,2.0,enterlude,sam's town
1966.0,1.0,the sounds of silence,sounds of silence
2002.0,14.0,big yellow taxi,hard candy
1996.0,7.0,evacuate,star trek first contact soundtrack
1995.0,13.0,ain't no good,motorcade of generosity
1995.0,7.0,the rape of the world,new beginning
1997.0,17.0,good riddance (time of your life),nimrod
2000.0,1.0,a puro dolor,son by four
1992.0,2.0,jump,totally krossed out
2006.0,2.0,bank job,are me
1968.0,1.0,something in the way she moves,greatest hits (james taylor)
2004.0,3.0,1985,a hangover you don't deserve
2008.0,1.0,1492,saturday nights &amp; sunday mornings
1997.0,1.0,orinoco flow,paint the sky with stars:  the best of enya
