artist,album,title
forever plaid,forever plaid soundtrack,heart and soul
maroon 5,songs about jane,through with you
shawn colvin,a few small repairs,84000 different delusions
jimmy eat world,bleed american,the middle
cake,fashion nugget,frank sinatra
natalie merchant,motherland,put the law on you
color me badd,cmb,all 4 love
spin doctors,pocket full of kryptonite,two princes
man&aacute;,falta amor,estoy agotado
barenaked ladies,stunt,call and answer
cutting crew,broadcast,(i just) died in your arms
john mellencamp,trouble no more,baltimore oriole
the simpsons,songs in the key of springfield,end credits (afro-cuban version)
newsies,newsies soundtrack,seize the day
n sync,n sync,tearin' up my heart
glenn frey,miami vice soundtrack,you belong to the city
natalie merchant,motherland,the worst thing
shania twain,come on over,love gets me every time
man&aacute;,donde jugaran los ni&ntilde;os?,vivir sin aire
cranberries,no need to argue,zombie
alison krauss,o brother where art thou? soundtrack,i'll fly away
they might be giants,don't let's start,we're the replacements
weezer,maladroit,slob
weezer,weezer (2008),dreamin'
vivaldi,,autumn - 2nd movement
beatles,help!,help!
norah jones,come away with me,one flight down
cake,prolonging the magic,alpha beta parking lot
smashing pumpkins,mellon collie and the infinite sadness - dawn to dusk,to forgive
savage garden,savage garden,i want you
phil collins,no jacket required,one more night
they might be giants,they might be giants,put your hand inside the puppet head
garth brooks,no fences,friends in low places
creed,weathered,my sacrifice
syesha mercado,,got to get you into my life
rolling stones,tattoo you,start me up
extreme,extreme ii: pornograffiti,more than words
elton john,the big picture,something about the way you look tonight
live,throwing copper,waitress (clean)
moby,play,south side
u2,how to dismantle an atomic bomb,crumbs from your table
louis prima,,sing sing sing (with a swing)
jimmy eat world,the o.c. mix 3: have a very merry chrismukkah,last christmas
annie lennox,diva,walking on broken glass
kristy lee cook,,forever
david barrus,on stage 2: more broadway favorites,my funny valentine
boyz ii men,boomerang soundtrack,end of the road
red hot chili peppers,by the way,warm tape
they might be giants,the spine,museum of idiots
man&aacute;,mtv unplugged (man&aacute;),se me olvid&oacute; otra vez (vivo)
they might be giants,factory showroom,xtc vs. adam ant
eric carmen,the best of eric carmen,make me lose control
lisa loeb,firecracker,falling in love
they might be giants,mink car,wicked little critta
weird al yankovic,in 3-d,theme from rocky xiii
binomio de oro,,olv&iacute;dala
pet shop boys,please,west end girls
smashing pumpkins,mellon collie and the infinite sadness - twilight to starlight,lily (my one and only)
barenaked ladies,are me,wind it up
dashboard confessional,a mark a mission a brand a scar,as lovers go
aerosmith,get a grip,amazing
brian setzer orchestra,guitar slinger,the house is rockin'
modest mouse,good news for people who love bad news,ocean breathes salty
hootie and the blowfish,fairweather johnson,earth stopped cold at dawn
beach boys,summer days (and summer nights!!),salt lake city
shakira,laundry service,suerte
squirrel nut zippers,perennial favorites,low down man
athenaeum,radiance,what i didn't know
weird al yankovic,straight outta lynwood,virus alert
weird al yankovic,off the deep end,taco grande
michael kamen,mr. holland's opus soundtrack,an american symphony (mr. holland's opus)
ram jam,ram jam,black betty
collective soul,collective soul,where the river flows
brooke white,,you've got a friend
robbie williams,the ego has landed,angels
a-teens,the abba generation,mamma mia
five for fighting,america town,superman (it's not easy)
cake,fashion nugget,the distance
archies,greatest hits (archies),sugar sugar
counting crows,recovering the satellites,children in bloom
rod stewart,unplugged...and seated,reason to believe
barenaked ladies,maroon,tonight is the night i fell asleep at the wheel
alison krauss &amp; union station,new favorite,the lucky one
barenaked ladies,maroon,falling for the first time
green day,shenanigans,on the wagon
norah jones,come away with me,i've got to see you again
squirrel nut zippers,perennial favorites,soon
oasis,(what's the story) morning glory?,morning glory
when in rome,when in rome,the promise
les mis&eacute;rables,les mis&eacute;rables soundtrack,do you hear the people sing?
diablitos,,que no me faltes tu
david cook,,eleanor rigby
mr. mister,welcome to the real world,broken wings
pretenders,last of the independents,i'll stand by you
olga ta&ntilde;&oacute;n,yo por ti,como olvidar (merengue)
natalie merchant,tigerlily,where i go
killers,hot fuss,somebody told me
they might be giants,john henry,why must i be sad?
duran duran,rio,hungry like the wolf
aquabats,the floating eye of death,giant robot-birdhead
weezer,weezer (2008),everybody get dangerous
diablitos,,los caminos de la vida
they might be giants,severe tire damage,she's an angel
michael mclean,one heart in the right place,which part is mine?
shakira,fijaci&oacute;n oral vol. 1,no
john mayer,room for squares,why georgia
they might be giants,lincoln,they'll need a crane
live,throwing copper,shit towne
offspring,conspiracy of one,want you bad
weezer,weezer (1994),no one else
abba,abba,mamma mia
sheryl crow,the very best of sheryl crow,light in your eyes
shawn colvin,fat city,tennessee
they might be giants,apollo 18,turn around
blink 182,blink 182,i miss you
tracy chapman,new beginning,the rape of the world
barenaked ladies,rock spectacle,the old apartment
u2,achtung baby,one
michael mclean,a new kind of love song,if only you believe in yourself
weird al yankovic,even worse,stuck in a closet with vanna white
lipps inc,mouth to mouth,funkytown
hootie and the blowfish,hootie and the blowfish,little darlin'
cake,prolonging the magic,never there
goo goo dolls,gutterflower,up up up
they might be giants,factory showroom,how can i sing like a girl?
brooke white,,let it be
jewel,pieces of you,i'm sensitive
adam ant,friend or foe,goody two shoes
metallica,s&amp;m,fuel (s&amp;m)
les mis&eacute;rables,les mis&eacute;rables soundtrack,castle on a cloud
frankie valli,solo,can't take my eyes off you
the simpsons,testify,springfield blows
collective soul,hints allegations and things left unsaid,reach
mozart,,piano sonata in a - rondo alla turca
bobby mcferrin,paper music,menuet - string quintet in e major op.11-5 g. 275
fugees,the score,killing me softly
david archuleta,,we can work it out
ricardo montaner,sue&ntilde;o repetido,b&eacute;same
chumbawamba,tubthumper,tubthumping
madonna,erotica,rain
weird al yankovic,running with scissors,truck drivin' song
the b-52's,wild planet,private idaho
they might be giants,the spine,experimental film
billy joel,an innocent man,the longest time
they might be giants,mink car,bangs
amy grant,house of love,oh how the years go by
man&aacute;,mtv unplugged (man&aacute;),desapariciones
chumbawamba,tubthumper,the good ship lifestyle
jewel,joy: a holiday collection,gloria
live,the distance to here,the dolphin's cry
michael mclean,the collection volume 1,together forever
hootie and the blowfish,hootie and the blowfish,show me your heart
jack johnson,in between dreams,constellations
weird al yankovic,straight outta lynwood,weasel stomping day
aquabats,the fury of the aquabats,the story of nothing!
sheryl crow,wildflower,perfect lie
corrs,live in dublin,when the stars go blue
hootie and the blowfish,fairweather johnson,tucker's town
shakira,&iquest;d&oacute;nde est&aacute;n los ladrones?,ciega sordomuda
weezer,make believe,my best friend
simon and garfunkel,parsley sage rosemary and thyme,homeward bound
journey,escape,open arms
barenaked ladies,stunt,leave
cake,comfort eagle,comfort eagle
green day,american idiot,give me novacaine
weird al yankovic,poodle hat,wanna b ur lovr
inxs,kick,never tear us apart
john williams,jurassic park soundtrack,jurassic park theme
they might be giants,mink car,hopeless bleak despair
u2,all that you can't leave behind,in a little while
cure,boys don't cry,boys don't cry
weezer,pinkerton,el scorcho
u2,boy,i will follow
puddle of mudd,come clean,blurry
madonna,music,american pie
counting crows,saturday nights &amp; sunday mornings,sundays
julie de azevedo,treasure the truth - especially for youth 1997,shine on me
alanis morissette,jagged little pill,all i really want
counting crows,hard candy,goodnight l.a.
tony toni tone,the revival,feels good
aquabats,charge!!,look at me (i'm a winner)!
michael jackson,dangerous,remember the time
weezer,weezer (2001),glorious day
counting crows,saturday nights &amp; sunday mornings,hanging tree
weird al yankovic,in 3-d,the brady bunch
they might be giants,the spine,prevenge
jack johnson,in between dreams,sitting waiting wishing
alabama,southern star,song of the south
les mis&eacute;rables,les mis&eacute;rables soundtrack,night of anguish
nickelback,silver side up,how you remind me
the simpsons,go simpsonic with the simpsons,can i borrow a feeling?
beatles,a hard day's night,a hard day's night
sarah mclachlan,the brothers mcmullen soundtrack,i will remember you
natalie merchant,tigerlily,the letter
beach boys,shut down vol. 2,fun fun fun
deep blue something,home,done
michael hicks,,as sisters in zion &amp; we'll bring the world his truth
heart,heart,these dreams
smashing pumpkins,mellon collie and the infinite sadness - dawn to dusk,here is no why
peter schilling,error in the system,major tom (coming home)
enigma,the cross of changes,return to innocence
cranberries,no need to argue,dreaming my dreams
norah jones,feels like home,creepin' in
beach boys,the beach boys' christmas album,man with all the toys
the simpsons,testify,who wants an haircut? (feat. baha man)
they might be giants,mink car,mink car
jack johnson,on and on,the horizon has been defeated
the simpsons,go simpsonic with the simpsons,cut every corner
shakira,pies descalzos,antolog&iacute;a
cure,disintegration,lovesong
the simpsons,testify,the very reason that i live
take that,nobody else,back for good
tony bennett,my best friend's wedding soundtrack,the way you look tonight
jekyll &amp; hyde,jekyll &amp; hyde soundtrack,someone like you
bobby helms,jingle bell rock,jingle bell rock
finger eleven,finger eleven,one thing
aerosmith,nine lives,hole in my soul
alannah myles,alannah myles,black velvet
deep blue something,home,wouldn't change a thing
kurt bestor,book of mormon soundtrack,my soul hungered
dave matthews band,under the table &amp; dreaming,ants marching
norah jones,feels like home,above ground
general public,threesome soundtrack,i'll take you there
phil collins,hello i must be going!,you can't hurry love
omc,how bizarre,how bizarre
all-4-one,and the music speaks,i can love you like that
smashing pumpkins,mellon collie and the infinite sadness - twilight to starlight,stumbleine
metallica,death magnetic,the day that never comes
david cook,,the music of the night
aquabats,myths legends and other amazing adventures vol. 2,i felll asleep on my arm!
cake,fashion nugget,stickshifts and safetybelts
modest mouse,good news for people who love bad news,horn intro
no doubt,tragic kingdom,just a girl
david barrus,beautiful savior,come thou fount of every blessing
weird al yankovic,off the deep end,trigger happy
suede,so i married an axe murderer soundtrack,my insatiable one
goo goo dolls,gutterflower,you never know
collective soul,collective soul,when the water falls
they might be giants,why does the sun shine?,why does the sun shine? (the sun is a mass of incandescent gas)
christina aguilera,mi reflejo,ven conmigo (solamente t&uacute;)
ohio express,,yummy yummy yummy
man&aacute;,en vivo,c&oacute;mo te deseo (vivo)
stone temple pilots,purple,interstate love song
nirvana,nevermind,on a plain
enya,paint the sky with stars:  the best of enya,boadicea
they might be giants,mink car,finished with lies
live,throwing copper,i alone
jackson 5,diana ross presents the jackson 5,i want you back
weird al yankovic,uhf soundtrack,she drives like crazy
the simpsons,testify,the president wore pearls medley
aquabats,the fury of the aquabats,red sweater!
smash mouth,astro lounge,can't get enough of you baby
they might be giants,john henry,no one knows my plan
barenaked ladies,are me,sound of your voice
aquabats,the fury of the aquabats,super rad!
andrew lloyd webber,phantom of the opera,all i ask of you (reprise)
john mellencamp,trouble no more,death letter
red hot chili peppers,by the way,this is the place
andy williams,the andy williams christmas album,the first noel
they might be giants,they might be giants,she's an angel
they might be giants,john henry,stomp box
selena,dreaming of you,i could fall in love
jackson 5,third album,i'll be there
ben folds,rockin' the suburbs,losing lisa
the simpsons,testify,jellyfish
man&aacute;,en vivo,vivir sin aire (vivo)
michael mclean,celebrating the light,give a little bit of yourself
les mis&eacute;rables,les mis&eacute;rables soundtrack,the runaway cart
they might be giants,lincoln,ana ng
modest mouse,good news for people who love bad news,blame it on the tetons
bon jovi,cross road,always
collective soul,hints allegations and things left unsaid,sister don't cry
madonna,a very special christmas,santa baby
lisa loeb,firecracker,firecracker
weird al yankovic,weird al yankovic,ricky
lisa loeb,firecracker,furious rose
itayp&uacute;,folklore latinamericano vol. ii,la adelita
stereo mc's,connected,connected
weird al yankovic,poodle hat,angry white boy polka
natasha bedingfield,pocketful of sunshine,pocketful of sunshine
red hot chili peppers,blood sugar sex magik,under the bridge
counting crows,august and everything after,time and time again
factoria,,todav&iacute;a
hootie and the blowfish,musical chairs,i will wait
madonna,madonna,lucky star
hootie and the blowfish,looking for lucky,a smile
three dog night,seven separate fools,black and white
moby,play,machete
weezer,weezer (1994),surf wax america
smashing pumpkins,mellon collie and the infinite sadness - dawn to dusk,tonight tonight
la mosca ts&eacute; ts&eacute;,visperas de carnaval,para no verte m&aacute;s
killers,sam's town,bling (confessions of a king)
madonna,true blue,la isla bonita
strauss,,also sprach zarathrustra
hootie and the blowfish,friends soundtrack,i go blind
byu men's chorus,shout with glory,lead kindly light
queen,hot space,under pressure
modest mouse,good news for people who love bad news,bukowski
u2,pop,please
sheryl crow,globe sessions,it don't hurt
jos&eacute; luis carrascal,,como duele el frio
coldplay,parachutes,we never change
they might be giants,lincoln,cage &amp; aquarium
huey lewis and the news,picture this,do you believe in love
pat benatar,live from earth,love is a battlefield
christina aguilera,christina aguilera - genie in a bottle,genie in a bottle
alejandro sanz,el alma al aire,el alma al aire
counting crows,saturday nights &amp; sunday mornings,insignificant
live,throwing copper,all over you
natalie imbruglia,left of the middle,wishing i was there
elton john,too low for zero,i guess that's why they call it the blues
u2,the unforgettable fire,pride (in the name of love)
the simpsons,songs in the key of springfield,tv sucks!
rob zombie,hellbilly deluxe,dragula
guns n' roses,appetite for destruction,sweet child o' mine
garth brooks,sevens,two pina coladas
doobie brothers,toulouse street,listen to the music
smash mouth,fush yu mang,why can't we be friends
natalie merchant,tigerlily,beloved wife
sergio mendes,herb alpert presents sergio mendes &amp; brasil '66,m&aacute;s que nada
n sync,no strings attached,it's gonna be me
no doubt,return of saturn,ex-girlfriend
the simpsons,go simpsonic with the simpsons,all singing all dancing (medley)
killers,hot fuss,on top
squirrel nut zippers,perennial favorites,my drag
ben folds,rockin' the suburbs,still fighting it
dixie chicks,fly,ready to run
sister hazel,somewhere more familiar,all for you
brian setzer orchestra,guitar slinger,hoodoo voodoo doll
baltimora,living in the background,tarzan boy
simple plan,freaky friday soundtrack,happy together
beatles,a hard day's night,can't buy me love
santana,supernatural,smooth
weezer,weezer (2001),crab
hootie and the blowfish,fairweather johnson,let it breathe
sarah mclachlan,mirrorball,hold on
george michael,faith,faith
jack johnson,brushfire fairytales,middle man
jerry goldsmith,star trek first contact soundtrack,welcome aboard
ben folds five,whatever and ever amen,brick
u2,all that you can't leave behind,stuck in a moment you can't get out of
aquabats,the fury of the aquabats,powdered milk man!
aquabats,myths legends and other amazing adventures vol. 2,the baker!
alanis morissette,under rug swept,hands clean
beastie boys,hello nasty,body movin'
sarah mclachlan,mirrorball,possession
michael jackson,got to be there,rockin' robin
limp bizkit,chocolate starfish and the hot dog flavored water,rollin' (clean)
aquabats,charge!!,nerd alert!
journey,frontiers,faithfully
prince,the gold experience,the most beautiful girl in the world
billy joel,river of dreams,the river of dreams
norah jones,come away with me,lonestar
the simpsons,testify,ode to branson
james taylor,greatest hits (james taylor),carolina in my mind
collective soul,afterwords,hollywood
james horner,patriot games soundtrack,highland's execution
les mis&eacute;rables,les mis&eacute;rables soundtrack,empty chairs at empty tables
big bad voodoo daddy,big bad voodoo daddy,maddest kind of love
u2,boy,twilight
jack johnson,brushfire fairytales,flake
dan hartman,streets of fire soundtrack,i can dream about you
chumbawamba,tubthumper,amnesia
red hot chili peppers,by the way,venice queen
lisa loeb,firecracker,truthfully
jack johnson,in between dreams,no other way
enya,a day without rain,flora's secret
tracy chapman,let it rain,goodbye
little shop of horrors,little shop of horrors soundtrack,suddenly seymour
everclear,songs from an american movie vol. 1: learning how to smile,wonderful
ray charles,what'd i say,what'd i say
amy grant,home for christmas,have yourself a merry little christmas
steve miller band,fly like an eagle,fly like an eagle
beatles,the beatles (the white album),ob-la-di ob-la-da
weezer,make believe,the other way
elvis crespo,wow flash,wow flash
ben folds,rockin' the suburbs,zak and sara
space ghost,space ghost's musical bar-b-que,i love you baby
michelle branch,the spirit room,everywhere
counting crows,august and everything after,omaha
pachelbel,,canon in d
huey lewis and the news,sports,the heart of rock &amp; roll
bangles,all over the place,hero takes a fall
meat loaf,bat out of hell ii: back into hell,i would do anything for love
chopin,,polonaise no. 6 op.53 (heroic)
jewel,pieces of you,amen
linkin park,minutes to midnight,what i've done
green day,shenanigans,ha ha your dead
they might be giants,apollo 18,the statue got me high
itayp&uacute;,folklore latinamericano vol. i,sin ti
gershwin,,an american in paris
indigo girls,retrospective,devotion
james horner,patriot games soundtrack,attempt on the royals
dave matthews band,before these crowded streets,don't drink the water
natalie merchant,motherland,the ballad of henry darger
they might be giants,they might be giants,number three
they might be giants,they might be giants,(she was a) hotel detective
carly smithson,,the show must go on
smashing pumpkins,mellon collie and the infinite sadness - dawn to dusk,galapagos
barenaked ladies,are me,home
doors,waiting for the sun,hello i love you
tracy chapman,new beginning,at this point in my life
goo goo dolls,gutterflower,here is gone
james horner,patriot games soundtrack,electronic battlefield
dvorak,,humoresque no. 7
will smith,big willie style,gettin' jiggy wit it
beastie boys,ill communication,sabotage
u2,the unforgettable fire,love comes tumbling
red hot chili peppers,by the way,minor thing
weird al yankovic,bad hair day,syndicated inc.
andrew lloyd webber,phantom of the opera,angel of music
the simpsons,songs in the key of springfield,happy birthday lisa
mozart,,romance
andrew lloyd webber,phantom of the opera,think of me
billy joel,turnstiles,new york state of mind
les mis&eacute;rables,les mis&eacute;rables soundtrack,the attack on rue plumet
beach boys,surfer girl,catch a wave
aquabats,the floating eye of death,the thing on the bass amp
simon and garfunkel,bridge over troubled water,bridge over troubled water
moby,play,the sky is broken
motet o mitissima,,virgo - haec dies
billy joel,the nylon curtain,goodnight saigon
jewel,this way,till we run out of road
weird al yankovic,straight outta lynwood,don't download this song
smash mouth,shrek soundtrack,i'm a believer
hootie and the blowfish,cracked rear view,look away
indigo girls,indigo girls,kid fears
creed,human clay,with arms wide open
the simpsons,testify,glove slap (feat. the b-52s)
clash,combat rock,rock the casbah
shawn colvin,fat city,polaroids
red hot chili peppers,by the way,don't forget me
ace of base,the sign,don't turn around
simple minds,the breakfast club soundtrack,don't you (forget about me)
seven mary three,american standard,cumbersome
they might be giants,lincoln,piece of dirt
saigon kick,the lizard,love is on the way
chumbawamba,tubthumper,smalltown
creed,weathered,one last breath
dvorak,,new world symphony 1st movement
stray cats,stray cats,rock this town
soup dragons,hotwired,divine thing
weird al yankovic,dare to be stupid,like a surgeon
enya,a day without rain,lazy days
sarah mclachlan,mirrorball,good enough
charlie daniels band,urban cowboy soundtrack,the devil went down to georgia
jimmy durante,jimmy durante's way of life,make someone happy
bon jovi,keep the faith,in these arms
smashing pumpkins,mellon collie and the infinite sadness - twilight to starlight,x.y.u.
counting crows,saturday nights &amp; sunday mornings,on almost any sunday morning
michael bolton,greatest hits (1985-1995),can i touch you...there
paulina rubio,paulina,el &uacute;ltimo adios
jason castro,,i don't wanna cry
phil collins,but seriously,another day in paradise
they might be giants,no!,i am a grocery bag
weezer,pinkerton,pink triangle
james horner,patriot games soundtrack,closing credits
itayp&uacute;,folklore latinamericano vol. ii,tiempo al tiempo
tonic,lemon parade,if you could only see
avril lavigne,under my skin,don't tell me
they might be giants,flood,letterbox
les mis&eacute;rables,les mis&eacute;rables soundtrack,drink with me
weezer,make believe,pardon me
nirvana,nevermind,smells like teen spirit
prince,purple rain,i would die 4 u
michael mclean,the forgotten carols,arise &amp; shine forth
counting crows,recovering the satellites,i'm not sleeping
maroon 5,songs about jane,harder to breathe
moby,play,run on
reel big fish,turn the radio off,everything sucks (clean)
pm dawn,the bliss album...?,looking through patient eyes
hootie and the blowfish,musical chairs,wishing
the simpsons,songs in the key of springfield,homer &amp; apu (who needs the kwik-e-mart)
coldplay,parachutes,everything's not lost
cranberries,no need to argue,twenty-one
aquabats,the floating eye of death,monsters wedding
sheryl crow,c'mon c'mon,steve mcqueen
john mellencamp,trouble no more,lafayette
les mis&eacute;rables,les mis&eacute;rables soundtrack,turning
collective soul,hints allegations and things left unsaid,wasting time
they might be giants,they might be giants,toddler hiway
aquabats,charge!!,demolition rickshaw!
the simpsons,go simpsonic with the simpsons,a boozehound named barney
big bad voodoo daddy,big bad voodoo daddy,mambo swing
they might be giants,flood,lucky ball and chain
weird al yankovic,alapalooza,she never told me she was a mime
david archuleta,,sweet caroline
dashboard confessional,a mark a mission a brand a scar,morning calls
311,50 first dates soundtrack,love song
modest mouse,good news for people who love bad news,bury me with it
big bad voodoo daddy,big bad voodoo daddy,so long farewell goodbye
diomedes diaz,,ilusiones
cake,fashion nugget,perhaps perhaps perhaps
killers,sam's town,exitlude
david cook,analog heart,the truth
they might be giants,they might be giants,everything right is wrong again
weird al yankovic,running with scissors,jerry springer
celine dion,the colour of my love,when i fall in love
aquabats,the floating eye of death,tiny pants
they might be giants,no!,fibber island
they might be giants,the spine,wearing a raincoat
harry connick jr.,when harry met sally soundtrack,it had to be you
jon secada,jon secada,&aacute;ngel
norah jones,come away with me,turn me on
itayp&uacute;,folklore latinamericano vol. i,es para ti
beach boys,cocktail soundtrack,kokomo
smashing pumpkins,mellon collie and the infinite sadness - twilight to starlight,farewell and goodnight
jamiroquai,travelling without moving,virtual insanity
they might be giants,lincoln,pencil rain
they might be giants,factory showroom,s-e-x-x-y
they might be giants,factory showroom,the bells are ringing
steve miller band,the joker,the joker
mormon tabernacle choir,consider the lilies,consider the lilies
journey,trial by fire,when you love a woman
deep blue something,home,the kandinsky prince
mandy moore,a walk to remember soundtrack,only hope
jack johnson,on and on,cookie jar
enya,paint the sky with stars:  the best of enya,storms in africa
cake,prolonging the magic,let me go
sheryl crow,globe sessions,am i getting through (part i &amp; ii)
jewel,joy: a holiday collection,i wonder as i wander
barenaked ladies,maroon,the humour of the situation
harold faltermeyer,beverly hills cop soundtrack,axel f.
wilson phillips,wilson phillips,release me
no mercy,no mercy,where do you go
eagles,christmas of hope,please come home for christmas
beck,mellow gold,loser
forever plaid,forever plaid soundtrack,lady of spain
brian setzer orchestra,dirty boogie,jump jive and wail
aerosmith,get a grip,cryin'
bowling for soup,a hangover you don't deserve,1985
wallflowers,bringing down the horse,i wish i felt nothing
mulan,mulan soundtrack,honor to us all
sheryl crow,wildflower,good is good
cake,fashion nugget,italian leather sofa
les mis&eacute;rables,les mis&eacute;rables soundtrack,encore 2 - one day more
queen,innuendo,the show must go on
diomedes diaz,,por un beso de amor
aerosmith,just push play,jaded
reel big fish,turn the radio off,i'll never be
green day,shenanigans,do da da
norah jones,feels like home,be here to love me
linkin park,hybrid theory,in the end
mormon tabernacle choir,consider the lilies,my shepherd will supply my need
blessid union of souls,blessid union of souls,i wanna be there
sheryl crow,globe sessions,the difficult kind
counting crows,hard candy,hard candy
they might be giants,no!,the house at the top of the tree
aquabats,charge!!,meltdown!
big mountain,reality bites soundtrack,baby i love your way
collective soul,hints allegations and things left unsaid,heaven's already here
g. love and special sauce,g. love and special sauce,cold beverage
squirrel nut zippers,perennial favorites,evening at lafitte's
michael mclean,the forgotten carols,let him in (the innkeeper)
faith hill,breathe,breathe
sister sledge,we are family,we are family
billy joel,the stranger,she's always a woman
blink 182,take off your pants and jacket,the rock show (clean)
cathy dennis,move to this,too many walls
rem,document,it's the end of the world as we know it
hootie and the blowfish,looking for lucky,can i see you
paulina rubio,paulina,y yo sigo aqu&iacute;
harry nilsson,aerial ballet,everybody's talkin'
dada,puzzle,dizz knee land
collective soul,collective soul,december
weezer,weezer (2008),pork &amp; beans
john lennon,instant karma (we all shine on),instant karma (we all shine on)
collective soul,collective soul,bleed
harry simeone chorale,,the little drummer boy
u2,war,seconds
michael mclean,the forgotten carols,the dance
they might be giants,apollo 18,if i wasn't shy
no doubt,rock steady,hella good
weird al yankovic,straight outta lynwood,i'll sue ya'
mariah carey,#1's,sweetheart
billy joel,the bridge,a matter of trust
all-4-one,all-4-one,so much in love
queen,the game,crazy little thing called love
billy joel,streetlife serenade,the entertainer
goo goo dolls,let love in,stay with you
rem,automatic for the people,nightswimming
les mis&eacute;rables,les mis&eacute;rables soundtrack,dog eats dog
byu men's chorus,shout with glory,dry bones
u2,the unforgettable fire,indian summer sky
byrds,turn! turn! turn!,turn! turn! turn! (to everything there is a season)
squirrel nut zippers,hot,memphis exorcism
aquabats,myths legends and other amazing adventures vol. 2,dear spike!
sarah mclachlan,mirrorball,do what you have to do
alanis morissette,jagged little pill,hand in my pocket
garth brooks (as chris gaines),the life of chris gaines,lost in you
deniece williams,let's hear it for the boy,let's hear it for the boy
u2,best of 1980-1990,unchained melody
arrested development,3 years 5 months &amp; 2 days in the life of--,mr. wendal
chumbawamba,tubthumper,creepy crawling
chumbawamba,tubthumper,the big issue
ella fitzgerald,ella and her fellas,it's only a paper moon
seether and amy lee,the punisher soundtrack,broken
weezer,weezer (1994),my name is jonas
bing crosby,,it's beginning to look a lot like christmas
3 doors down,away from the sun,the road i'm on
indigo girls,swamp ophelia,reunion
counting crows,saturday nights &amp; sunday mornings,come around
arlen l. card,book of mormon soundtrack,emily
foo fighters,the colour and the shape,my hero
cake,comfort eagle,opera singer
enya,a day without rain,fallen embers
mariah carey,music box,hero
inquietos,,perd&oacute;name la vida
michael mclean,the forgotten carols,i cry the day i take the tree down
chumbawamba,tubthumper,scapegoat
britney spears,oops! i did it again,don't let me be the last to know
police,zenyatta mondatta,de do do do de da da da
dave matthews band,before these crowded streets,stay (wasting time)
jason castro,,memory
john williams,close encounters of the third kind soundtrack,theme from close encounters of the third kind
tracy chapman,new beginning,give me one reason
barenaked ladies,maroon,off the hook
billy joel,cold spring harbor,she's got a way
huey lewis and the news,picture this,workin' for a livin'
celine dion,beauty and the beast soundtrack,beauty and the beast
phil collins,hits,easy lover
gorillaz,demon days,feel good inc
green day,american idiot,jesus of suburbia (clean)
the simpsons,songs in the key of springfield,cool
barenaked ladies,stunt,who needs sleep
the simpsons,songs in the key of springfield,treehouse of horror v
beethoven,,moonlight 3rd movement
u2,achtung baby,mysterious ways
beach boys,beach boys' party,barbara ann
starship,knee deep in the hoopla,we built this city
john williams,the empire strikes back soundtrack,star wars - imperial march
they might be giants,mink car,man it's so loud in here
squirrel nut zippers,perennial favorites,fat cat keeps getting fatter
weezer,weezer (2008),the angel and the one
shawn colvin,a few small repairs,if i were brave
all-american rejects,all-american rejects,swing swing
drifters,,white christmas
live,throwing copper,lightning crashes
sheryl crow,detours,gasoline
macy gray,on how life is,i try
debussy,,la fille aux cheveux de lin
weird al yankovic,uhf soundtrack,money for nothing
ub40,labour of love,red red wine
club nouveau,life love &amp; pain,lean on me
311,311,all mixed up
jewel,goodbye alice in wonderland,words get in the way
michael mclean,one heart in the right place,from god's arms to my arms to yours
eminem,the marshall mathers lp,without me (clean)
3 doors down,away from the sun,this time
incubus,make yourself,drive
they might be giants,apollo 18,hypnotist of ladies
they might be giants,no!,no!
matthew wilder,i don't speak the language,break my stride
david barrus,beautiful savior,lead kindly light
metallica,metallica,through the never
kristy lee cook,,anyway
madonna,like a prayer,like a prayer
selena,amor prohibido,amor prohibido
alanis morissette,jagged little pill,head over feet
train,my private nation,calling all angels
natalie merchant,motherland,the house is on fire
hootie and the blowfish,looking for lucky,leaving
merril jenson,new testament soundtrack,the whole armor of god
led zepplin,led zeppelin iv,stairway to heaven
caramelos de cianuro,miss mujerzuela,asunto sexual
natalie merchant,tigerlily,cowboy romance
squirrel nut zippers,hot,got my own thing now
bach,,toccata and fugue in d minor
collective soul,blender,over tokyo
weezer,weezer (1994),say it ain't so
kansas,point of know return,dust in the wind
jerry goldsmith,star trek first contact soundtrack,main title - locutus
train,train,free
the simpsons,go simpsonic with the simpsons,like father like clown (medley)
sheryl crow,globe sessions,sweet child o' mine
weezer,weezer (1996),sweet adeline (my evaline)
michael andrews,donnie darko soundtrack,mad world
weezer,weezer (2001),smile
corrs,in blue,breathless
third eye blind,third eye blind,good for you
bobby mcferrin,simple pleasures,don't worry be happy
moby,play,inside
they might be giants,no!,where do they make balloons?
the simpsons,testify,baby stink breath
aquabats,myths legends and other amazing adventures vol. 2,adventure today!
offspring,smash,self esteem
tlc,fanmail,no scrubs
evanescence,the open door,call me when you're sober
killers,sam's town,this river is wild
aquabats,the return of the aquabats!,cd repo man
sheryl crow,detours,now that you're gone
corrs,talk on corners,what can i do
byu men's chorus,shout with glory,cindy
simon and garfunkel,sounds of silence,i am a rock
good charlotte,the young and the hopeless,hold on
metallica,metallica,don't tread on me
john mcvey,especially for youth - joy in the journey (1998),love will find you there
chumbawamba,tubthumper,drip drip drip
felicia sorensen,especially for youth - joy in the journey (1998),joy will be my reward
collective soul,hints allegations and things left unsaid,shine
coldplay,parachutes,trouble
they might be giants,lincoln,you'll miss me
juanes,fijate bien,nada
weird al yankovic,alapalooza,waffle king
eminem,the marshall mathers lp,the way i am (clean)
michael jackson,thriller,thriller
julie de azevedo,especially for youth - joy in the journey (1998),take me there
indigo girls,swamp ophelia,power of two
james horner,patriot games soundtrack,putting the pieces together
b-52s,cosmic thing,love shack
will smith,big willie style,miami
weird al yankovic,poodle hat,trash day
the simpsons,go simpsonic with the simpsons,rappin' ronnie reagan
they might be giants,lincoln,purple toupee
jack johnson,on and on,fall line
michael jackson,thriller,beat it
michael jackson,history: past present and future book i,earth song
marcia griffiths,carousel,electric boogie
dashboard confessional,a mark a mission a brand a scar,rapid hope loss
dashboard confessional,a mark a mission a brand a scar,carry this picture
weird al yankovic,straight outta lynwood,white &amp; nerdy
dashboard confessional,a mark a mission a brand a scar,so beautiful
sarah mclachlan,mirrorball,adia
glenn miller,,in the mood
elemeno-p,no more lonely people,a quest for souls of men
lifehouse,no name face,hanging by a moment
michael buble,it's time,home
eurythmics,sweet dreams (are made of this),sweet dreams (are made of this)
they might be giants,apollo 18,spider
they might be giants,the spine,spine
they might be giants,the spine,memo to human resources
aquabats,yo check out this ride!,yo check out this ride!
tchaikovsky,,dance of the sugar plum fairy
aquabats,yo check out this ride!,zero hour!
stone temple pilots,core,plush
cake,pressure chief,tougher than it is
weezer,pinkerton,butterfly
tracy chapman,tracy chapman,fast car
squirrel nut zippers,bedlam ballroom,bent out of shape
northern voices,faithful,when your heart says go
weird al yankovic,running with scissors,your horoscope for today
metallica,metallica,of wolf and man
jason castro,,over the rainbow
phil collins,face value,in the air tonight
wilson phillips,wilson phillips,dream is still alive
metallica,death magnetic,the judas kiss
les mis&eacute;rables,les mis&eacute;rables soundtrack,rue plumet - in my life
tears for fears,songs from the big chair,everybody wants to rule the world
the simpsons,go simpsonic with the simpsons,happy just the way we are
talking heads,little creatures,and she was
moby,play,honey
u2,pop,if god will send his angels
shakira,laundry service,whenever wherever
beatles,sgt. pepper's lonely hearts club band,with a little help from my friends
dave matthews band,everyday,the space between
reel big fish,turn the radio off,trendy
dave matthews band,stand up,you might die trying
big bad voodoo daddy,big bad voodoo daddy,you and me and the bottle makes 3 tonight (baby)
blackout allstars,i like it like that soundtrack,i like it (like that)
squirrel nut zippers,perennial favorites,that fascinating thing
tchaikovsky,,nutcracker suite
the simpsons,songs in the key of springfield,end credits (addams family homage)
les mis&eacute;rables,les mis&eacute;rables soundtrack,every day - a heart full of love - reprise
ben folds,rockin' the suburbs,fred jones part 2
hootie and the blowfish,musical chairs,what do you want from me now
sheryl crow,detours,motivation
james taylor,sweet baby james,country road
weird al yankovic,alapalooza,young dumb &amp; ugly
byu men's chorus,shout with glory,if i got my ticket can i ride
hootie and the blowfish,fairweather johnson,fairweather johnson
amy grant,heart in motion,galileo
dionne farris,wild seed - wild flower,i know
deep blue something,home,red light
aerosmith,get a grip,eat the rich
weird al yankovic,bad hair day,i remember larry
10000 maniacs,mtv unplugged (10000 maniacs),these are days
no doubt,tragic kingdom,spiderwebs
red hot chili peppers,by the way,i could die for you
huey lewis and the news,sports,if this is it
dave matthews band,stand up,stolen away on 55th &amp; 3rd
aquabats,the floating eye of death,the ballad of mr. bonkers
barenaked ladies,are me,easy
the simpsons,go simpsonic with the simpsons,we love to smoke
aquabats,the floating eye of death,chemical bomb
weird al yankovic,bad hair day,the night santa went crazy
aquabats,the fury of the aquabats,fight song!
david cook,analog heart,fall back into me
andrew lloyd webber,phantom of the opera,overture
erasure,the innocents,chains of love
they might be giants,severe tire damage,till my head falls off
bush,razorblade suitcase,swallowed
les mis&eacute;rables,les mis&eacute;rables soundtrack,javert's suicide
goo goo dolls,gutterflower,what do you need
frank sinatra,,the girl from ipanema
john lennon,imagine,imagine
red hot chili peppers,californication,road trippin'
inxs,listen like thieves,what you need
snap,the madman's return,rhythm is a dancer
mamas and the papas,if you can believe your eyes and ears,california dreamin'
big bad voodoo daddy,big bad voodoo daddy,king of swing
regina spektor,begin to hope,fidelity
the simpsons,testify,stretch dude and clobber girl
beach boys,surfer girl,surfer girl
sheryl crow,detours,god bless this mess
huey lewis and the news,people get ready: a tribute to curtis mayfield,it's alright
nena,99 luftballons,99 red balloons
backstreet boys,backstreet boys,quit playing games (with my heart)
beethoven,,pathetique
aquabats,charge!!,awesome forces!
aquabats,the return of the aquabats!,martian girl
northern voices,faithful,lost in the work
lenny kravitz,5,american woman
shawn colvin,a few small repairs,suicide alley
alanis morissette,so-called chaos,eight easy steps
modest mouse,we were dead before the ship even sank,dashboard
goo goo dolls,dizzy up the girl,slide
james taylor,mud slide slim and the blue horizon,you've got a friend
beatles,meet the beatles,i want to hold your hand
ben folds five,whatever and ever amen,selfless cold and composed
martina mcbride,emotion,i love you
counting crows,saturday nights &amp; sunday mornings,on a tuesday in amsterdam long ago
barenaked ladies,maybe you should drive,jane
sophie b. hawkins,tongues and tails,damn i wish i was your lover
howard jones,dream into action,no one is to blame
no doubt,rock steady,hey baby
abba,super trouper,super trouper
good charlotte,the young and the hopeless,a new beginning
marc cohn,marc cohn,walking in memphis
lisa loeb,firecracker,wishing heart
dire straits,brothers in arms,money for nothing
weird al yankovic,running with scissors,grapefruit diet
erasure,the innocents,a little respect
the simpsons,songs in the key of springfield,end credits (big band vegas version)
nirvana,nevermind,lithium
vivaldi,,winter - 2nd movement
they might be giants,mink car,drink!
dashboard confessional,dusk and summer,stolen
cake,pressure chief,no phone
cranberries,everybody else is doing it so why can't we?,dreams
moby,play,natural blues
live,throwing copper,t.b.d.
red hot chili peppers,californication,other side
james taylor,greatest hits (james taylor),steamroller (clean)
natalie merchant,motherland,motherland
divinyls,divinyls,i touch myself
weezer,maladroit,death and destruction
harry connick jr.,sleepless in seattle soundtrack,a wink and a smile
green day,shenanigans,i want to be on t.v.
they might be giants,severe tire damage,severe tire damage theme
tchaikovsky,,waltz of the flowers
cake,fashion nugget,friend is a four letter word
rem,out of time,losing my religion
carl orff,,carmina burana - o fortuna
van halen,1984,jump
itayp&uacute;,folklore latinamericano vol. i,el condor pasa
norm wooster singers,that thing you do soundtrack,lovin' you lots and lots
the simpsons,songs in the key of springfield,flaming moe's
cake,motorcade of generosity,mr. mastodon farm
little texas,big time,what might have been
goo goo dolls,let love in,strange love
barenaked ladies,stunt,never is enough
rolling stones,out of our heads,(i can't get no) satisfaction
ben folds five,whatever and ever amen,song for the dumped
run dmc,raising hell,walk this way (clean)
they might be giants,no!,the edison museum
madonna,something to remember,this used to be my playground
eric clapton,slowhand,wonderful tonight
weird al yankovic,alapalooza,frank's 2000in tv
smashing pumpkins,mellon collie and the infinite sadness - dawn to dusk,jellybelly
new found glory,from the screen to your stereo,glory of love
modest mouse,good news for people who love bad news,dance hall
poison,open up and say...ahh!,every rose has its thorn
jewel,joy: a holiday collection,hands (christmas)
barenaked ladies,born on a pirate ship,shoe box
counting crows,recovering the satellites,mercury
big bad voodoo daddy,big bad voodoo daddy,jumpin' jack
amy grant,house of love,whatever it takes
carpenters,close to you,(they long to be) close to you
beach boys,the beach boys' christmas album,little saint nick
a-teens,the abba generation,dancing queen
everything but the girl,amplified heart,missing
matchbox 20,more than you think you are,unwell
michael bolton,time love &amp; tenderness,when a man loves a woman
beatles,introducing... the beatles,twist and shout
jack johnson,on and on,times like these
the simpsons,testify,everybody hates ned flanders medley (feat. david byrne)
itayp&uacute;,folklore latinamericano vol. i,l&aacute;grimas negras
itayp&uacute;,folklore latinamericano vol. ii,ni&ntilde;a camba
live,throwing copper,top
sugar ray,floored,fly
oasis,(what's the story) morning glory?,wonderwall
abba,arrival,money money money
michael mclean,one heart in the right place,you must believe there are miracles
chicago,chicago 17,you're the inspiration
weezer,weezer (2001),photograph
smashing pumpkins,mellon collie and the infinite sadness - twilight to starlight,thirty-three
weird al yankovic,bad hair day,callin' in sick
elton john,goodbye yellow brick road,benny and the jets
weezer,make believe,freak me out
jack johnson,brushfire fairytales,sexy plexi
squirrel nut zippers,hot,blue angel
beatles,anthology 1,free as a bird
maroon 5,songs about jane,she will be loved
red hot chili peppers,by the way,dosed
collin raye,i think about you,one boy one girl
metallica,death magnetic,broken beat and scarred
squirrel nut zippers,hot,prince nez
u2,how to dismantle an atomic bomb,miracle drug
dave matthews band,busted stuff,grey street
michael mclean,you're not alone,you're not alone
shakira,mtv unplugged (shakira),t&uacute;
sheryl crow,detours,make it go away (radiation song)
the simpsons,songs in the key of springfield,homer's barbershop quartet
the simpsons,songs in the key of springfield,dancin' homer
wallflowers,bringing down the horse,the difference
right said fred,up,i'm too sexy
they might be giants,lincoln,the world's address
janet jackson,janet.,again
pearl jam,ten,jeremy (clean)
wheatus,wheatus,teenage dirtbag
sarah mclachlan,surfacing,i love you
r. kelly,space jam soundtrack,i believe i can fly
vince guaraldi,a charlie brown christmas,linus and lucy
the simpsons,songs in the key of springfield,itchy &amp; scratchy main title theme
les mis&eacute;rables,les mis&eacute;rables soundtrack,on parole - the bishop
aquabats,the return of the aquabats!,playdough
metallica,death magnetic,all nightmare long
mike myers,so i married an axe murderer soundtrack,this poem sucks
blur,blur,song 2
beauty and the beast,beauty and the beast soundtrack,be our guest
blue swede,hooked on a feeling,hooked on a feeling
jewel,pieces of you,near you always
limp bizkit,chocolate starfish and the hot dog flavored water,my way
michael johns,,a day in the life
shawn colvin,fat city,round of blues
killers,sam's town,sam's town
david barrus,on stage 2: more broadway favorites,the impossible dream
cake,motorcade of generosity,is this love?
tracy chapman,new beginning,tell it like it is
madonna,bedtime stories,take a bow
green day,american idiot,holiday
weezer,weezer (2008),troublemaker
goo goo dolls,let love in,become
little shop of horrors,little shop of horrors soundtrack,the meek shall inherit (audrey edit)
weezer,make believe,this is such a pity
kid rock,devil without a cause,bawitdaba
bryan adams rod stewart sting,three musketeers soundtrack,all for love
weird al yankovic,alapalooza,achy breaky song
cake,comfort eagle,long line of cars
michael mclean,one heart in the right place,one heart in the right place
jack johnson,in between dreams,belle
alanis morissette,jagged little pill,ironic
farmer,,fair phyllis
kenneth cope,my servant joseph,thy kingdom come
itayp&uacute;,folklore latinamericano vol. i,el cascabel
ben folds five,whatever and ever amen,cigarette
weezer,pinkerton,falling for you
tim mcgraw,all i want,i like it i love it
they might be giants,mink car,older
james taylor,in the pocket,shower the people
bill medley and jennifer warnes,dirty dancing soundtrack,(i've had) the time of my life
sheryl crow,detours,out of our heads
aerosmith,get a grip,livin' on the edge
sarah mclachlan,mirrorball,fumbling towards ecstasy
northern voices,faithful,all i can say
the simpsons,go simpsonic with the simpsons,everyone loves ned flanders
backstreet boys,millenium,larger than life
melissa etheridge,yes i am,come to my window
john lennon,happy xmas (war is over),happy xmas (war is over)
they might be giants,they might be giants,rabid child
andrew lloyd webber,phantom of the opera,the music of the night
sarah mclachlan,surfacing,building a mystery (clean)
soggy bottom boys,o brother where art thou? soundtrack,i am a man of constant sorrow
rem,friends soundtrack,it's a free world baby
calle ciega,no pares de sudar,la pantallera
belinda carlisle,heaven on earth,heaven is a place on earth
sugar ray,14:59,abracadabra
no doubt,the singles 1992-2003,it's my life
mariah carey,daydream,one sweet day
weezer,make believe,the damage in your heart
alanis morissette,jagged little pill,right through you
gigantes,,cuentame de ti
shania twain,come on over,rock this country!
lisa loeb,firecracker,split second
chris isaak,heart shaped world,wicked game
blessid union of souls,blessid union of souls,light in your eyes
jewel,phenomenon soundtrack,have a little faith in me
the simpsons,sing the blues,do the bartman
nirvana,nevermind,lounge act
alanis morissette,supposed former infatuation junkie,thank u
tom petty &amp; the heartbreakers,songs and music from she's the one,walls (circus)
weird al yankovic,polka party!,polka party!
they might be giants,the spine,damn good times
jack johnson,brushfire fairytales,posters
bizet,,carmen suite no. 1
chris de burgh,into the light,the lady in red
children of eden,children of eden soundtrack,in whatever time we have
sheryl crow,globe sessions,my favorite mistake
michael johns,,we will rock you / we are the champions
pearl jam,no boundaries: a benefit for the kosovar refugees,last kiss
third eye blind,third eye blind,burning man
rick james,street songs,super freak
live,throwing copper,horse
hootie and the blowfish,musical chairs,only lonely
john mellencamp,trouble no more,to washington
moniot d'arras,,ce fut en mai
dave matthews,some devil,gravedigger
jewel,this way,jesus loves you
they might be giants,flood,someone keeps moving my chair
weird al yankovic,in 3-d,mr. popeil
del amitri,twisted,roll to me
collin raye,direct hits,open arms
green day,,i fought the law
itayp&uacute;,folklore latinamericano vol. i,moliendo caf&eacute;
jewel,this way,everybody needs someone sometime
northern voices,faithful,if she only knew
sneaker pimps,becoming x,six underground
weezer,weezer (2001),island in the sun
ingrid michaelson,girls and boys,the way i am
u2,how to dismantle an atomic bomb,love and peace or else
natalie merchant,motherland,i'm not gonna beg
they might be giants,apollo 18,she's actual size
maroon 5,songs about jane,shiver
weezer,weezer (2008),the greatest man that ever lived (variations on a shaker hymn)
beethoven,,symphony no. 5
maroon 5,songs about jane,must get out
natalie merchant,tigerlily,jealousy
