ï»¿CatÃ©gorie;Terme_de_recherche;Nombre_total_de_recherches;Nombre_total_de_recherches_uniques
Tout; Japon;629;18
Tout; Harry Potter;627;103
Tout; Nintendo Switch;598;53
Tout; Stephen King;568;86
Tout; Romance;518;6
Tout; Films D'horreur;496;18
Tout; Nora Roberts;496;41
Tout; Bourse;487;21
Tout; Romans Sentimentaux;450;8
Tout; Robotique;419;2
Books; Italians;415;3
Tout; Couture;398;37
Livres; Stephen King;397;34
Tout; Agroalimentaire;380;108
Tout; Romans Policiers;379;8
Tout; Star Wars;370;50
Tout; Yoga;365;42
Tout; Geologie;363;2
Tout; Gay Romans;361;2
Livres; Biographie;349;10
Jeux VidÃ©o; Switch;342;35
Tout; Marilou Addison;336;26
Tout; Switch;334;46
Tout; Python;304;48
Tout; Sexe Romans;302;1
All; Nintendo Switch;294;29
Jeux VidÃ©o; Nintendo Switch;283;32
Tout; De La Violence Et Des Femmes;281;3
Tout; Manga;271;39
Tout; Musculation;271;16
Tout; FranÃ§ois Cheng;265;39
Tout; Crochet;263;17
Tout; Michael Connelly;262;40
Tout; Xbox One;261;10
Tout; Novelty_start_date>-2d;251;5
Tout; Romance Romans;250;1
Tout; Tricot;249;18
Tout; Japon Romans;241;1
Tout; Immobilier;237;32
Tout; Costa Rica;234;25
Tout; King Stephen 1947-;233;20
Tout; Behaviour;230;1
Tout; Cuisine;230;25
Tout; Romans Sentimentaux;230;3
Tout; Danielle Steel;223;18
Tout; Voice;218;3
Tout; Romans Erotiques;215;1
Tout; Pour Les Nuls;213;15
Tout; Entrepreneurship;211;42
Tout; Philosophie;211;33
Tout; Egypt;207;5
Tout; Process;207;1
Tout; Immigration;206;9
Tout; La Guerre Des Clans;199;16
All; Manga;199;9
Tout; Parasite;196;83
Tout; The Criterion Collection;196;15
Tout; Mexique;192;26
Tout; Hypnose;190;16
Tout; Lisa Gardner;190;30
Tout; Hayes;189;1
Tout; Blu-Ray;186;14
Tout; J'ai Lu;186;28
Tout; Michel Tremblay;186;39
Tout; Gestion Du Temps;185;2
Tout; Film;183;20
Tout; McGill-Queen's University Press;182;4
Tout;1984;180;48
Livres; Roman Ãrotique;180;2
Tout; Romans Policiers Numeriques;179;15
Tout; Mexique Histoire;178;2
Tout; Livre Audio;177;28
Tout; Montreal Documentaire;177;1
All; DC Comics;175;30
Tout; Ãrotisme Romans Nouvelles etc.;175;5
Tout; SÃ©ries TÃ©lÃ©visÃ©es;173;10
All; Marilou Addison;172;26
Tout; Sherlock Holmes;172;22
Tout; Colombie;171;14
Tout; Le Consentement;171;80
Tout; Pokemon;171;31
Tout; Ayurveda;170;20
Tout; Parkinson;170;7
Tout; Kino Lorber;169;11
Tout; Rabagliati Michel 1961-;169;41
Tout; Zen;169;15
Tout;que0sais0je0000000000000000000000000000000000000;168;4
Tout; Albert Camus;166;27
All; Chien;166;6
Tout; The Witcher;165;37
Tout; Pharaons;164;1
Tout; Machine Learning;163;18
Tout; Pierre Lemaitre;163;30
Tout; JeÃ»ne;161;5
Tout; Mondes Rebelles;160;2
Tout; Montessori;160;19
Tout; Suffragette;160;4
Tout; AnxiÃ©tÃ©;159;25
Tout; Louise Penny;159;39
Tout; Mary Higgins Clark;159;26
Tout; Freud;158;20
Tout; Agatha Raisin;156;29
Tout; Lonely Planet;156;19
Tout; Patrick Senecal;156;42
Tout; Margaret Atwood;155;28
Tout; Joe Sacco;154;37
Tout; Romans Historiques Romans;154;1
Tout; Gestion Documentaire;153;2
Tout; Music Industry;152;1
All; Jeux VidÃ©o PlayStation 4;151;5
Tout; Virginia Woolf;151;12
Tout; Guide De La Route;149;49
Tout; Romans Ãrotiques;149;17
Tout; Romans Historiques;148;3
Tout; CrÃ©ativitÃ©;146;6
Tout; Game of Thrones;144;35
Tout; Jeux Video;144;15
Tout; MÃ©moire D'encrier;144;3
Tout; Frederic Lenoir;143;15
Tout; Philosophy;143;2
Tout; Meditation;142;26
Tout; Paulo Coelho;142;11
Musique; The Beatles;142;12
Tout; Murakami Haruki 1949-;141;18
Tout; AmitiÃ©;140;3
Tout; FÃ©e;140;2
Tout; Terrorism Suspense;140;7
Tout; Coelho Paulo;139;24
Tout; Elena Ferrante;139;30
Tout; Sapiens;139;57
Tout; Guillaume Musso;138;34
Tout; Liane Moriarty;138;49
Tout; Compostelle;137;19
Tout; Playstation 4;137;7
Tout; Cuba;136;20
Tout; Lumiere;136;1
Tout; Agatha Christie;135;28
All; Andara;135;7
Tout; Harlan Coben;135;27
Tout;cornwell0patricia0daniels00000000000000000000000;135;8
Tout; Audiolib;134;11
Livres; Champignons;134;2
Tout; Toni Morrison;134;21
Tout; Dean Koontz;133;9
Tout; Batman;132;20
Tout; Moyen-Age Romans;132;1
Tout; Addictives;131;7
Tout; Java;131;24
Tout; Lizzie;131;7
Tout; Gentrification;130;14
Tout; HomosexualitÃ© Masculine Romans Nouvelles etc.;130;12
Tout; Minecraft;130;21
Tout; SenÃ©cal Patrick 1967-;130;21
Tout; Isabel Allende;129;19
Tout; Milady Romance;129;2
Tout; Ulysse;129;15
Tout; Beigbeder;127;31
Tout; Chine Romans;127;1
Tout; Francois Cheng;127;22
Tout; La Femme Qui Fuit;127;51
Tout; Anglais (Langue) Grammaire;126;1
Tout; PBS;126;7
Tout; Biographie;125;11
Tout; Naruto;124;23
Tout; Venise;124;7
Tout; Hommes Battus;123;2
Tout; Jeux VidÃ©o Nintendo Switch;123;12
Tout; Lean;123;4
Tout;bouchard0serge0194700000000000000000000000000000;123;13
Livres; Album;122;1
Tout; James Patterson;121;22
Tout; Les Ãditions La Presse;121;1
Tout; Microbiologie;121;12
Tout; SÃ©lection Reader's Digest;121;1
Tout; ThÃ©Ã¢tre Allemand;121;1
Tout; Jack London;120;14
Tout; Art Erotique;119;2
Tout; Dessin;119;11
Tout; Journal De MontrÃ©al;119;6
Tout; ProtÃ©gez-Vous;119;28
Tout; Guide Voyage;118;6
Livres; Michel Tremblay;118;8
Tout; Painting;118;3
Tout; Bible;117;21
Tout; Jung;117;14
Tout; Rome;117;8
All; Star Wars;117;11
Tout; Audio;116;4
Tout; Ken Follett;116;15
Tout; Rock (Musique) 1971-1980;116;2
Tout; Architecture;115;32
Tout; Deepak Chopra;115;8
Tout; Broderie;114;19
Tout; Psychologie;113;29
Tout; Autiste;112;2
Tout; Michel Onfray;112;12
Tout; Gabriel Garcia Marquez;111;15
Tout; Patchwork;111;2
Tout; PoÃ©sie QuÃ©bec;111;1
Tout; Agile;110;11
Tout; Asterix;110;9
Tout; Biographies;110;5
Tout; Criterion;110;10
Tout; Leonard Cohen;110;14
Musique; Madame;110;2
Tout; Marc Levy;110;26
Tout; Avortement;109;9
Tout; La Courte Ãchelle;109;6
Tout; Lovecraft;109;14
Tout; Mango;108;4
Tout; Spinoza;108;15
All; Mary Higgins Clark;107;6
Tout; [s.n.];106;39
Tout; Algerie;106;10
Tout; Ãditions Du Seuil;106;16
Tout; Francine Noel;106;20
Tout; Informatique;106;13
Tout; Watercolor;106;10
Tout; Verve;105;1
Livres; Asimov;104;5
Tout; Cetogene;104;17
Tout; Livre Sur La Musique;104;1
Tout; Marguerite Duras;104;12
Tout; David Goudreault;103;32
Tout; Jules Verne;103;12
Tout; Lucinda Riley;103;23
Tout; On Nature of Things;103;1
Tout; Soins Infirmiers;103;12
Livres; Egypt;102;3
Tout; La Presse;102;10
Tout; Nintendo of America Inc.;102;17
;;;
;;;
;;;
;;;
;;;
;;;
;;;
;;;
;;;
;;;
;;;
;;;
;;;
;;;
;;;
;;;
;;;
;;;
;;;
;;;
;;;
;;;
;;;
;;;
;;;
;;;
;;;
;;;
;;;
;;;
;;;
;;;
;;;
;;;
;;;
;;;
;;;
;;;
;;;
;;;
;;;
;;;
;;;
;;;
;;;
;;;
;;;
;;;
;;;
;;;
;;;
;;;
;;;
;;;
;;;
;;;
;;;
;;;
;;;
;;;
;;;
;;;
;;;
;;;
;;;
;;;
;;;
;;;
;;;
;;;
;;;
;;;
;;;
;;;
;;;
;;;
;;;
;;;
;;;
;;;
;;;
;;;
;;;
;;;
;;;
;;;
;;;
;;;
;;;
;;;
;;;
;;;
;;;
;;;
;;;
;;;
;;;
;;;
;;;
;;;
;;;
;;;
;;;
;;;
;;;
;;;
;;;
;;;
;;;
;;;
;;;
;;;
;;;
;;;
;;;
;;;
;;;
;;;
;;;
;;;
;;;
;;;
;;;
;;;
;;;
;;;
;;;
;;;
;;;
;;;
;;;
;;;
;;;
;;;
;;;
;;;
;;;
;;;
;;;
;;;
;;;
;;;
;;;
;;;
;;;
;;;
;;;
;;;
;;;
;;;
;;;
;;;
;;;
;;;
;;;
;;;
;;;
;;;
;;;
;;;
;;;
;;;
;;;
;;;
;;;
;;;
;;;
;;;
;;;
;;;
;;;
;;;
;;;
;;;
;;;
;;;
;;;
;;;
;;;
;;;
;;;
;;;
;;;
;;;
;;;
;;;
;;;
;;;
;;;
;;;
;;;
;;;
;;;
;;;
;;;
;;;
;;;
;;;
;;;
;;;
;;;
;;;
;;;
;;;
;;;
;;;
;;;
;;;
;;;
;;;
;;;
;;;
;;;
;;;
;;;
;;;
;;;
;;;
;;;
;;;
;;;
;;;
;;;
;;;
;;;
;;;
;;;
;;;
;;;
;;;
;;867311;323414
