ï»¿CatÃ©gorie;Terme_de_recherche;Nombre_total_de_recherches;Nombre_total_de_recherches_uniques
Jeux VidÃ©o; Switch;523;33
Tout; Kim Thuy;512;90
Tout; s.n.;505;16
Tout; LittÃ©ratures FranÃ§aises Canadienne;491;1
Tout; Playstation 4;441;14
Musique; Glenn Gould;433;10
Tout; Harry Potter;409;66
Tout; Halloween;406;43
Tout; Fanny Britt;404;59
Tout; Nora Roberts;385;31
Tout; Louise Penny;381;52
Livres; Revit;357;1
Tout; LibertÃ© 45;346;193
Tout; Pour Les Nuls;323;10
Tout; Star Wars;321;27
Tout; Nintendo Switch;307;28
Tout; Yoga;299;42
Tout; Rideaux;289;1
Tout; SÃ©ries TÃ©lÃ©visÃ©es;280;4
Tout; DVD;266;19
Tout; Marc Levy;265;43
Tout; Instrumentation;262;1
Tout; Violences Et Abus;261;4
Tout; Inceste;255;8
Jeux VidÃ©o; Nintendo Switch;246;21
Tout; Stephen King;242;26
Tout; Automne;233;9
Tout; Ricardo;230;49
Tout; Xbox One;221;16
Livres; James Patterson;219;15
Tout; Patrimoine;217;3
Tout; Pauline Marois;216;63
Tout; Andara;211;24
Tout; Blu-Ray;211;19
Tout; Syrie;205;1
Tout; Laure Adler;203;37
Tout; Switch;203;22
Tout; One Piece;198;23
Tout; Ken Follet;196;30
Tout; Philosophie;196;13
Tout; Narration;195;1
Tout; Tintin;193;26
Livres; Laure Adler;190;20
All; Statement of Work;190;1
Tout; Elena Ferrante;189;31
Tout; McSween Pierre-Yves 1979-;188;94
Tout; Tricot;185;14
All; Vocabulaire;182;1
Tout; Streaming;181;1
Tout; Kino Lorber;180;16
Tout; Simon Boulerice;180;24
Tout; Biographie;174;16
Tout; Guillaume Musso;173;32
Tout; Les Villes De Papier;173;21
Tout; James Patterson;172;21
Tout; Roman Enquete Aventure;169;2
Musique; Classic Blues;168;1
Jeux VidÃ©o; Wii;168;7
Tout; Migrants;167;1
Tout; Telemann;165;5
Tout; Roman Policier;164;18
Tout; LarrivÃ©e Ricardo 1967-;160;37
Tout; Agatha Christie;159;16
Tout; Ken Follett;159;27
Livres; Tintin;158;6
Tout; Enfants Victimes De Violences;156;3
Livres; Halloween;156;9
Tout; Margaret Atwood;156;18
Tout; Bob Dylan;153;12
Livres; Fanny Britt;153;28
Tout; Livres NumÃ©riques;153;50
Tout; Marguerite Duras;153;8
Tout; Garfield;151;17
Jeux VidÃ©o; Xbox;147;6
Tout; Criterion Dvd;146;1
Tout; Em;146;57
Tout; Michel Onfray;146;14
Tout; Roman;144;16
Tout; Glenn Gould;143;2
Tout; Roman Historique;139;5
Tout; Erotique;137;1
Tout; Donna Leon;136;16
Tout; Partition Piano Pop;136;1
Tout; Relations Publiques Et MÃ©dias Sociaux;136;1
Tout; Trump;136;12
Tout; Danielle Steel;135;18
Tout; Films D'horreur;134;4
Livres; Kim Thuy;134;28
Tout; Janette Bertrand;132;16
Tout; Enfants Victimes De Mauvais Traitements;129;2
Tout; Follett Ken;129;21
Tout; Ãditions ENI;128;3
Tout; Marie Bernadette Dupuy;127;7
Tout; Michael Connelly;127;16
Tout;nothomb0amelie0000000000000000000000000000000000;127;5
All; Funk Music;126;1
Tout; Minecraft;126;12
Video Games; Playstation 4;126;3
Tout; Rolling Stones;126;7
Tout; Lisa Gardner;125;14
Tout; Madonna 1958-;125;6
Tout; Anne Robillard;124;12
Tout; ProtÃ©gez-Vous;124;22
Tout; Nintendo of America Inc.;123;13
Tout; Robillard Anne;123;6
Tout; Noel;122;9
Tout; SÃ©curitÃ© RoutiÃ¨re;122;2
Tout; Covid-19;121;3
Tout; Geronimo Stilton;121;10
Tout; Xbox;120;6
Tout; Game of Thrones;119;38
Tout; Philippe Labro;119;22
Tout; Secrets De Famille;119;1
Tout; Guy Saint-Jean Ãditeur;118;16
Tout; Jeux VidÃ©o PlayStation 4;118;14
Tout; Shout Factory;117;6
Tout; Dumas Alexandre 1802-1870;116;11
Tout; Playstation;115;4
Tout; Mcsween;113;52
Tout; Hal Leonard Guitar;112;4
Tout; Well Go USA Entertainment;112;4
Tout; Paludisme;110;5
Tout; Angleterre MÅurs Et Coutumes 19e SiÃ¨cle Romans Nouvelles etc.;109;3
Tout; Psychologie;109;14
Musique; Brian Eno;108;14
Tout; Michel Tremblay;108;17
All; Ielts;107;56
Tout; Ottolenghi;107;29
Tout; Access;106;2
Tout; Dunod;106;4
Tout; Autobiographies;105;3
Musique; Francis Cabrel;105;21
Tout; Jo Nesbo;105;16
Tout; Herbert Frank;104;17
Tout; Intelligence Artificielle;104;3
Tout; Moyers;104;9
All; Xbox One;104;3
Livres; Gros Caracteres;103;1
Tout; Musique Russe;103;2
All; Stock;103;1
Tout; Marc Pistorio;102;21
Tout; Meyer Stephenie 1973-;101;14
Tout; Philip Kerr;101;13
Livres; Real Estate Investment;101;3
Tout; Simonin;101;3
Tout; Louis Fournier;100;25
Tout; Marchands De Montreal;100;1
Jeux VidÃ©o; Playstation 4;100;1
Tout; Richard Petit;100;5
Tout; C. Bourgois;99;2
Tout; Dany LaferriÃ¨re;99;11
Tout; Lee Child;99;15
Tout; Roman Mythologique;99;1
Tout; Espagnol;98;11
Musique; Pink Floyd;98;7
Tout; Recettes;98;8
All; Rizzoli;98;2
Livres; Vladimir Nabokov;98;11
Tout; Woody Allen;98;14
Tout; GlÃ©nat;97;11
Tout; Patrick SÃ©nÃ©cal;97;9
All; Sewing;97;3
Tout; France Histoire 1940-1945 (Occupation Allemande);96;2
Tout; Japonais;96;5
Tout; Manga;96;17
Tout; Pokemon;96;18
Video Games; Switch;96;4
Tout; Broderie;95;9
Tout; David Goudreault;95;25
Tout; Douglas Kennedy;95;9
Musique; Handel;95;2
Tout; Japan;95;2
Livres; Louise Penny;95;13
All; Harry Potter;94;15
Tout; HÃ©ra;94;1
Tout; Simone De Beauvoir;94;7
Tout; Umberto Eco;94;9
Tout; Java;93;9
Musique; John Lennon;93;10
Tout; Kana;93;11
Livres; Ken Follett;93;13
Tout; QuÃ©bec AmÃ©rique;93;10
Tout; Series Television;93;1
Tout; Victoria TomÃ¡s Luis De Environ 1548-1611;93;2
Tout; VVS Films;93;14
Livres; Audio;92;6
Tout; Bandes DessinÃ©es;92;1
Tout; Burton;92;1
Tout; Carole David;92;4
Tout; Frankenstein;92;9
All; Funk;92;2
Jeux VidÃ©o; Mario;92;24
Livres; Pauline Marois;92;22
Accessibles en Ligne; Roman QuÃ©bÃ©cois;92;2
Tout; Roxanne Bouchard;92;26
Tout; Acfas;91;2
Livres; Agatha Christie;91;6
Livres; Communication Verbale;91;1
Tout; Japanese;91;2
Tout; Livre Audio;91;12
Tout; Slam;91;3
Tout; Troubles Alimentaires;91;4
Tout; CarrÃ¨re Emmanuel 1957-;90;14
Tout; Connelly Michael 1956-;90;11
Tout; J'ai Lu;90;17
Tout; Jean Giono;90;6
Tout; Sapiens;90;24
Livres; Bandes DessinÃ©es;89;4
Tout; Blu-Ray;89;4
Tout; Russie;89;2
Tout; Sexe;89;9
Jeux VidÃ©o; Xboxes One;89;2
Tout; A Moto;88;3
Tout; Art Et SociÃ©tÃ©;88;1
Tout; Bamboo Ãdition;88;6
Tout; Chat;88;5
All; Chevalier;88;1
Tout; Louise Gluck;88;28
Tout; Service Survey QuÃ©bec;88;1
Tout; AstÃ©rix;87;11
Tout; Cuisine;87;15
Tout; Dune;87;22
Musique; Frank Zappa;87;5
Tout; Mary Higgins Clark;87;12
Tout; Maude Royer;87;6
Tout; Naruto;87;16
All; Nintendo Switch;87;8
Tout; Staline;87;4
Jeux VidÃ©o; Xbox 360;87;6
Tout; Criterion;86;5
Tout; Edition Eni;86;1
Tout; Ãlise Gravel;86;9
Tout; Emmanuel Carrere;86;21
Tout; Faire Les Sucres;86;62
Jeux VidÃ©o; Lego;86;7
All; Lili Et Max;86;9
Tout; Mouffe;86;34
Livres; Contrat Entreprise;85;1
Tout; Denis Monette;85;11
;;;
;;;
;;;
;;;
;;;
;;;
;;;
;;;
;;;
;;;
;;;
;;;
;;;
;;;
;;;
;;;
;;;
;;;
;;;
;;;
;;;
;;;
;;;
;;;
;;;
;;;
;;;
;;;
;;;
;;;
;;;
;;;
;;;
;;;
;;;
;;;
;;;
;;;
;;;
;;;
;;;
;;;
;;;
;;;
;;;
;;;
;;;
;;;
;;;
;;;
;;;
;;;
;;;
;;;
;;;
;;;
;;;
;;;
;;;
;;;
;;;
;;;
;;;
;;;
;;;
;;;
;;;
;;;
;;;
;;;
;;;
;;;
;;;
;;;
;;;
;;;
;;;
;;;
;;;
;;;
;;;
;;;
;;;
;;;
;;;
;;;
;;;
;;;
;;;
;;;
;;;
;;;
;;;
;;;
;;;
;;;
;;;
;;;
;;;
;;;
;;;
;;;
;;;
;;;
;;;
;;;
;;;
;;;
;;;
;;;
;;;
;;;
;;;
;;;
;;;
;;;
;;;
;;;
;;;
;;;
;;;
;;;
;;;
;;;
;;;
;;;
;;;
;;;
;;;
;;;
;;;
;;;
;;;
;;;
;;;
;;;
;;;
;;;
;;;
;;;
;;;
;;;
;;;
;;;
;;;
;;;
;;;
;;;
;;;
;;;
;;;
;;;
;;;
;;;
;;;
;;;
;;;
;;;
;;;
;;;
;;;
;;;
;;;
;;;
;;;
;;;
;;;
;;;
;;;
;;;
;;;
;;;
;;;
;;;
;;;
;;;
;;;
;;;
;;;
;;;
;;;
;;;
;;;
;;;
;;;
;;;
;;;
;;;
;;;
;;;
;;;
;;;
;;;
;;;
;;;
;;;
;;;
;;;
;;;
;;;
;;;
;;;
;;;
;;;
;;;
;;;
;;;
;;;
;;;
;;;
;;;
;;;
;;;
;;;
;;;
;;;
;;;
;;;
;;;
;;;
;;;
;;;
;;;
;;;
;;540400;189174
