ï»¿LibellÃ© d'Ã©vÃ©nement;;Nombre total d'Ã©vÃ©nements;ÃvÃ©nements uniques
Musique; Bach;1845;10
Tout; Playstation 4;793;18
Tout; Nintendo Switch;789;53
Jeux VidÃ©o; Switch;772;50
Music; Christmas;679;4
Tout; Nora Roberts;614;38
Tout; Louise Penny;596;98
Tout; Romans Ãrotiques;584;13
Tout; Kim Thuy;550;111
Tout; Noel;504;40
Tout; Guide Touristique;472;1
Tout; Double Vie;468;2
Tout; Romans QuÃ©bÃ©cois -- 21e SiÃ¨cle;427;6
Jeux VidÃ©o; Playstation 3;426;12
Livres; House;423;2
Tout; Petit FutÃ©;385;6
Tout; Harry Potter;326;66
Tout; Michael Connelly;326;30
Livres; Cuba;316;2
Tout; Michel Tremblay;311;45
Tout; Jour J;303;3
Livres; Rosetta;299;2
Jeux VidÃ©o; Wii;296;8
Tout; Blu-Ray;295;18
Livres; Louise Penny;284;45
Tout; Christmas;274;16
Tout; Milieu De Travail;267;1
All; Blu-Ray;252;7
Livres; Noel;251;13
Tout; Syria;245;2
Tout; Penny Louise 1958-;244;30
Tout; Andara;242;24
All; Entreprise;242;2
Tout; Tricot;238;16
Tout; Mythe;236;2
Tout; Minecraft;235;19
Tout; Obama;233;41
Tout; Switch;231;33
Tout; Pour Cet Amour;230;1
Tout; DVD;227;11
All; Flora;221;1
Jeux VidÃ©o; Nintendo Switch;204;11
Tout; Dessin Technique;202;7
Tout; Rock (Musique);201;2
Tout; Romans Sentimentaux;201;9
Tout; Yoga;200;37
Tout; Chanson QuÃ©bec;198;3
Tout; Tintin;198;18
Tout; Agatha Christie;194;20
Tout; John Green;194;4
All; Mangas;191;3
Tout; Organisation;190;2
Tout; Autobiographie;189;3
Livres; Inceste;189;7
Tout; Margaret Atwood;189;25
Tout; Barack Obama;188;45
Tout; Films D'horreur;188;13
Tout; SantÃ©;188;2
Tout; Xbox 360;186;6
Tout; Donna Leon;182;33
Tout; ThÃºy Kim;181;27
Jeux VidÃ©o; Xbox 360;180;11
All; Nintendo Switch;179;15
Jeux VidÃ©o; Playstation 4;178;2
Tout; Charles Juliet;177;19
Tout; Jaffe;176;1
Tout; DVD;174;3
Tout; Manga;174;13
Livres; Michel Tremblay;174;21
Livres; Roman Policier;174;9
Tout; Intimidation;173;5
Livres; John Green;172;1
Tout; Tous Les Diables Sont Ici;172;150
Video Games; Xbox One;172;5
Tout; Jeux VidÃ©o PlayStation 4;170;16
Tout; Stephen King;169;22
Livres; Cubain;168;1
Tout; Bob Dylan;167;10
Tout; Killer;167;1
Tout; Pokemon;165;27
Livres; Tintin;165;15
Musique; Beethoven;164;5
Tout; GalilÃ©e;162;4
Tout; Grossesse;162;8
Musique; Ennio Morricone;161;4
Tout; Espagnol;161;13
Tout; Conserve;159;1
Tout; MathÃ©matiques;159;6
Tout; MontrÃ©al Seigneurie;159;1
Tout; NoÃ«l;159;12
Jeux VidÃ©o; Xbox One;159;5
Tout; Manuels D'enseignement SupÃ©rieur;157;1
Tout; Naruto;156;28
Livres; Kim Thuy;155;26
Tout; Livres Audio;155;10
Tout; Plain Language;155;1
Livres; Biographie;154;10
Tout; Crochet;154;12
Musique; Leonard Bernstein;152;1
Tout; James Patterson;151;18
Tout; Criterion Collection;150;3
Tout; Rwanda;150;4
Tout; Assimil;149;6
Tout; Couture;149;13
Tout; Marc Levy;149;30
All; La Jalousie;148;11
Tout; Marcel Proust;145;8
Tout; Em;144;64
Tout; ProtÃ©gez-Vous;144;25
Tout; Biographie;141;17
Tout; The Walking Dead;140;10
Tout; Photographie;139;9
Tout; Dvd;138;4
Tout; Gestion;137;2
All; James Patterson;137;11
Tout; Textile;137;3
Tout; Dvd Series;136;1
Tout; Livre Audio;135;21
Tout; Michel Jean;135;33
Tout; Playstation;135;4
Tout; Bbc Videos;133;1
Livres; James Patterson;133;6
Livres; Roman Erotique;133;2
Tout; SÃ©ries TÃ©lÃ©visÃ©es;132;4
Tout; Bd;131;9
Tout; Trump;130;11
Tout; Casterman;129;3
Tout; Christine Brouillet;129;10
Livres; Histoire Quebec;129;1
All; Minecraft;128;5
Tout; Dinosaure;127;2
Tout; Lisa Gardner;127;20
Tout; Obama Barack;124;30
Livres; VIETNAMIENNE;123;1
All; Rizzoli;122;2
Tout; Immobilier;121;5
Tout; Ken Follett;120;22
Tout; Lizzie;120;6
Tout; Star Wars;120;16
Tout; Dessain Et Tolra;118;4
Tout; Films;118;8
Tout; Boucherville;117;2
Tout; Danielle Steel;115;12
Tout; Lego;115;9
Tout; Vietnamiens;114;1
Tout; Anne HÃ©bert;113;4
"Tout;"" Criterion Collection ;"";113;3"
Tout; Super Heros;113;1
Tout; Ken Follet;112;18
Tout; Louise Tremblay d'Essiambre;112;5
Tout; Xbox One;111;5
Tout; La Source;110;35
Tout; Sapiens;110;42
Tout; ThÃ©ologie;109;5
Tout;dessain0et0tolra00000000000000000000000000000000;109;1
Tout; Institut De La Statistique;108;1
Musique; Queen 40;108;11
Video Games; Switch;108;9
Tout; Art;107;6
Tout; Harlan Coben;107;19
Tout; Biologie;106;7
Tout; Elena Ferrante;106;23
Tout; Pierre Lemaitre;106;12
Tout; Camilla Lackberg;105;16
Livres; Robert Munsch;105;3
Tout; Espace;104;6
Tout; Fanny Britt;104;20
Tout; John Connolly;104;11
Tout; National Geographic;104;9
Tout; Rizzoli;104;1
All; Cookbook;103;1
Tout; Dinosaures;103;8
Tout; Finances Personnelles;103;10
Tout; Recherche MÃ©thodologie;103;2
Tout; RÃ©volution;103;4
Tout; Clean;102;1
Tout; Connelly Michael 1956-;102;18
Tout; Nicole Bordeleau;101;26
Tout; The Crown;100;34
Tout; Fabrice Midal;99;13
Tout; IdentitÃ©;99;5
Tout; Marie Laberge;99;14
Livres; Orwell;99;10
Tout; Python;99;14
Tout; Ferrante;98;5
Tout; Aliss;97;35
Livres; Arts;97;1
Tout; Sattouf Riad 1978-;97;27
Tout; Woody Allen;97;14
Tout; Transport MontrÃ©al;96;2
Tout; Dinosaures;95;4
Tout; La Joie;95;1
Tout; Levy Marc 1961-;95;11
Tout; MontrÃ©al Carte;95;1
Tout; Pride and Prejudice;95;8
All; Watercolor Painting;95;1
Tout; Livre;94;10
Tout; Pink Floyd;94;9
Tout; Romans Historiques;94;4
Livres; Toni Morrison;94;5
Tout; Meditation;93;6
Livres; Michael Connelly;93;8
Tout; Pour Les Nuls;93;7
All; Fitness;92;3
Tout; Perrin;92;6
Tout; Sport;92;2
Tout; Tarot;92;11
Tout; Haiti;91;6
Tout; Flammarion;90;17
Tout; Lucinda Riley;90;17
Tout; Neil Gaiman;90;5
Tout; Patterson James 1947-;90;8
Tout; Une Terre Promise;90;31
Tout; VVS Films;90;13
All; Criterion;89;4
Tout; Marabout;89;8
Tout; Romain Gary;89;13
Tout; Soleil;89;4
Tout; Zappa Frank 1940-1993;89;7
Tout; Christie Agatha 1890-1976;88;10
Tout; Kukum;88;79
Tout; Livre Audio Enfant;88;1
Tout; Christine Brouillette;87;10
Tout; DC Comics;87;15
Tout; Frankenstein;87;10
Tout; Haydn op.33;87;5
Livres; Ours;87;1
All; Sewing;87;5
Livres; Commerce Automobile Au Quebec;86;1
All; Films De Science-Fiction;86;1
Livres; Georges Simenon;86;1
Tout; Livres NumÃ©riques;86;33
Tout; Peter May;86;9
;;;
;;;
;;;
;;;
;;;
;;;
;;;
;;;
;;;
;;;
;;;
;;;
;;;
;;;
;;;
;;;
;;;
;;;
;;;
;;;
;;;
;;;
;;;
;;;
;;;
;;;
;;;
;;;
;;;
;;;
;;;
;;;
;;;
;;;
;;;
;;;
;;;
;;;
;;;
;;;
;;;
;;;
;;;
;;;
;;;
;;;
;;;
;;;
;;;
;;;
;;;
;;;
;;;
;;;
;;;
;;;
;;;
;;;
;;;
;;;
;;;
;;;
;;;
;;;
;;;
;;;
;;;
;;;
;;;
;;;
;;;
;;;
;;;
;;;
;;;
;;;
;;;
;;;
;;;
;;;
;;;
;;;
;;;
;;;
;;;
;;;
;;;
;;;
;;;
;;;
;;;
;;;
;;;
;;;
;;;
;;;
;;;
;;;
;;;
;;;
;;;
;;;
;;;
;;;
;;;
;;;
;;;
;;;
;;;
;;;
;;;
;;;
;;;
;;;
;;;
;;;
;;;
;;;
;;;
;;;
;;;
;;;
;;;
;;;
;;;
;;;
;;;
;;;
;;;
;;;
;;;
;;;
;;;
;;;
;;;
;;;
;;;
;;;
;;;
;;;
;;;
;;;
;;;
;;;
;;;
;;;
;;;
;;;
;;;
;;;
;;;
;;;
;;;
;;;
;;;
;;;
;;;
;;;
;;;
;;;
;;;
;;;
;;;
;;;
;;;
;;;
;;;
;;;
;;;
;;;
;;;
;;;
;;;
;;;
;;;
;;;
;;;
;;;
;;;
;;;
;;;
;;;
;;;
;;;
;;;
;;;
;;;
;;;
;;;
;;;
;;;
;;;
;;;
;;;
;;;
;;;
;;;
;;;
;;;
;;;
;;;
;;;
;;;
;;;
;;;
;;;
;;;
;;;
;;;
;;;
;;;
;;;
;;;
;;;
;;;
;;;
;;;
;;;
;;;
;;;
;;;
;;564139;192962
