ï»¿CatÃ©gorie;Terme_de_recherche;Nombre_total_de_recherches;Nombre_total_de_recherches_uniques
Tout; Elena Ferrante;688;114
Tout; Inceste;548;16
Tout; Harry Potter;503;63
Jeux VidÃ©o; Switch;485;30
Livres; Jean ParÃ©;483;1
Tout; JOURNAL LE TRAVAIL 19 DÃCEMBRE 1952 GRÃVE LOUISEVILLE;483;1
Tout; Nintendo Switch;483;39
Tout; Livre Audio;476;30
Tout; Ken Follett;461;61
Tout; Magie;442;3
Tout; Stephen King;427;35
Tout; Yoga;362;61
Tout; Ken Follet;330;41
Tout; Dune;315;78
All; Rizzoli;313;4
Tout; Louise Penny;306;45
Tout; Emmanuel Carrere;273;68
Tout; Witch;273;8
Tout; Playstation 4;268;5
Livres; Essai;259;3
Tout; Herbert Frank;249;42
Tout; J'ai Lu;246;21
Tout; Star Wars;239;29
Tout; Michel Tremblay;230;27
Tout; Guillaume Musso;227;46
Livres; Ken Follett;224;27
All; Nintendo Switch;220;15
Tout; Andara;215;26
Tout; Biographies;214;3
Jeux VidÃ©o; Xbox One;208;6
Tout; Films D'horreur;205;11
Tout; Sapiens;203;41
Jeux VidÃ©o; Nintendo Switch;200;19
Tout; Disney;197;15
Tout; Jeux VidÃ©o;197;1
Musique; Live;196;2
Tout; Switch;195;31
Tout; Sommeil;194;7
Livres; Rome Antique;193;1
Tout; Nora Roberts;192;23
Tout; Michel Dorais;191;3
Tout; Marc Levy;190;31
Tout; Animal Farm;188;7
Tout; Jocelyne Saucier;187;43
Tout; Naruto;187;28
Tout; Bonheur;182;7
Tout; Michel Onfray;179;14
Tout; Emmanuel CarrÃ¨re;178;49
Livres; Elena Ferrante;175;28
Tout; One Piece;175;18
Tout; Taschen;174;8
Tout; Biographie;169;17
Tout; Bandes DessinÃ©es;164;5
Tout; Pascal Quignard;162;26
Tout; Histoire;160;16
Tout; Botanique;159;5
Tout; Lisa Gardner;158;25
Tout; Van Gogh;157;8
Tout; Couple;156;2
Tout; Asterix;155;15
Tout; Knitting;153;5
Tout; Horreur;152;9
Tout; Python;149;22
Tout; Automobile;147;5
Tout; James Patterson;146;15
Tout; Philosophie;142;17
Tout; Guide De La Route;141;37
Tout; Woody Allen;141;18
All; Xbox One;141;2
Tout; CarrÃ¨re Emmanuel 1957-;140;20
Tout; Beijing;139;2
Tout; Algerie;138;6
All; Rap (Musique);138;3
Tout; Sorcellerie;137;6
Tout; Danielle Steel;136;22
Tout; Hal Leonard;135;12
Livres; Ken Follet;135;19
All; Korea;135;1
Musique; Kiss;134;11
Tout; Albert Camus;133;15
Tout; Humour;133;4
Tout; Mary Higgins Clark;132;14
Tout; FÃ©e;131;3
Livres; Harry Potter;131;20
Tout; Watercolor;131;4
Tout; Sophie Kinsella;130;17
Tout; Collection;129;5
Tout;follett0ken0000000000000000000000000000000000000;129;16
Tout; Ferrante Elena;128;30
Tout; Criterion;126;4
Tout; Halloween;126;12
Tout; Entreprises Et Economie;125;1
Tout; Toni Morrison;125;12
Livres; Vladimir Nabokov;125;10
Tout; Margaret Atwood;124;16
Tout; RÃ©alisation De Soi;123;11
Tout; Esclavage;122;3
Tout; Fanny Britt;122;23
Tout; Pnl;122;9
Tout; Trading;122;10
Tout; Michael Connelly;121;22
Tout; Paulo Coelho;121;9
Livres; ALPHA;120;1
Tout; Vegan;120;17
Tout; China Livres;119;1
All; Roman Allemand;119;1
Tout; King Stephen 1947-;118;13
Tout; Pef;118;1
Tout; Romans Sentimentaux;118;10
Tout; Kino Lorber;116;19
Tout; Telemann Georg Philipp 1681-1767;116;2
Tout; Marie Laberge;115;17
All; Musicals Dvds;115;1
Tout; Pop Art;115;3
Tout; La Bombe;114;8
Tout; Roberts Nora;114;13
Tout; Romans Ãrotiques;114;11
Tout; Columbia;113;5
Tout; Follett Ken;113;22
Tout; Frank Herbert;113;20
Tout; Lizzie;113;6
Livres; Une Histoire De La Musique;113;2
Tout; Chrystine Brouillet;112;17
Tout; Films De Fiction;112;2
Tout; Photographie;112;16
Livres; Biographie;111;10
Tout; Mexique;111;4
Tout; Film D'horreur;110;1
Tout; Roman;110;14
Tout; Journaux;109;9
Tout; Larousse;109;12
Tout; Punk (Musique);108;2
Tout; Recherche D'emploi;108;2
Livres; Commerce Ãlectronique;106;1
Tout; Forge;106;2
Tout; Kim Thuy;106;19
Tout; Lenoir FrÃ©dÃ©ric 1963-;106;15
Tout; Pauline Marois;106;29
Tout; Contes;105;1
Accessibles en Ligne; Partitions;105;1
Tout; Violences Et Abus;105;2
Tout; Ethnies;104;1
Tout; InfidÃ©litÃ©;104;1
Tout; James Henry 1843-1916;104;5
Tout;libre0expression00000000000000000000000000000000;104;1
Livres; Livre Audio;103;3
Livres; Colombie;102;2
Tout; Dinosaure;102;3
Tout; Marilou Addison;101;15
Video Games; Switch;101;8
Tout; Gravel Elise 1977-;98;8
Tout; Hannah Arendt;98;11
Tout; Livres NumÃ©riques;98;45
Tout; Ms Project;98;1
Tout; Pour Les Nuls;97;8
Livres; PremiÃ¨res Lectures;97;2
Tout; Savoir-Vivre;97;3
Tout; Zola;97;4
Tout; Asimov;96;10
Tout; Blu-Ray;96;6
Tout; Cuisine;96;11
Tout; Donna Leon;96;13
Tout; Rousseau;96;7
Tout;manipulation0psychologie000000000000000000000000;96;1
Livres; Amour;95;1
Tout; Ãtude De Cas;95;1
Tout; Jeux VidÃ©o PlayStation 4;95;15
All; C#;94;6
All; Elena Ferrante;94;14
Tout; Eyrolles;94;10
Livres; Cuisine;93;8
Tout; Histoire Universelle;93;1
Tout; Barbara Cassin;92;22
Tout; Flammarion;92;12
Tout; Simon Boulerice;92;18
Musique; Sun House;92;1
Tout; A.J. Rice LaprÃ©s & Lavergne;91;1
Tout; Art of the Film;91;2
Tout; Broderie;91;14
Tout; Geronimo Stilton;90;8
All; Ielts;90;51
Tout; Lovecraft;90;9
All; The Walking Dead;90;4
Tout; Hugo Roman;89;9
Tout; Antonine Maillet;88;5
Livres; Donna Leon;88;7
Tout; FrÃ©dÃ©ric Lenoir;88;11
Tout; Mangas;88;5
Tout; Sciences;88;3
Tout; Urbanisme;88;2
Tout; Films Policiers;87;9
Tout; Fragile;87;2
Tout; Laure Adler;87;19
Tout; Mafia;87;7
Tout; Umberto Eco;87;10
Tout; 10/18;86;2
Tout; Amelie Nothomb;86;13
Tout; Crochet;86;11
Tout; Ãditions Points;86;7
Tout; Lisa Kleypas;86;13
Tout; Lise Bourbeau;86;10
Tout; Punie;86;8
Tout; Architecture;85;14
Tout; Bob Woodward;85;28
Tout; Conspiration;85;2
Tout; Michel Foucault;85;12
Livres; Normand Lester;85;16
Tout; Tricot;85;9
Accessibles en Ligne; Bread;84;1
Tout; CheneliÃ¨re Ãducation;84;34
Tout; Dune Herbert;84;15
Tout; Montessori;84;13
Tout; Photography;84;5
Tout; After;83;25
Tout; Dan Brown;83;11
Tout; David Bowie;83;11
Tout; HandicapÃ©s QuÃ©bec;83;1
Tout; HomosexualitÃ© Masculine Romans Nouvelles etc.;83;7
Tout; La Courte Ãchelle;83;5
Tout; Romans AmÃ©ricains -- 20e SiÃ¨cle;83;1
Tout; Shout! Factory;83;5
Tout; Avatar;82;7
Tout; Ferrante Elena;82;10
Tout; Gaiman Neil;82;8
Tout; Sewing;82;7
Tout; PensÃ©es Positives;81;3
Tout; Saucier Jocelyne 1948-;81;18
Tout; The Boys;81;19
Tout; Walking Dead;81;11
Tout; Chimie GÃ©nÃ©rale;80;9
All; Histoires Vraies;80;1
Livres; Louise Penny;80;18
Tout; PÃ©riodique La Voix De NoÃ«l ImprimÃ© Au QuÃ©bec en 1958.;80;1
Tout; Philip Roth;80;13
Tout; Sylvain Tesson;80;17
;;;
;;;
;;;
;;;
;;;
;;;
;;;
;;;
;;;
;;;
;;;
;;;
;;;
;;;
;;;
;;;
;;;
;;;
;;;
;;;
;;;
;;;
;;;
;;;
;;;
;;;
;;;
;;;
;;;
;;;
;;;
;;;
;;;
;;;
;;;
;;;
;;;
;;;
;;;
;;;
;;;
;;;
;;;
;;;
;;;
;;;
;;;
;;;
;;;
;;;
;;;
;;;
;;;
;;;
;;;
;;;
;;;
;;;
;;;
;;;
;;;
;;;
;;;
;;;
;;;
;;;
;;;
;;;
;;;
;;;
;;;
;;;
;;;
;;;
;;;
;;;
;;;
;;;
;;;
;;;
;;;
;;;
;;;
;;;
;;;
;;;
;;;
;;;
;;;
;;;
;;;
;;;
;;;
;;;
;;;
;;;
;;;
;;;
;;;
;;;
;;;
;;;
;;;
;;;
;;;
;;;
;;;
;;;
;;;
;;;
;;;
;;;
;;;
;;;
;;;
;;;
;;;
;;;
;;;
;;;
;;;
;;;
;;;
;;;
;;;
;;;
;;;
;;;
;;;
;;;
;;;
;;;
;;;
;;;
;;;
;;;
;;;
;;;
;;;
;;;
;;;
;;;
;;;
;;;
;;;
;;;
;;;
;;;
;;;
;;;
;;;
;;;
;;;
;;;
;;;
;;;
;;;
;;;
;;;
;;;
;;;
;;;
;;;
;;;
;;;
;;;
;;;
;;;
;;;
;;;
;;;
;;;
;;;
;;;
;;;
;;;
;;;
;;;
;;;
;;;
;;;
;;;
;;;
;;;
;;;
;;;
;;;
;;;
;;;
;;;
;;;
;;;
;;;
;;;
;;;
;;;
;;;
;;;
;;;
;;;
;;;
;;;
;;;
;;;
;;;
;;;
;;;
;;;
;;;
;;;
;;;
;;;
;;;
;;;
;;;
;;;
;;;
;;;
;;;
;;;
;;;
;;;
;;;
;;609350;225095
