ï»¿CatÃ©gorie;Terme_de_recherche;Nombre_total_de_recherches;Nombre_total_de_recherches_uniques
Tout; Stephen King;735;75
Tout; Nintendo Switch;645;52
Tout; Halloween;643;50
Tout; Harry Potter;636;108
Tout; Python;550;77
Tout; Margaret Atwood;535;100
Tout; Nora Roberts;523;47
Jeux VidÃ©o; Switch;520;40
Tout; MonastÃ¨re;484;1
Tout; R;468;29
Tout; Playstation 4;442;19
Tout; Biologie;440;10
Tout; Switch;426;60
All; Architecture;412;4
Tout; Association;410;2
Tout; La Nouvelle-France;403;1
Livres; Jazz;393;9
Tout; Quality Control;392;1
Musique; Abbey Road;383;132
Tout; Biographie;380;34
Tout; Michelin Guides Verts;380;1
Tout; Romans Sentimentaux;378;5
Livres; Stephen King;376;35
Tout; Star Wars;373;32
Tout; Marie Laberge;351;57
Tout; Japon;347;23
Tout; Louise Penny;346;70
Tout; Andara;342;19
Tout; Richard Petit;325;10
Tout; Metropolis;319;10
Tout; Marilou Addison;289;17
Tout; Game of Thrones;279;56
Tout; King Stephen 1947-;278;22
Tout; METAL;271;7
Tout; ScÃ©nario;271;5
Tout; Cuisine;267;30
Tout; Romans Policiers;264;12
Tout; James Patterson;253;24
Tout; David Goudreault;247;72
Tout; Intelligence Artificielle;241;33
Tout; J'ai Lu;241;24
Tout; Vegan;241;24
Tout; Sapiens;238;75
Tout; Lesbienne;236;9
Tout; Soins Infirmiers;236;14
Tout; Francine Ruel;234;57
Tout; Province;234;3
Tout; Asterix;232;48
Tout; Atwood Margaret 1939-;231;39
Tout; Ãmissions PoliciÃ¨res TÃ©lÃ©visÃ©es;231;3
Tout; Immobilier;229;25
Tout; Michel Tremblay;229;31
Tout; Biz;228;46
Tout; Romans Ãrotiques;221;14
Tout; DYSLEXIE;218;1
Tout; Patrick Senecal;218;35
Tout; Tricot;218;30
Livres; Pour Les Nuls;217;3
Tout; Champs MagnÃ©tiques;216;1
Livres; Japon;215;3
Tout;1984;214;49
Tout; Leonard Cohen;214;23
Jeux VidÃ©o; Nintendo Switch;214;23
Tout; Intelligence;207;4
Tout; Jeux VidÃ©o Nintendo Switch;206;22
Tout; SAS;205;6
Tout; Marketing;203;25
Tout; Yoga;203;28
Tout; Musique;202;14
Tout; Pour Les Nuls;201;11
Livres; Roman Lesbienne;201;4
Tout; Batman;198;31
Tout; HEAVY METAL;197;2
Tout; Les Chiens;197;3
Tout; Martine Delvaux;197;54
Tout; Qcm;197;3
Livres; Colonie Britannique;195;1
Livres; Asterix;194;16
Musique; Paul McCartney;194;24
Tout; Homosexuels Masculins Romans Nouvelles etc.;190;9
Tout; John Grisham;190;29
Tout; Livre Audio;190;37
Livres; Don Winslow;188;44
Tout; Agatha Christie;187;29
Tout; Abbey Road;186;61
All; Richard Petit;186;6
Tout; Militaire;185;1
Tout; Trading;185;31
Tout; L'Ã©cole;184;2
Tout; Guide De La Route;182;42
Tout; Louise Hay;181;27
Tout; PHOTOGRAPHIE TECHNIQUE;181;1
Tout; Romance;180;5
Tout; Michael Connelly;178;28
Tout; Salsa;178;3
Tout; Peter Handke;177;33
Tout; Aidant Naturel;176;1
Tout; Marc Levy;176;21
Tout; Decentralise;172;1
Tout; Javascript;172;36
Tout; Language;171;3
Tout; Roberts Nora;171;14
Tout; Elton John;170;39
Tout; Les Testaments;169;51
Tout; Statistiques Aide Sociale;169;1
Tout; AstÃ©rix;168;20
Tout; ROCK METAL;168;8
Tout; Les Herbes Rouges;166;1
Tout; Ballet;165;8
Tout; Danielle Steel;165;19
Musique; Frank Sinatra;165;19
Tout; Films QuÃ©bÃ©cois;162;7
Livres; Margaret Atwood;160;30
Tout;king0stephen019470000000000000000000000000000000;159;12
Tout; Couture;157;25
All; Nintendo Switch;157;20
Tout; Xbox One;157;12
Tout; Architecture Montreal;156;17
Tout; Beatles;156;15
Tout; Ãle De Montreal;155;1
Tout; Serge Bouchard;155;27
Tout; Elena Ferrante;152;36
Tout; Guillaume Musso;152;39
Tout; Armand Colin;151;5
Tout; Fictions TÃ©lÃ©visÃ©es;149;4
Tout; Dunod;148;15
Tout; Machine Learning;147;27
Jeux VidÃ©o; Nintendo;147;7
Musique; Pierre Lapointe;147;42
Tout; Politique Romans;147;1
Tout; Aventures Romans;146;1
Tout; Ãducation QuÃ©bec (Province) PÃ©riodiques;146;1
Tout; La BoÃ®te Ã Outils;146;3
Tout; Cannabis;145;16
Tout; Revit;145;8
Tout; Confiance en Soi;143;17
Tout; MÃ©ditation;143;14
Books; Prison;142;2
Tout; Christmas;140;3
All; History;140;3
Tout; One Piece;140;25
Tout; Jeux VidÃ©o PlayStation 4;139;5
Livres; Linwood Barclay;139;6
Tout; Pascal Bruckner;139;24
Tout; ProtÃ©gez-Vous;139;22
Tout; Architecture;138;35
Tout; Marins Romans;138;1
Tout; ÅUvres;138;1
Tout; VÃ©gÃ©talisme;138;1
Tout; CafÃ©;137;4
Tout; Film;137;24
Musique; Beatles;136;21
Tout; Bulgarie;136;4
Tout; Christophe AndrÃ©;136;22
Tout; Le Monstre;136;34
Tout; Naomi Klein;136;37
Tout; Agatha Raisin;135;22
Livres; Harry Potter;134;22
Tout; Chapeau;132;1
Livres; Elton John;132;34
Tout; Harlan Coben;132;21
Tout; Banque;131;6
Tout; Biochimie;131;11
Tout; Cerveau;131;18
Tout; Psychologie;131;40
Tout; Sony Pictures Home Entertainment;131;23
Tout; Taschen;131;7
Tout; Thomas Piketty;131;34
Tout; Depression;130;6
Tout; Aquarelle;129;15
Tout; Autochtones;129;12
Tout; Design;129;19
Tout; Dominique Et Compagnie;129;3
All; Western;129;2
Livres; Roman Lesbien;128;1
Video Games; Switch;128;10
Tout; Gallimard;127;44
Tout; Heidegger;127;12
Tout; SexualitÃ©;127;3
Livres; Toni Morrison;127;14
Tout; [s.n.];125;30
Tout; Philosophie;125;26
Tout; ThÃ©ologie Pratique;125;2
Tout; Brain;124;7
Tout; Chakras;124;16
Tout; Knitting;124;13
Tout; Langue Maternelle;124;1
Tout; Le Petit Prince;123;16
Livres; Michael Connelly;123;20
Livres; Pascal Bruckner;123;16
All; Savais-Tu;123;1
All; Marabout;122;3
Tout; Espagnol;121;28
Musique; Jessye Norman;121;12
Tout; Nouvelle Orleans;120;4
Tout; Rachel Rachel;120;1
All; DC Comics;118;6
Tout; Kim Thuy;118;28
Livres; Michel Onfray;118;8
Musique; John Coltrane;117;12
Musique; Requiem;117;3
Tout; Tarot;117;21
Tout; Walking Dead;117;21
Tout; AdA Ãditions;116;16
Tout; Anne Frank;116;10
Tout; Copenhagen;116;2
Tout; Hugo Roman;116;12
Tout; Supernatural;116;38
Tout; BANDES DESSINES;115;3
Tout; Coelho Paulo;115;14
Tout; Films D'horreur;115;7
Tout; Il Pleuvait Des Oiseaux;115;60
Livres; Jo Nesbo;115;15
Books; Prisons;114;1
Tout; Sylvain Tesson;114;19
Tout; Atwood;113;32
Tout; Elise Gravel;113;18
Tout; La Servante Ãcarlate;113;54
Tout; Connelly Michael 1956-;112;21
Tout; Gestion Du Temps;112;3
Tout; Gladwell Malcolm 1963-;112;22
Musique; Led Zeppelin;112;16
Tout; Nothomb AmÃ©lie;112;18
Tout; Photographie;112;27
Tout; Avortement;111;26
Tout; Miyazaki Hayao 1941-;111;18
Tout; SorciÃ¨re;111;8
Tout; Umberto Eco;111;13
Livres; Ken Follett;110;6
Livres; Cinema;109;3
Tout; Houellebecq;109;15
Livres; Louise Penny;109;20
Tout; Oscar Wilde;109;10
Tout; Patrick Modiano;109;22
Tout; Terrorism Suspense;109;6
Tout; Bande DessinÃ©e;108;11
;;;
;;;
;;;
;;;
;;;
;;;
;;;
;;;
;;;
;;;
;;;
;;;
;;;
;;;
;;;
;;;
;;;
;;;
;;;
;;;
;;;
;;;
;;;
;;;
;;;
;;;
;;;
;;;
;;;
;;;
;;;
;;;
;;;
;;;
;;;
;;;
;;;
;;;
;;;
;;;
;;;
;;;
;;;
;;;
;;;
;;;
;;;
;;;
;;;
;;;
;;;
;;;
;;;
;;;
;;;
;;;
;;;
;;;
;;;
;;;
;;;
;;;
;;;
;;;
;;;
;;;
;;;
;;;
;;;
;;;
;;;
;;;
;;;
;;;
;;;
;;;
;;;
;;;
;;;
;;;
;;;
;;;
;;;
;;;
;;;
;;;
;;;
;;;
;;;
;;;
;;;
;;;
;;;
;;;
;;;
;;;
;;;
;;;
;;;
;;;
;;;
;;;
;;;
;;;
;;;
;;;
;;;
;;;
;;;
;;;
;;;
;;;
;;;
;;;
;;;
;;;
;;;
;;;
;;;
;;;
;;;
;;;
;;;
;;;
;;;
;;;
;;;
;;;
;;;
;;;
;;;
;;;
;;;
;;;
;;;
;;;
;;;
;;;
;;;
;;;
;;;
;;;
;;;
;;;
;;;
;;;
;;;
;;;
;;;
;;;
;;;
;;;
;;;
;;;
;;;
;;;
;;;
;;;
;;;
;;;
;;;
;;;
;;;
;;;
;;;
;;;
;;;
;;;
;;;
;;;
;;;
;;;
;;;
;;;
;;;
;;;
;;;
;;;
;;;
;;;
;;;
;;;
;;;
;;;
;;;
;;;
;;;
;;;
;;;
;;;
;;;
;;;
;;;
;;;
;;;
;;;
;;;
;;;
;;;
;;;
;;;
;;;
;;;
;;;
;;;
;;;
;;;
;;;
;;;
;;;
;;;
;;;
;;;
;;;
;;;
;;;
;;;
;;;
;;;
;;;
;;;
;;;
;;;
;;;
;;;
;;;
;;;
;;;
;;899449;333384
