Nombre_total_de_recherches_uniques,Nombre_total_de_recherches,ï»¿Terme_de_recherche
54,792,James Patterson
137,763,Harry Potter
21,738,Trading
33,583,Biographie
72,540,Nora Roberts
46,509,Yoga
2,480,Chanson
1,461,Russie Histoire
38,411,Star Wars
33,390,Photographie
55,384,Python
44,370,Stephen King
1,362,La Modulation
95,345,Bob Woodward
28,344,Couture
109,344,Sapiens
1,336,Sud De La France
3,335,Refuge
1,332,RÃ©flexes
3,309,Autochtones Canada
30,289,Manga
21,288,Autisme
3,269,Camping
51,267,Guillaume Musso
31,266,Javascript
42,266,Yasmina Khadra
28,259,Tricot
31,253,Donna Leon
15,249,Bourse
3,245,Insomnie
24,244,MÃ©ditation
19,239,Pour Les Nuls
16,238,Romans Policiers
6,237,DeuxiÃ¨me Guerre Mondiale
1,234,Roman Juif
55,233,Louise Penny
32,232,Osho
1,231,Droit Agricole
17,230,Astrologie
41,229,Patrick Senecal
23,227,Japon
39,225,Michel Tremblay
7,224,Investir
51,223,Guide De La Route
9,221,Abeilles
29,215,Agatha Christie
50,208,Elena Ferrante
4,203,Woodstock
2,201,Terre Agricole
65,200,Fear
3,200,Film Collection
42,200,Java
30,200,Marc Levy
2,199,Prostituees
23,198,Vegan
6,194,NoÃªl
21,194,Chat
51,191,Game of Thrones
17,190,Montreal
14,189,Toronto
28,187,Nutrition
11,187,SpiritualitÃ©
15,185,Immobilier
15,184,Respiration
31,183,Dan Brown
38,182,Chrystine Brouillet
18,177,Intelligence Artificielle
27,175,Meditation
10,173,Autochtones
3,172,Bass
36,171,Avengers
25,169,Mary Higgins Clark
37,169,Spiderman
24,167,FrÃ©dÃ©ric Lenoir
23,167,Michael Connelly
6,164,Poesie
1,164,TASCHEN
10,164,Vampire
27,163,Adler Olsen
25,162,Musculation
1,161,Aides Technologiques
17,160,David Bowie
44,159,1984
26,159,Cuisine
28,159,Simon Boulerice
19,158,Ken Follett
11,157,Dvd
53,155,Homeland
17,154,Ken Follet
15,154,Portugal
3,153,Alexandre Dumas
24,153,Halloween
20,153,Haruki Murakami
20,153,Margaret Atwood
26,153,Spinoza
1,152,ex Education
17,152,Nietzsche
1,151,Bach Cantatas
2,151,Julia
23,151,Paulo Coelho
2,150,Motifs
1,149,DÃ©ficit De L'attention
3,147,Preschool
14,147,Hypnose
20,147,Roman Policier
2,146,Guerre
4,146,Investissements
21,145,Anatomie
16,144,Italie
18,144,Minimalisme
1,143,Auteurs Irlandais
3,143,Rock Progressif
11,143,Boris Cyrulnik
10,143,Eric Emmanuel Schmitt
10,143,Innu
39,143,Joel Dicker
14,143,Pleine Conscience
26,142,Le Petit Prince
5,141,"Clark, Mary Higgins"
23,141,Espagnol
27,141,Frederic Lenoir
21,140,"Connelly, Michael"
38,140,Harari
54,138,Le Plongeur
5,137,CinÃ©ma
16,136,Dessin
40,136,La Vraie Vie
30,136,Walking Dead
8,135,AlgÃ©rie
2,135,Processing
8,134,PoÃ©sie
12,133,Sorcellerie
19,132,Tintin
6,131,Playstation 4
2,131,VidÃ©os Pour HandicapÃ©s Auditifs
36,131,Outlander
26,131,Patrick SÃ©nÃ©cal
1,130,Carbon
4,130,Shout! Factory
1,130,Securities
10,129,Arduino
21,129,Comportement Organisationnel
10,129,Dany Laferriere
4,129,Formation en Ligne
11,129,Psychologie Sociale
9,129,Quebec History
12,129,Tdah
2,128,Cantates De Bach
14,128,AnxiÃ©tÃ©
29,128,"Ferrante, Elena"
19,128,James Baldwin
2,127,Amazones
15,127,Normand Baillargeon
26,127,One Piece
24,126,SociÃ©tÃ© De L'assurance Automobile Du QuÃ©bec
9,125,BeautÃ©
16,125,New York
25,124,Dragon Ball
22,124,Jo Nesbo
38,123,The Americans
19,123,Amelie Nothomb
1,123,Campagne De Financement
21,123,Kim Thuy
26,123,Lisa Gardner
5,123,Marabout Poche
22,123,Permaculture
4,122,Natation
2,121,Art Byzantin
22,121,Tage Mage
6,120,Christmas
11,120,Chimie Organique
13,120,Foucault
2,120,Park
5,119,Disney
8,119,Danielle Steel
20,119,"Orwell, George"
7,119,Series
11,118,"Onfray, Michel"
14,118,Deepak Chopra
11,118,George Orwell
1,117,Black American History
2,117,Point De Croix
16,117,John Grisham
4,117,Rap
13,117,Tai Chi
7,116,Rolling Stones
41,116,Solo
1,116,SystÃ¨me D'exploitation
14,116,Walter Benjamin
9,116,Witch
7,115,Philosophie
20,115,"Schmitt, Ãric-Emmanuel"
12,115,Donald Trump
10,114,"Rowling, J. K."
15,114,Doctor Who
24,114,Lonely Planet
13,114,Trump
1,113,Terre Agricole Droit
1,113,Directeur Artistique
7,113,BMG
18,113,Minecraft
12,112,Confiance en Soi
15,112,Crochet
12,112,Michel Onfray
23,112,Musso
4,112,Roman Sentimentaux
14,111,"Christie, Agatha"
46,111,Gallimard
12,111,Universal Music
10,111,Magie
2,110,Inquisition
24,110,Arrow
2,110,Ãquateur
1,110,NoÃªls FranÃ§ais
16,110,Candide
15,110,Eyrolles
25,110,Warner Home Video
25,110,Tomb Raider
7,109,George Shearing
2,109,Delachaux Et NiestlÃ©
14,109,Warner Bros.
10,109,Finance
45,108,Gotham
1,108,Sexuels
11,108,Chakras
9,108,Excel 2016
9,108,Roman Historique
37,108,Yuval Noah Harari
2,107,Sewing
8,107,"Jung, C. G. (Carl Gustav)"
16,107,Machine Learning
22,107,Supernatural
9,106,Algerie
20,106,ComptabilitÃ©
1,106,CrÃ©ation Processus
4,106,Michael Jackson
24,106,Neurosciences
26,105,Tim Buckley
1,105,ActivitÃ© Physique
6,105,Afrique
20,105,"Lenoir, FrÃ©dÃ©ric"
18,105,Beatles
30,105,Psychologie
1,105,Ironie
19,105,Wordpress
47,104,The Crown
2,104,Homosexuels
11,104,Islam
21,104,The Flash
11,104,Xbox One
