Nombre_total_de_recherches_uniques,ï»¿Terme_de_recherche,Nombre_total_de_recherches
8,Horreur,727
102,Louise Penny,641
79,Nora Roberts,558
5,Bandes DessinÃ©es,519
82,Harry Potter,433
76,Guillaume Musso,385
1,Que Sais-Je?,382
30,Biographie,374
40,James Patterson,366
40,Star Wars,355
36,Yoga,346
116,Avengers,339
1,CarriÃ¨res De Pierre,337
37,Agatha Christie,330
40,Python,316
9,Domination Et Soumission,311
1,Objet De Collection,308
1,Signals,297
8,Romans Pour Adolescents,289
99,Sapiens,282
6,Xbox 360,269
64,Elena Ferrante,266
50,Stephen King,266
22,Nutrition,259
2,Dragon  ,258
46,Dan Brown,251
16,Romans Ãrotiques,245
25,Osho,245
25,Meditation,231
3,Islande,227
4,Thailande,227
41,Walking Dead,227
1,Eaton,225
27,Vegan,225
21,Hypnose,224
35,Haruki Murakami,217
3,Conversation,214
32,Margaret Atwood,214
45,Marc Levy,213
47,Jenny Han,209
1,Japon- Histoire,207
51,Game of Thrones,206
18,Dany LaferriÃ¨re,205
32,Aretha Franklin,202
22,"Coelho, Paulo",200
24,Hannah Arendt,200
26,J'ai Lu,196
23,James Baldwin,196
20,MÃ©ditation,195
11,Criterion,194
2,Monsters,194
31,Michael Connelly,192
3,Dessin Technique,192
1,VulnÃ©rabilitÃ©,191
1,Le Same,189
32,Cuisine,188
1,Fleuve Saint-Laurent,188
1,Beaumont,187
47,Guide De La Route,187
51,Livres NumÃ©riques,186
2,Photographie Numerique,182
17,Japon,180
18,Pleine Conscience,178
17,Deepak Chopra,176
17,Roman,176
53,Arrow,175
1,Ethnologie,175
23,Paulo Coelho,174
27,Batman,171
24,Lisa Gardner,171
3,Analyse,168
33,"Penny, Louise",167
7,RÃ©chauffement Climatique,167
9,Tokyo,167
23,Broderie,166
7,Mariage,166
27,Photographie,166
11,Pour Les Nuls,166
44,Outlander,165
16,Japonais,161
3,Hawking,159
42,Homeland,159
30,Patrick Senecal,159
1,Perfectionnistes,159
30,"Han, Jenny",158
40,Black Panther,158
6,Disney,158
7,Los Angeles,156
23,Michel Tremblay,156
21,Tricot,156
1,Miroirs,155
9,Voyage,154
11,Criterion Collection,154
22,Livre Audio,154
5,Blu-Ray,153
15,Donald Trump,153
3,Egypte,150
20,Ken Follet,150
22,Grossesse,148
1,Salle De Bain,147
15,Dvd,146
1,Dictionnaire Juridique,145
2,Life Plan,145
4,Les Belles Lettres,144
20,Serge Bouchard,144
1,Histoire Jeux,142
36,Musso,142
1,ArtÃ¨re Commerciale,141
18,Danielle Steel,141
7,Funimation,141
4,Sentai Filmworks,140
16,Dany Laferriere,138
3,Amazon,136
1,Incas,135
1,Lewis Carroll,135
24,Psychologie,134
23,Camilla Lackberg,133
10,Dessin,133
26,Kim Thuy,133
29,Naruto,133
11,Beatles,132
5,PUF,131
38,Joel Dicker,131
22,Tintin,131
13,Ayurveda,130
3,Charlevoix,130
7,Films Espagnols,130
13,Harlan Coben,130
2,Corps Humain,128
9,Espagne,128
21,Immobilier,127
30,Ellory,126
25,Guy Delisle,126
25,Zafon,125
1,Prier,125
23,Sylvain Tesson,125
8,Titanic,125
10,"Roberts, Nora",124
13,Espagnol,124
61,La Bolduc,123
7,Cerveau,123
6,Dvd OpÃ©ra,123
52,La Femme Qui Fuit,123
10,Michel Foucault,123
19,"Musso, Guillaume",122
18,Donna Leon,122
36,Lonely Planet,121
28,Manga,121
19,Marie Laberge,121
10,Douance,119
30,L'amie Prodigieuse,119
8,Lego,119
1,Val d'Or,119
4,Vermont,119
14,Asperger,118
26,SociÃ©tÃ© Canadienne Du Microfilm,118
46,Le Plongeur,118
13,Noam Chomsky,118
28,Agatha Raisin,117
25,Sony Pictures Home Entertainment,117
1,Schneider,117
2,Classics,116
24,Excel,116
14,"Follett, Ken",115
12,Dunod,115
2,SexualitÃ©,114
11,Agile,114
19,"Connelly, Michael",114
11,Playstation 4,114
8,Spanish,114
16,Douglas Kennedy,113
14,AdA Ãditions,113
6,Audiolib,113
9,"King, Stephen",112
15,Crochet,112
16,Spinoza,112
18,"Christie, Agatha",111
13,Portugal,111
6,Dave Brubeck,110
10,Astrologie,110
3,Roman Historique,110
5,Sciences ExpÃ©riences,110
33,"Dicker, JoÃ«l",109
9,"Woolf, Virginia",109
1,REST,109
17,Roman Policier,109
1,South Korea,109
19,Warcraft,109
3,Human Resources,108
6,Ecommerce,108
8,Le Dauphin Blanc,108
11,Gestion De Projet,108
11,Moebius,108
1,Sainte,108
1,Greek,107
4,Autobiographie,107
5,Casterman,107
16,Java,107
10,Romans Policiers,107
9,Deep Purple (Groupe Musical),106
4,Xbox One,106
19,Leadership,106
12,Michel Langlois,106
22,One Piece,106
6,Rockabilly,106
12,Sherlock Holmes,106
10,"DostoÃ¯evski, Fedor MikhaÃ¯lovitch",105
21,Dragon Ball,105
16,Robin Hobb,105
1,Quatuors Ã Cordes Partitions,104
31,1984,103
14,Albert Camus,103
16,Artificial Intelligence,103
43,"Harari, Yuval N.",103
13,"Patterson, James",103
12,CorÃ©en,103
19,Jo Nesbo,103
16,Nietzsche,103
30,Mission Impossible,102
16,Atwood,102
15,Christophe AndrÃ©,102
1,Times Books,102
19,Anglais,101
20,Arnaldur Indriadason,101
16,Carl Jung,101
12,Cartoville,101
20,Jojo Moyes,101
16,Machine Learning,101
20,Wonder Woman,101
26,Justice League,100
26,r.j.ellory,100
2,Disneyworld,99
10,Documentaire,99
19,Frederic Lenoir,99
2,Recettes VÃ©gÃ©tarienne,99
20,Saga,99
13,"Levy, Marc",98
13,"Tremblay-D'Essiambre, Louise",98
16,Finance,98
1,Turgeon,98
2,Photography,97
41,Call me by your name,97
4,France,97
23,Le Petit Prince,97
13,Woody Allen,96
19,Bourse,96
5,Romans Fantastiques,96
1,Harper Perennial,96
23,Murakami,96
15,Toronto,96
