Number of Birds Detected from 3:20-6:40 (minutes),Temperature (Celcius),Number of Birds Detected from 0-3:20 (minutes),Park,Scientific_Name,Ecoregion,Behaviour,Month,Year,Number of Birds Detected from 6:40-10:00 (minutes),Day,Wind speed (km/h),Common_Name,Elevation (m),Point transect identification,Easting coordinate,Sky condition,Northing coordinate,Point transect name
Nombre doiseaux observés entre 3 min 20 et 6 min 40 (minutes),Température (Celcius),Nombre doiseaux observés entre 0 et 3 min 20 (minutes),Parc,Nom scientifique,Écorégion,Comportement,Mois,Anneé,Nombre doiseaux observés entre 6 min 40 et 10 min (minutes),Jour,Vitesse du vent (km/h),Nom commun,Élévation (m),Identification du point-transect,Abscisse,Condition du ciel,Ordonnée,Nom du point-transect
1,14.8,1,GNP,Carduelis pinus,Alpine,Calling,7,2014,2,9,1.6,PINE SISKIN,2334,3,464268,clear,5677100,Abbott Ridge
1,10.6,1,GNP,Myadestes townsendi,Alpine,Singing,6,2016,1,28,0,TOWNSEND'S SOLITAIRE,2334,3,464268,Broken,5677100,Abbott Ridge
1,11.3,0,GNP,Anthus spinoletta,Alpine,Singing,7,2018,0,8,0,AMERICAN PIPIT,2334,3,464268,broken,5677100,Abbott Ridge
0,11.3,0,GNP,Catharus ustulatus,Alpine,Calling,7,2018,1,8,0,SWAINSON'S THRUSH,2334,3,464268,broken,5677100,Abbott Ridge
0,9.5,3,GNP,Carduelis pinus,Alpine,Calling,7,2019,1,12,9,PINE SISKIN,2334,3,464268,Broken,5677100,Abbott Ridge
2,9.5,2,GNP,Catharus guttatus,Alpine,Singing,7,2019,2,12,9,HERMIT THRUSH,2334,3,464268,Broken,5677100,Abbott Ridge
1,9,1,GNP,Spizella passerina,Alpine,Singing,7,2020,1,11,2,CHIPPING SPARROW,2334,3,464268,Clear,5677100,Abbott Ridge
1,9,1,GNP,Myadestes townsendi,Alpine,Singing,7,2020,1,11,2,TOWNSEND'S SOLITAIRE,2334,3,464268,Clear,5677100,Abbott Ridge
0,13.2,0,GNP,Junco hyemalis,Alpine,Singing,7,2014,1,9,5.5,DARK-EYED JUNCO,2365,4,464364,clear,5676817,Abbott Ridge
1,13.2,1,GNP,Carduelis pinus,Alpine,Calling,7,2014,0,9,5.5,PINE SISKIN,2365,4,464364,clear,5676817,Abbott Ridge
0,9.8,1,GNP,Ochotona princeps,Alpine,Calling,6,2016,0,28,0,PIKA,2365,4,464364,Scattered,5676817,Abbott Ridge
0,9.8,1,GNP,Myadestes townsendi,Alpine,Singing,6,2016,1,28,0,TOWNSEND'S SOLITAIRE,2365,4,464364,Scattered,5676817,Abbott Ridge
1,9.8,1,GNP,Anthus spinoletta,Alpine,Singing,7,2018,0,8,4.5,AMERICAN PIPIT,2365,4,464364,clear,5676817,Abbott Ridge
1,9.8,1,GNP,Carduelis pinus,Alpine,Calling,7,2018,0,8,4.5,PINE SISKIN,2365,4,464364,clear,5676817,Abbott Ridge
1,9.8,1,GNP,Myadestes townsendi,Alpine,Singing,7,2018,0,8,4.5,TOWNSEND'S SOLITAIRE,2365,4,464364,clear,5676817,Abbott Ridge
0,9.8,1,GNP,Vireo gilvus,Alpine,Singing,7,2018,0,8,4.5,WARBLING VIREO,2365,4,464364,clear,5676817,Abbott Ridge
0,8.2,0,GNP,Myadestes townsendi,Alpine,Singing,7,2019,1,12,9,TOWNSEND'S SOLITAIRE,2365,4,464364,Overcast,5676817,Abbott Ridge
0,8.2,0,GNP,Catharus guttatus,Alpine,Singing,7,2019,1,12,9,HERMIT THRUSH,2365,4,464364,Overcast,5676817,Abbott Ridge
0,8.2,2,GNP,Ochotona princeps,Alpine,Calling,7,2019,0,12,9,PIKA,2365,4,464364,Overcast,5676817,Abbott Ridge
1,8.2,1,GNP,Carduelis pinus,Alpine,Calling,7,2019,0,12,9,PINE SISKIN,2365,4,464364,Overcast,5676817,Abbott Ridge
0,8.3,1,GNP,Carduelis pinus,Alpine,Calling,7,2020,0,11,3,PINE SISKIN,2365,4,464364,Clear,5676817,Abbott Ridge
1,8.3,1,GNP,Myadestes townsendi,Alpine,Singing,7,2020,1,11,3,TOWNSEND'S SOLITAIRE,2365,4,464364,Clear,5676817,Abbott Ridge
1,15.7,1,GNP,Myadestes townsendi,Alpine,Singing,7,2014,1,9,1,TOWNSEND'S SOLITAIRE,2351,5,464367,broken,5676510,Abbott Ridge
1,15.7,1,GNP,Spizella passerina,Alpine,Singing,7,2014,0,9,1,CHIPPING SPARROW,2351,5,464367,broken,5676510,Abbott Ridge
1,15.7,1,GNP,Carduelis pinus,Alpine,Calling,7,2014,1,9,1,PINE SISKIN,2351,5,464367,broken,5676510,Abbott Ridge
0,16.5,0,GNP,Junco hyemalis,Alpine,Singing,6,2016,1,28,4,DARK-EYED JUNCO,2351,5,464367,Clear,5676510,Abbott Ridge
0,16.5,0,GNP,Catharus guttatus,Alpine,Singing,6,2016,1,28,4,HERMIT THRUSH,2351,5,464367,Clear,5676510,Abbott Ridge
1,16.5,1,GNP,Carduelis pinus,Alpine,Calling,6,2016,0,28,4,PINE SISKIN,2351,5,464367,Clear,5676510,Abbott Ridge
1,16.5,1,GNP,Myadestes townsendi,Alpine,Singing,6,2016,1,28,4,TOWNSEND'S SOLITAIRE,2351,5,464367,Clear,5676510,Abbott Ridge
1,12.3,1,GNP,Passerella iliaca,Alpine,Singing,7,2018,1,8,0,FOX SPARROW,2351,5,464367,scattered,5676510,Abbott Ridge
1,12.3,1,GNP,Catharus guttatus,Alpine,Singing,7,2018,1,8,0,HERMIT THRUSH,2351,5,464367,scattered,5676510,Abbott Ridge
0,9,1,GNP,Carduelis pinus,Alpine,Calling,7,2019,0,12,9,PINE SISKIN,2351,5,464367,Broken,5676510,Abbott Ridge
0,9,0,GNP,Ixoreus naevius,Alpine,Singing,7,2019,1,12,9,VARIED THRUSH,2351,5,464367,Broken,5676510,Abbott Ridge
1,9,0,GNP,Myadestes townsendi,Alpine,Singing,7,2019,1,12,9,TOWNSEND'S SOLITAIRE,2351,5,464367,Broken,5676510,Abbott Ridge
1,9,0,GNP,Anthus spinoletta,Alpine,Singing,7,2019,0,12,9,AMERICAN PIPIT,2351,5,464367,Broken,5676510,Abbott Ridge
0,9,1,GNP,Colaptes auratus,Alpine,Singing,7,2019,0,12,9,NORTHERN FLICKER,2351,5,464367,Broken,5676510,Abbott Ridge
0,9,0,GNP,LEUCOSTICTE TEPHROCOTIS,Alpine,Calling,7,2019,2,12,9,GRAY-CROWNED ROSY-FINCH,2351,5,464367,Broken,5676510,Abbott Ridge
2,9,2,GNP,Catharus guttatus,Alpine,Singing,7,2019,2,12,9,HERMIT THRUSH,2351,5,464367,Broken,5676510,Abbott Ridge
0,9,0,GNP,Ochotona princeps,Alpine,Calling,7,2019,2,12,9,PIKA,2351,5,464367,Broken,5676510,Abbott Ridge
0,8.7,1,GNP,Carduelis pinus,Alpine,Calling,7,2020,0,11,7,PINE SISKIN,2351,5,464367,Clear,5676510,Abbott Ridge
1,8.7,1,GNP,Junco hyemalis,Alpine,Singing,7,2020,1,11,7,DARK-EYED JUNCO,2351,5,464367,Clear,5676510,Abbott Ridge
2,13.1,1,GNP,Carduelis pinus,Alpine,Calling,7,2014,1,9,2,PINE SISKIN,2461,6,464463,broken,5676224,Abbott Ridge
1,13.1,0,GNP,Catharus guttatus,Alpine,Singing,7,2018,0,8,7.7,HERMIT THRUSH,2461,6,464463,scattered,5676224,Abbott Ridge
1,13.1,0,GNP,Carduelis pinus,Alpine,Calling,7,2018,0,8,7.7,PINE SISKIN,2461,6,464463,scattered,5676224,Abbott Ridge
1,13.1,0,GNP,Myadestes townsendi,Alpine,Singing,7,2018,0,8,7.7,TOWNSEND'S SOLITAIRE,2461,6,464463,scattered,5676224,Abbott Ridge
1,10,1,GNP,Myadestes townsendi,Alpine,Singing,7,2019,1,12,9,TOWNSEND'S SOLITAIRE,2461,6,464463,Scattered,5676224,Abbott Ridge
0,10,0,GNP,Ochotona princeps,Alpine,Calling,7,2019,1,12,9,PIKA,2461,6,464463,Scattered,5676224,Abbott Ridge
1,10,1,GNP,Carduelis pinus,Alpine,Calling,7,2019,1,12,9,PINE SISKIN,2461,6,464463,Scattered,5676224,Abbott Ridge
0,11.3,2,GNP,Loxia curvirostra,Alpine,Calling,7,2020,0,11,3,RED CROSSBILL,2461,6,464463,Clear,5676224,Abbott Ridge
1,9.6,1,GNP,Turdus migratorius,Alpine,Singing,7,2013,1,4,4.5,AMERICAN ROBIN,2113,1,478277,clear,5681410,Bald Hills
1,9.6,0,GNP,Spizella passerina,Alpine,Singing,7,2013,1,4,4.5,CHIPPING SPARROW,2113,1,478277,clear,5681410,Bald Hills
1,9.6,1,GNP,Junco hyemalis,Alpine,Singing,7,2013,1,4,4.5,DARK-EYED JUNCO,2113,1,478277,clear,5681410,Bald Hills
2,9.6,1,GNP,Passerella iliaca,Alpine,Singing,7,2013,1,4,4.5,FOX SPARROW,2113,1,478277,clear,5681410,Bald Hills
3,9.6,3,GNP,Carduelis pinus,Alpine,Singing,7,2013,3,4,4.5,PINE SISKIN,2113,1,478277,clear,5681410,Bald Hills
2,9.6,2,GNP,Ixoreus naevius,Alpine,Singing,7,2013,3,4,4.5,VARIED THRUSH,2113,1,478277,clear,5681410,Bald Hills
1,9.6,1,GNP,Dendroica coronata,Alpine,Singing,7,2013,1,4,4.5,YELLOW-RUMPED WARBLER,2113,1,478277,clear,5681410,Bald Hills
1,8.2,0,GNP,Junco hyemalis,Alpine,Singing,6,2014,0,23,5.8,DARK-EYED JUNCO,2113,1,478277,scattered,5681410,Bald Hills
1,8.2,1,GNP,Dendroica coronata,Alpine,Singing,6,2014,1,23,5.8,YELLOW-RUMPED WARBLER,2113,1,478277,scattered,5681410,Bald Hills
2,8.2,3,GNP,Ixoreus naevius,Alpine,Singing,6,2014,2,23,5.8,VARIED THRUSH,2113,1,478277,scattered,5681410,Bald Hills
0,8.2,2,GNP,Loxia curvirostra,Alpine,Calling,6,2014,0,23,5.8,RED CROSSBILL,2113,1,478277,scattered,5681410,Bald Hills
0,8.2,1,GNP,Carduelis pinus,Alpine,Calling,6,2014,0,23,5.8,PINE SISKIN,2113,1,478277,scattered,5681410,Bald Hills
0,8.2,1,GNP,Catharus guttatus,Alpine,Singing,6,2014,1,23,5.8,HERMIT THRUSH,2113,1,478277,scattered,5681410,Bald Hills
1,8.2,1,GNP,Passerella iliaca,Alpine,Singing,6,2014,1,23,5.8,FOX SPARROW,2113,1,478277,scattered,5681410,Bald Hills
2,8.2,2,GNP,Spizella passerina,Alpine,Singing,6,2014,2,23,5.8,CHIPPING SPARROW,2113,1,478277,scattered,5681410,Bald Hills
1,8.2,0,GNP,Turdus migratorius,Alpine,Singing,6,2014,1,23,5.8,AMERICAN ROBIN,2113,1,478277,scattered,5681410,Bald Hills
2,8.2,2,GNP,,Alpine,Calling,6,2014,1,23,5.8,GROUND SQUIRREL,2113,1,478277,scattered,5681410,Bald Hills
2,13.8,2,GNP,,Alpine,Calling,6,2016,1,29,5,GROUND SQUIRREL,2113,1,478277,Clear,5681410,Bald Hills
0,13.8,1,GNP,Regulus calendula,Alpine,Singing,6,2016,0,29,5,RUBY-CROWNED KINGLET,2113,1,478277,Clear,5681410,Bald Hills
0,13.8,1,GNP,Carduelis pinus,Alpine,Calling,6,2016,1,29,5,PINE SISKIN,2113,1,478277,Clear,5681410,Bald Hills
1,13.8,1,GNP,Spizella passerina,Alpine,Singing,6,2016,1,29,5,CHIPPING SPARROW,2113,1,478277,Clear,5681410,Bald Hills
1,13.8,1,GNP,Catharus guttatus,Alpine,Singing,6,2016,1,29,5,HERMIT THRUSH,2113,1,478277,Clear,5681410,Bald Hills
0,13.8,1,GNP,Zonotrichia leucophrys,Alpine,Singing,6,2016,0,29,5,WHITE-CROWNED SPARROW,2113,1,478277,Clear,5681410,Bald Hills
1,13.8,1,GNP,Regulus satrapa,Alpine,Singing,6,2016,1,29,5,GOLDEN-CROWNED KINGLET,2113,1,478277,Clear,5681410,Bald Hills
0,13.8,0,GNP,Nucifraga columbiana,Alpine,Calling,6,2016,1,29,5,CLARK'S NUTCRACKER,2113,1,478277,Clear,5681410,Bald Hills
1,13.8,1,GNP,Turdus migratorius,Alpine,Singing,6,2016,0,29,5,AMERICAN ROBIN,2113,1,478277,Clear,5681410,Bald Hills
0,13.8,1,GNP,Anthus spinoletta,Alpine,Singing,6,2016,0,29,5,AMERICAN PIPIT,2113,1,478277,Clear,5681410,Bald Hills
0,13.8,1,GNP,Zonotrichia atricapilla,Alpine,Singing,6,2016,1,29,5,GOLDEN-CROWNED SPARROW,2113,1,478277,Clear,5681410,Bald Hills
1,13.8,1,GNP,Passerella iliaca,Alpine,Singing,6,2016,0,29,5,FOX SPARROW,2113,1,478277,Clear,5681410,Bald Hills
1,17.1,2,GNP,Catharus guttatus,Alpine,Singing,7,2018,1,13,2,HERMIT THRUSH,2113,1,478277,clear,5681410,Bald Hills
1,17.1,1,GNP,Dendroica coronata,Alpine,Singing,7,2018,1,13,2,YELLOW-RUMPED WARBLER,2113,1,478277,clear,5681410,Bald Hills
1,17.1,0,GNP,Loxia leucoptera,Alpine,Calling,7,2018,1,13,2,WHITE-WINGED CROSSBILL,2113,1,478277,clear,5681410,Bald Hills
1,17.1,1,GNP,Myadestes townsendi,Alpine,Singing,7,2018,0,13,2,TOWNSEND'S SOLITAIRE,2113,1,478277,clear,5681410,Bald Hills
0,17.1,0,GNP,Selasphorus rufus,Alpine,Flying,7,2018,1,13,2,RUFOUS HUMMINGBIRD,2113,1,478277,clear,5681410,Bald Hills
1,17.1,1,GNP,Troglodytes pacificus,Alpine,Singing,7,2018,1,13,2,Pacific Wren,2113,1,478277,clear,5681410,Bald Hills
2,17.1,2,GNP,,Alpine,Calling,7,2018,2,13,2,GROUND SQUIRREL,2113,1,478277,clear,5681410,Bald Hills
1,17.1,1,GNP,Passerella iliaca,Alpine,Singing,7,2018,1,13,2,FOX SPARROW,2113,1,478277,clear,5681410,Bald Hills
0,17.1,0,GNP,Spizella passerina,Alpine,Singing,7,2018,1,13,2,CHIPPING SPARROW,2113,1,478277,clear,5681410,Bald Hills
0,17.1,1,GNP,Turdus migratorius,Alpine,Calling,7,2018,1,13,2,AMERICAN ROBIN,2113,1,478277,clear,5681410,Bald Hills
1,17.1,1,GNP,Regulus calendula,Alpine,Singing,7,2018,1,13,2,RUBY-CROWNED KINGLET,2113,1,478277,clear,5681410,Bald Hills
1,11.4,2,GNP,,Alpine,Calling,7,2019,1,9,2,GROUND SQUIRREL,2113,1,478277,Scattered,5681410,Bald Hills
1,11.4,0,GNP,Zonotrichia leucophrys,Alpine,Singing,7,2019,1,9,2,WHITE-CROWNED SPARROW,2113,1,478277,Scattered,5681410,Bald Hills
1,11.4,1,GNP,Passerculus sandwichensis,Alpine,Singing,7,2019,0,9,2,SAVANNAH SPARROW,2113,1,478277,Scattered,5681410,Bald Hills
0,11.4,0,GNP,Loxia curvirostra,Alpine,Calling,7,2019,1,9,2,RED CROSSBILL,2113,1,478277,Scattered,5681410,Bald Hills
1,11.4,0,GNP,Regulus calendula,Alpine,Singing,7,2019,0,9,2,RUBY-CROWNED KINGLET,2113,1,478277,Scattered,5681410,Bald Hills
1,11.4,1,GNP,Dendroica coronata,Alpine,Singing,7,2019,0,9,2,YELLOW-RUMPED WARBLER,2113,1,478277,Scattered,5681410,Bald Hills
2,11.4,3,GNP,Passerella iliaca,Alpine,Singing,7,2019,2,9,2,FOX SPARROW,2113,1,478277,Scattered,5681410,Bald Hills
0,11.4,0,GNP,Junco hyemalis,Alpine,Singing,7,2019,1,9,2,DARK-EYED JUNCO,2113,1,478277,Scattered,5681410,Bald Hills
1,11.4,0,GNP,Nucifraga columbiana,Alpine,Calling,7,2019,0,9,2,CLARK'S NUTCRACKER,2113,1,478277,Scattered,5681410,Bald Hills
1,11.4,1,GNP,Spizella passerina,Alpine,Singing,7,2019,1,9,2,CHIPPING SPARROW,2113,1,478277,Scattered,5681410,Bald Hills
1,11.4,2,GNP,Carduelis pinus,Alpine,Calling,7,2019,1,9,2,PINE SISKIN,2113,1,478277,Scattered,5681410,Bald Hills
1,11.4,1,GNP,Catharus guttatus,Alpine,Singing,7,2019,1,9,2,HERMIT THRUSH,2113,1,478277,Scattered,5681410,Bald Hills
0,10.8,0,GNP,Turdus migratorius,Alpine,Calling,7,2020,1,21,4.5,AMERICAN ROBIN,2113,1,478277,Overcast,5681410,Bald Hills
1,10.8,1,GNP,Passerculus sandwichensis,Alpine,Singing,7,2020,0,21,4.5,SAVANNAH SPARROW,2113,1,478277,Overcast,5681410,Bald Hills
1,10.8,1,GNP,Carduelis pinus,Alpine,Calling,7,2020,0,21,4.5,PINE SISKIN,2113,1,478277,Overcast,5681410,Bald Hills
1,10.8,1,GNP,Zonotrichia atricapilla,Alpine,Singing,7,2020,1,21,4.5,GOLDEN-CROWNED SPARROW,2113,1,478277,Overcast,5681410,Bald Hills
1,10.8,1,GNP,Catharus guttatus,Alpine,Singing,7,2020,1,21,4.5,HERMIT THRUSH,2113,1,478277,Overcast,5681410,Bald Hills
0,11.9,1,GNP,Stelgidopteryx serripennis,Alpine,Calling,6,2014,0,23,5,NORTHERN ROUGH-WINGED SWALLOW,2261,10,479021,broken,5682207,Bald Hills
0,11.9,0,GNP,Dendroica coronata,Alpine,Singing,6,2014,1,23,5,YELLOW-RUMPED WARBLER,2261,10,479021,broken,5682207,Bald Hills
2,11.9,2,GNP,Eremophila alpestris,Alpine,Singing,6,2014,2,23,5,HORNED LARK,2261,10,479021,broken,5682207,Bald Hills
1,11.9,1,GNP,Nucifraga columbiana,Alpine,Calling,6,2014,2,23,5,CLARK'S NUTCRACKER,2261,10,479021,broken,5682207,Bald Hills
0,11.9,1,GNP,Anthus spinoletta,Alpine,Singing,6,2014,0,23,5,AMERICAN PIPIT,2261,10,479021,broken,5682207,Bald Hills
1,13.8,1,GNP,Nucifraga columbiana,Alpine,Calling,6,2016,1,29,3,CLARK'S NUTCRACKER,2261,10,479021,Clear,5682207,Bald Hills
0,13.8,1,GNP,Passerella iliaca,Alpine,Singing,6,2016,0,29,3,FOX SPARROW,2261,10,479021,Clear,5682207,Bald Hills
1,13.8,0,GNP,LEUCOSTICTE TEPHROCOTIS,Alpine,Calling,6,2016,0,29,3,GRAY-CROWNED ROSY-FINCH,2261,10,479021,Clear,5682207,Bald Hills
1,13.8,1,GNP,,Alpine,Calling,6,2016,1,29,3,GROUND SQUIRREL,2261,10,479021,Clear,5682207,Bald Hills
1,13.8,1,GNP,Eremophila alpestris,Alpine,Singing,6,2016,1,29,3,HORNED LARK,2261,10,479021,Clear,5682207,Bald Hills
0,13.8,0,GNP,Sialia currucoides,Alpine,Singing,6,2016,1,29,3,MOUNTAIN BLUEBIRD,2261,10,479021,Clear,5682207,Bald Hills
1,13.8,1,GNP,Anthus spinoletta,Alpine,Singing,6,2016,1,29,3,AMERICAN PIPIT,2261,10,479021,Clear,5682207,Bald Hills
0,13.7,0,GNP,Carduelis pinus,Alpine,Calling,7,2018,1,13,2.5,PINE SISKIN,2261,10,477137,clear,5680688,Bald Hills
2,13.7,2,GNP,Anthus spinoletta,Alpine,Singing,7,2018,2,13,2.5,AMERICAN PIPIT,2261,10,477137,clear,5680688,Bald Hills
1,13.7,1,GNP,Passerculus sandwichensis,Alpine,Singing,7,2018,1,13,2.5,SAVANNAH SPARROW,2261,10,477137,clear,5680688,Bald Hills
1,13.7,1,GNP,,Alpine,Calling,7,2018,1,13,2.5,GROUND SQUIRREL,2261,10,477137,clear,5680688,Bald Hills
1,13.7,1,GNP,Passerella iliaca,Alpine,Singing,7,2018,1,13,2.5,FOX SPARROW,2261,10,477137,clear,5680688,Bald Hills
1,13.7,1,GNP,Eremophila alpestris,Alpine,Singing,7,2018,1,13,2.5,HORNED LARK,2261,10,477137,clear,5680688,Bald Hills
1,11.1,1,GNP,Passerculus sandwichensis,Alpine,Singing,7,2019,1,9,4.6,SAVANNAH SPARROW,2261,10,477137,Scattered,5680688,Bald Hills
1,11.1,0,GNP,Chaetura vauxi,Alpine,Calling,7,2019,0,9,4.6,VAUX'S SWIFT,2261,10,477137,Scattered,5680688,Bald Hills
2,11.1,2,GNP,Carduelis pinus,Alpine,Calling,7,2019,2,9,4.6,PINE SISKIN,2261,10,477137,Scattered,5680688,Bald Hills
2,11.1,1,GNP,Eremophila alpestris,Alpine,Singing,7,2019,2,9,4.6,HORNED LARK,2261,10,477137,Scattered,5680688,Bald Hills
1,11.1,1,GNP,,Alpine,Calling,7,2019,1,9,4.6,GROUND SQUIRREL,2261,10,477137,Scattered,5680688,Bald Hills
0,11.1,0,GNP,LEUCOSTICTE TEPHROCOTIS,Alpine,Calling,7,2019,2,9,4.6,GRAY-CROWNED ROSY-FINCH,2261,10,477137,Scattered,5680688,Bald Hills
1,11.1,1,GNP,Passerella iliaca,Alpine,Singing,7,2019,1,9,4.6,FOX SPARROW,2261,10,477137,Scattered,5680688,Bald Hills
1,11.1,1,GNP,Anthus spinoletta,Alpine,Singing,7,2019,1,9,4.6,AMERICAN PIPIT,2261,10,477137,Scattered,5680688,Bald Hills
1,11.1,0,GNP,Zonotrichia leucophrys,Alpine,Singing,7,2019,0,9,4.6,WHITE-CROWNED SPARROW,2261,10,477137,Scattered,5680688,Bald Hills
1,11.4,0,GNP,Carduelis pinus,Alpine,Calling,7,2020,0,21,7.4,PINE SISKIN,2261,10,477137,Overcast,5680688,Bald Hills
0,11.4,0,GNP,Nucifraga columbiana,Alpine,Calling,7,2020,1,21,7.4,CLARK'S NUTCRACKER,2261,10,477137,Overcast,5680688,Bald Hills
0,11.4,0,GNP,Passerella iliaca,Alpine,Singing,7,2020,1,21,7.4,FOX SPARROW,2261,10,477137,Overcast,5680688,Bald Hills
1,11.4,1,GNP,Perisoreus canadensis,Alpine,Calling,7,2020,1,21,7.4,GRAY JAY,2261,10,477137,Overcast,5680688,Bald Hills
1,11.4,1,GNP,,Alpine,Calling,7,2020,2,21,7.4,GROUND SQUIRREL,2261,10,477137,Overcast,5680688,Bald Hills
1,8.2,1,GNP,Turdus migratorius,Alpine,Singing,6,2014,1,23,4.6,AMERICAN ROBIN,2260,11,477339,broken,5680336,Bald Hills
1,8.2,0,GNP,Nucifraga columbiana,Alpine,Calling,6,2014,0,23,4.6,CLARK'S NUTCRACKER,2260,11,477339,broken,5680336,Bald Hills
1,8.2,1,GNP,Eremophila alpestris,Alpine,Singing,6,2014,0,23,4.6,HORNED LARK,2260,11,477339,broken,5680336,Bald Hills
0,8.2,0,GNP,Sialia currucoides,Alpine,Calling,6,2014,1,23,4.6,MOUNTAIN BLUEBIRD,2260,11,477339,broken,5680336,Bald Hills
1,8.2,1,GNP,Dendroica coronata,Alpine,Singing,6,2014,0,23,4.6,YELLOW-RUMPED WARBLER,2260,11,477339,broken,5680336,Bald Hills
1,13.1,0,GNP,Loxia leucoptera,Alpine,Calling,7,2018,0,13,5.2,WHITE-WINGED CROSSBILL,2260,11,477339,clear,5680336,Bald Hills
1,13.1,0,GNP,Carduelis pinus,Alpine,Calling,7,2018,1,13,5.2,PINE SISKIN,2260,11,477339,clear,5680336,Bald Hills
1,13.1,1,GNP,Dendroica coronata,Alpine,Calling,7,2018,0,13,5.2,YELLOW-RUMPED WARBLER,2260,11,477339,clear,5680336,Bald Hills
0,13.1,1,GNP,,Alpine,Calling,7,2018,0,13,5.2,GROUND SQUIRREL,2260,11,477339,clear,5680336,Bald Hills
1,13.1,1,GNP,Anthus spinoletta,Alpine,Singing,7,2018,1,13,5.2,AMERICAN PIPIT,2260,11,477339,clear,5680336,Bald Hills
2,13.1,2,GNP,Passerella iliaca,Alpine,Singing,7,2018,2,13,5.2,FOX SPARROW,2260,11,477339,clear,5680336,Bald Hills
1,13.1,1,GNP,Eremophila alpestris,Alpine,Singing,7,2018,2,13,5.2,HORNED LARK,2260,11,477339,clear,5680336,Bald Hills
0,15,2,GNP,Eremophila alpestris,Alpine,Singing,7,2019,1,9,2.2,HORNED LARK,2260,11,477339,Scattered,5680336,Bald Hills
0,15,1,GNP,Anthus spinoletta,Alpine,Singing,7,2019,1,9,2.2,AMERICAN PIPIT,2260,11,477339,Scattered,5680336,Bald Hills
3,15,3,GNP,Carduelis pinus,Alpine,Calling,7,2019,1,9,2.2,PINE SISKIN,2260,11,477339,Scattered,5680336,Bald Hills
2,15,2,GNP,,Alpine,Calling,7,2019,2,9,2.2,GROUND SQUIRREL,2260,11,477339,Scattered,5680336,Bald Hills
1,15,0,GNP,LEUCOSTICTE TEPHROCOTIS,Alpine,Calling,7,2019,1,9,2.2,GRAY-CROWNED ROSY-FINCH,2260,11,477339,Scattered,5680336,Bald Hills
1,15,0,GNP,Junco hyemalis,Alpine,Singing,7,2019,1,9,2.2,DARK-EYED JUNCO,2260,11,477339,Scattered,5680336,Bald Hills
1,15,1,GNP,Nucifraga columbiana,Alpine,Calling,7,2019,0,9,2.2,CLARK'S NUTCRACKER,2260,11,477339,Scattered,5680336,Bald Hills
0,15,1,GNP,Spizella passerina,Alpine,Singing,7,2019,0,9,2.2,CHIPPING SPARROW,2260,11,477339,Scattered,5680336,Bald Hills
0,15,1,GNP,Turdus migratorius,Alpine,Singing,7,2019,1,9,2.2,AMERICAN ROBIN,2260,11,477339,Scattered,5680336,Bald Hills
1,15,1,GNP,Passerella iliaca,Alpine,Singing,7,2019,1,9,2.2,FOX SPARROW,2260,11,477339,Scattered,5680336,Bald Hills
0,15,1,GNP,Zonotrichia leucophrys,Alpine,Singing,7,2019,0,9,2.2,WHITE-CROWNED SPARROW,2260,11,477339,Scattered,5680336,Bald Hills
2,12.2,2,GNP,,Alpine,Calling,7,2020,1,21,1.9,GROUND SQUIRREL,2260,11,477339,Overcast,5680336,Bald Hills
1,12.2,0,GNP,Corvus corax,Alpine,Calling,7,2020,0,21,1.9,COMMON RAVEN,2260,11,477339,Overcast,5680336,Bald Hills
1,12.2,0,GNP,Nucifraga columbiana,Alpine,Calling,7,2020,1,21,1.9,CLARK'S NUTCRACKER,2260,11,477339,Overcast,5680336,Bald Hills
0,10,0,GNP,Carduelis pinus,Alpine,Calling,7,2013,1,4,2,PINE SISKIN,2155,2,478009,scattered,5681551,Bald Hills
1,10,1,GNP,Ixoreus naevius,Alpine,Singing,7,2013,2,4,2,VARIED THRUSH,2155,2,478009,scattered,5681551,Bald Hills
0,10,0,GNP,Dendroica coronata,Alpine,Singing,7,2013,1,4,2,YELLOW-RUMPED WARBLER,2155,2,478009,scattered,5681551,Bald Hills
2,10,2,GNP,Turdus migratorius,Alpine,Singing,7,2013,2,4,2,AMERICAN ROBIN,2155,2,478009,scattered,5681551,Bald Hills
0,10,0,GNP,Catharus guttatus,Alpine,Singing,7,2013,1,4,2,HERMIT THRUSH,2155,2,478009,scattered,5681551,Bald Hills
0,10,0,GNP,Passerella iliaca,Alpine,Singing,7,2013,1,4,2,FOX SPARROW,2155,2,478009,scattered,5681551,Bald Hills
1,7,1,GNP,Anthus spinoletta,Alpine,Singing,6,2014,1,23,5.9,AMERICAN PIPIT,2155,2,478009,clear,5681551,Bald Hills
0,7,0,GNP,Turdus migratorius,Alpine,Calling,6,2014,1,23,5.9,AMERICAN ROBIN,2155,2,478009,clear,5681551,Bald Hills
1,7,0,GNP,Passerella iliaca,Alpine,Singing,6,2014,1,23,5.9,FOX SPARROW,2155,2,478009,clear,5681551,Bald Hills
0,7,0,GNP,Passerculus sandwichensis,Alpine,Singing,6,2014,1,23,5.9,SAVANNAH SPARROW,2155,2,478009,clear,5681551,Bald Hills
2,7,1,GNP,Ixoreus naevius,Alpine,Singing,6,2014,1,23,5.9,VARIED THRUSH,2155,2,478009,clear,5681551,Bald Hills
0,13.8,0,GNP,Junco hyemalis,Alpine,Singing,6,2016,1,29,5,DARK-EYED JUNCO,2155,2,478009,Clear,5681551,Bald Hills
0,13.8,1,GNP,Ixoreus naevius,Alpine,Singing,6,2016,0,29,5,VARIED THRUSH,2155,2,478009,Clear,5681551,Bald Hills
1,13.8,1,GNP,Passerculus sandwichensis,Alpine,Singing,6,2016,1,29,5,SAVANNAH SPARROW,2155,2,478009,Clear,5681551,Bald Hills
0,13.8,1,GNP,Carduelis pinus,Alpine,Calling,6,2016,0,29,5,PINE SISKIN,2155,2,478009,Clear,5681551,Bald Hills
0,13.8,0,GNP,,Alpine,Other,6,2016,1,29,5,unidentified hummingbird,2155,2,478009,Clear,5681551,Bald Hills
1,13.8,1,GNP,Eremophila alpestris,Alpine,Singing,6,2016,1,29,5,HORNED LARK,2155,2,478009,Clear,5681551,Bald Hills
1,13.8,1,GNP,Zonotrichia atricapilla,Alpine,Singing,6,2016,1,29,5,GOLDEN-CROWNED SPARROW,2155,2,478009,Clear,5681551,Bald Hills
1,13.8,1,GNP,Anthus spinoletta,Alpine,Singing,6,2016,1,29,5,AMERICAN PIPIT,2155,2,478009,Clear,5681551,Bald Hills
1,13.8,1,GNP,,Alpine,Calling,6,2016,1,29,5,GROUND SQUIRREL,2155,2,478009,Clear,5681551,Bald Hills
2,16.1,1,GNP,Anthus spinoletta,Alpine,Singing,7,2018,2,13,6.9,AMERICAN PIPIT,2155,2,478009,clear,5681551,Bald Hills
0,16.1,1,GNP,Eremophila alpestris,Alpine,Singing,7,2018,0,13,6.9,HORNED LARK,2155,2,478009,clear,5681551,Bald Hills
1,16.1,1,GNP,Passerculus sandwichensis,Alpine,Singing,7,2018,1,13,6.9,SAVANNAH SPARROW,2155,2,478009,clear,5681551,Bald Hills
1,16.1,1,GNP,Zonotrichia leucophrys,Alpine,Singing,7,2018,0,13,6.9,WHITE-CROWNED SPARROW,2155,2,478009,clear,5681551,Bald Hills
0,16.1,1,GNP,Junco hyemalis,Alpine,Calling,7,2018,0,13,6.9,DARK-EYED JUNCO,2155,2,478009,clear,5681551,Bald Hills
1,16.1,1,GNP,Passerella iliaca,Alpine,Singing,7,2018,1,13,6.9,FOX SPARROW,2155,2,478009,clear,5681551,Bald Hills
2,16.1,2,GNP,Catharus guttatus,Alpine,Singing,7,2018,1,13,6.9,HERMIT THRUSH,2155,2,478009,clear,5681551,Bald Hills
2,9.1,1,GNP,Anthus spinoletta,Alpine,Singing,7,2019,1,9,1.6,AMERICAN PIPIT,2155,2,478009,Scattered,5681551,Bald Hills
0,9.1,0,GNP,Junco hyemalis,Alpine,Singing,7,2019,1,9,1.6,DARK-EYED JUNCO,2155,2,478009,Scattered,5681551,Bald Hills
1,9.1,1,GNP,Passerella iliaca,Alpine,Singing,7,2019,1,9,1.6,FOX SPARROW,2155,2,478009,Scattered,5681551,Bald Hills
1,9.1,0,GNP,Catharus guttatus,Alpine,Singing,7,2019,1,9,1.6,HERMIT THRUSH,2155,2,478009,Scattered,5681551,Bald Hills
2,9.1,3,GNP,Carduelis pinus,Alpine,Calling,7,2019,2,9,1.6,PINE SISKIN,2155,2,478009,Scattered,5681551,Bald Hills
1,9.1,1,GNP,Passerculus sandwichensis,Alpine,Singing,7,2019,1,9,1.6,SAVANNAH SPARROW,2155,2,478009,Scattered,5681551,Bald Hills
2,9.1,2,GNP,Zonotrichia leucophrys,Alpine,Singing,7,2019,2,9,1.6,WHITE-CROWNED SPARROW,2155,2,478009,Scattered,5681551,Bald Hills
0,9.1,1,GNP,Dendroica coronata,Alpine,Singing,7,2019,0,9,1.6,YELLOW-RUMPED WARBLER,2155,2,478009,Scattered,5681551,Bald Hills
0,10.6,0,GNP,Zonotrichia leucophrys,Alpine,Singing,7,2020,1,21,3.7,WHITE-CROWNED SPARROW,2155,2,478009,Overcast,5681551,Bald Hills
1,10.6,0,GNP,Catharus guttatus,Alpine,Singing,7,2020,1,21,3.7,HERMIT THRUSH,2155,2,478009,Overcast,5681551,Bald Hills
0,10.6,1,GNP,,Alpine,Calling,7,2020,0,21,3.7,GROUND SQUIRREL,2155,2,478009,Overcast,5681551,Bald Hills
1,10.6,1,GNP,Zonotrichia atricapilla,Alpine,Singing,7,2020,1,21,3.7,GOLDEN-CROWNED SPARROW,2155,2,478009,Overcast,5681551,Bald Hills
1,10.6,1,GNP,Anthus spinoletta,Alpine,Calling,7,2020,1,21,3.7,AMERICAN PIPIT,2155,2,478009,Overcast,5681551,Bald Hills
0,10.6,1,GNP,Passerella iliaca,Alpine,Singing,7,2020,0,21,3.7,FOX SPARROW,2155,2,478009,Overcast,5681551,Bald Hills
0,10.6,0,GNP,Passerculus sandwichensis,Alpine,Singing,7,2020,1,21,3.7,SAVANNAH SPARROW,2155,2,478009,Overcast,5681551,Bald Hills
1,10.3,1,GNP,Turdus migratorius,Alpine,Singing,7,2013,1,4,4,AMERICAN ROBIN,2187,3,477763,broken,5681723,Bald Hills
0,10.3,1,GNP,Ixoreus naevius,Alpine,Singing,7,2013,1,4,4,VARIED THRUSH,2187,3,477763,broken,5681723,Bald Hills
0,10.3,1,GNP,Junco hyemalis,Alpine,Singing,7,2013,0,4,4,DARK-EYED JUNCO,2187,3,477763,broken,5681723,Bald Hills
0,10.3,1,GNP,Passerella iliaca,Alpine,Singing,7,2013,0,4,4,FOX SPARROW,2187,3,477763,broken,5681723,Bald Hills
1,11.2,1,GNP,Turdus migratorius,Alpine,Singing,6,2014,0,23,1.8,AMERICAN ROBIN,2187,3,477763,clear,5681723,Bald Hills
1,11.2,0,GNP,Spizella passerina,Alpine,Singing,6,2014,1,23,1.8,CHIPPING SPARROW,2187,3,477763,clear,5681723,Bald Hills
0,11.2,0,GNP,Passerella iliaca,Alpine,Singing,6,2014,1,23,1.8,FOX SPARROW,2187,3,477763,clear,5681723,Bald Hills
0,11.2,0,GNP,Passerculus sandwichensis,Alpine,Singing,6,2014,1,23,1.8,SAVANNAH SPARROW,2187,3,477763,clear,5681723,Bald Hills
1,11.2,1,GNP,Ixoreus naevius,Alpine,Singing,6,2014,1,23,1.8,VARIED THRUSH,2187,3,477763,clear,5681723,Bald Hills
0,15.3,0,GNP,Turdus migratorius,Alpine,Calling,6,2016,1,29,5,AMERICAN ROBIN,2187,3,477763,Clear,5681723,Bald Hills
0,15.3,1,GNP,Ixoreus naevius,Alpine,Singing,6,2016,0,29,5,VARIED THRUSH,2187,3,477763,Clear,5681723,Bald Hills
0,15.3,1,GNP,Eremophila alpestris,Alpine,Singing,6,2016,0,29,5,HORNED LARK,2187,3,477763,Clear,5681723,Bald Hills
1,15.3,1,GNP,Catharus guttatus,Alpine,Singing,6,2016,0,29,5,HERMIT THRUSH,2187,3,477763,Clear,5681723,Bald Hills
1,15.3,1,GNP,Anthus spinoletta,Alpine,Singing,6,2016,1,29,5,AMERICAN PIPIT,2187,3,477763,Clear,5681723,Bald Hills
1,15.3,1,GNP,Passerella iliaca,Alpine,Singing,6,2016,1,29,5,FOX SPARROW,2187,3,477763,Clear,5681723,Bald Hills
0,15.3,1,GNP,Junco hyemalis,Alpine,Singing,6,2016,1,29,5,DARK-EYED JUNCO,2187,3,477763,Clear,5681723,Bald Hills
0,16.3,0,GNP,Eremophila alpestris,Alpine,Singing,7,2018,1,13,1.1,HORNED LARK,2187,3,477763,clear,5681723,Bald Hills
1,16.3,0,GNP,,Alpine,Singing,7,2018,0,13,1.1,SECOND UNKNOWN,2187,3,477763,clear,5681723,Bald Hills
1,16.3,1,GNP,Dendroica coronata,Alpine,Singing,7,2018,0,13,1.1,YELLOW-RUMPED WARBLER,2187,3,477763,clear,5681723,Bald Hills
1,16.3,0,GNP,Myadestes townsendi,Alpine,Singing,7,2018,0,13,1.1,TOWNSEND'S SOLITAIRE,2187,3,477763,clear,5681723,Bald Hills
0,16.3,1,GNP,Carduelis pinus,Alpine,Calling,7,2018,0,13,1.1,PINE SISKIN,2187,3,477763,clear,5681723,Bald Hills
1,16.3,1,GNP,Catharus guttatus,Alpine,Singing,7,2018,1,13,1.1,HERMIT THRUSH,2187,3,477763,clear,5681723,Bald Hills
2,16.3,1,GNP,,Alpine,Calling,7,2018,1,13,1.1,GROUND SQUIRREL,2187,3,477763,clear,5681723,Bald Hills
1,16.3,1,GNP,Passerella iliaca,Alpine,Singing,7,2018,1,13,1.1,FOX SPARROW,2187,3,477763,clear,5681723,Bald Hills
1,16.3,0,GNP,Spizella passerina,Alpine,Singing,7,2018,0,13,1.1,CHIPPING SPARROW,2187,3,477763,clear,5681723,Bald Hills
1,16.3,0,GNP,Turdus migratorius,Alpine,Singing,7,2018,0,13,1.1,AMERICAN ROBIN,2187,3,477763,clear,5681723,Bald Hills
1,16.3,2,GNP,Anthus spinoletta,Alpine,Singing,7,2018,2,13,1.1,AMERICAN PIPIT,2187,3,477763,clear,5681723,Bald Hills
2,16.3,2,GNP,Passerculus sandwichensis,Alpine,Singing,7,2018,2,13,1.1,SAVANNAH SPARROW,2187,3,477763,clear,5681723,Bald Hills
2,9,1,GNP,Catharus guttatus,Alpine,Singing,7,2019,1,9,1,HERMIT THRUSH,2187,3,477763,Scattered,5681723,Bald Hills
1,9,0,GNP,Zonotrichia leucophrys,Alpine,Singing,7,2019,0,9,1,WHITE-CROWNED SPARROW,2187,3,477763,Scattered,5681723,Bald Hills
0,9,1,GNP,Passerculus sandwichensis,Alpine,Singing,7,2019,1,9,1,SAVANNAH SPARROW,2187,3,477763,Scattered,5681723,Bald Hills
1,9,0,GNP,Dendroica coronata,Alpine,Singing,7,2019,0,9,1,YELLOW-RUMPED WARBLER,2187,3,477763,Scattered,5681723,Bald Hills
1,9,0,GNP,Carduelis pinus,Alpine,Calling,7,2019,0,9,1,PINE SISKIN,2187,3,477763,Scattered,5681723,Bald Hills
1,9,2,GNP,Passerella iliaca,Alpine,Singing,7,2019,2,9,1,FOX SPARROW,2187,3,477763,Scattered,5681723,Bald Hills
1,9,0,GNP,Spizella passerina,Alpine,Singing,7,2019,1,9,1,CHIPPING SPARROW,2187,3,477763,Scattered,5681723,Bald Hills
2,9,2,GNP,Anthus spinoletta,Alpine,Singing,7,2019,1,9,1,AMERICAN PIPIT,2187,3,477763,Scattered,5681723,Bald Hills
0,9,0,GNP,Loxia curvirostra,Alpine,Calling,7,2019,2,9,1,RED CROSSBILL,2187,3,477763,Scattered,5681723,Bald Hills
1,9,1,GNP,,Alpine,Calling,7,2019,1,9,1,GROUND SQUIRREL,2187,3,477763,Scattered,5681723,Bald Hills
3,11.1,3,GNP,,Alpine,Calling,7,2020,1,21,5.4,GROUND SQUIRREL,2187,3,477763,Overcast,5681723,Bald Hills
0,11.1,1,GNP,Catharus guttatus,Alpine,Singing,7,2020,1,21,5.4,HERMIT THRUSH,2187,3,477763,Overcast,5681723,Bald Hills
0,11.1,1,GNP,Anthus spinoletta,Alpine,Singing,7,2020,1,21,5.4,AMERICAN PIPIT,2187,3,477763,Overcast,5681723,Bald Hills
1,11.1,0,GNP,Carduelis pinus,Alpine,Calling,7,2020,0,21,5.4,PINE SISKIN,2187,3,477763,Overcast,5681723,Bald Hills
1,12,1,GNP,Passerella iliaca,Alpine,Singing,7,2013,1,4,2.5,FOX SPARROW,2223,4,477481,clear,5681611,Bald Hills
1,12,1,GNP,,Alpine,Calling,7,2013,1,4,2.5,GROUND SQUIRREL,2223,4,477481,clear,5681611,Bald Hills
1,12,0,GNP,Carduelis pinus,Alpine,Calling,7,2013,0,4,2.5,PINE SISKIN,2223,4,477481,clear,5681611,Bald Hills
0,8.5,1,GNP,Nucifraga columbiana,Alpine,Calling,6,2014,0,23,0,CLARK'S NUTCRACKER,2223,4,477481,clear,5681611,Bald Hills
1,8.5,1,GNP,Dendroica coronata,Alpine,Singing,6,2014,1,23,0,YELLOW-RUMPED WARBLER,2223,4,477481,clear,5681611,Bald Hills
0,8.5,0,GNP,Loxia curvirostra,Alpine,Calling,6,2014,1,23,0,RED CROSSBILL,2223,4,477481,clear,5681611,Bald Hills
0,8.5,0,GNP,Pinicola enucleator,Alpine,Singing,6,2014,1,23,0,PINE GROSBEAK,2223,4,477481,clear,5681611,Bald Hills
0,8.5,1,GNP,Catharus guttatus,Alpine,Singing,6,2014,1,23,0,HERMIT THRUSH,2223,4,477481,clear,5681611,Bald Hills
1,8.5,0,GNP,LEUCOSTICTE TEPHROCOTIS,Alpine,Calling,6,2014,0,23,0,GRAY-CROWNED ROSY-FINCH,2223,4,477481,clear,5681611,Bald Hills
1,8.5,1,GNP,Junco hyemalis,Alpine,Singing,6,2014,0,23,0,DARK-EYED JUNCO,2223,4,477481,clear,5681611,Bald Hills
0,8.5,0,GNP,Spizella passerina,Alpine,Singing,6,2014,1,23,0,CHIPPING SPARROW,2223,4,477481,clear,5681611,Bald Hills
0,8.5,1,GNP,Turdus migratorius,Alpine,Singing,6,2014,1,23,0,AMERICAN ROBIN,2223,4,477481,clear,5681611,Bald Hills
1,8.5,1,GNP,Passerella iliaca,Alpine,Singing,6,2014,2,23,0,FOX SPARROW,2223,4,477481,clear,5681611,Bald Hills
1,15,1,GNP,Passerella iliaca,Alpine,Singing,6,2016,1,29,0,FOX SPARROW,2223,4,477481,Clear,5681611,Bald Hills
1,15,1,GNP,Regulus calendula,Alpine,Singing,6,2016,0,29,0,RUBY-CROWNED KINGLET,2223,4,477481,Clear,5681611,Bald Hills
1,15,0,GNP,Sialia currucoides,Alpine,Singing,6,2016,1,29,0,MOUNTAIN BLUEBIRD,2223,4,477481,Clear,5681611,Bald Hills
0,15,1,GNP,Dendroica coronata,Alpine,Singing,6,2016,1,29,0,YELLOW-RUMPED WARBLER,2223,4,477481,Clear,5681611,Bald Hills
1,15,1,GNP,Junco hyemalis,Alpine,Singing,6,2016,1,29,0,DARK-EYED JUNCO,2223,4,477481,Clear,5681611,Bald Hills
1,15,0,GNP,Turdus migratorius,Alpine,Singing,6,2016,1,29,0,AMERICAN ROBIN,2223,4,477481,Clear,5681611,Bald Hills
1,15,1,GNP,Anthus spinoletta,Alpine,Singing,6,2016,1,29,0,AMERICAN PIPIT,2223,4,477481,Clear,5681611,Bald Hills
0,15,0,GNP,Catharus guttatus,Alpine,Singing,6,2016,1,29,0,HERMIT THRUSH,2223,4,477481,Clear,5681611,Bald Hills
2,15,1,GNP,,Alpine,Calling,6,2016,1,29,0,GROUND SQUIRREL,2223,4,477481,Clear,5681611,Bald Hills
0,13.2,0,GNP,Carduelis pinus,Alpine,Calling,7,2018,1,13,2.6,PINE SISKIN,2223,4,477481,clear,5681611,Bald Hills
1,13.2,1,GNP,Dendroica coronata,Alpine,Singing,7,2018,1,13,2.6,YELLOW-RUMPED WARBLER,2223,4,477481,clear,5681611,Bald Hills
1,13.2,1,GNP,Loxia leucoptera,Alpine,Calling,7,2018,1,13,2.6,WHITE-WINGED CROSSBILL,2223,4,477481,clear,5681611,Bald Hills
1,13.2,1,GNP,Zonotrichia leucophrys,Alpine,Singing,7,2018,0,13,2.6,WHITE-CROWNED SPARROW,2223,4,477481,clear,5681611,Bald Hills
1,13.2,0,GNP,Passerculus sandwichensis,Alpine,Calling,7,2018,0,13,2.6,SAVANNAH SPARROW,2223,4,477481,clear,5681611,Bald Hills
1,13.2,1,GNP,Catharus guttatus,Alpine,Singing,7,2018,1,13,2.6,HERMIT THRUSH,2223,4,477481,clear,5681611,Bald Hills
2,13.2,2,GNP,Passerella iliaca,Alpine,Singing,7,2018,2,13,2.6,FOX SPARROW,2223,4,477481,clear,5681611,Bald Hills
0,13.2,1,GNP,Spizella passerina,Alpine,Singing,7,2018,0,13,2.6,CHIPPING SPARROW,2223,4,477481,clear,5681611,Bald Hills
1,13.2,0,GNP,Carpodacus cassinii,Alpine,Singing,7,2018,1,13,2.6,CASSIN'S FINCH,2223,4,477481,clear,5681611,Bald Hills
2,13.2,2,GNP,Anthus spinoletta,Alpine,Singing,7,2018,1,13,2.6,AMERICAN PIPIT,2223,4,477481,clear,5681611,Bald Hills
0,13.2,1,GNP,Myadestes townsendi,Alpine,Singing,7,2018,0,13,2.6,TOWNSEND'S SOLITAIRE,2223,4,477481,clear,5681611,Bald Hills
1,6.6,1,GNP,Catharus guttatus,Alpine,Singing,7,2019,2,9,0,HERMIT THRUSH,2223,4,477481,Scattered,5681611,Bald Hills
0,6.6,0,GNP,Nucifraga columbiana,Alpine,Calling,7,2019,1,9,0,CLARK'S NUTCRACKER,2223,4,477481,Scattered,5681611,Bald Hills
2,6.6,2,GNP,Dendroica coronata,Alpine,Singing,7,2019,1,9,0,YELLOW-RUMPED WARBLER,2223,4,477481,Scattered,5681611,Bald Hills
1,6.6,0,GNP,Zonotrichia leucophrys,Alpine,Singing,7,2019,2,9,0,WHITE-CROWNED SPARROW,2223,4,477481,Scattered,5681611,Bald Hills
0,6.6,1,GNP,Loxia curvirostra,Alpine,Calling,7,2019,0,9,0,RED CROSSBILL,2223,4,477481,Scattered,5681611,Bald Hills
0,6.6,1,GNP,Regulus calendula,Alpine,Singing,7,2019,0,9,0,RUBY-CROWNED KINGLET,2223,4,477481,Scattered,5681611,Bald Hills
2,6.6,3,GNP,Carduelis pinus,Alpine,Calling,7,2019,2,9,0,PINE SISKIN,2223,4,477481,Scattered,5681611,Bald Hills
1,6.6,2,GNP,Passerella iliaca,Alpine,Singing,7,2019,2,9,0,FOX SPARROW,2223,4,477481,Scattered,5681611,Bald Hills
1,6.6,2,GNP,Anthus spinoletta,Alpine,Singing,7,2019,1,9,0,AMERICAN PIPIT,2223,4,477481,Scattered,5681611,Bald Hills
0,6.6,1,GNP,Corvus corax,Alpine,Calling,7,2019,0,9,0,COMMON RAVEN,2223,4,477481,Scattered,5681611,Bald Hills
0,6.6,1,GNP,Zonotrichia atricapilla,Alpine,Singing,7,2019,0,9,0,GOLDEN-CROWNED SPARROW,2223,4,477481,Scattered,5681611,Bald Hills
1,6.6,1,GNP,Spizella passerina,Alpine,Singing,7,2019,0,9,0,CHIPPING SPARROW,2223,4,477481,Scattered,5681611,Bald Hills
1,6.6,1,GNP,Junco hyemalis,Alpine,Singing,7,2019,1,9,0,DARK-EYED JUNCO,2223,4,477481,Scattered,5681611,Bald Hills
0,12.8,1,GNP,Catharus guttatus,Alpine,Singing,7,2020,1,21,0,HERMIT THRUSH,2223,4,477481,Overcast,5681611,Bald Hills
0,12.8,0,GNP,Carduelis pinus,Alpine,Calling,7,2020,1,21,0,PINE SISKIN,2223,4,477481,Overcast,5681611,Bald Hills
1,12.8,0,GNP,Nucifraga columbiana,Alpine,Calling,7,2020,0,21,0,CLARK'S NUTCRACKER,2223,4,477481,Overcast,5681611,Bald Hills
4,12.8,4,GNP,,Alpine,Calling,7,2020,2,21,0,GROUND SQUIRREL,2223,4,477481,Overcast,5681611,Bald Hills
0,12.8,1,GNP,Anthus spinoletta,Alpine,Calling,7,2020,1,21,0,AMERICAN PIPIT,2223,4,477481,Overcast,5681611,Bald Hills
1,12.8,1,GNP,Dendroica coronata,Alpine,Singing,7,2020,1,21,0,YELLOW-RUMPED WARBLER,2223,4,477481,Overcast,5681611,Bald Hills
1,15,1,GNP,Anthus spinoletta,Alpine,Singing,7,2013,1,4,1.5,AMERICAN PIPIT,2269,5,477185,clear,5681655,Bald Hills
0,15,0,GNP,Turdus migratorius,Alpine,Calling,7,2013,1,4,1.5,AMERICAN ROBIN,2269,5,477185,clear,5681655,Bald Hills
0,15,0,GNP,Passerella iliaca,Alpine,Singing,7,2013,1,4,1.5,FOX SPARROW,2269,5,477185,clear,5681655,Bald Hills
1,15,0,GNP,,Alpine,Calling,7,2013,1,4,1.5,GROUND SQUIRREL,2269,5,477185,clear,5681655,Bald Hills
1,15,0,GNP,Eremophila alpestris,Alpine,Singing,7,2013,1,4,1.5,HORNED LARK,2269,5,477185,clear,5681655,Bald Hills
1,15,2,GNP,Carduelis pinus,Alpine,Calling,7,2013,0,4,1.5,PINE SISKIN,2269,5,477185,clear,5681655,Bald Hills
1,5.4,1,GNP,Anthus spinoletta,Alpine,Calling,6,2014,1,23,2.5,AMERICAN PIPIT,2269,5,477185,clear,5681655,Bald Hills
1,5.4,2,GNP,Turdus migratorius,Alpine,Singing,6,2014,1,23,2.5,AMERICAN ROBIN,2269,5,477185,clear,5681655,Bald Hills
0,5.4,1,GNP,Carduelis pinus,Alpine,Calling,6,2014,0,23,2.5,PINE SISKIN,2269,5,477185,clear,5681655,Bald Hills
0,11.3,1,GNP,Anthus spinoletta,Alpine,Singing,6,2016,1,29,0,AMERICAN PIPIT,2269,5,477185,Clear,5681655,Bald Hills
1,11.3,1,GNP,Turdus migratorius,Alpine,Singing,6,2016,1,29,0,AMERICAN ROBIN,2269,5,477185,Clear,5681655,Bald Hills
0,11.3,1,GNP,Junco hyemalis,Alpine,Singing,6,2016,0,29,0,DARK-EYED JUNCO,2269,5,477185,Clear,5681655,Bald Hills
1,11.3,1,GNP,Passerella iliaca,Alpine,Singing,6,2016,1,29,0,FOX SPARROW,2269,5,477185,Clear,5681655,Bald Hills
1,11.3,1,GNP,,Alpine,Calling,6,2016,1,29,0,GROUND SQUIRREL,2269,5,477185,Clear,5681655,Bald Hills
1,11.3,1,GNP,Catharus guttatus,Alpine,Singing,6,2016,1,29,0,HERMIT THRUSH,2269,5,477185,Clear,5681655,Bald Hills
1,11.3,1,GNP,Eremophila alpestris,Alpine,Singing,6,2016,1,29,0,HORNED LARK,2269,5,477185,Clear,5681655,Bald Hills
1,11.3,0,GNP,Regulus calendula,Alpine,Singing,6,2016,1,29,0,RUBY-CROWNED KINGLET,2269,5,477185,Clear,5681655,Bald Hills
0,12.1,1,GNP,Carduelis pinus,Alpine,Calling,7,2018,0,13,3.1,PINE SISKIN,2269,5,477185,clear,5681655,Bald Hills
0,12.1,1,GNP,Dendroica coronata,Alpine,Calling,7,2018,0,13,3.1,YELLOW-RUMPED WARBLER,2269,5,477185,clear,5681655,Bald Hills
0,12.1,1,GNP,Regulus calendula,Alpine,Singing,7,2018,0,13,3.1,RUBY-CROWNED KINGLET,2269,5,477185,clear,5681655,Bald Hills
0,12.1,1,GNP,Spizella passerina,Alpine,Singing,7,2018,0,13,3.1,CHIPPING SPARROW,2269,5,477185,clear,5681655,Bald Hills
2,12.1,2,GNP,Anthus spinoletta,Alpine,Singing,7,2018,2,13,3.1,AMERICAN PIPIT,2269,5,477185,clear,5681655,Bald Hills
1,12.1,1,GNP,Turdus migratorius,Alpine,Singing,7,2018,1,13,3.1,AMERICAN ROBIN,2269,5,477185,clear,5681655,Bald Hills
1,12.1,1,GNP,Passerella iliaca,Alpine,Singing,7,2018,1,13,3.1,FOX SPARROW,2269,5,477185,clear,5681655,Bald Hills
0,7,1,GNP,Catharus guttatus,Alpine,Singing,7,2019,0,9,3.1,HERMIT THRUSH,2269,5,477185,Scattered,5681655,Bald Hills
1,7,0,GNP,Carduelis pinus,Alpine,Calling,7,2019,1,9,3.1,PINE SISKIN,2269,5,477185,Scattered,5681655,Bald Hills
2,7,1,GNP,LEUCOSTICTE TEPHROCOTIS,Alpine,Calling,7,2019,0,9,3.1,GRAY-CROWNED ROSY-FINCH,2269,5,477185,Scattered,5681655,Bald Hills
1,7,2,GNP,Passerella iliaca,Alpine,Singing,7,2019,2,9,3.1,FOX SPARROW,2269,5,477185,Scattered,5681655,Bald Hills
0,7,0,GNP,Junco hyemalis,Alpine,Singing,7,2019,1,9,3.1,DARK-EYED JUNCO,2269,5,477185,Scattered,5681655,Bald Hills
0,7,1,GNP,Turdus migratorius,Alpine,Calling,7,2019,1,9,3.1,AMERICAN ROBIN,2269,5,477185,Scattered,5681655,Bald Hills
2,7,1,GNP,Anthus spinoletta,Alpine,Singing,7,2019,1,9,3.1,AMERICAN PIPIT,2269,5,477185,Scattered,5681655,Bald Hills
1,14.1,0,GNP,Passerculus sandwichensis,Alpine,Calling,7,2020,1,21,5.5,SAVANNAH SPARROW,2269,5,477185,Broken,5681655,Bald Hills
1,14.1,0,GNP,Passerella iliaca,Alpine,Singing,7,2020,1,21,5.5,FOX SPARROW,2269,5,477185,Broken,5681655,Bald Hills
0,14.1,1,GNP,,Alpine,Calling,7,2020,1,21,5.5,GROUND SQUIRREL,2269,5,477185,Broken,5681655,Bald Hills
0,14.1,1,GNP,Anthus spinoletta,Alpine,Singing,7,2020,0,21,5.5,AMERICAN PIPIT,2269,5,477185,Broken,5681655,Bald Hills
0,14.1,1,GNP,Catharus guttatus,Alpine,Singing,7,2020,0,21,5.5,HERMIT THRUSH,2269,5,477185,Broken,5681655,Bald Hills
1,6.7,0,GNP,Dendroica coronata,Alpine,Singing,6,2014,1,23,2.2,YELLOW-RUMPED WARBLER,2060,8,478577,scattered,5681599,Bald Hills
1,6.7,0,GNP,Junco hyemalis,Alpine,Singing,6,2014,1,23,2.2,DARK-EYED JUNCO,2060,8,478577,scattered,5681599,Bald Hills
1,6.7,1,GNP,Passerella iliaca,Alpine,Singing,6,2014,1,23,2.2,FOX SPARROW,2060,8,478577,scattered,5681599,Bald Hills
1,6.7,1,GNP,Eremophila alpestris,Alpine,Singing,6,2014,1,23,2.2,HORNED LARK,2060,8,478577,scattered,5681599,Bald Hills
0,6.7,1,GNP,Lagopus leucurus,Alpine,Calling,6,2014,0,23,2.2,WHITE-TAILED PTARMIGAN,2060,8,478577,scattered,5681599,Bald Hills
1,15,0,GNP,Passerculus sandwichensis,Alpine,Singing,6,2016,0,29,2,SAVANNAH SPARROW,2060,8,478577,Clear,5681599,Bald Hills
0,15,0,GNP,Regulus calendula,Alpine,Singing,6,2016,1,29,2,RUBY-CROWNED KINGLET,2060,8,478577,Clear,5681599,Bald Hills
0,15,1,GNP,Carduelis pinus,Alpine,Calling,6,2016,0,29,2,PINE SISKIN,2060,8,478577,Clear,5681599,Bald Hills
1,15,1,GNP,Eremophila alpestris,Alpine,Singing,6,2016,1,29,2,HORNED LARK,2060,8,478577,Clear,5681599,Bald Hills
0,15,1,GNP,,Alpine,Calling,6,2016,0,29,2,GROUND SQUIRREL,2060,8,478577,Clear,5681599,Bald Hills
1,15,1,GNP,Passerella iliaca,Alpine,Singing,6,2016,1,29,2,FOX SPARROW,2060,8,478577,Clear,5681599,Bald Hills
0,15,1,GNP,Anthus spinoletta,Alpine,Singing,6,2016,1,29,2,AMERICAN PIPIT,2060,8,478577,Clear,5681599,Bald Hills
0,15,1,GNP,Junco hyemalis,Alpine,Singing,6,2016,1,29,2,DARK-EYED JUNCO,2060,8,478577,Clear,5681599,Bald Hills
1,14.5,1,GNP,Junco hyemalis,Alpine,Singing,7,2018,1,13,7,DARK-EYED JUNCO,2060,8,476955,clear,5681271,Bald Hills
1,14.5,2,GNP,Carduelis pinus,Alpine,Calling,7,2018,1,13,7,PINE SISKIN,2060,8,476955,clear,5681271,Bald Hills
1,14.5,0,GNP,Passerella iliaca,Alpine,Singing,7,2018,1,13,7,FOX SPARROW,2060,8,476955,clear,5681271,Bald Hills
1,14.5,1,GNP,Anthus spinoletta,Alpine,Singing,7,2018,1,13,7,AMERICAN PIPIT,2060,8,476955,clear,5681271,Bald Hills
0,14.5,2,GNP,,Alpine,Calling,7,2018,1,13,7,GROUND SQUIRREL,2060,8,476955,clear,5681271,Bald Hills
3,8.1,2,GNP,Carduelis pinus,Alpine,Calling,7,2019,3,9,0,PINE SISKIN,2060,8,476955,Broken,5681271,Bald Hills
0,8.1,1,GNP,Wilsonia pusilla,Alpine,Singing,7,2019,0,9,0,WILSON'S WARBLER,2060,8,476955,Broken,5681271,Bald Hills
0,8.1,5,GNP,Loxia curvirostra,Alpine,Calling,7,2019,0,9,0,RED CROSSBILL,2060,8,476955,Broken,5681271,Bald Hills
1,8.1,0,GNP,Sialia currucoides,Alpine,Calling,7,2019,0,9,0,MOUNTAIN BLUEBIRD,2060,8,476955,Broken,5681271,Bald Hills
1,8.1,1,GNP,Eremophila alpestris,Alpine,Singing,7,2019,1,9,0,HORNED LARK,2060,8,476955,Broken,5681271,Bald Hills
2,8.1,2,GNP,,Alpine,Calling,7,2019,2,9,0,GROUND SQUIRREL,2060,8,476955,Broken,5681271,Bald Hills
3,8.1,0,GNP,LEUCOSTICTE TEPHROCOTIS,Alpine,Calling,7,2019,0,9,0,GRAY-CROWNED ROSY-FINCH,2060,8,476955,Broken,5681271,Bald Hills
0,8.1,2,GNP,Passerella iliaca,Alpine,Singing,7,2019,1,9,0,FOX SPARROW,2060,8,476955,Broken,5681271,Bald Hills
1,8.1,1,GNP,Anthus spinoletta,Alpine,Singing,7,2019,2,9,0,AMERICAN PIPIT,2060,8,476955,Broken,5681271,Bald Hills
0,8.1,1,GNP,Passerculus sandwichensis,Alpine,Singing,7,2019,0,9,0,SAVANNAH SPARROW,2060,8,476955,Broken,5681271,Bald Hills
0,10.7,1,GNP,Passerella iliaca,Alpine,Singing,7,2020,1,21,3.2,FOX SPARROW,2060,8,476955,Overcast,5681271,Bald Hills
0,10.7,1,GNP,Anthus spinoletta,Alpine,Calling,7,2020,0,21,3.2,AMERICAN PIPIT,2060,8,476955,Overcast,5681271,Bald Hills
0,10.7,2,GNP,Carduelis pinus,Alpine,Calling,7,2020,0,21,3.2,PINE SISKIN,2060,8,476955,Overcast,5681271,Bald Hills
1,10.7,1,GNP,,Alpine,Calling,7,2020,0,21,3.2,GROUND SQUIRREL,2060,8,476955,Overcast,5681271,Bald Hills
1,10.7,0,GNP,Picoides villosus,Alpine,Calling,7,2020,1,21,3.2,HAIRY WOODPECKER,2060,8,476955,Overcast,5681271,Bald Hills
0,12.1,0,GNP,Anthus spinoletta,Alpine,Calling,6,2014,1,23,3.4,AMERICAN PIPIT,2184,9,478877,scattered,5681923,Bald Hills
1,12.1,1,GNP,Turdus migratorius,Alpine,Singing,6,2014,0,23,3.4,AMERICAN ROBIN,2184,9,478877,scattered,5681923,Bald Hills
1,12.1,1,GNP,Nucifraga columbiana,Alpine,Calling,6,2014,0,23,3.4,CLARK'S NUTCRACKER,2184,9,478877,scattered,5681923,Bald Hills
1,12.1,0,GNP,Passerella iliaca,Alpine,Singing,6,2014,0,23,3.4,FOX SPARROW,2184,9,478877,scattered,5681923,Bald Hills
2,12.1,2,GNP,Eremophila alpestris,Alpine,Singing,6,2014,2,23,3.4,HORNED LARK,2184,9,478877,scattered,5681923,Bald Hills
1,15.3,1,GNP,Eremophila alpestris,Alpine,Singing,6,2016,1,29,2,HORNED LARK,2184,9,478877,Clear,5681923,Bald Hills
1,15.3,1,GNP,,Alpine,Calling,6,2016,1,29,2,GROUND SQUIRREL,2184,9,478877,Clear,5681923,Bald Hills
0,15.3,1,GNP,Carduelis pinus,Alpine,Calling,6,2016,1,29,2,PINE SISKIN,2184,9,478877,Clear,5681923,Bald Hills
0,15.3,1,GNP,Nucifraga columbiana,Alpine,Calling,6,2016,0,29,2,CLARK'S NUTCRACKER,2184,9,478877,Clear,5681923,Bald Hills
1,15.3,1,GNP,Anthus spinoletta,Alpine,Singing,6,2016,1,29,2,AMERICAN PIPIT,2184,9,478877,Clear,5681923,Bald Hills
0,15.3,0,GNP,Passerella iliaca,Alpine,Singing,6,2016,1,29,2,FOX SPARROW,2184,9,478877,Clear,5681923,Bald Hills
1,15.3,1,GNP,Passerculus sandwichensis,Alpine,Singing,6,2016,1,29,2,SAVANNAH SPARROW,2184,9,478877,Clear,5681923,Bald Hills
1,13,1,GNP,Anthus spinoletta,Alpine,Singing,7,2018,1,13,4,AMERICAN PIPIT,2184,9,476931,clear,5680954,Bald Hills
1,13,1,GNP,Passerella iliaca,Alpine,Singing,7,2018,0,13,4,FOX SPARROW,2184,9,476931,clear,5680954,Bald Hills
1,13,1,GNP,,Alpine,Calling,7,2018,1,13,4,GROUND SQUIRREL,2184,9,476931,clear,5680954,Bald Hills
1,13,1,GNP,Eremophila alpestris,Alpine,Singing,7,2018,1,13,4,HORNED LARK,2184,9,476931,clear,5680954,Bald Hills
1,13,0,GNP,Carduelis pinus,Alpine,Calling,7,2018,1,13,4,PINE SISKIN,2184,9,476931,clear,5680954,Bald Hills
0,13,1,GNP,Passerculus sandwichensis,Alpine,Singing,7,2018,0,13,4,SAVANNAH SPARROW,2184,9,476931,clear,5680954,Bald Hills
1,10,0,GNP,Nucifraga columbiana,Alpine,Calling,7,2019,0,9,1.1,CLARK'S NUTCRACKER,2184,9,476931,Broken,5680954,Bald Hills
1,10,1,GNP,Passerculus sandwichensis,Alpine,Singing,7,2019,1,9,1.1,SAVANNAH SPARROW,2184,9,476931,Broken,5680954,Bald Hills
3,10,0,GNP,Loxia curvirostra,Alpine,Calling,7,2019,0,9,1.1,RED CROSSBILL,2184,9,476931,Broken,5680954,Bald Hills
2,10,1,GNP,Carduelis pinus,Alpine,Calling,7,2019,0,9,1.1,PINE SISKIN,2184,9,476931,Broken,5680954,Bald Hills
1,10,1,GNP,Eremophila alpestris,Alpine,Singing,7,2019,1,9,1.1,HORNED LARK,2184,9,476931,Broken,5680954,Bald Hills
0,10,1,GNP,Passerella iliaca,Alpine,Singing,7,2019,0,9,1.1,FOX SPARROW,2184,9,476931,Broken,5680954,Bald Hills
2,10,2,GNP,Anthus spinoletta,Alpine,Singing,7,2019,1,9,1.1,AMERICAN PIPIT,2184,9,476931,Broken,5680954,Bald Hills
1,10,1,GNP,,Alpine,Calling,7,2019,1,9,1.1,GROUND SQUIRREL,2184,9,476931,Broken,5680954,Bald Hills
4,10.9,4,GNP,,Alpine,Calling,7,2020,4,21,4.7,GROUND SQUIRREL,2184,9,476931,Overcast,5680954,Bald Hills
1,10.9,1,GNP,Eremophila alpestris,Alpine,Calling,7,2020,1,21,4.7,HORNED LARK,2184,9,476931,Overcast,5680954,Bald Hills
1,10.9,0,GNP,Passerella iliaca,Alpine,Singing,7,2020,0,21,4.7,FOX SPARROW,2184,9,476931,Overcast,5680954,Bald Hills
0,10.9,1,GNP,Anthus spinoletta,Alpine,Singing,7,2020,0,21,4.7,AMERICAN PIPIT,2184,9,476931,Overcast,5680954,Bald Hills
0,7.3,1,GNP,Anthus spinoletta,Alpine,Singing,7,2014,0,8,2.7,AMERICAN PIPIT,2352,1,458925,clear,5682533,Balu
1,7.3,1,GNP,Spizella passerina,Alpine,Singing,7,2014,1,8,2.7,CHIPPING SPARROW,2352,1,458925,clear,5682533,Balu
1,7.3,0,GNP,LEUCOSTICTE TEPHROCOTIS,Alpine,Calling,7,2014,0,8,2.7,GRAY-CROWNED ROSY-FINCH,2352,1,458925,clear,5682533,Balu
1,10.5,1,GNP,Anthus spinoletta,Alpine,Singing,6,2016,1,29,9.3,AMERICAN PIPIT,2352,1,458925,Clear,5682533,Balu
0,10.5,1,GNP,Catharus guttatus,Alpine,Singing,6,2016,0,29,9.3,HERMIT THRUSH,2352,1,458925,Clear,5682533,Balu
1,6.8,1,GNP,Anthus spinoletta,Alpine,Singing,7,2019,1,9,2.1,AMERICAN PIPIT,2352,1,458925,Clear,5682533,Balu
1,6.8,0,GNP,Carduelis pinus,Alpine,Calling,7,2019,0,9,2.1,PINE SISKIN,2352,1,458925,Clear,5682533,Balu
0,6.8,0,GNP,Ochotona princeps,Alpine,Calling,7,2019,1,9,2.1,PIKA,2352,1,458925,Clear,5682533,Balu
1,6.8,1,GNP,LEUCOSTICTE TEPHROCOTIS,Alpine,Calling,7,2019,1,9,2.1,GRAY-CROWNED ROSY-FINCH,2352,1,458925,Clear,5682533,Balu
1,17.7,0,GNP,Ixoreus naevius,Alpine,Singing,6,2013,1,29,1.1,VARIED THRUSH,2059,13,450545,scattered,5676203,Fidelity Subalpine
1,17.7,0,GNP,Spizella passerina,Alpine,Singing,6,2013,1,29,1.1,CHIPPING SPARROW,2059,13,450545,scattered,5676203,Fidelity Subalpine
0,17.7,1,GNP,Passerella iliaca,Alpine,Singing,6,2013,1,29,1.1,FOX SPARROW,2059,13,450545,scattered,5676203,Fidelity Subalpine
0,17.7,1,GNP,Catharus guttatus,Alpine,Singing,6,2013,0,29,1.1,HERMIT THRUSH,2059,13,450545,scattered,5676203,Fidelity Subalpine
1,11.6,0,GNP,Catharus guttatus,Alpine,Singing,7,2014,1,10,1.1,HERMIT THRUSH,2059,13,450545,clear,5676203,Fidelity Subalpine
0,11.6,1,GNP,Catharus ustulatus,Alpine,Singing,7,2014,0,10,1.1,SWAINSON'S THRUSH,2059,13,450545,clear,5676203,Fidelity Subalpine
1,11.6,2,GNP,Carduelis pinus,Alpine,Calling,7,2014,2,10,1.1,PINE SISKIN,2059,13,450545,clear,5676203,Fidelity Subalpine
0,11.6,1,GNP,Junco hyemalis,Alpine,Singing,7,2014,1,10,1.1,DARK-EYED JUNCO,2059,13,450545,clear,5676203,Fidelity Subalpine
0,11.6,2,GNP,Nucifraga columbiana,Alpine,Calling,7,2014,0,10,1.1,CLARK'S NUTCRACKER,2059,13,450545,clear,5676203,Fidelity Subalpine
1,11.6,0,GNP,Spizella passerina,Alpine,Singing,7,2014,1,10,1.1,CHIPPING SPARROW,2059,13,450545,clear,5676203,Fidelity Subalpine
0,11.6,1,GNP,Passerella iliaca,Alpine,Singing,7,2014,1,10,1.1,FOX SPARROW,2059,13,450545,clear,5676203,Fidelity Subalpine
1,11.5,1,GNP,Junco hyemalis,Alpine,Singing,6,2016,1,27,0,DARK-EYED JUNCO,2059,13,450545,Clear,5676203,Fidelity Subalpine
1,11.5,1,GNP,Sialia currucoides,Alpine,Singing,6,2016,1,27,0,MOUNTAIN BLUEBIRD,2059,13,450545,Clear,5676203,Fidelity Subalpine
0,11.5,0,GNP,Carduelis pinus,Alpine,Calling,6,2016,1,27,0,PINE SISKIN,2059,13,450545,Clear,5676203,Fidelity Subalpine
0,11.5,1,GNP,Ixoreus naevius,Alpine,Singing,6,2016,1,27,0,VARIED THRUSH,2059,13,450545,Clear,5676203,Fidelity Subalpine
1,14.6,1,GNP,Anthus spinoletta,Alpine,Calling,7,2018,0,5,0,AMERICAN PIPIT,2059,13,450545,broken,5676203,Fidelity Subalpine
1,14.6,1,GNP,Dendroica coronata,Alpine,Singing,7,2018,1,5,0,YELLOW-RUMPED WARBLER,2059,13,450545,broken,5676203,Fidelity Subalpine
1,14.6,0,GNP,Regulus calendula,Alpine,Singing,7,2018,0,5,0,RUBY-CROWNED KINGLET,2059,13,450545,broken,5676203,Fidelity Subalpine
0,14.6,0,GNP,Carduelis pinus,Alpine,Calling,7,2018,1,5,0,PINE SISKIN,2059,13,450545,broken,5676203,Fidelity Subalpine
0,14.6,1,GNP,Catharus guttatus,Alpine,Singing,7,2018,0,5,0,HERMIT THRUSH,2059,13,450545,broken,5676203,Fidelity Subalpine
0,14.6,1,GNP,Junco hyemalis,Alpine,Singing,7,2018,1,5,0,DARK-EYED JUNCO,2059,13,450545,broken,5676203,Fidelity Subalpine
1,14.6,2,GNP,Passerella iliaca,Alpine,Singing,7,2018,1,5,0,FOX SPARROW,2059,13,450545,broken,5676203,Fidelity Subalpine
2,8.6,1,GNP,Carduelis pinus,Alpine,Calling,7,2019,1,12,5.5,PINE SISKIN,2059,13,450545,Scattered,5676203,Fidelity Subalpine
1,8.6,1,GNP,Loxia curvirostra,Alpine,Calling,7,2019,0,12,5.5,RED CROSSBILL,2059,13,450545,Scattered,5676203,Fidelity Subalpine
1,8.6,0,GNP,Sitta canadensis,Alpine,Calling,7,2019,1,12,5.5,RED-BREASTED NUTHATCH,2059,13,450545,Scattered,5676203,Fidelity Subalpine
1,8.6,1,GNP,Passerella iliaca,Alpine,Singing,7,2019,1,12,5.5,FOX SPARROW,2059,13,450545,Scattered,5676203,Fidelity Subalpine
1,8.6,1,GNP,Spizella passerina,Alpine,Singing,7,2019,2,12,5.5,CHIPPING SPARROW,2059,13,450545,Scattered,5676203,Fidelity Subalpine
0,8.6,1,GNP,Turdus migratorius,Alpine,Singing,7,2019,0,12,5.5,AMERICAN ROBIN,2059,13,450545,Scattered,5676203,Fidelity Subalpine
1,8.6,1,GNP,Catharus guttatus,Alpine,Singing,7,2019,1,12,5.5,HERMIT THRUSH,2059,13,450545,Scattered,5676203,Fidelity Subalpine
1,10.3,1,GNP,Passerella iliaca,Alpine,Singing,7,2020,0,11,0,FOX SPARROW,2059,13,450545,Clear,5676203,Fidelity Subalpine
2,10.3,2,GNP,Junco hyemalis,Alpine,Singing,7,2020,2,11,0,DARK-EYED JUNCO,2059,13,450545,Clear,5676203,Fidelity Subalpine
0,10.3,0,GNP,Dendroica coronata,Alpine,Singing,7,2020,1,11,0,YELLOW-RUMPED WARBLER,2059,13,450545,Clear,5676203,Fidelity Subalpine
0,10.3,1,GNP,Catharus guttatus,Alpine,Singing,7,2020,1,11,0,HERMIT THRUSH,2059,13,450545,Clear,5676203,Fidelity Subalpine
0,10.3,1,GNP,Carduelis pinus,Alpine,Calling,7,2020,1,11,0,PINE SISKIN,2059,13,450545,Clear,5676203,Fidelity Subalpine
1,18.6,0,GNP,Passerella iliaca,Alpine,Singing,6,2013,0,29,1.3,FOX SPARROW,2094,14,450251,broken,5676081,Fidelity Subalpine
1,18.6,0,GNP,Catharus guttatus,Alpine,Singing,6,2013,2,29,1.3,HERMIT THRUSH,2094,14,450251,broken,5676081,Fidelity Subalpine
0,18.6,1,GNP,Carduelis pinus,Alpine,Calling,6,2013,0,29,1.3,PINE SISKIN,2094,14,450251,broken,5676081,Fidelity Subalpine
0,18.6,0,GNP,Myadestes townsendi,Alpine,Singing,6,2013,1,29,1.3,TOWNSEND'S SOLITAIRE,2094,14,450251,broken,5676081,Fidelity Subalpine
1,18.6,1,GNP,Ixoreus naevius,Alpine,Singing,6,2013,0,29,1.3,VARIED THRUSH,2094,14,450251,broken,5676081,Fidelity Subalpine
1,18.6,2,GNP,Junco hyemalis,Alpine,Singing,6,2013,2,29,1.3,DARK-EYED JUNCO,2094,14,450251,broken,5676081,Fidelity Subalpine
1,16.1,1,GNP,Junco hyemalis,Alpine,Singing,7,2014,1,10,1,DARK-EYED JUNCO,2094,14,450251,clear,5676081,Fidelity Subalpine
0,16.1,1,GNP,Dendroica coronata,Alpine,Singing,7,2014,0,10,1,YELLOW-RUMPED WARBLER,2094,14,450251,clear,5676081,Fidelity Subalpine
2,16.1,1,GNP,Passerella iliaca,Alpine,Singing,7,2014,2,10,1,FOX SPARROW,2094,14,450251,clear,5676081,Fidelity Subalpine
1,16.1,1,GNP,Nucifraga columbiana,Alpine,Calling,7,2014,1,10,1,CLARK'S NUTCRACKER,2094,14,450251,clear,5676081,Fidelity Subalpine
0,16.1,2,GNP,Carduelis pinus,Alpine,Calling,7,2014,1,10,1,PINE SISKIN,2094,14,450251,clear,5676081,Fidelity Subalpine
0,11.2,1,GNP,Junco hyemalis,Alpine,Singing,6,2016,1,27,0,DARK-EYED JUNCO,2094,14,450251,Clear,5676081,Fidelity Subalpine
0,11.2,0,GNP,Passerella iliaca,Alpine,Singing,6,2016,1,27,0,FOX SPARROW,2094,14,450251,Clear,5676081,Fidelity Subalpine
1,11.2,1,GNP,Catharus guttatus,Alpine,Singing,6,2016,1,27,0,HERMIT THRUSH,2094,14,450251,Clear,5676081,Fidelity Subalpine
0,11.2,1,GNP,Carduelis pinus,Alpine,Calling,6,2016,0,27,0,PINE SISKIN,2094,14,450251,Clear,5676081,Fidelity Subalpine
1,11.2,1,GNP,Regulus calendula,Alpine,Singing,6,2016,1,27,0,RUBY-CROWNED KINGLET,2094,14,450251,Clear,5676081,Fidelity Subalpine
2,11.2,0,GNP,Myadestes townsendi,Alpine,Singing,6,2016,2,27,0,TOWNSEND'S SOLITAIRE,2094,14,450251,Clear,5676081,Fidelity Subalpine
0,11.2,1,GNP,Ixoreus naevius,Alpine,Calling,6,2016,0,27,0,VARIED THRUSH,2094,14,450251,Clear,5676081,Fidelity Subalpine
0,13.2,1,GNP,Colaptes auratus,Alpine,Singing,7,2018,0,5,0,NORTHERN FLICKER,2094,14,450251,scattered,5676081,Fidelity Subalpine
1,13.2,1,GNP,Regulus calendula,Alpine,Singing,7,2018,0,5,0,RUBY-CROWNED KINGLET,2094,14,450251,scattered,5676081,Fidelity Subalpine
1,13.2,0,GNP,Myadestes townsendi,Alpine,Singing,7,2018,0,5,0,TOWNSEND'S SOLITAIRE,2094,14,450251,scattered,5676081,Fidelity Subalpine
0,13.2,2,GNP,Spizella passerina,Alpine,Singing,7,2018,1,5,0,CHIPPING SPARROW,2094,14,450251,scattered,5676081,Fidelity Subalpine
1,13.2,1,GNP,Passerella iliaca,Alpine,Singing,7,2018,1,5,0,FOX SPARROW,2094,14,450251,scattered,5676081,Fidelity Subalpine
1,13.2,1,GNP,Catharus guttatus,Alpine,Singing,7,2018,1,5,0,HERMIT THRUSH,2094,14,450251,scattered,5676081,Fidelity Subalpine
1,13.2,0,GNP,Dendroica coronata,Alpine,Singing,7,2018,0,5,0,YELLOW-RUMPED WARBLER,2094,14,450251,scattered,5676081,Fidelity Subalpine
1,7.5,1,GNP,Dendroica coronata,Alpine,Singing,7,2019,1,12,1.2,YELLOW-RUMPED WARBLER,2094,14,450251,Broken,5676081,Fidelity Subalpine
1,7.5,1,GNP,Spizella passerina,Alpine,Singing,7,2019,3,12,1.2,CHIPPING SPARROW,2094,14,450251,Broken,5676081,Fidelity Subalpine
1,7.5,1,GNP,Passerella iliaca,Alpine,Singing,7,2019,1,12,1.2,FOX SPARROW,2094,14,450251,Broken,5676081,Fidelity Subalpine
1,7.5,1,GNP,Catharus guttatus,Alpine,Singing,7,2019,1,12,1.2,HERMIT THRUSH,2094,14,450251,Broken,5676081,Fidelity Subalpine
3,7.5,3,GNP,Carduelis pinus,Alpine,Calling,7,2019,2,12,1.2,PINE SISKIN,2094,14,450251,Broken,5676081,Fidelity Subalpine
1,7.5,0,GNP,Sitta canadensis,Alpine,Calling,7,2019,0,12,1.2,RED-BREASTED NUTHATCH,2094,14,450251,Broken,5676081,Fidelity Subalpine
0,7.5,2,GNP,Loxia curvirostra,Alpine,Calling,7,2019,0,12,1.2,RED CROSSBILL,2094,14,450251,Broken,5676081,Fidelity Subalpine
0,10.7,1,GNP,Carduelis pinus,Alpine,Calling,7,2020,0,11,1.4,PINE SISKIN,2094,14,450251,Clear,5676081,Fidelity Subalpine
0,10.7,1,GNP,Junco hyemalis,Alpine,Singing,7,2020,0,11,1.4,DARK-EYED JUNCO,2094,14,450251,Clear,5676081,Fidelity Subalpine
1,10.7,1,GNP,Ixoreus naevius,Alpine,Singing,7,2020,1,11,1.4,VARIED THRUSH,2094,14,450251,Clear,5676081,Fidelity Subalpine
1,10.7,1,GNP,Troglodytes pacificus,Alpine,Singing,7,2020,1,11,1.4,Pacific Wren,2094,14,450251,Clear,5676081,Fidelity Subalpine
2,10.7,1,GNP,Catharus guttatus,Alpine,Singing,7,2020,2,11,1.4,HERMIT THRUSH,2094,14,450251,Clear,5676081,Fidelity Subalpine
1,10.2,0,GNP,Anthus spinoletta,Alpine,Singing,7,2014,1,10,5.5,AMERICAN PIPIT,2137,16,450143,clear,5677392,Fidelity Subalpine
0,10.2,0,GNP,Junco hyemalis,Alpine,Singing,7,2014,1,10,5.5,DARK-EYED JUNCO,2137,16,450143,clear,5677392,Fidelity Subalpine
1,10.2,1,GNP,Perisoreus canadensis,Alpine,Calling,7,2014,0,10,5.5,GRAY JAY,2137,16,450143,clear,5677392,Fidelity Subalpine
1,22.6,1,GNP,LEUCOSTICTE TEPHROCOTIS,Alpine,Calling,7,2014,1,8,0,GRAY-CROWNED ROSY-FINCH,2348,10,462978,clear,5693673,Mountain Creek
1,22.6,1,GNP,Myadestes townsendi,Alpine,Singing,7,2014,0,8,0,TOWNSEND'S SOLITAIRE,2348,10,462978,clear,5693673,Mountain Creek
1,22.6,1,GNP,Nucifraga columbiana,Alpine,Calling,7,2014,1,8,0,CLARK'S NUTCRACKER,2348,10,462978,clear,5693673,Mountain Creek
0,12.8,1,GNP,Parus hudsonicus,Alpine,Calling,6,2016,0,29,5.6,BOREAL CHICKADEE,2348,10,462978,Clear,5693673,Mountain Creek
1,12.8,0,GNP,Nucifraga columbiana,Alpine,Calling,6,2016,1,29,5.6,CLARK'S NUTCRACKER,2348,10,462978,Clear,5693673,Mountain Creek
0,12.8,0,GNP,Catharus guttatus,Alpine,Singing,6,2016,1,29,5.6,HERMIT THRUSH,2348,10,462978,Clear,5693673,Mountain Creek
1,12.8,1,GNP,Ochotona princeps,Alpine,Calling,6,2016,0,29,5.6,PIKA,2348,10,462978,Clear,5693673,Mountain Creek
1,12.8,0,GNP,Carduelis pinus,Alpine,Calling,6,2016,1,29,5.6,PINE SISKIN,2348,10,462978,Clear,5693673,Mountain Creek
1,13.1,0,GNP,Loxia curvirostra,Alpine,Calling,7,2018,0,13,3.5,RED CROSSBILL,2348,10,462978,clear,5693673,Mountain Creek
1,13.1,1,GNP,Dendroica coronata,Alpine,Calling,7,2018,0,13,3.5,YELLOW-RUMPED WARBLER,2348,10,462978,clear,5693673,Mountain Creek
0,13.1,0,GNP,Ochotona princeps,Alpine,Calling,7,2018,1,13,3.5,PIKA,2348,10,462978,clear,5693673,Mountain Creek
1,13.1,0,GNP,Anthus spinoletta,Alpine,Calling,7,2018,0,13,3.5,AMERICAN PIPIT,2348,10,462978,clear,5693673,Mountain Creek
1,10.3,1,GNP,Nucifraga columbiana,Alpine,Calling,7,2019,0,9,2,CLARK'S NUTCRACKER,2348,10,462978,Broken,5693673,Mountain Creek
0,10.3,1,GNP,LEUCOSTICTE TEPHROCOTIS,Alpine,Calling,7,2019,0,9,2,GRAY-CROWNED ROSY-FINCH,2348,10,462978,Broken,5693673,Mountain Creek
2,10.3,2,GNP,Carduelis pinus,Alpine,Calling,7,2019,0,9,2,PINE SISKIN,2348,10,462978,Broken,5693673,Mountain Creek
0,10.3,2,GNP,Anthus spinoletta,Alpine,Calling,7,2019,1,9,2,AMERICAN PIPIT,2348,10,462978,Broken,5693673,Mountain Creek
1,5.5,1,GNP,Carduelis pinus,Alpine,Calling,7,2020,0,14,6,PINE SISKIN,2348,10,462978,Scattered,5693673,Mountain Creek
1,5.5,1,GNP,Nucifraga columbiana,Alpine,Calling,7,2020,0,14,6,CLARK'S NUTCRACKER,2348,10,462978,Scattered,5693673,Mountain Creek
1,17,1,GNP,Nucifraga columbiana,Alpine,Calling,7,2014,1,8,0,CLARK'S NUTCRACKER,2403,11,462968,clear,5693371,Mountain Creek
1,12.3,1,GNP,Nucifraga columbiana,Alpine,Calling,6,2016,1,29,2.8,CLARK'S NUTCRACKER,2403,11,462968,Clear,5693371,Mountain Creek
0,13,0,GNP,Ochotona princeps,Alpine,Calling,7,2018,2,13,2,PIKA,2403,11,462968,clear,5693371,Mountain Creek
0,13,2,GNP,Carduelis pinus,Alpine,Calling,7,2018,0,13,2,PINE SISKIN,2403,11,462968,clear,5693371,Mountain Creek
1,13,0,GNP,,Alpine,Calling,7,2018,0,13,2,GROUND SQUIRREL,2403,11,462968,clear,5693371,Mountain Creek
0,13,0,GNP,Anthus spinoletta,Alpine,Calling,7,2018,1,13,2,AMERICAN PIPIT,2403,11,462968,clear,5693371,Mountain Creek
0,10.9,1,GNP,Spizella passerina,Alpine,Singing,7,2019,1,9,0,CHIPPING SPARROW,2403,11,462968,Broken,5693371,Mountain Creek
1,10.9,1,GNP,Nucifraga columbiana,Alpine,Calling,7,2019,1,9,0,CLARK'S NUTCRACKER,2403,11,462968,Broken,5693371,Mountain Creek
1,10.9,1,GNP,Catharus guttatus,Alpine,Singing,7,2019,1,9,0,HERMIT THRUSH,2403,11,462968,Broken,5693371,Mountain Creek
1,10.9,2,GNP,Carduelis pinus,Alpine,Calling,7,2019,1,9,0,PINE SISKIN,2403,11,462968,Broken,5693371,Mountain Creek
1,10.9,1,GNP,Myadestes townsendi,Alpine,Singing,7,2019,0,9,0,TOWNSEND'S SOLITAIRE,2403,11,462968,Broken,5693371,Mountain Creek
1,10.9,0,GNP,Anthus spinoletta,Alpine,Calling,7,2019,0,9,0,AMERICAN PIPIT,2403,11,462968,Broken,5693371,Mountain Creek
0,5.5,1,GNP,Nucifraga columbiana,Alpine,Calling,7,2020,2,14,1,CLARK'S NUTCRACKER,2403,11,462968,Scattered,5693371,Mountain Creek
0,5.5,0,GNP,Loxia curvirostra,Alpine,Calling,7,2020,1,14,1,RED CROSSBILL,2403,11,462968,Scattered,5693371,Mountain Creek
1,14.5,0,GNP,Anthus spinoletta,Alpine,Calling,7,2014,0,8,0,AMERICAN PIPIT,2415,12,463076,clear,5693091,Mountain Creek
1,14.5,0,GNP,LEUCOSTICTE TEPHROCOTIS,Alpine,Calling,7,2014,2,8,0,GRAY-CROWNED ROSY-FINCH,2415,12,463076,clear,5693091,Mountain Creek
1,14.5,0,GNP,Ochotona princeps,Alpine,Calling,7,2014,0,8,0,PIKA,2415,12,463076,clear,5693091,Mountain Creek
1,13,0,GNP,Carduelis pinus,Alpine,Calling,6,2016,0,29,2,PINE SISKIN,2415,12,463076,Clear,5693091,Mountain Creek
0,11.3,0,GNP,Carduelis pinus,Alpine,Calling,7,2018,1,13,2,PINE SISKIN,2415,12,463076,clear,5693091,Mountain Creek
0,11.3,1,GNP,Catharus guttatus,Alpine,Calling,7,2018,0,13,2,HERMIT THRUSH,2415,12,463076,clear,5693091,Mountain Creek
0,11.3,2,GNP,Ochotona princeps,Alpine,Calling,7,2018,0,13,2,PIKA,2415,12,463076,clear,5693091,Mountain Creek
0,10.1,1,GNP,Ochotona princeps,Alpine,Calling,7,2019,0,9,3,PIKA,2415,12,463076,Broken,5693091,Mountain Creek
2,10.1,1,GNP,Carduelis pinus,Alpine,Calling,7,2019,2,9,3,PINE SISKIN,2415,12,463076,Broken,5693091,Mountain Creek
0,3.2,1,GNP,Carduelis pinus,Alpine,Calling,7,2020,0,14,4,PINE SISKIN,2415,12,463076,Scattered,5693091,Mountain Creek
0,3.2,0,GNP,Loxia curvirostra,Alpine,Calling,7,2020,1,14,4,RED CROSSBILL,2415,12,463076,Scattered,5693091,Mountain Creek
3,3.2,3,GNP,Nucifraga columbiana,Alpine,Calling,7,2020,3,14,4,CLARK'S NUTCRACKER,2415,12,463076,Scattered,5693091,Mountain Creek
0,9.9,1,GNP,LEUCOSTICTE TEPHROCOTIS,Alpine,Calling,7,2014,0,8,6.6,GRAY-CROWNED ROSY-FINCH,2484,13,463053,clear,5692795,Mountain Creek
0,9.9,0,GNP,Carduelis pinus,Alpine,Calling,7,2014,1,8,6.6,PINE SISKIN,2484,13,463053,clear,5692795,Mountain Creek
0,11.5,0,GNP,,Alpine,Other,6,2016,0,29,5.7,unknown,2484,13,463053,Clear,5692795,Mountain Creek
0,12,1,GNP,Anthus spinoletta,Alpine,Calling,7,2018,1,13,1.4,AMERICAN PIPIT,2484,13,463053,clear,5692795,Mountain Creek
1,12,0,GNP,Spizella passerina,Alpine,Calling,7,2018,0,13,1.4,CHIPPING SPARROW,2484,13,463053,clear,5692795,Mountain Creek
0,12,1,GNP,Ochotona princeps,Alpine,Calling,7,2018,1,13,1.4,PIKA,2484,13,463053,clear,5692795,Mountain Creek
1,8.8,1,GNP,Carduelis pinus,Alpine,Calling,7,2019,1,9,5,PINE SISKIN,2484,13,463053,Broken,5692795,Mountain Creek
1,3.3,0,GNP,Nucifraga columbiana,Alpine,Calling,7,2020,1,14,2.5,CLARK'S NUTCRACKER,2484,13,463053,Scattered,5692795,Mountain Creek
1,3.3,1,GNP,Carduelis pinus,Alpine,Calling,7,2020,0,14,2.5,PINE SISKIN,2484,13,463053,Scattered,5692795,Mountain Creek
1,9.6,1,GNP,LEUCOSTICTE TEPHROCOTIS,Alpine,Calling,7,2014,2,8,6.9,GRAY-CROWNED ROSY-FINCH,2533,14,463089,clear,5692499,Mountain Creek
0,9.6,1,GNP,Carduelis pinus,Alpine,Calling,7,2014,0,8,6.9,PINE SISKIN,2533,14,463089,clear,5692499,Mountain Creek
1,11.3,0,GNP,Ochotona princeps,Alpine,Calling,6,2016,0,29,1.7,PIKA,2533,14,463089,Clear,5692499,Mountain Creek
1,11.3,1,GNP,Myadestes townsendi,Alpine,Singing,6,2016,1,29,1.7,TOWNSEND'S SOLITAIRE,2533,14,463089,Clear,5692499,Mountain Creek
0,9.4,0,GNP,Catharus guttatus,Alpine,Singing,7,2018,1,13,9,HERMIT THRUSH,2533,14,463089,clear,5692499,Mountain Creek
1,9.4,0,GNP,Carduelis pinus,Alpine,Calling,7,2018,0,13,9,PINE SISKIN,2533,14,463089,clear,5692499,Mountain Creek
0,9.4,1,GNP,Dendroica coronata,Alpine,Calling,7,2018,0,13,9,YELLOW-RUMPED WARBLER,2533,14,463089,clear,5692499,Mountain Creek
0,10,0,GNP,Ochotona princeps,Alpine,Calling,7,2019,1,9,2,PIKA,2533,14,463089,Broken,5692499,Mountain Creek
1,10,2,GNP,Carduelis pinus,Alpine,Calling,7,2019,2,9,2,PINE SISKIN,2533,14,463089,Broken,5692499,Mountain Creek
0,0.5,0,GNP,,Alpine,,7,2020,0,14,10,SECOND UNKNOWN,2533,14,463089,Scattered,5692499,Mountain Creek
1,14.4,1,GNP,Myadestes townsendi,Alpine,Singing,7,2014,0,8,0,TOWNSEND'S SOLITAIRE,2411,9,462970,clear,5693974,Mountain Creek
0,14.4,0,GNP,Colaptes auratus,Alpine,Calling,7,2014,1,8,0,NORTHERN FLICKER,2411,9,462970,clear,5693974,Mountain Creek
1,14.4,0,GNP,LEUCOSTICTE TEPHROCOTIS,Alpine,Calling,7,2014,1,8,0,GRAY-CROWNED ROSY-FINCH,2411,9,462970,clear,5693974,Mountain Creek
0,14.4,1,GNP,Nucifraga columbiana,Alpine,Calling,7,2014,1,8,0,CLARK'S NUTCRACKER,2411,9,462970,clear,5693974,Mountain Creek
1,14.4,1,GNP,Passerella iliaca,Alpine,Singing,7,2014,0,8,0,FOX SPARROW,2411,9,462970,clear,5693974,Mountain Creek
1,13.2,1,GNP,Nucifraga columbiana,Alpine,Calling,6,2016,1,29,2.1,CLARK'S NUTCRACKER,2411,9,462970,Clear,5693974,Mountain Creek
0,16,1,GNP,Nucifraga columbiana,Alpine,Calling,7,2018,0,13,1.2,CLARK'S NUTCRACKER,2411,9,462970,clear,5693974,Mountain Creek
1,9.8,1,GNP,Anthus spinoletta,Alpine,Calling,7,2019,1,9,4,AMERICAN PIPIT,2411,9,462970,Broken,5693974,Mountain Creek
0,6.8,0,GNP,Loxia curvirostra,Alpine,Calling,7,2020,1,14,0,RED CROSSBILL,2411,9,462970,Scattered,5693974,Mountain Creek
1,6.8,1,GNP,Myadestes townsendi,Alpine,Singing,7,2020,1,14,0,TOWNSEND'S SOLITAIRE,2411,9,462970,Scattered,5693974,Mountain Creek
1,6.8,0,GNP,Nucifraga columbiana,Alpine,Calling,7,2020,0,14,0,CLARK'S NUTCRACKER,2411,9,462970,Scattered,5693974,Mountain Creek
