address3,longitude,name,ward_2018_code,borough_name,borough_code,address1,os_addressbase_uprn,address2,easting,latitude,website,northing,ward_2018_name,runtime
,-0.1766995089636445,Arts Depot ,E05000061,Barnet,E09000003,5 Nether St,200196017,North Finchley,526341.305649239,51.61281643920563,https://www.artsdepot.co.uk/,192016.81063494275,West Finchley,04/11/2021
,-0.16081376726106,Battersea Arts Centre ,E05000623,Wandsworth,E09000032,Lavender Hill,121015942,,527853.9652386206,51.465163177953066,https://www.bac.org.uk/,175624.9250901831,Shaftesbury,04/11/2021
,-0.0730759431638321,Bernie Grant Arts Centre ,E05000280,Haringey,E09000014,Town Hall Approach Rd ,10003985252,Tottenham Green,533589.9636804023,51.58747502578768,https://www.berniegrantcentre.co.uk/,189382.92135030223,Tottenham Green,04/11/2021
,-0.0426833264558791,Chats Palace ,E05009379,Hackney,E09000012,42-44 Brooksby's Walk,100023020798,,535805.9630754543,51.55026392640687,https://chatspalace.com/,185300.92246146407,King's Park,04/11/2021
,-0.0811181670912771,Dugdale  ,E05000200,Enfield,E09000010,39 London Road,207007119,Enfield,532849.2438811352,51.650317656959146,https://www.dugdalecentre.co.uk/,196356.57945545216,Grange,04/11/2021
,-0.3638031612556714,Harrow Arts Centre ,E05000291,Harrow,E09000015,171 Uxbridge Road,200000319916,Hatch End,513397.9691668369,51.60848854476744,https://harrowarts.com/,191228.92084784468,Hatch End,04/11/2021
,-0.1301482517591501,ICA,E05000644,City of Westminster,E09000033,The Mall,10033601867,St. James's,529865.9646910784,51.50671003304889,http://www.osoarts.org.uk/,180298.923820792,St. James's,04/11/2021
,-0.2255847105141464,Irish Cultural Centre ,E05000256,Hammersmith and Fulham,E09000013,5 Black's Rd,34156699,Hammersmith,523281.9264810757,51.492313231802655,https://irishculturalcentre.co.uk/,178533.1042998233,Hammersmith Broadway,04/11/2021
,-0.1454041617417178,Jacksons Lane ,E05000272,Haringey,E09000014,269A Archway Rd,100023196841,Highgate,528609.9650331642,51.57668107136611,https://www.jacksonslane.org.uk/,188052.92171329263,Highgate,04/11/2021
,-0.1848192816232733,JW3,E05000145,Camden,E09000007,341-351 Finchley Rd,5063874,,525949.965754362,51.55094029970203,https://www.jw3.org.uk/,185121.92251037265,West Hampstead,04/11/2021
,-0.2466256590092568,OSO Arts Centre,E05000525,Richmond upon Thames,E09000027,49 Station Rd,200002811148,,521874.5868618636,51.472300953024735,http://www.osoarts.org.uk/,176272.52491440473,Mortlake and Barnes Common,04/11/2021
,0.022659872980982,Redbridge Drama Centre ,E05011238,Redbridge,E09000026,Churchfields,100022987836,South Woodford ,540187.9618855646,51.598452895907776,https://redbridgedramacentre.co.uk/RedbridgeDramaCentre.dll/Home,190782.9209709277,Churchfields,04/11/2021
,-0.0732752029240542,Rich Mix ,E05009335,Tower Hamlets,E09000030,35-47 Bethnal Green Rd,6150258,,533760.9636335555,51.52435933520294,https://www.richmix.org.uk/,182363.9232599343,Weavers,04/11/2021
,-0.228255396863794,Riverside Studios ,E05000256,Hammersmith and Fulham,E09000013,19 Crisp Rd,34157767, Hammersmith,523105.69652979344,51.48890897112333,https://www.riversidestudios.co.uk/,178150.05440400844,Hammersmith Broadway,04/11/2021
,-0.1168000055138906,Southbank Centre ,E05000416,Lambeth,E09000022,Belvedere Road,200000480101,,530794.9644374794,51.5057680666473,https://www.southbankcentre.co.uk/,180217.92384175293,Bishop's,04/11/2021
,-0.2018814067603197,The Tabernacle,E05009392,Kensington and Chelsea,E09000020,35 Powis Square,217070132,off Portobello Road,524859.966053673,51.516968162397546,https://www.tabernaclew11.com/,181314.9235454888,Colville,04/11/2021
,-0.0274092465249247,The Albany ,E05000449,Lewisham,E09000023,Douglas Way,100023569348,,537081.962728939,51.47787709615518,https://www.thealbany.org.uk/,177279.92464037123,New Cross,04/11/2021
High Street,-0.3630253474275807,The Arts Centre Houndslow ,E05000358,Hounslow,E09000018,ÃÂ First Floor,10091692850, Treaty Centre,513801.1090600508,51.4681335261444,http://www.hounslowartscentre.co.uk/,175622.01509234414,Hounslow Central,04/11/2021
,-0.094102588661412,The Barbican ,E05009302,City and County of the City of London,E09000001,Silk St,200000072615,,532328.9640218865,51.51996070862563,https://www.barbican.org.uk/,181836.92340351827,Cripplegate,04/11/2021
Teddington,-0.3246269033640929,The Landmark Arts Centre ,E05000530,Richmond upon Thames,E09000027,Landmark Arts Centre ,10024344794,Ferry Road ,516569.968307714,51.428086704633984,http://www.landmarkartscentre.org/,171228.92628604273,Teddington,04/11/2021
,-0.2289215007857099,The Library at Willesdon Green,E05000105,Brent,E09000005,95 High Road,202149110,Willesden ,522903.96658540505,51.54665039984011,https://www.brent.gov.uk/your-council/the-library-at-willesden-green/,184569.9226591483,Willesden Green,04/11/2021
,-0.2980423706039166,Watermans Arts Centre,E05000347,Hounslow,E09000018,40 High St,100023407377,Brentford ,518268.9678445704,51.485768357508256,https://www.watermans.org.uk/,177685.9245303647,Brentford,04/11/2021
,-0.0229826097016487,Poplar Union ,E05009325,Tower Hamlets,E09000030,2 Cotall St,6194894,Poplar,537275.9626786192,51.51559973312887,https://poplarunion.com/ ,181482.92349759783,Lansbury,04/11/2021
,-0.1276553999590895,Streatham Space Project ,E05000430,Lambeth,E09000022,Sternhold Ave,10093376788,,530232.0545913933,51.43878493789492,,172750.01587254187,Streatham Hill,04/11/2021
,-0.0957780738307429,Fairfield Halls ,E05011468,Croydon,E09000008,Park Ln,100022917675,,532638.9639372956,51.3725243869017,https://fairfield.co.uk/,165438.9278591093,Fairfield,04/11/2021
,0.0017436141571047,Stratford Circus Arts Centre ,E05000492,Newham,E09000025,Theatre Square,10008996899,,538908.9822320871,51.542716602881285,https://stratford-circus.com/,184544.9626666871,Stratford and New Town,04/11/2021
