latitude,easting,address3,northing,runtime,longitude,os_addressbase_uprn,ward_2018_name,address2,website,ward_2018_code,name,address1,borough_code,borough_name
51.52160662923071,530894.9645348527,,181982.92348422023,04/11/2021,-0.114704893196649,10091862142,Holborn and Covent Garden,,http://www.domobaal.com/#,E05000138,Domobaal,3 John Street,E09000007,Camden
51.52416186295283,531230.9644439578,,182275.92340599908,04/11/2021,-0.109755625846395,5300033028,Clerkenwell,,http://www.emmahilleagle.com/#,E05000370,Eagle Gallery,159 Farringdon Road,E09000019,Islington
51.54283831211358,532452.9641102117,,184385.9228319464,04/11/2021,-0.0913580910097538,10091003649,Canonbury,,http://workgallery.co.uk/#,E05000369,Work,308 Essex Road,E09000019,Islington
51.57904584466059,514472.928960828,,187977.311810033,04/11/2021,-0.3493466961511721,100021292207,West Harrow,,http://www.usurp.org.uk/exhibitions/#,E05000305,Usurp,140 Vaughan Road,E09000015,Harrow
51.55850337991384,526369.9657628811,,185973.9223995341,04/11/2021,-0.1784591038914786,5010317,Hampstead Town,,http://www.cattogallery.co.uk/#,E05000135,Catto Gallery,100 Heath Street,E09000007,Camden
51.54640648601583,529074.9650289959,,184695.92274840787,04/11/2021,-0.1399289134061762,5021000,Cantelowes,,http://freespacegallery.org/#,E05000131,Freespace Gallery,2 Bartholomew Road,E09000007,Camden
51.52564778635138,530167.964733288,,182413.92336844868,04/11/2021,-0.1250184763116502,5030299,Bloomsbury,,http://www.orangedotgallery.co.uk/#,E05000129,Orange Dot Gallery,54 Tavistock Place,E09000007,Camden
51.515428538246375,530016.964771571,,181272.9236770144,04/11/2021,-0.1276146955741516,5066491,Holborn and Covent Garden,,http://www.lawrencealkingallery.com/#,E05000138,Lawrence Alkin Gallery,42 New Compton Street,E09000007,Camden
51.51776637099261,530790.9645623658,,181552.9236001026,04/11/2021,-0.1163625663760424,5154466,Holborn and Covent Garden,,http://www.arts.ac.uk/gallery.htm#,E05000138,University of the Arts London Gallery,272 High Holborn,E09000007,Camden
51.55916188807706,526358.9657658924,,186046.9223796577,04/11/2021,-0.1785914923759944,5082905,Hampstead Town,,http://www.gallery-k.co.uk/#,E05000135,Gallery K,101-103 Heath Street,E09000007,Camden
51.51879360553176,530233.9647133822,,181652.92357369483,04/11/2021,-0.1243487817278805,5083316,Holborn and Covent Garden,68â69Â Great Russell Street,http://austindesmond.com/#,E05000138,Austin Desmond Fine Art,Pied Bull YardÂ ,E09000007,Camden
51.52235178849262,529884.9648089437,,182039.9234700508,04/11/2021,-0.1292334038104869,5086881,Bloomsbury,Thornhaugh Street,http://www.soas.ac.uk/gallery/#,E05000129,Brunei Gallery,SOAS,E09000007,Camden
51.52069373807282,530411.9646658043,,181868.9235150376,04/11/2021,-0.1217048753408633,5087208,Holborn and Covent Garden,,http://www.octobergallery.co.uk/#,E05000138,The October Gallery,24 Old Gloucester Street,E09000007,Camden
51.518944887353086,529496.964912489,,181650.92357560748,04/11/2021,-0.1349657303693765,5087275,Bloomsbury,,http://www.richard-green.com/#,E05000129,Rebecca Hossack Gallery 2,"28 Charlotte Street,",E09000007,Camden
51.52204781119471,529171.9650016477,,181987.923484485,04/11/2021,-0.1395237900061974,5087297,Bloomsbury,,http://www.rebeccahossack.com/#,E05000129,Rebecca Hossack Gallery 1,2a Conway Street,E09000007,Camden
51.51890509971838,529552.9648973413,,181647.92357631383,04/11/2021,-0.1341601699643469,5087378,Bloomsbury,,http://www.theframersgallery.co.uk/#,E05000129,The Framers Gallery,36 Windmill Street,E09000007,Camden
51.54017462910892,528104.9652930357,,183977.9229422809,04/11/2021,-0.1541712188587891,5087431,Camden Town with Primrose Hill,,http://www.beside-the-wave.co.uk/#,E05000130,Beside the Wave,41 Chalcot Road,E09000007,Camden
51.52047104451743,529346.9649537974,,181816.92353088548,04/11/2021,-0.1370655353239512,5087726,Bloomsbury,,http://www.woolffgallery.co.uk/#,E05000129,Woolff Gallery,89 Charlotte St,E09000007,Camden
51.55821624511333,526367.9657634617,,185941.9224083033,04/11/2021,-0.1784994270988269,5087751,Hampstead Town,,http://www.lahdgallery.com/#,E05000135,Lahd Gallery,92 Heath Street,E09000007,Camden
51.54116049544474,529221.9649893974,,184115.9229063784,04/11/2021,-0.1380230145233303,5087949,Camden Town with Primrose Hill,,http://www.cobgallery.com/#,E05000130,The Cob Gallery,205 Royal College Street,E09000007,Camden
51.51812949338447,530424.9646616299,,181583.9235919745,04/11/2021,-0.1216230372430447,5088047,Holborn and Covent Garden,,http://edgeofarabia.com/#,E05000138,Edge of Arabia,5 Southampton Place,E09000007,Camden
51.52220043508069,529211.964990893,,182005.9234796725,04/11/2021,-0.1389409630675663,5088144,Bloomsbury,,http://www.hanmigallery.co.uk/#,E05000129,Hanmi Gallery,30 Maple Street,E09000007,Camden
51.530103753099226,530641.9646051445,,182921.92322875152,04/11/2021,-0.1180013927343225,5088316,King's Cross,,http://www.gagosian.com/#,E05000141,Gagosian Gallery 1,6-24 Brittania Street,E09000007,Camden
51.52250111600906,529193.9649958417,,182038.92347070985,04/11/2021,-0.1391881718591446,5088512,Bloomsbury,,http://www.fitzroyhouse.org/#,E05000129,L. Ron HubbardÃ¢ÂÂs Fitzroy House,37 Fitzroy Street,E09000007,Camden
51.51966354381933,530747.9645745027,,181762.9235433376,04/11/2021,-0.1169040722584161,5105749,Holborn and Covent Garden,,http://www.novelty-automation.com/#,E05000138,Novelty Automation,1A Princeton Street,E09000007,Camden
51.51966354381933,530747.9645745027,,181762.9235433376,04/11/2021,-0.1169040722584161,5105749,Holborn and Covent Garden,,http://www.charlieduttongallery.com/#,E05000138,Charlie Dutton Gallery,1a Princeton Street,E09000007,Camden
51.51856294776992,530298.9646957637,,181628.9235800517,04/11/2021,-0.1234213548908111,5106153,Holborn and Covent Garden,,http://simonoldfield.com/#,E05000138,Simon Oldfield,Bloomsbury Square,E09000007,Camden
51.5226043006357,529056.96503283,,182046.9234682931,04/11/2021,-0.1411588478675426,5109564,Bloomsbury,,http://www.galleryat94.com/#,E05000129,The Gallery at 94,94 Cleveland Street,E09000007,Camden
51.52345761112495,529176.9650007103,,182144.92344197404,04/11/2021,-0.13939422448342,5113050,Bloomsbury,,http://www.tristanhoare.co.uk/#,E05000129,Tristan Hoare,6 Fitzroy Square,E09000007,Camden
51.533425200653554,529877.964813056,,183271.9231346081,04/11/2021,-0.128880188706023,5135046,St. Pancras and Somers Town,,http://hardytreegallery.com/#,E05000143,Hardy Tree Gallery,119 Pancras Road,E09000007,Camden
51.524541015124136,529547.964901156,,182274.92340756964,04/11/2021,-0.1340017699149367,5157423,Bloomsbury,,http://www.ucl.ac.uk/museums/#,E05000129,University College London Museums,Gower Street,E09000007,Camden
51.51791356463358,529565.964893397,,181537.9236058941,04/11/2021,-0.134013332220865,5159812,Bloomsbury,,http://www.caa.org.uk/#,E05000129,Contemporary Applied Arts,2 Percy Street,E09000007,Camden
51.51822006569438,529796.9648311741,,181577.9235947136,04/11/2021,-0.1306712038183859,5176539,Bloomsbury,,http://www.aaschool.ac.uk/PUBLIC/WHATSON/exhibitions.php#,E05000129,Architectural Association,36 Bedford Square,E09000007,Camden
51.52707881467916,529806.9648314815,,182563.9233283422,04/11/2021,-0.1301640666219375,5188543,King's Cross,Euston Road,http://cryptgallery.org.uk/#,E05000141,The Crypt Gallery,St Pancras Church,E09000007,Camden
51.51934936754133,533817.9637391116,,181807.9235343412,04/11/2021,-0.0726651388473254,6001683,Spitalfields & Banglatown,,http://www.cubefuture.com/#,E05009333,CubeFuture,33 Fournier Street,E09000030,Tower Hamlets
51.519856162371504,533802.9637433107,,181863.9235190012,04/11/2021,-0.0728599502611073,6001684,Spitalfields & Banglatown,,http://www.elevenspitalfields.com/#,E05009333,Eleven Spitalfields,11 Princelet Street,E09000030,Tower Hamlets
51.516898948227926,533577.9638043763,,181528.92361061816,04/11/2021,-0.0762279062232559,6001837,Spitalfields & Banglatown,,http://www.leydengallery.com/#,E05009333,Leyden Gallery,9/9a Leyden Street,E09000030,Tower Hamlets
51.52448129937768,533890.963720763,,182380.92337747867,04/11/2021,-0.0713959666786299,6002804,Weavers,,http://www.thebricklanegallery.com/#,E05009335,Brick Lane Gallery,216 Brick Lane,E09000030,Tower Hamlets
51.525609057356014,533947.9637058304,,182507.9233427627,04/11/2021,-0.0705265545149414,6005162,Weavers,,http://www.espaciogallery.com/#,E05009335,Espacio Gallery,159 Bethnal Green Road,E09000030,Tower Hamlets
51.516173036553,533986.963692274,,181458.92362910457,04/11/2021,-0.0703634289051102,6011122,Spitalfields & Banglatown,,http://www.whitechapel.org/#,E05009333,Whitechapel Gallery,77-82 Whitechapel High Street,E09000030,Tower Hamlets
51.51642913671082,534005.963687072,,181487.9236213523,04/11/2021,-0.0700787431590077,6015759,Spitalfields & Banglatown,,http://the-mews-about.blogspot.co.uk/#,E05009333,The Mews Project Space,15c Osborn Street,E09000030,Tower Hamlets
51.516475017768265,534001.9636881689,,181492.92362001847,04/11/2021,-0.0701344567218832,6015771,Spitalfields & Banglatown,,https://www.stolenspace.com/#,E05009333,Stolenspace Gallery,"17 Osborn St,",E09000030,Tower Hamlets
51.52525490010793,534957.8834152743,,182495.27332125383,04/11/2021,-0.0559822269664148,6015931,St. Peter's,,http://www.maureenpaley.com/#,E05009331,Maureen Paley,21 Herald Street,E09000030,Tower Hamlets
51.52889594535799,535432.0132912778,,182913.0832050836,04/11/2021,-0.048991302945874,6039056,Bethnal Green,,http://www.fourcornersfilm.co.uk/gallery#,E05009317,Four Corners Gallery,121 Roman Road,E09000030,Tower Hamlets
51.54288339666672,537157.9628318317,,184515.9227968345,04/11/2021,-0.0235016256622084,6077533,Bow East,49 White Post Lane,http://www.arebyte.com/#,E05009319,Arebyte,Unit 4,E09000030,Tower Hamlets
51.52345086599552,533963.9236616828,,182268.18335707748,04/11/2021,-0.0703877578580962,6089640,Weavers,,http://prooflondon.com/#,E05009335,Proof London,26 Cheshire Street,E09000030,Tower Hamlets
51.53159921295051,534680.9635077538,,183193.92315513804,04/11/2021,-0.059704512714282,6143359,St. Peter's,,http://vilmagold.com/#,E05009331,Vilma Gold,6 Minerva Street,E09000030,Tower Hamlets
51.53461965551646,535014.9634169801,,183538.9230618456,04/11/2021,-0.0547599884379267,6146632,St. Peter's,,http://www.modernart.net/#,E05009331,Modern Art 2,50-58 Vyner Street,E09000030,Tower Hamlets
51.533076085546526,536057.3931229226,,183394.9630780461,04/11/2021,-0.0397953218638132,6146768,Bow West,,http://www.chisenhale.org.uk/#,E05009320,Chisenhale Gallery,64 Chisenhale Road,E09000030,Tower Hamlets
51.53962540032962,537327.082781548,,184157.93284302787,04/11/2021,-0.0212039665099541,6151026,Bow East,Fish Island,http://smokehousegallery.org/#,E05009319,Forman's Smokehouse Gallery,Stour Road,E09000030,Tower Hamlets
51.50742805494044,533953.9637015625,,180484.9238903944,04/11/2021,-0.0712086762260059,6155400,St. Katharine's & Wapping,St.Katharine Docks,http://www.thealexandermilesgallery.com/,E05009330,The Alexander Miles Gallery,"Unit K, The Ivory House",E09000030,Tower Hamlets
51.5260838756287,533550.8037781982,,182550.2933259564,04/11/2021,-0.0762321397283168,6159644,Weavers,,http://calvert22.org/#,E05009335,Calvert 22,22 Calvert Avenue,E09000030,Tower Hamlets
51.525732384712256,534986.2534028165,,182549.16332117352,04/11/2021,-0.0555528821160805,6161973,St. Peter's,249-253 Cambridge Heath Road,http://www.breeselittle.com/#,E05009331,Breese Little,Unit 1,E09000030,Tower Hamlets
51.53065451333914,533810.6837142921,,183065.7631557533,04/11/2021,-0.0722923964901217,6178041,Weavers,Hassard Street,http://publicexhibitions.biz/#,E05009335,Public Exhibitions,"Black Gates,",E09000030,Tower Hamlets
51.52981451921325,534574.1135000668,,182992.4832075839,04/11/2021,-0.0613209764029715,6178788,St. Peter's,,http://www.union-gallery.com/#,E05009331,Union Gallery,94 Teesdale Street,E09000030,Tower Hamlets
51.53327970083589,534891.0234483558,,183386.51306867728,04/11/2021,-0.0566041931831266,6180728,St. Peter's,,http://www.cellprojects.org/#,E05009331,Cell Project Space,258 Cambridge Heath Road,E09000030,Tower Hamlets
51.52407936693152,533652.963784639,,182329.92339126952,04/11/2021,-0.0748439419621892,6210892,Weavers,Ebor St / Bethnal Green Rd,http://www.unit9.london/#,E05009335,Unit 9,The Huntingdon Estate,E09000030,Tower Hamlets
51.51815918091642,533530.9638172842,,181667.9235727228,04/11/2021,-0.076852234775672,6653355,Spitalfields & Banglatown,,http://www.ravenrow.org/#,E05009333,Raven Row,56 Artillery Lane,E09000030,Tower Hamlets
51.51090756913104,517575.96815388417,,180466.92389570983,04/11/2021,-0.3070922992581676,12141314,Walpole,Mattock Lane,http://www.pitzhanger.org.uk/#,E05000192,Pitzhanger Manor House & Gallery,Walpole Park,E09000009,Ealing
51.480499616048014,524811.9661876966,,177255.924770798,04/11/2021,-0.2040078632064936,34055693,Fulham Broadway,,http://www.studio106artgallery.org/#,E05000254,Studio 106,106 Dawes Road,E09000013,Hammersmith and Fulham
51.51008832623464,523776.9664675742,,180522.9238806009,04/11/2021,-0.2177596940616005,34115265,Shepherd's Bush Green,,http://www.ltbfoundation.org/#,E05000263,Louise T Blouin Institute,3 Olaf Street,E09000013,Hammersmith and Fulham
51.48976350443796,524575.9662516486,,178280.92449157394,04/11/2021,-0.2070434309138424,34140084,North End,,http://www.bhavan.net/art-gallery#,E05000258,Bhavan Art Gallery,4a Castletown Road,E09000013,Hammersmith and Fulham
51.47758981129139,525898.9658949017,,176958.924849384,04/11/2021,-0.1884682431793093,34144768,Sands End,,http://www.hiddevanseggelen.com/#,E05000262,Hidde van Seggelen Gallery,2 Michael Road,E09000013,Hammersmith and Fulham
51.41551641903511,523683.966493084,,169997.92674050323,04/11/2021,-0.2227773271318328,48022286,Raynes Park,,http://www.thecynthiacorbettgallery.com/#,E05000469,The Cynthia Corbett Gallery,15 Claremont Lodge,E09000024,Merton
51.51423596367373,532789.9640192119,,181211.923695588,04/11/2021,-0.0876974102798382,95511162,Walbrook,,http://www.bankofengland.co.uk/education/Pages/museum/visiting/default.aspx#,E05009312,Bank of England Museum,Bartholomew Lane,E09000001,City and County of the City of London
51.51294003695397,531914.9642548618,,181044.9237398565,04/11/2021,-0.1003624376939199,95514285,Castle Baynard,,http://www.carterlanegallery.com/#,E05009297,Carter Lane Gallery,49 Carter Lane,E09000001,City and County of the City of London
51.47899807201876,528233.9652573657,,177173.92479000008,04/11/2021,-0.1547851554162911,121032970,Queenstown,,http://pumphousegallery.org.uk/#,E05000620,Pumphouse Gallery,Battersea Park,E09000032,Wandsworth
51.54766993458268,523256.96661167673,,184691.9227482378,04/11/2021,-0.2237905909353418,202054057,Willesden Green,,http://www.brentartistsresource.org.uk/#,E05000105,Brent Artists Resource,4â5Â QueenÃ¢ÂÂs Parade,E09000005,Brent
51.4979710461788,527311.9655079299,,179261.92422555143,04/11/2021,-0.1673026860838295,217007694,Brompton & Hans Town,,http://cranekalman.com/#,E05009389,Crane Kalman,178 Brompton Road,E09000020,Kensington and Chelsea
51.486038419892495,526137.9658272105,,177904.9245909077,04/11/2021,-0.1846911488702473,217040769,Redcliffe,,http://www.hollywoodroadgallery.com/#,E05009402,Hollywood Road Gallery,12 Hollywood Road,E09000020,Kensington and Chelsea
51.50677826413238,525380.966031731,,180193.92397169385,04/11/2021,-0.1947751368386443,217043176,Campden,,http://www.rowleygallery.co.uk/#,E05009390,The Rowley Gallery,115 Kensington Church Street,E09000020,Kensington and Chelsea
51.50532413088944,525453.9660119428,,180033.92401523617,04/11/2021,-0.1937807325365227,217043283,Campden,,http://www.japanese-gallery.com/#,E05009390,Japanese Gallery,66D Kensington Church St,E09000020,Kensington and Chelsea
51.48604711487272,527019.5255835608,,177927.82454965287,04/11/2021,-0.1719931345288612,217046439,Chelsea Riverside,,http://www.northcotegallery.com/#,E05009391,Northcote Gallery Chelsea,253 KingÃ¢ÂÂs Road,E09000020,Kensington and Chelsea
51.51637172195887,524221.96634821664,,181232.9236892924,04/11/2021,-0.2111004707196598,217050374,Notting Dale,,http://www.museumofbrands.com/#,E05009399,Museum of Brands,111-117 Lancaster Road,E09000020,Kensington and Chelsea
51.48235595210937,526409.9657536048,,177501.92470088857,04/11/2021,-0.1809198699113876,217051631,Stanley,,http://www.jhba.co.uk/#,E05009405,James Harvey British Art,15 Langton Street,E09000020,Kensington and Chelsea
51.51387222378175,525082.9661139935,,180975.92375970865,04/11/2021,-0.1987894317489159,217052558,Pembridge,,http://www.doyledevere.co.uk/#,E05009400,Doyle Devere,30 Ledbury Road,E09000020,Kensington and Chelsea
51.50657125597892,525867.9658994594,,180182.92397327645,04/11/2021,-0.1877656207162116,217064477,Campden,,http://www.rbkc.gov.uk/subsites/museums/theorangery.aspx#,E05009390,The Orangery,Holland Park,E09000020,Kensington and Chelsea
51.49033075243624,527636.965417878,,178419.92445429362,04/11/2021,-0.162927570247624,217087920,Royal Hospital,,http://www.tryonst.co.uk/#,E05009403,Tryon St,7-9 Tryon Street,E09000020,Kensington and Chelsea
51.51049445654745,524301.9663251464,,180580.92386617983,04/11/2021,-0.2101779299816522,217103015,Notting Dale,,http://www.laceycontemporarygallery.co.uk/#,E05009399,Lacey Contemporary,8 Clarendon Cross,E09000020,Kensington and Chelsea
51.48979585178645,526777.9656516023,,178338.92447508615,04/11/2021,-0.1753228189031709,217103153,Courtfield,,http://www.thedotproject.com/#,E05009393,The Dot Project,94 Fulham Road,E09000020,Kensington and Chelsea
51.482291479831545,526416.9657516992,,177494.92470280593,04/11/2021,-0.1808216162380594,217103621,Stanley,,http://www.waterman.co.uk/#,E05009405,Offer Waterman & Co,11 Langton Street,E09000020,Kensington and Chelsea
51.49251817122632,526660.9656832658,,178638.924393697,04/11/2021,-0.1768995742100637,217103741,Courtfield,,http://www.cadogancontemporary.com/#,E05009393,Cadogan Contemporary,87 Old Brompton Road,E09000020,Kensington and Chelsea
51.51793441137311,524512.9662695407,,181413.9236403173,04/11/2021,-0.206844851165466,217103948,Colville,,http://themuseat269.com/#,E05009392,The Muse,269 Portobello Rd,E09000020,Kensington and Chelsea
51.49429237762958,526884.9656226847,,178841.924339424,04/11/2021,-0.1736017603515019,217104170,Brompton & Hans Town,,http://www.medicigallery.co.uk/c/183/Contact,E05009389,Medici Gallery (south Kensington),26 Thurloe Street,E09000020,Kensington and Chelsea
51.51565024734415,524600.9662454559,,181161.92370896804,04/11/2021,-0.2056662717493832,217106096,Colville,,http://www.gggallery.co.uk/#,E05009392,GGGallery,15b Blenheim Crescent,E09000020,Kensington and Chelsea
51.503311605461576,525574.3959719792,,179812.9640533695,04/11/2021,-0.1921250728715442,217106179,Campden,,http://www.richardyounggallery.co.uk/#,E05009390,Richard Young Gallery,4 Holland Street,E09000020,Kensington and Chelsea
51.499033895881766,526056.9658481888,,179348.92420063418,04/11/2021,-0.1853417163445101,217106588,Queen's Gate,,http://www.hackelbury.co.uk/#,E05009401,Hackelbury,4 Launceston Place,E09000020,Kensington and Chelsea
51.51174868489209,528916.5650462508,,180835.4237980704,04/11/2021,-0.1436244012533257,10033538913,West End,,http://www.richard-green.com/#,E05000649,Richard Green 2,33 New Bond Street,E09000033,City of Westminster
51.48438957011454,527000.9655913399,,177742.92463588814,04/11/2021,-0.1723267456959881,217106994,Chelsea Riverside,,http://www.thefoundrygallery.org/#,E05009391,The Foundry Gallery,39 Old Church Street,E09000020,Kensington and Chelsea
51.48591807296405,526475.9657347733,,177899.92459285457,04/11/2021,-0.1798275159215542,217107061,Stanley,,http://www.thelittleblackgallery.com/#,E05009405,The Little Black Gallery,13A Park Walk,E09000020,Kensington and Chelsea
51.49060611024564,527929.9653384807,,178457.9244434932,04/11/2021,-0.1586958087131313,217110596,Royal Hospital,King's Road,http://www.saatchi-gallery.co.uk/#,E05009403,Saatchi Gallery,Duke of York's HQ,E09000020,Kensington and Chelsea
51.51935509320047,524468.9662811921,,181570.92359750083,04/11/2021,-0.2074232388017778,217113237,Golborne,,http://graffikgallery.com/#,E05009396,Graffik Gallery,284 Portobello Road,E09000020,Kensington and Chelsea
51.48881702702945,527414.965478184,,178245.92450133612,04/11/2021,-0.1661862212369484,217115299,Stanley,,http://www.flyingcoloursgallery.com/#,E05009405,Flying Colours Gallery,6 Burnsall Street,E09000020,Kensington and Chelsea
51.488967330381406,527425.9654751923,,178262.9244967649,04/11/2021,-0.1660217400287086,217120296,Stanley,,http://www.michaelhoppengallery.com/#,E05009405,Michael Hoppen Gallery,3 Jubilee Place,E09000020,Kensington and Chelsea
51.52258598667444,532438.9641139281,,182131.9234455058,04/11/2021,-0.0924072372292085,5300028758,Bunhill,,https://adremgroup.com/dreamspace-gallery/#,E05000367,Dreamspace Gallery,3 Dufferin Street,E09000019,Islington
51.52000016879588,532811.9640128042,,181853.9235214768,04/11/2021,-0.0871387242087446,5300033404,Bunhill,,http://www.bloombergspace.com/#,E05000367,Bloomberg Space,50 Finsbury Square,E09000019,Islington
51.52701263768808,532147.9641943168,,182616.92331427708,04/11/2021,-0.0964174076322577,5300056285,Bunhill,,http://arcadefinearts.com/#,E05000367,Arcade,87 Lever Street,E09000019,Islington
51.52424073682208,532241.9641678295,,182310.9233971576,04/11/2021,-0.0951779751064024,5300069554,Bunhill,,http://www.sway-gallery.com/#,E05000367,Sway Gallery,70-72 Old Street,E09000019,Islington
51.55421886757041,530236.9647137888,,185594.92250381835,04/11/2021,-0.1228480512123427,5300075947,Holloway,,http://www.islingtonartsfactory.org/#,E05000375,Islington Arts Factory,2 Parkhurst Rd,E09000019,Islington
51.53460763046594,531564.9643548932,,183446.9230881838,04/11/2021,-0.1045067563442477,5300095173,St. Peter's,,http://www.sesameart.com/#,E05000380,James Freeman Gallery,354 Upper Street,E09000019,Islington
51.523683360992905,532357.9641360305,,182251.92341297813,04/11/2021,-0.0935290257736793,5300102398,Bunhill,,http://curiousdukegallery.com/#,E05000367,Curious Duke Gallery,173 Whitecross Street,E09000019,Islington
51.48652547728556,531268.9644324739,,178088.92454243364,04/11/2021,-0.1107657251007168,10000445110,Prince's,,http://spacestationsixtyfive.com/#,E05000427,Space Station 65,373 Kennington Road,E09000022,Lambeth
51.49414758259677,535193.963365807,,179039.9242869235,04/11/2021,-0.0539056987962411,10000811263,Rotherhithe,Southwark Park,http://cgplondon.org/#,E05011112,CGP London,1 Park Approach,E09000028,Southwark
51.50747222573279,531815.964281091,,180433.923906322,04/11/2021,-0.102016600558656,10000811558,Borough & Bankside,,http://www.purdyhicks.com/#,E05011095,Purdy Hicks,65 Hopton Street,E09000028,Southwark
51.38092832778922,537210.9628151646,,166494.92769622878,04/11/2021,-0.029725744310886,10003615210,Kelsey and Eden Park,Monks Orchard Road,http://bethlemgallery.com/#,E05000120,Bethlem Gallery,Bethlem Royal Hospital,E09000006,Bromley
51.424031729348286,528914.9650715027,,171074.92644952371,04/11/2021,-0.1472034359933635,10008157629,Furzedown,,http://www.sproutarts.com/#,E05000615,Sprout Community Arts,74 Moyser Road,E09000032,Wandsworth
51.529647625412295,533476.9638336031,,182944.9232232186,04/11/2021,-0.0771464214620505,10008242588,Haggerston,,http://www.flowersgallery.com/#,E05009375,Flowers Gallery East,82 Kingsland Road,E09000012,Hackney
51.530377120881006,532235.9141226999,,182993.6032042844,04/11/2021,-0.0950089487595565,10008244219,Hoxton West,,http://www.parasol-unit.org/#,E05009378,Parasol unit,14 Wharf Road,E09000012,Hackney
51.53550144468921,534633.9635197859,,183626.92303753243,04/11/2021,-0.0602162308162057,10008244601,London Fields,8 Andrews Road,http://www.fiveyears.org.uk/#,E05009381,Five Years,"Unit 66, Regent Studios",E09000012,Hackney
51.52407369943361,533524.96381906,,182325.9233922753,04/11/2021,-0.0766894152107547,10008304903,Hoxton East & Shoreditch,,http://www.rocketgallery.com/#,E05009377,Rocket Gallery,56 Shoreditch High Street,E09000012,Hackney
51.52630389934748,533213.9639028559,,182565.92332639248,04/11/2021,-0.0810789451057717,10008317965,Hoxton East & Shoreditch,,http://www.hoxtonartgallery.co.uk/#,E05009377,Hoxton Art Gallery,64 Charlotte Road,E09000012,Hackney
51.54359430027846,534826.9834232866,,184532.63275412424,04/11/2021,-0.0570884039707175,10008325659,Hackney Central,,http://www.galerie8.co.uk/#,E05009372,Galerie8,203 Richmond Road,E09000012,Hackney
51.53726349291777,533346.4638692783,,183788.98299117864,04/11/2021,-0.0787071274342672,10008329599,De Beauvoir,2-10 Hertford Road,http://www.theproudarchivist.co.uk/#,E05009371,The Proud Archivist,"The Archivist, Unit V Reliance Wharf",E09000012,Hackney
51.52658861238737,533187.9639099931,,182596.9233179539,04/11/2021,-0.0814418013470698,10008336390,Hoxton East & Shoreditch,,http://charliesmithlondon.com/#,E05009377,Charlie Smith,336 Old Street,E09000012,Hackney
51.54404540250602,535481.683257832,,184600.26274123893,04/11/2021,-0.0476269716314704,10008339282,Homerton,,http://unitg.london/gallery/#,E05009376,Unit G Gallery,12A Collent Street,E09000012,Hackney
51.55077848634022,533535.9638142965,,185297.92258389725,04/11/2021,-0.0754045076167175,10008342181,Shacklewell,,http://www.bsmt.co.uk/#,E05009382,BSMT Space,5d Stoke Newington Road,E09000012,Hackney
51.52503946467612,532284.9641560469,,182400.9233726781,04/11/2021,-0.0945247333764259,10008977815,Bunhill,,http://www.modernart.net/#,E05000367,Modern Art 1,4-8 Helmet Row,E09000019,Islington
51.49476219386892,534613.963523729,,179092.92427171028,04/11/2021,-0.0622353207483533,10009799375,North Bermondsey,,https://www.thegalleryguide.co.uk/galleries/vibe-gallery,E05011106,Vibe Gallery,100 ClementÃ¢ÂÂs Road,E09000028,Southwark
51.477347170338845,538927.8523034201,,177271.02474039426,04/11/2021,-0.0008497192490031,10010200750,Greenwich West,,http://www.rmg.co.uk/royal-observatory#,E05000222,Royal Observatory,Blackheath Avenue,E09000011,Greenwich
51.53146407783977,530471.9646514746,,183068.9231889132,04/11/2021,-0.1203963336236463,10012789978,Caledonian,,http://www.allvisualarts.org/,E05000368,All Visual Arts,2 Omega Place,E09000019,Islington
51.53235040373963,531339.9644160593,,183189.9231576164,04/11/2021,-0.1078446953551433,10012791474,Barnsbury,,http://cubittartists.org.uk/#,E05000366,Cubitt Gallery,8 Angel Mews,E09000019,Islington
51.50593950157251,532106.9642030598,,180270.9239502508,04/11/2021,-0.0978870047584544,10013527858,Borough & Bankside,,http://unit24.info/#,E05011095,Unit 24,20 Great Guildford Street,E09000028,Southwark
51.49739118125488,533321.0538416267,,179351.3941697855,04/11/2021,-0.0807512412662026,10013529059,London Bridge & West Bermondsey,,http://www.vitrinegallery.co.uk/#,E05011104,Vitrine,15 Bermondsey Square,E09000028,Southwark
51.501149810795205,535477.4432676821,,179826.674072541,04/11/2021,-0.0495226711970965,10013529797,Rotherhithe,,http://www.horatiojr.com/#,E05011112,Horatio Jr,"The Lord Nelson, 66 Canon Beck Road",E09000028,Southwark
51.457136413584905,525120.9661046766,,174663.92547280423,04/11/2021,-0.2004767752789343,10024086836,Fairfield,,http://www.wandsworthmuseum.co.uk/#,E05000614,The Wandsworth Museum,38 West Hill,E09000032,Wandsworth
51.50711911725937,529138.9650107411,,180325.9239363589,04/11/2021,-0.1406078132444656,10033524577,St. James's,,http://www.skarstedt.com/#,E05000644,Skarstedt Gallery,8 Bennet Street,E09000033,City of Westminster
51.51671735945587,529255.9649775077,,181396.9236445561,04/11/2021,-0.1385303881307377,10033525838,West End,,http://www.screamlondon.com/#,E05000649,Scream,27 - 28 Eastcastle Street,E09000033,City of Westminster
51.512402468016255,528748.9651159651,,180903.9237796315,04/11/2021,-0.1460132598946329,10033526904,West End,,http://www.benbrownfinearts.com/#,E05000649,Ben Brown Fine Arts,12 BrookÃ¢ÂÂs Mews,E09000033,City of Westminster
51.50856181680288,529117.9650166916,,180485.92389301688,04/11/2021,-0.1408516737552217,10033528809,West End,,http://www.marlboroughfineart.com/#,E05000649,Marlborough Fine Art,6 Albemarle Street,E09000033,City of Westminster
51.5104770846591,529073.9650283009,,180697.9238353397,04/11/2021,-0.1414077648867812,10033532792,West End,,http://www.messums.com/#,E05000649,Messum's,28 Cork Street,E09000033,City of Westminster
51.5047903535116,526759.9656590266,,180006.92402174784,04/11/2021,-0.1749830220386838,10033534401,Knightsbridge and Belgravia,,http://www.serpentinegallery.org/#,E05000637,Serpentine Gallery,Kensington Gardens,E09000033,City of Westminster
51.51119847307912,529377.9649459459,,180785.9238109856,04/11/2021,-0.1369972555049264,10033534803,West End,,http://www.frithstreetgallery.com/#,E05000649,Frith Street Gallery,17-18 Golden Square,E09000033,City of Westminster
51.51112735891863,529177.9650000524,,180772.92381477536,04/11/2021,-0.1398824792385247,10033536350,West End,,http://www.sprovieri.com/london/#,E05000649,Sprovieri,23 Heddon Street,E09000033,City of Westminster
51.51664592065967,529135.9650102067,,181385.9236477479,04/11/2021,-0.1402629033868067,10033537907,West End,,http://www.berlonigallery.com/#,E05000649,Berloni,63 Margaret Street,E09000033,City of Westminster
51.490438663665806,530044.9647639471,,178492.92443184194,04/11/2021,-0.1282358353968019,10033538283,Vincent Square,16 John Islip Street,http://www.chelseaspace.org/#,E05000646,Chelsea Space,Chelsea College of Arts,E09000033,City of Westminster
51.511499076024485,528887.96507843,,180806.92380587,04/11/2021,-0.1440467280291777,10033538864,West End,143 New Bond St,http://oliviermalingue.com/#,E05000649,Olivier Malingue,1st Floor,E09000033,City of Westminster
51.51131637486581,528900.9650749373,,180786.9238113023,04/11/2021,-0.1438668056327597,10033538867,West End,,http://www.richard-green.com/#,E05000649,Richard Green 1,147 New Bond Street,E09000033,City of Westminster
51.51492660926425,529226.9649858592,,181196.92369912827,04/11/2021,-0.1390214024698178,10033542105,West End,Soho,http://thephotographersgallery.org.uk/#,E05000649,Photographers' Gallery,16-18 Ramillies St,E09000033,City of Westminster
51.51334635691411,530628.9646054652,,181056.9237343761,04/11/2021,-0.1188797771629647,10033550729,St. James's,,http://www.thearamgallery.org/#,E05000644,The Aram Gallery,110 Drury Lane,E09000033,City of Westminster
51.50761293237783,529376.9649465696,,180386.9239196872,04/11/2021,-0.137158000936012,10033550744,St. James's,,http://whitecube.com/#,E05000644,White Cube,25-26 MasonÃ¢ÂÂs Yard,E09000033,City of Westminster
51.50734985328702,529320.514949539,,180356.21390606085,04/11/2021,-0.1379822047443762,10033555200,St. James's,St James's,http://www.willowgallery.com/#,E05000644,Willow Gallery,40 - 41 Duke Street,E09000033,City of Westminster
51.51385680532657,528952.9650604835,,181070.9237338637,04/11/2021,-0.1430140397276997,10033556658,West End,,http://www.blainsouthern.com/#,E05000649,Blain Southern,4 Hanover Square,E09000033,City of Westminster
51.508027851964414,529094.9650227961,,180425.9239092894,04/11/2021,-0.1412048653493719,10033567550,West End,,http://www.albemarlegallery.com/#,E05000649,Albemarle Gallery,49 Albemarle Street,E09000033,City of Westminster
51.49971659414313,529008.9650448479,,179498.92416009278,04/11/2021,-0.142782302975588,10033569645,St. James's,,http://www.royalcollection.org.uk/default.asp?action=article&ID=32#,E05000644,Queen's Gallery,Buckingham Palace Road,E09000033,City of Westminster
51.51852055731285,529426.9649313301,,181601.9235888529,04/11/2021,-0.1359920485761106,10033569652,West End,,http://rosenfeldporcini.com/#,E05000649,Rosenfeld Porcini,37 Rathbone Street,E09000033,City of Westminster
51.521086206482046,527189.9655407292,,181830.92352561007,04/11/2021,-0.1681329654063116,10033571495,Church Street,Marylebone,http://www.lissongallery.com/#,E05000634,Lisson Gallery 1,67 Lisson St,E09000033,City of Westminster
51.5256832855009,524585.9662478651,,182277.92340450647,04/11/2021,-0.2054879066222829,10033572217,Harrow Road,,http://www.londonprintstudio.org.uk/#,E05000635,London Print Studio,425 Harrow Rd,E09000033,City of Westminster
51.512387149472886,528973.9650550212,,180907.9237782441,04/11/2021,-0.1427711840269505,10033579746,West End,,http://www.eykynmaclean.com/#,E05000649,Eykyn Maclean,30 St George Street,E09000033,City of Westminster
51.51096719340946,529170.9650019814,,180754.92381969,04/11/2021,-0.1399898873689699,10033580791,West End,,http://www.laurentdelaye.com/#,E05000649,Laurent Delaye Gallery,11 Savile Row,E09000033,City of Westminster
51.51031931485576,528582.9651609759,,180667.923844092,04/11/2021,-0.1484901565295932,10033584285,West End,,http://www.pymsgallery.com/#,E05000649,Pyms Gallery,9 Mount Street,E09000033,City of Westminster
51.50643503107427,528709.9651266211,,180238.9239599713,04/11/2021,-0.1468176160543667,10033585747,West End,,http://imitatemodern.com/#,E05000649,Imitate Modern,19 Shepherd Market,E09000033,City of Westminster
51.51536058285331,525463.9660103163,,181150.92371178843,04/11/2021,-0.1932394001317131,10033585998,Bayswater,,http://www.debutcontemporary.com/#,E05000631,Debut Contemporary,82 Westbourne Grove,E09000033,City of Westminster
51.51487653484639,527387.9654878799,,181144.92371116043,04/11/2021,-0.1655285117534178,10033586949,Hyde Park,,http://www.markgallery.co.uk/#,E05000636,Mark Gallery,9 Porchester Place,E09000033,City of Westminster
51.51139908040521,528892.9650770905,,180795.923808861,04/11/2021,-0.1439787357237954,10033587866,West End,,http://www.halcyongallery.com/#,E05000649,Halcyon Gallery I,144-146 New Bond Street,E09000033,City of Westminster
51.51823211409174,527292.9655129205,,181515.92360982177,04/11/2021,-0.166762924310415,10033588738,Bryanston and Dorset Square,,http://www.pmam.org/#,E05000632,PM/AM,259-269 Old Marylebone Road,E09000033,City of Westminster
51.51994836830315,527970.9653274484,,181723.9235553,04/11/2021,-0.1569210450390831,10033590107,Marylebone High Street,,http://www.grahamhuntergallery.co.uk/#,E05000641,Graham Hunter Gallery,81 Baker Street,E09000033,City of Westminster
51.50689267564307,529265.9249372766,,180303.9539104709,04/11/2021,-0.1387875096187376,10033591023,St. James's,30 Bury Street,http://gallery.simsreed.com/#,E05000644,Sims Reed Gallery,The Economist Building,E09000033,City of Westminster
51.51631333282041,529214.9649887758,,181350.92365716427,04/11/2021,-0.139137811485731,10033592323,West End,,http://www.gettyimagesgallery.com/#,E05000649,Getty Images Gallery,46 Eastcastle Street,E09000033,City of Westminster
51.51231050871011,529230.9649854286,,180905.923778454,04/11/2021,-0.1390704254148747,10033594510,West End,Mayfair,http://www.sadiecoles.com/#,E05000649,Sadie Coles HQ,62 Kingly Street,E09000033,City of Westminster
51.51011135964574,529061.9650316128,,180656.9238465272,04/11/2021,-0.1415955920867622,10033594958,West End,,http://www.waddingtoncustot.com/#,E05000649,Waddington Custot Galleries,11 Cork Street,E09000033,City of Westminster
51.51763337698449,528390.9652130576,,181476.9236240175,04/11/2021,-0.1509608246425848,10033596047,Marylebone High Street,,http://www.heart-break.co.uk/#,E05000641,Heartbreak,17 Bulstrode Street,E09000033,City of Westminster
51.51054820751197,529037.9650380167,,180704.9238334765,04/11/2021,-0.1419236798356135,10033601869,West End,,http://www.jacobsongallery.com/#,E05000649,Bernard Jacobson Gallery,6 Cork Street,E09000033,City of Westminster
51.51054820751197,529037.9650380167,,180704.9238334765,04/11/2021,-0.1419236798356135,10033601869,West End,Mayfair,http://www.saintpetersburggallery.com/#,E05000649,St Petersburg Gallery,5A Cork St,E09000033,City of Westminster
51.51135600229848,528053.9653056153,,180769.9238158029,04/11/2021,-0.1560718658334074,10033602320,West End,,http://www.michaelwerner.com/#,E05000649,Michael Werner Gallery,22 Upper Brook Street,E09000033,City of Westminster
51.51268977540434,529104.9650194758,,180944.9237679889,04/11/2021,-0.1408708854176668,10033604984,West End,,http://www.workplacegallery.co.uk/#,E05000649,Workplace Gallery,61 Conduit Street,E09000033,City of Westminster
51.51762902437512,529434.9649287881,,181502.9236155224,04/11/2021,-0.1359131553909429,10033614774,West End,,http://www.paradiserow.com/#,E05000649,Paradise Row,74 Newman Street,E09000033,City of Westminster
51.51762902437512,529434.9649287881,,181502.9236155224,04/11/2021,-0.1359131553909429,10033614780,West End,,http://www.edelassanti.com/#,E05000649,Edel Assanti,74A Newman Street,E09000033,City of Westminster
51.516828084274856,529635.9648742904,,181418.92363793828,04/11/2021,-0.1330487789677081,10033616135,West End,,http://www.rookandraven.co.uk/#,E05000649,Rook & Raven,7 Rathbone Place,E09000033,City of Westminster
51.507857469567234,529053.9650338347,,180405.92391473585,04/11/2021,-0.1418026365944075,10033616760,West End,,http://partnersandmucciaccia.net/#,E05000649,Partners & Mucciaccia,45 Dover Street,E09000033,City of Westminster
51.51060474810336,529183.9649985501,,180714.92383057787,04/11/2021,-0.1398173084738624,10033619032,West End,,http://www.jameshymanfineart.com/#,E05000649,James Hyman Fine Art,5 Saville Row,E09000033,City of Westminster
51.511996185644506,529111.9650177232,,180867.92378896492,04/11/2021,-0.1407982544830997,10033621621,West End,,http://www.hauserwirth.com/#,E05000649,Hauser & Wirth 2,23 Saville Row,E09000033,City of Westminster
51.521199081444,525234.9660721848,,181794.92353622377,04/11/2021,-0.1963091710524647,10033624231,Westbourne,,http://www.greatwesternstudios.com/#,E05000648,Great Western Studios,65 Alfred Street,E09000033,City of Westminster
51.5062544006683,529186.9649975898,,180230.9239621013,04/11/2021,-0.1399513507029763,10033625370,St. James's,,http://aktis-gallery.co.uk/#,E05000644,Aktis Gallery,10-11 Park Place,E09000033,City of Westminster
51.50919944963192,529355.0849478013,,180562.90385222045,04/11/2021,-0.1374085679844605,10033625765,West End,,http://www.chrisbeetlesfinephotographs.com/#,E05000649,Chris Beetles Photographs,3-5 Swallow Street,E09000033,City of Westminster
51.51092608537003,530718.9645803631,,180789.92380670592,04/11/2021,-0.1176824806016359,10033626384,St. James's,,http://courtauld.ac.uk/#,E05000644,Courtauld Institute of Art,StrandÂ ,E09000033,City of Westminster
51.51396457438275,529699.9648577279,,181101.92372421693,04/11/2021,-0.1322435187885283,10033628259,West End,,http://www.pertweeandersongold.com/#,E05000649,"Pertwee,  Anderson & Gold",15 Bateman Street,E09000033,City of Westminster
51.5067728054395,529395.9649412029,,180293.923944971,04/11/2021,-0.1369184896802281,10033629513,St. James's,,http://www.davidgillgallery.com/#,E05000644,David Gill,2-4 King Street,E09000033,City of Westminster
51.51425615935236,528777.9651079362,,181110.9237232193,04/11/2021,-0.1455199919305717,10033630031,West End,23 Dering Street,http://www.whitfieldfineart.com/#,E05000649,Whitfield Fine Art,1st floor,E09000033,City of Westminster
51.50732231112251,529350.9649535129,,180353.92392867152,04/11/2021,-0.1375445311329662,10033630669,St. James's,,http://www.thomasdanegallery.com/#,E05000644,Thomas Dane Gallery,11 Duke Street,E09000033,City of Westminster
51.512895565662426,528911.9650717449,,180962.92376334564,04/11/2021,-0.1436440487585195,10033631243,West End,,http://www.victoria-miro.com/#,E05000649,Victoria Miro Gallery II,14 St George Street,E09000033,City of Westminster
51.51747733048941,529390.9649407107,,181484.9236204389,04/11/2021,-0.1365535506381616,10033631411,West End,,http://www.alisonjacquesgallery.com/,E05000649,Alison Jacques Gallery,16-18 Berners Street,E09000033,City of Westminster
51.52053572792845,529181.9649985064,,181819.9235299981,04/11/2021,-0.1394412981269541,10033632030,West End,,http://www.foldgallery.com/#,E05000649,Fold,158 New Cavendish Street,E09000033,City of Westminster
51.51425615935236,528777.9651079362,,181110.9237232193,04/11/2021,-0.1455199919305717,10033633944,West End,23 Dering Street,http://www.annelyjudafineart.co.uk/#,E05000649,Annely Juda Fine Art,4th floor,E09000033,City of Westminster
51.51105386177952,528632.9651474411,,180750.9238214369,04/11/2021,-0.1477397815156114,10033634159,West End,,http://www.gagosian.com/#,E05000649,Gagosian Gallery 2,17-19 Davies Street,E09000033,City of Westminster
51.53269654671579,531319.9644215564,,183227.92314720008,04/11/2021,-0.1081187049026036,10090266504,Barnsbury,,http://www.medici.co.uk/,E05000366,Medici Gallery,"19-23 White Lion Street,",E09000019,Islington
51.534998686752886,530381.9646755547,,183459.9230823645,04/11/2021,-0.1215483953286914,10090266525,Caledonian,,http://www.guardian.co.uk/gnmexhibitions#,E05000368,Guardian News & Media,"Kings Place, 90 York Way",E09000019,Islington
51.46973315539435,534203.9636349685,,176296.92502834788,04/11/2021,-0.069199645910548,10090286666,Rye Lane,12-16 Blenheim Grove,http://www.thesundaypainter.co.uk/#,E05011113,The Sunday Painter,1st Floor,E09000028,Southwark
51.52700709415976,532669.9640510227,,182629.92330954265,04/11/2021,-0.0888920943416495,10090548970,Bunhill,,http://beerslondon.com/#,E05000367,Beers London,1 Baldwin Street,E09000019,Islington
51.534998686752886,530381.9646755547,,183459.9230823645,04/11/2021,-0.1215483953286914,10090550427,Caledonian,,http://www.pangolinlondon.com/#,E05000368,Pangolin London,90 York Way,E09000019,Islington
51.53020001297787,531466.9643811279,,182953.9232223153,04/11/2021,-0.10610285387224,10091004086,Clerkenwell,,http://williambeningtongallery.co.uk/#,E05000370,William Benington,20 Arlington Way,E09000019,Islington
51.461866574552936,525270.9660642425,,175193.92532905017,04/11/2021,-0.1981313352414506,10091499728,Thamesfield,,http://www.maestroarts.com/#,E05000625,Maestro Arts,One Eastfields Avenue,E09000032,Wandsworth
51.46314652287837,526185.9658151063,,175358.92528511764,04/11/2021,-0.1849081093688704,10091504329,St. Mary's Park,,http://www.plusonegallery.com/#,E05000622,Plus One Gallery,89-91 Pimlico Road,E09000032,Wandsworth
51.47000809956524,534443.483528369,,176333.845001493,04/11/2021,-0.0657393088386392,10091666064,Rye Lane,133 Copeland Road,http://cargocollective.com/songallery/About,E05011113,Son Gallery,Unit 9C,E09000028,Southwark
51.52458740791301,533176.5638882297,,182373.933327528,04/11/2021,-0.0816903089790548,10091782215,Hoxton East & Shoreditch,,http://www.icn-global.com/#,E05009377,ICN,96-98 Leonard Street,E09000012,Hackney
51.48535772871983,530176.9647287838,,177930.92458573863,04/11/2021,-0.1265426287497936,10091846195,Oval,,http://amstelart.com/#,E05000426,Amstel Art Gallery,7 St George Wharf,E09000022,Lambeth
51.509665234044576,529165.9650036219,,180609.9238592192,04/11/2021,-0.140114997034201,10091853844,West End,,http://www.pacegallery.com/#,E05000649,Pace London 1,6 Burlington Gardens,E09000033,City of Westminster
51.52033482106796,529470.9649201536,,181804.9235341663,04/11/2021,-0.1352836978889292,10091857645,Bloomsbury,,http://pollockstoys.com/#,E05000129,Pollock's Toy Museum,1 Scala Street,E09000007,Camden
51.51970782107731,528713.9651252041,,181715.92355818697,04/11/2021,-0.1462209475622201,10091858261,Marylebone High Street,,http://asiahouse.org/#,E05000641,Asia House,63 New Cavendish Street,E09000033,City of Westminster
51.52036607311173,529412.9649358799,,181806.9235336078,04/11/2021,-0.1361184628481549,10091859525,Bloomsbury,Fitzrovia,https://www.coningsbygallery.com/#,E05000129,Coningsby Gallery,30 Tottenham Street,E09000007,Camden
51.52485060560033,533088.9639360856,,182400.9233713472,04/11/2021,-0.0829420937274627,10091941036,Hoxton East & Shoreditch,,http://www.blackallstudios.com/#,E05009377,Blackhall Studios,73 Leonard Street,E09000012,Hackney
51.48835521926208,532939.9639787868,,178335.92447604833,04/11/2021,-0.0866201876859992,10093339547,Faraday,Thurlow Street,http://www.ascstudios.co.uk/asc-gallery/#,E05011102,ASC Gallery,"Taplow House,",E09000028,Southwark
51.49343133765147,530817.9645547344,,178845.7542916488,04/11/2021,-0.1169773630135305,10093376049,Prince's,,http://www.newportstreetgallery.com/#,E05000427,Newport Street,3 Newport Street,E09000022,Lambeth
51.4847011123714,539093.9623068937,,178093.9245410452,04/11/2021,0.0018646687152258,100020981999,Peninsula,,http://www.paulmcgallery.com/#,E05000225,Paul McPherson Gallery,77 Lassell Street,E09000011,Greenwich
51.52722306335659,533126.9639267521,,182665.9232991901,04/11/2021,-0.0822945453396819,100021034288,Hoxton East & Shoreditch,,http://galleriesgoldstein.com/#,E05009377,Galleries Goldstein,"Goodhood, 20 Coronet Street",E09000012,Hackney
51.49480273222897,531266.9644323696,,179009.92429169634,04/11/2021,-0.1104523074870075,100021856991,Prince's,,http://www.daniellearnaud.com/#,E05000427,Danielle Arnaud,123 Kennington Road,E09000022,Lambeth
51.47657880376012,530210.9647172565,,176954.92485149874,04/11/2021,-0.1264124990280913,100021862472,Stockwell,,http://www.carolinewiseman.com/#,E05000429,Caroline Wiseman,26 Lansdowne Gardens,E09000022,Lambeth
51.52090311546865,527084.9655692626,,181807.9235318374,04/11/2021,-0.1696538526452971,100022725884,Church Street,Marylebone,http://www.lissongallery.com/#,E05000634,Lisson Gallery 2,27 Bell St,E09000033,City of Westminster
51.50680168700308,529308.9649647283,,180294.92394471768,04/11/2021,-0.1381710020265954,100022730755,St. James's,10 Bury Street,http://www.rossirossi.com/#,E05000644,Rossi & Rossi,"21 Georgian House,",E09000033,City of Westminster
51.51443526959329,527391.965486936,,181095.9237246188,04/11/2021,-0.165488598782255,100022738339,Hyde Park,,http://www.fiumanofineart.com/#,E05000636,Fiumano Fine Art,27 Connaught Street,E09000033,City of Westminster
51.522024748342766,528127.965284256,,181958.92349116795,04/11/2021,-0.154574012008702,100022779973,Marylebone High Street,35 Marylebone Road,http://www.p3exhibitions.com/#,E05000641,Ambika P3,"Uni. of Westminster,",E09000033,City of Westminster
51.525854318391616,533176.9639125257,,182514.9233402257,04/11/2021,-0.0816312663486474,100022932983,Hoxton East & Shoreditch,,http://cnbgallery.com/#,E05009377,CNB Gallery,32 Rivington Street,E09000012,Hackney
51.52616876012772,533062.9639432849,,182546.923331463,04/11/2021,-0.0832615282894683,100022933139,Hoxton East & Shoreditch,,http://www.redgallerylondon.com/#,E05009377,Red Gallery,3 Rivington Street,E09000012,Hackney
51.523554831965846,533019.963955043,,182254.9234114196,04/11/2021,-0.0839912273545069,100022933332,Hoxton East & Shoreditch,,http://www.signalgallery.com/#,E05009377,Signal Gallery,32 Paul Street,E09000012,Hackney
51.53832806104461,535739.9632170296,,183970.92294554945,04/11/2021,-0.0441471019473625,100023024966,Victoria,,http://www.residence-gallery.com/#,E05009386,The Residence,229 Victoria Park Road,E09000012,Hackney
51.52375095151534,527846.9653608254,,182143.9234409415,04/11/2021,-0.1585549588742909,100023071949,Bryanston and Dorset Square,,http://www.sherlock-holmes.co.uk/#,E05000632,The Sherlock Holmes Museum,239 (221b) Baker Street,E09000033,City of Westminster
51.53387567849696,533229.9639025496,,183408.92309718492,04/11/2021,-0.0805296401101272,100023135423,Hoxton East & Shoreditch,,http://www.mercerchance.co.uk/#,E05009377,Mercer Chance,253 Hoxton Street,E09000012,Hackney
51.52717302567572,533171.0939197578,,182661.51326619787,04/11/2021,-0.0816604326826049,100023135514,Hoxton East & Shoreditch,,http://www.danielblau.com/#,E05009377,Daniel Blau,51 Hoxton Square,E09000012,Hackney
51.53202047014443,532903.9639902017,,183193.9231561229,04/11/2021,-0.0853081271543338,100023135532,Hoxton West,,http://waterside-contemporary.com/#,E05009378,Waterside Contemporary,2 Clunbury Street,E09000012,Hackney
51.52707149814657,533159.9639177918,,182649.9233035444,04/11/2021,-0.081825161997913,100023136399,Hoxton East & Shoreditch,Hoxton,http://www.standpointlondon.co.uk/#,E05009377,Standpoint,45 Coronet Street,E09000012,Hackney
51.59835397636802,529015.9650455614,,190474.9211782638,04/11/2021,-0.138659381234413,100023143066,Alexandra,,http://www.narenj.co.uk/#,E05000266,Narenj Art Gallery,94 Alexandra Park Road,E09000014,Haringey
51.57061837663757,528555.9651714028,,187376.92201864737,04/11/2021,-0.1464301096357511,100023196853,Highgate,,http://www.highgateart.com/#,E05000272,Highgate Contemporary Art,26 Highgate High Street,E09000014,Haringey
51.49787915868336,531292.964425035,,179352.92419991316,04/11/2021,-0.1099504288309214,100023225348,Bishop's,,https://www.morleycollege.ac.uk/facilities/the-gallery#,E05000416,Morley College Gallery,61 Westminster Bridge Road,E09000022,Lambeth
51.48513474815089,530948.9645182329,,177925.92458831135,04/11/2021,-0.1154323078506058,100023230142,Oval,,http://www.gasworks.org.uk/#,E05000426,Gasworks Gallery,155 Vauxhall Street,E09000022,Lambeth
51.466396370195184,539641.9621554753,,176071.92508948193,04/11/2021,0.0089528523183239,100023267656,Blackheath,,http://www.blackheath-gallery.co.uk/#,E05000438,Blackheath Gallery,34a Tranquil Vale,E09000023,Lewisham
51.47949639915854,537185.9628235615,,177462.92471279833,04/11/2021,-0.025841546505554,100023280386,Evelyn,,http://www.bearspace.co.uk/#,E05000443,Bearspace,152 Deptford High Street,E09000023,Lewisham
51.45707595357453,527569.9654370281,,174717.92546030623,04/11/2021,-0.1652266982726628,100023304718,Northcote,,http://fossfineart.com/#,E05000619,Foss Fine Art,113b Northcote Road,E09000032,Wandsworth
51.456877801386966,527531.9654473275,,174694.92546656786,04/11/2021,-0.1657816324436853,100023304739,Northcote,,http://www.northcotegallery.com/#,E05000619,Northcote Gallery Battersea,110 Northcote Road,E09000032,Wandsworth
51.459816371735066,525924.9658849277,,174981.92538832407,04/11/2021,-0.1887974125698829,100023326939,Fairfield,,http://kristinhjellegjerde.com/#,E05000614,Kristin Hjellegjerde,533 Old York Road,E09000032,Wandsworth
51.490968535566346,528313.9652342916,,178507.9244292542,04/11/2021,-0.1531496029328186,100023346246,Churchill,,http://www.johnadamsfineart.com/#,E05000633,John Adams Fine Art,200 Ebury Street,E09000033,City of Westminster
51.49434029733065,528662.9651387339,,178891.9243246339,04/11/2021,-0.1479854981505623,100023346410,Warwick,,http://www.elevenfineart.com/#,E05000647,Eleven,11 Eccleston Street,E09000033,City of Westminster
51.49920604153212,528051.9653058978,,179417.92418153642,04/11/2021,-0.1565913514765248,100023348455,Knightsbridge and Belgravia,,http://www.osg.uk.com/#,E05000637,The Osborne Studio Gallery,2 Motcomb Street,E09000033,City of Westminster
51.50769985305442,529742.9648470132,,180405.9239138897,04/11/2021,-0.131880200719135,100023349436,St. James's,Pall Mall,http://www.lagalleria.org/#,E05000644,La Galleria,30 Royal Opera Arcade,E09000033,City of Westminster
51.517434402995065,529106.9650180524,,181472.92362411585,04/11/2021,-0.1406487639292005,100023466396,West End,,http://www.grad-london.com/#,E05000649,GRAD,3-4a Little Portland Street,E09000033,City of Westminster
51.507698508597535,529729.6248237625,,180405.4338627512,04/11/2021,-0.1320724925855282,100023349482,St. James's,,http://www.stephenwiltshire.co.uk/london_gallery.aspx#,E05000644,Stephen Wiltshire Gallery,5 Royal Opera Arcade,E09000033,City of Westminster
51.50712873029319,529646.9648731232,,180339.923932152,04/11/2021,-0.1332869663525841,100023349526,St. James's,,http://www.panterandhall.com/#,E05000644,Panter and Hall,27 Bury Street,E09000033,City of Westminster
51.50608666251893,529448.9649266724,,180218.92396537325,04/11/2021,-0.1361827611487653,100023349532,St. James's,,http://www.alancristea.com/#,E05000644,Alan Cristea Gallery,43 Pall Mall,E09000033,City of Westminster
51.50641041249607,529800.9648308733,,180263.9239526004,04/11/2021,-0.1310971806068408,100023349547,St. James's,,http://www.ica.org.uk/#,E05000644,Institute of Contemporary Arts - ICA,"The Mall, St. James's",E09000033,City of Westminster
51.50637031588022,529308.9649646203,,180246.9239577564,04/11/2021,-0.1381885951637756,100023349671,St. James's,,http://www.malcolmfairley.com/#,E05000644,Malcolm Fairley,40 Bury Street,E09000033,City of Westminster
51.50675652391479,529309.9649644457,,180289.9239460766,04/11/2021,-0.1381584337620433,100023349896,St. James's,,http://www.paisnelgallery.co.uk/#,E05000644,Paisnel Gallery,9 Bury Street,E09000033,City of Westminster
51.5077584906967,529211.9649911586,,180398.9239165283,04/11/2021,-0.139529800548788,100023349966,St. James's,,http://www.sladmore.com/#,E05000644,Sladmore,57 Jermyn Street,E09000033,City of Westminster
51.50712681547932,529301.9649667011,,180330.9239349417,04/11/2021,-0.1382586140286555,100023350002,St. James's,,http://www.chrisbeetles.com/#,E05000644,Chris Beetles,8 & 10 Ryder Street,E09000033,City of Westminster
51.46187314367182,531120.9644713178,,175341.925289787,04/11/2021,-0.113914084319503,100023388443,Coldharbour,Brixton,http://www.photofusion.org/photography-exhibitions/#,E05000420,Photofusion Gallery,17A Electric Ln,E09000022,Lambeth
51.46382046394568,531171.9644578417,,175559.9252303372,04/11/2021,-0.1130995892535705,100023388518,Coldharbour,,http://www.brixtonartgallery.co.uk/#,E05000420,Brixton Art Gallery,35 Brixton Station Road,E09000022,Lambeth
51.51160271241844,531095.9644777082,,180874.9237845104,04/11/2021,-0.1122213426603694,100023433098,St. James's,,http://www.twotempleplace.org/#,E05000644,Two Temple Place,2 Temple Place,E09000033,City of Westminster
51.51950107361095,528080.9652974516,,181676.9235683468,04/11/2021,-0.1553535489091974,100023460982,Marylebone High Street,,http://www.atlasgallery.com/#,E05000641,Atlas Gallery,49 Dorset Street,E09000033,City of Westminster
51.51564145841103,528929.9650664583,,181268.92367995545,04/11/2021,-0.1432729198174484,100023463131,West End,20 John Princes St,http://www.fashionspacegallery.com/#,E05000649,Fashion Space Gallery,London College of Fashion,E09000033,City of Westminster
51.51795247729972,528048.65530889,,181503.79361069,04/11/2021,-0.1558818581874759,100023463338,Marylebone High Street,,http://www.hayhillgallery.com/#,E05000641,Hay Hill Gallery,35 Baker Street,E09000033,City of Westminster
51.51997337906727,528058.965303397,,181728.9235540837,04/11/2021,-0.1556515708958889,100023463458,Marylebone High Street,,http://www.aanddgallery.com/#,E05000641,A&D Gallery,51 Chiltern Street,E09000033,City of Westminster
51.520956726103385,528200.9652644555,,181841.9235232928,04/11/2021,-0.1535649380529645,100023464226,Marylebone High Street,,http://www.helleniccentre.org/#,E05000641,Hellenic Centre,16-18 Paddington Street,E09000033,City of Westminster
51.52132271764298,528804.9651006795,,181897.92350849224,04/11/2021,-0.1448435900362467,100023466307,Marylebone High Street,,http://www.architecture.com/WhatsOn/Exhibitions/Exhibitions.aspx#,E05000641,RIBA Architecture Gallery,66 Portland Place,E09000033,City of Westminster
51.516413933967776,529285.9649694191,,181363.92365350464,04/11/2021,-0.1381103669508877,100023466780,West End,,http://www.piartworks.com/#,E05000649,Pi Artworks,55 Eastcastle Street,E09000033,City of Westminster
51.51640631884335,529279.9649710553,,181362.9236537881,04/11/2021,-0.1381971572673221,100023466935,West End,,http://www.pilarcorrias.com/#,E05000649,Pilar Corrias,54 Eastcastle Street,E09000033,City of Westminster
51.51681628604987,529294.9649668573,,181408.92364122136,04/11/2021,-0.1379642302215568,100023466981,West End,,http://www.artfirst.co.uk/#,E05000649,Art First,21 Eastcastle Street,E09000033,City of Westminster
51.51880052412247,529420.9649330733,,181632.92358050245,04/11/2021,-0.1360670966588448,100023467162,West End,Fitzrovia,http://www.nancyvictor.com/#,E05000649,Nancy Victor,6 Charlotte Pl,E09000033,City of Westminster
51.51821412506119,529312.9649622114,,181564.9235989428,04/11/2021,-0.1376477433813757,100023467596,West End,,http://www.libbysellers.com/#,E05000649,Gallery Libby Sellers,41-42 Berners Street,E09000033,City of Westminster
51.51425615935236,528777.9651079362,,181110.9237232193,04/11/2021,-0.1455199919305717,100023470794,West End,,http://www.ronchinigallery.com/#,E05000649,Ronchini Gallery,22 Dering Street,E09000033,City of Westminster
51.50874779655609,529365.9649498475,,180512.9238854345,04/11/2021,-0.1372702071465556,100023470962,St. James's,,http://www.hauserwirth.com/#,E05000644,Hauser & Wirth 1,196A Piccadilly,E09000033,City of Westminster
51.51460077749412,529354.964951173,,181163.9237079352,04/11/2021,-0.1371898633472427,100023471398,West End,,http://www.anthonyreynolds.com/#,E05000649,Anthony Reynolds Gallery,60 Great Marlborough Street,E09000033,City of Westminster
51.510138406647066,529100.9650210739,,180660.92384539184,04/11/2021,-0.1410324506269955,100023473240,West End,,http://www.flowersgallery.com/#,E05000649,Flowers Gallery Central,21 Cork Street,E09000033,City of Westminster
51.50907832090396,529059.9650323414,,180541.92387786828,04/11/2021,-0.1416664723717086,100023473300,West End,28 Old Bond St,http://www.erskinehallcoe.com/#,E05000649,Erskine Hall & Coe,15 Royal Arcade,E09000033,City of Westminster
51.50947721228,528965.965057637,,180583.9238665271,04/11/2021,-0.1430048741173626,100023473310,West End,,http://www.davidzwirner.com/#,E05000649,David Zwimer,24 Grafton Street,E09000033,City of Westminster
51.50906097445984,529135.9650118465,,180541.92387778487,04/11/2021,-0.1405719464154215,100023473356,West End,,http://www.colnaghi.com/#,E05000649,Colnaghi,15 Old Bond Street,E09000033,City of Westminster
51.50832538331812,529011.9650452451,,180456.9239009684,04/11/2021,-0.1423888391918043,100023473417,West End,,http://gazelliarthouse.com/#,E05000649,Gazelli Art House,39 Dover Street,E09000033,City of Westminster
51.50999256219499,528912.9650718693,,180639.9238513314,04/11/2021,-0.1437477036256266,100023473419,West End,,http://www.spruethmagers.com/#,E05000649,SprÃÂ¼th Magers,7 Grafton Street,E09000033,City of Westminster
51.509541032762144,528961.9650587057,,180590.9238646245,04/11/2021,-0.1430599221101237,100023473421,West End,,http://dcontemporary.com/#,E05000649,D-Contemporary,23 Grafton Street,E09000033,City of Westminster
51.50790733140983,528992.9650503094,,180409.92391369608,04/11/2021,-0.1426796524449695,100023473659,West End,,http://www.erartagalleries.com/london.html#,E05000649,Erarta Galleries,8 Berkeley Street,E09000033,City of Westminster
51.51105760169244,528813.965098496,,180755.923819852,04/11/2021,-0.1451311357707964,100023473811,West End,,http://www.sladmore.com/#,E05000649,Sladmore Contemporary,32 Bruton Place,E09000033,City of Westminster
51.510635671526806,528811.9650990803,,180708.92383265623,04/11/2021,-0.1451771050589984,100023474091,West End,,http://www.lefevrefineart.com/#,E05000649,Lefevre Fine Art,31 Bruton Street,E09000033,City of Westminster
51.51216425447098,528768.9651105683,,180877.9237866847,04/11/2021,-0.1457346979728961,100023474136,West End,,http://sophiacontemporary.com/#,E05000649,Sophia Contemporary,11 Grosvenor Street,E09000033,City of Westminster
51.51127030067688,528905.96507359,,180781.9238126581,04/11/2021,-0.1437966211056176,100023474398,West End,,http://faslondon.com/#,E05000649,The Fine Art Society,148 New Bond Street,E09000033,City of Westminster
51.51195323815699,528629.9651482172,,180850.9237942187,04/11/2021,-0.1477465181044401,100023474837,West End,,http://www.gimpelfils.com/#,E05000649,Gimpel Fils,30 Davies Street,E09000033,City of Westminster
51.51214754134767,528169.9652736228,,180860.9237913052,04/11/2021,-0.1543681078296568,100023475032,West End,,http://galleryelenashchukina.com/#,E05000649,Gallery Elena Shchukina,10 Lees Place,E09000033,City of Westminster
51.50856894417744,528375.9652168342,,180467.9238986299,04/11/2021,-0.1515441858221962,100023475710,West End,,http://www.sadiecoles.com/#,E05000649,Sadie Coles Gallery,1 Davies Street,E09000033,City of Westminster
51.51063007694193,528480.9651885366,,180699.92383550404,04/11/2021,-0.1499475164405977,100023475924,West End,,http://www.hamiltonsgallery.com/#,E05000649,Hamiltons Gallery,13 Carlos Place,E09000033,City of Westminster
51.51354722281789,528733.9651199382,,181030.9237450678,04/11/2021,-0.146182942361131,100023476528,West End,,http://www.galeries-bartoux.com/en/#,E05000649,Galeries Bartoux,104 New Bond Street,E09000033,City of Westminster
51.51536058285331,525463.9660103163,,181150.92371178843,04/11/2021,-0.1932394001317131,100023482451,Bayswater,,http://www.saloncontemporary.com/#,E05000631,Salon Contemporary,82 Westbourne Grove,E09000033,City of Westminster
51.5230713462478,525949.9658772761,,182020.9234745807,04/11/2021,-0.1859282336348681,100023513233,Little Venice,,http://www.thomasandpaul.com/#,E05000639,Thomas & Paul,20 Bristol Gardens,E09000033,City of Westminster
51.48137273277366,538337.9625126796,,177702.92464735964,04/11/2021,-0.0091691536234941,100023537574,Greenwich West,,http://www.greenwich-printmakers.org.uk/#,E05000222,Greenwich Printmakers Gallery,1a Greenwich Market,E09000011,Greenwich
51.54785830376204,533988.9636905512,,184984.9226685622,04/11/2021,-0.0689939654948018,100023545364,Dalston,,http://www.whitechapelgallery.org/first-thursdays/galleries/invisible-line-gallery/,E05009370,The Invisible Line,"87 Dalston Lane,",E09000012,Hackney
51.54819851817224,534258.9636176879,,185029.92265641992,04/11/2021,-0.0650852441101983,100023545393,Hackney Central,,http://fishbar.ph/#,E05009372,Fishbar,176 Dalston Lane,E09000012,Hackney
51.55802901248215,533731.9637621397,,186109.9223622908,04/11/2021,-0.0722711776208723,100023546708,Stoke Newington,,http://www.rowingprojects.com/#,E05009385,Rowing,2 Leswin Place,E09000012,Hackney
51.56820255992199,539445.9622099979,,187395.9220142713,04/11/2021,0.0106111150290526,100023583897,Leytonstone,,http://www.thestonespace.com/#,E05000605,The Stone Space,6 Church Lane,E09000031,Waltham Forest
51.51346497461977,528739.9651183169,,181021.9237475108,04/11/2021,-0.1460998092362886,100023608426,West End,,http://www.continiartuk.com/#,E05000649,ContiniArtUK,105 New Bond Street,E09000033,City of Westminster
51.51346497461977,528739.9651183169,,181021.9237475108,04/11/2021,-0.1460998092362886,100023608426,West End,,http://www.maxwigram.com/#,E05000649,Max Wigram Gallery,106 New Bond Street,E09000033,City of Westminster
51.51060175307542,528486.9651869147,,180696.92383631264,04/11/2021,-0.1498621959646977,100023616387,West End,,http://www.timothytaylorgallery.com/#,E05000649,Timothy Taylor Gallery,15 Carlos Place,E09000033,City of Westminster
51.53132194068214,533957.9637037701,,183143.9231683889,04/11/2021,-0.0701406686758247,100023649875,Haggerston,,http://www.creativeandorcultural.com/#,E05009375,Andor Gallery,237 Hackney Road,E09000012,Hackney
51.52244161956729,532095.9642076244,,182106.92345250407,04/11/2021,-0.0973577186217658,200000072012,Cripplegate,,http://www.exhibit-goldenlane.com/#,E05009302,EXHIBIT at Golden Lane Estate,20 Goswell Road,E09000001,City and County of the City of London
51.46949000185099,534139.7836595555,,176268.17503616365,04/11/2021,-0.0701339974484459,200003492347,Rye Lane,Peckham,http://www.thesassoongallery.co.uk/#,E05011113,The Sassoon Gallery,Arch 213 Blenheim Grove,E09000028,Southwark
51.509330619725205,533394.9638540241,,180681.92383733203,04/11/2021,-0.0791841539365913,200000075582,Tower,,http://www.allhallowsbythetower.org.uk/visit/crypt/,E05009310,Crypt Museum,Byward Street,E09000001,City and County of the City of London
51.48701892950183,531194.964452343,,178141.92452806805,04/11/2021,-0.1118112310435339,200000468294,Oval,,http://www.brocketgallery.com/#,E05000426,Brocket Gallery,16 Windmill Row,E09000022,Lambeth
51.50059923215463,531072.964484671,,179649.92412070575,04/11/2021,-0.1130076791965428,200000471760,Bishop's,,http://www.orsomajor.com/#,E05000416,Orso Major Gallery,19 Lower Marsh,E09000022,Lambeth
51.50080870809423,531060.9644879028,,179672.92411438318,04/11/2021,-0.1131719230639973,200000471832,Bishop's,,http://www.manandeve.co.uk/#,E05000416,Man & Eve,119-120 Lower Marsh,E09000022,Lambeth
51.46264961539353,529424.9649333975,,175384.92527689255,04/11/2021,-0.138298145874092,200000520874,Clapham Town,40-48 BromellÃ¢ÂÂs Road,http://www.claphamartgallery.com/#,E05000419,Clapham Art Gallery,Unit 02,E09000022,Lambeth
51.530328967001466,532237.0041492825,,182988.2731886278,04/11/2021,-0.094995244145769,200002432213,Hoxton West,,http://www.victoria-miro.com/#,E05009378,Victoria Miro Gallery I,16 Wharf Road,E09000012,Hackney
51.482871411952665,538360.5724927462,,177870.314555372,04/11/2021,-0.0087781873950313,200002800648,Greenwich West,,http://www.oldroyalnavalcollege.org/#,E05000222,Old Royal Naval College,2 Cutty Sark Gardens,E09000011,Greenwich
51.50901070819049,528922.9650693042,,180530.92388101184,04/11/2021,-0.1436435224889066,200002817730,West End,,http://www.bischoffweiss.com/#,E05000649,Bischoff/Weiss,14a Hay Hill,E09000033,City of Westminster
51.49870594649049,531860.2742680667,,179459.60416338668,04/11/2021,-0.1017425544868242,200003353305,St. George's,,http://www1.lsbu.ac.uk/w2/boroughroadgallery#,E05011114,Borough Road Gallery,103 Borough Road,E09000028,Southwark
51.50316867231567,532157.9641900035,,179963.9240334825,04/11/2021,-0.0972675710289985,200003353342,Borough & Bankside,6 Copperfield Street,http://www.poppysebire.com/#,E05011095,Poppy Sebire,All Hallows Hall,E09000028,Southwark
51.49945047140024,533182.9639144253,,179576.9241368808,04/11/2021,-0.0826543085768507,200003362685,London Bridge & West Bermondsey,,http://whitecube.com/#,E05011104,White Cube,144-152 Bermondsey Street,E09000028,Southwark
51.466100755539294,533869.9637248381,,175883.9251405244,04/11/2021,-0.0741616653625468,200003391772,Rye Lane,,http://flattimeho.org.uk/#,E05011113,Flat Time House,210 Bellenden Road,E09000028,Southwark
51.49212360522838,534825.9634663658,,178804.924350194,04/11/2021,-0.0592932605966542,200003401561,North Bermondsey,Raymouth Road,http://www.archcollective.co.uk/#,E05011106,Arch Collective,Arch 12,E09000028,Southwark
51.47428603079586,533457.9638357003,,176783.92489692435,04/11/2021,-0.0797497233005702,200003464154,St. Giles,,http://www.southlondongallery.org/#,E05011115,South London Gallery,65 Peckham Road,E09000028,Southwark
51.50462957319994,532366.9641335225,,180131.9239874513,04/11/2021,-0.0941950802553601,200003495859,Borough & Bankside,,http://www.meniergallery.co.uk/#,E05011095,Menier Gallery,51 Southwark Street,E09000028,Southwark
51.50361171365507,532030.9642239938,,180009.9240212894,04/11/2021,-0.0990790867639075,200003496580,Borough & Bankside,,http://www.jerwoodspace.co.uk/#,E05011095,Jerwood Space Gallery,171 Union Street,E09000028,Southwark
51.47000809956524,534443.483528369,,176333.845001493,04/11/2021,-0.0657393088386392,200003497923,Rye Lane,,http://www.hannahbarry.com/#,E05011113,Hannah Barry Gallery,"Unit 9i, 133 Copeland Road",E09000028,Southwark
51.50744782861542,531804.9642840935,,180430.9239071145,04/11/2021,-0.1021761302135143,200003498823,Borough & Bankside,,http://thewappingprojectbankside.com/#,E05011095,The Wapping Project Bankside,65 Hopton Street,E09000028,Southwark
