building_name,easting,name,latitude,ward_2018_code,rm_organisation_name,borough_code,runtime,northing,ward_code,borough_name,longitude,fid_london_ward,address2,os_addressbase_uprn,address3,ward_2018_name,address1,website
,526217.1157677437,London Wimbledon Studios,51.41014457219057,E05000455,Marjan television network,E09000024,04/11/2021,169462.26685223193,E05000455,Merton,-0.1865595257116344,418,South wimbledon,48020535,London,Abbey,"1 Deer Park Road, London ",http://filmlondon.org.uk/wimbledon-studios
,516901.9683367729,Twickenham Studios,51.45570925488382,E05000527,Twickenham studios ltd,E09000027,04/11/2021,174309.92557006446,E05000527,Richmond upon Thames,-0.3188364046346366,404,,100023391264,Twickenham,St. Margarets and North Twickenham,"The Barons,Â Twickenham ",http://filmlondon.org.uk/twickenham-studios#
,517534.968165132,Ealing Studios,51.50843548707928,E05000192,,E09000009,04/11/2021,180190.92397095176,E05000192,Ealing,-0.3077748047089718,96,,12169761,Ealing,Walpole,Ealing GreenÂ ,http://filmlondon.org.uk/ealing-studios#
,511269.729819127,West London Film Studios,51.50977875358361,E05000339,West london film studios,E09000017,04/11/2021,180199.38393011136,E05000339,Hillingdon,-0.3980126046461555,145,,10092983512,Hayes,Townfield,"Springfield Road,Â Hayes, London ",http://filmlondon.org.uk/wlf-studios#
3 mills studios,538435.8924756211,3 Mills Studios,51.5273390422758,E05000492,International school of screen acting,E09000025,04/11/2021,182820.7632222806,E05000492,Newham,-0.0057513237710738,599,Stratford,10008997114,London,Stratford and New Town,"Three Mill Lane, London ",http://filmlondon.org.uk/3-mills-studios#
