borough_name,ward_2018_name,address1,address3,os_addressbase_uprn,longitude,website,latitude,runtime,name,borough_code,address2,ward_2018_code,northing,easting
Croydon,Fairfield,Central Library,Katharine Street,100022917682.0,-0.0995104525480366,http://www.museumofcroydon.com/,51.371910542400165,04/11/2021,Museum of Croydon,E09000008,Croydon Clocktower,E05011468,165363.9280014406,532380.9641287995
Camden,Bloomsbury,c/o Institute of English Studies,Malet Street,5016035.0,-0.1286980226587545,http://www.museumofwriting.co.uk/,51.520643623813584,04/11/2021,Museum of Writing,E09000007,University of London Senate House,E05000129,181850.92352089816,529926.9647969569
Camden,King's Cross,40 Brunswick Square,,5002560.0,-0.1216462226262959,http://www.foundlingmuseum.org.uk/,51.5252701073732,04/11/2021,The Foundling Museum,E09000007,,E05000141,182377.92337760224,530402.964669417
Camden,Frognal and Fitzjohns,20 Maresfield Gardens,,5012934.0,-0.1772463534350873,https://www.freud.org.uk/,51.54842188893095,04/11/2021,Freud Museum,E09000007,,E05000133,184854.9227054417,526481.9657331806
Camden,Hampstead Town,10 Keats Grove,,5015415.0,-0.1679301779810725,http://www.cityoflondon.gov.uk/keats,51.555569760606815,04/11/2021,Keats House,E09000007,Hampstead,E05000135,185665.92248556585,527107.9655625345
Camden,Bloomsbury,Great Russell Street,,5027059.0,-0.126474755677237,http://www.britishmuseum.org/,51.51897146111293,04/11/2021,British Museum,E09000007,,E05000129,181668.9235696554,530085.964753409
Camden,Hampstead Town,Hampstead,,5032722.0,-0.1691501015670745,https://www.nationaltrust.org.uk/2-willow-road,51.557162489166295,04/11/2021,2 Willow Road,E09000007,,E05000135,185840.92243757483,527018.9655857261
Camden,St. Pancras and Somers Town,96 Euston Road London,,5037737.0,-0.1269883546281268,http://www.bl.uk/,51.52998677143432,04/11/2021,British Library,E09000007,NW1 2DBÂ ,E05000143,182892.9232379205,530018.9647743074
Camden,Hampstead Town,New End Square,,5067420.0,-0.1750673392693131,www.burghhouse.org.uk/,51.55818089976963,04/11/2021,Burgh House and Hampstead Museum,E09000007,Hampstead,E05000135,185943.92240836265,526605.9656982652
Camden,Regent's Park,Library Archive and Museum Services,RegentÃ¢ÂÂs Park,5069347.0,-0.1449807444509275,http://www.rcplondon.ac.uk/museum-and-garden,51.525749292122754,04/11/2021,Royal College of Physicians of London Museum,E09000007,11 St Andrews Place,E05000142,182389.9233741672,528782.9651070784
Camden,Camden Town with Primrose Hill,Raymond Burton Hs,,5082327.0,-0.1446414661462595,http://www.jewishmuseum.org.uk/,51.53728156162264,04/11/2021,"Jewish Museum, London",E09000007,129-131 Albert Street,E05000130,183672.9230259779,528773.9651113618
Camden,Bloomsbury,183 Euston Road,,5083806.0,-0.133917453186942,http://www.wellcomecollection.org/,51.525897574673365,04/11/2021,Wellcome Collection,E09000007,,E05000129,182425.92336672544,529549.9649010886
Camden,Bloomsbury,Queen's Yard,,5087928.0,-0.1349011106548484,www.gac.culture.gov.uk/,51.52228915117114,04/11/2021,Government Art Collection,E09000007,179a Tottenham Court Rd,E05000129,182022.92347552377,529491.9649153412
Camden,Bloomsbury,Great Russell Street,,5090682.0,-0.1268478187088248,http://www.britishmuseum.org/,51.51936410624359,04/11/2021,The British Museum,E09000007,,E05000129,181711.92355810787,530058.9647608323
Camden,Hampstead Town,Hampstead Grove,,5126160.0,-0.1801305452655582,https://www.nationaltrust.org.uk/fenton-house-and-garden,51.55891599474092,04/11/2021,Fenton House,E09000007,Hampstead,E05000135,186016.9223874793,526252.9657949564
Camden,Holborn and Covent Garden,13 LincolnÃ¢ÂÂs Inn Fields,,5137612.0,-0.1175187122254291,http://www.soane.org/,51.51699356555784,04/11/2021,Sir John SoaneÃÂ¼s Museum,E09000007,,E05000138,181464.92362379425,530712.9645834898
Camden,Kilburn,108A Boundary Road,St JohnÃ¢ÂÂs Wood,5144462.0,-0.1853670788630233,www.benuri.org.uk,51.53754080201588,04/11/2021,"Ben Uri Gallery, The Art Museum for Everyone, The London Jewish Museum of Art",E09000007,off Abbey Rd,E05000140,183630.9230354161,525948.965876383
Camden,Bloomsbury,21 University Street,,5157295.0,-0.1346590924596637,https://www.ucl.ac.uk/culture/grant-museum-zoology,51.52362521809698,04/11/2021,"Grant Museum of Zoology and Comparative Anatomy, UCL",E09000007,,E05000129,182171.92343539704,529504.964912415
Camden,Bloomsbury,University College London,,5157395.0,-0.1324938164167597,http://www.culture24.org.uk/se000386,51.52404940079717,04/11/2021,Petrie Museum of Egyptian Archaeology,E09000007,Malet Place,E05000129,182222.92342130176,529653.9648722006
Camden,Bloomsbury,Rock Room,South Wing,5157402.0,-0.1334575667464928,https://www.ucl.ac.uk/culture/geology-collection,51.52410070818476,04/11/2021,"Geology (and Teaching & Research) Collections, UCL",E09000007,"Room 4, First Floor",E05000129,182226.9234203905,529586.9648903898
Camden,Bloomsbury,South Cloisters,,5157412.0,-0.1332681446635311,http://www.ucl.ac.uk/museums/uclart,51.52450236674428,04/11/2021,UCL Art Museum,E09000007,UCL,E05000129,182271.9234082466,529598.9648873068
Bromley,Crystal Palace,Anerley Hill,,100023247277.0,-0.0766990300834122,www.crystalpalacemuseum.org.uk/,51.41977512368729,04/11/2021,Crystal Palace Museum,E09000006,,E05000116,170727.92654295347,533828.9637365837
Camden,Holborn and Covent Garden,35 Little Russell Street,,5158052.0,-0.1260229979566488,http://www.cartoonmuseum.org/,51.51768727604571,04/11/2021,Cartoon Museum,E09000007,,E05000138,181526.92360788875,530120.9647435427
Camden,St. Pancras and Somers Town,Granary Building,Kings Cross,5171310.0,-0.124459502902146,www.arts.ac.uk/csm/,51.53643912724865,04/11/2021,Central Saint Martins,E09000007,1 Granary Square,E05000143,183614.92304057223,530175.9647308534
Camden,St. Pancras and Somers Town,2 Granary Square King's Cross London,,5188521.0,-0.124459502902146,http://www.houseofillustration.org.uk/,51.53643912724865,04/11/2021,House of Illustration,E09000007,,E05000143,183614.92304057223,530175.9647308534
Tower Hamlets,Bethnal Green,Cambridge Heath Road,,6039165.0,-0.0548819534182295,http://www.museumofchildhood.org.uk/,51.52905531229992,04/11/2021,V&A Museum of Childhood,E09000030,,E05009317,182919.92323003896,535022.9634149643
Tower Hamlets,Mile End,46-50 Copperfield Road,,6048400.0,-0.035664072205294,http://www.raggedschoolmuseum.org.uk/,51.51866342706555,04/11/2021,Ragged School Museum,E09000030,,E05009327,181799.92353591527,536386.963043386
Tower Hamlets,St. Katharine's & Wapping,St Katharine's & Wapping,,6086565.0,-0.0762455120409141,www.âhrp.âorg.âuk/âTowerOfLondon/â,51.50827523006401,04/11/2021,The Tower of London,E09000030,London,E05009330,180569.9238673529,533601.9637975731
Tower Hamlets,St. Katharine's & Wapping,HM Tower Of London,,6086565.0,-0.0762455120409141,https://royalarmouries.org/visit-us/tower-of-london,51.50827523006401,04/11/2021,"Royal Armouries, Tower of London",E09000030,St Katharine's & Wapping,E05009330,180569.9238673529,533601.9637975731
Tower Hamlets,St. Katharine's & Wapping,HM Tower of London,St Katharine's & Wapping,6086845.0,-0.0751885611573581,www.âfusiliermuseumlondon.âorg,51.50839276466558,04/11/2021,The Fusilier Museum London,E09000030,35 Tower Hill,E05009330,180584.92386318863,533674.9637775717
Tower Hamlets,Whitechapel,Church of St Augustine with St Philip,,6118397.0,-0.0604584893033538,,51.51725954515276,04/11/2021,Royal London Hospital Archives and Museum,E09000030,Newark Street,E05009336,181597.9235903881,534670.9635063211
Tower Hamlets,Whitechapel,1 Lambeth High Street,,6136082.0,-0.0682710819307461,www.ârpsgb.âorg/âmuseum,51.50907928843063,04/11/2021,Museum of the Royal Pharmaceutical Society,E09000030,,E05009336,180673.92383846024,534152.9636467223
Tower Hamlets,Canary Wharf,No. 1 Warehouse,,6151122.0,-0.0238327003729596,http://www.museumoflondon.org.uk/docklands,51.50761933319317,04/11/2021,Museum of London Docklands,E09000030,West India Quay,E05009323,180593.9238607176,537240.9628112616
Tower Hamlets,Spitalfields & Banglatown,Special Collections  London Metropolitan University,Old Castle Street,6151239.0,-0.0739980253616555,http://www.londonmet.ac.uk/tuc,51.51577420253457,04/11/2021,Trades Union Congress (TUC) Library Collections,E09000030,Wash Houses,E05009333,181407.923642873,533735.963761032
Hammersmith and Fulham,Ravenscourt Park,26 Upper Mall,,34008094.0,-0.235504364388356,http://www.culture24.org.uk/se000423,51.490581788342375,04/11/2021,Kelmscott House,E09000013,Hammersmith,E05000261,178323.9244799068,522597.96678886766
Hammersmith and Fulham,Palace Riverside,Fulham Palace,Fulham,34022825.0,-0.2151977038737725,www.fulhampalace.org/,51.47054466539842,04/11/2021,Fulham Palace,E09000013,Bishop's Ave,E05000259,176129.92507687438,524061.96639213513
Merton,Cricket Green,The Vestry Hall Annexe,Mitcham,48083242.0,-0.1680386681606487,http://www.wandle.org/,51.40227250905107,04/11/2021,Wandle Industrial Museum,E09000024,London Road,E05000458,168618.92711560632,527526.9654491642
Merton,Village,22 Ridgway,,48107954.0,-0.216643417008084,http://www.wimbledonmuseum.org.uk/,51.42335474484919,04/11/2021,Museum of Wimbledon,E09000024,Wimbledon,E05000472,170879.9265017315,524089.2663699552
Merton,Village,The All England Lawn Tennis Club,Wimbledon,48129052.0,-0.2140286805745762,http://www.wimbledon.com/museum,51.433719563950575,04/11/2021,Wimbledon Lawn Tennis Museum,E09000024,Church Road,E05000472,172036.926185578,524242.9663421677
City and County of the City of London,Farringdon Without,3rd Floor,West Smithfield,95512892.0,-0.1010176259615723,www.qmul.ac.uk/pathologymuseum/,51.51764757892781,04/11/2021,Barts Pathology Museum,E09000001,Robin Brook Centre  St Bartholomew's Hospital,E05009305,181567.22358538484,531855.9142228458
City and County of the City of London,Farringdon Without,North Wing,West Smithfield,95512892.0,-0.1010176259615723,https://www.bartshealth.nhs.uk/st-bartholomews-museum-and-archives,51.51764757892781,04/11/2021,St Bartholomews Hospital Museum,E09000001,St BartholomewÃ¢ÂÂs Hospital,E05009305,181567.22358538484,531855.9142228458
Barking and Dagenham,Valence,Becontree Ave,,100002560.0,0.1342008960089666,www.âlbbd.âgov.âuk/âheritage,51.55831213259783,04/11/2021,Valence House Museum,E09000002,,E05000040,186538.9222471987,548042.9598733315
Kingston upon Thames,Coombe Hill,Kingston University,,128010892.0,-0.2630882903421483,https://www.dorichhousemuseum.org.uk/,51.43334145927384,04/11/2021,Dorich House Museum,E09000021,67 Kingston Vale,E05000406,171912.92622145644,520833.96727172297
Kingston upon Thames,Grove,W6 9TA,,128019799.0,-0.300284623055324,http://www.kingston.gov.uk/museum,51.40955345453804,04/11/2021,Kingston Museum (and Heritage Service),E09000021,,E05000408,169206.9269558115,518309.9679553628
Barnet,Finchley Church End,Avenue House,Finchley,200035687.0,-0.1945731350116018,http://www.london-northwest.com/sites/stephens,51.59660246677116,04/11/2021,The Stephens Collection,E09000003,East End Road,E05000051,190182.981254336,525148.3461021475
Barnet,Colindale,Grahame Park Way,,200049886.0,-0.2381638996147206,http://www.rafmuseum.org/,51.59894703218979,04/11/2021,Royal Air Force Museum London (RAF),E09000003,Hendon,E05000046,190370.02118048567,522122.9669182169
Barnet,Underhill,31 Wood Street,Hertfordshire,200128241.0,-0.2022962598888733,www.barnetmuseum.co.uk,51.652876541433066,04/11/2021,Barnet Museum (and Local History Society),E09000003,Barnet,E05000060,196427.8395408899,524459.5062610903
Barnet,Colindale,Middlesex University,Beaufort Park,200141133.0,-0.2419118573566134,http://www.culture24.org.uk/se000059,51.59611571743892,04/11/2021,Museum of Domestic Design and Architecture,E09000003,9 Boulevard Drive,E05000046,190048.9212921576,521870.9669865351
Brent,Willesden Green,Willesden Library Centre,,202149110.0,-0.2289214989831069,https://www.brent.gov.uk/museum,51.5466504009109,04/11/2021,Brent Museum,E09000005,95 High Rd,E05000105,184569.92278124887,522903.9667075057
Enfield,Grange,Enfield Museum,39 London Road,207007119.0,-0.0811181657507618,http://www.enfield.gov.uk/museum,51.65031765779333,04/11/2021,Enfield Museum Service,E09000010,The Dugdale Centre Thomas Hardy House,E05000200,196356.57955065247,532849.2439714298
Kensington and Chelsea,Brompton & Hans Town,Exhibition Road,,217031151.0,-0.1764927429098897,http://www.clockmakers.org/,51.49729595478951,04/11/2021,ClockmakersÃÂ¼ Museum,E09000020,Kensington,E05009389,179170.92424946552,526675.9656802487
Kensington and Chelsea,Holland,12 Holland Park Road,,217039506.0,-0.2030951329530734,http://http/www.rbkc.gov.uk/subsites/museums.aspx,51.49858781711903,04/11/2021,Leighton House Museum,E09000020,,E05009397,179268.92422472674,524825.9661831937
Kensington and Chelsea,Holland,224-238 Kensington High Street (Holland Park),,217044656.0,-0.2001590262304105,http://designmuseum.org/,51.499874429782615,04/11/2021,Design Museum,E09000020,,E05009397,179417.00414055696,525026.2360868902
Kensington and Chelsea,Campden,Kensington Palace/Palace Green,,217064431.0,-0.1880218160272405,http://www.hrp.org.uk%0Bwww.kensingtonpalace@hrp.org.uk/,51.50519933678273,04/11/2021,Kensington Palace (State Apartments and Royal Ceremonial Dress Collection),E09000020,,E05009390,180029.92401525192,525853.9659032915
Kensington and Chelsea,Royal Hospital,Royal Hospital Road,,217075883.0,-0.1603374362820255,http://www.nam.ac.uk/,51.48622896837952,04/11/2021,National Army Museum,E09000020,Chelsea,E05009403,177968.31452859243,527828.2353261601
Kensington and Chelsea,Brompton & Hans Town,Victoria and Albert Museum,Knightsbridge,217108016.0,-0.1720980312574836,https://www.architecture.com/about/riba-library-and-collections,51.496902279557766,04/11/2021,British Architectural Library Ã¢ÂÂ Drawings and Archives Collections,E09000020,Cromwell Road,E05009389,179134.75421592017,526982.0956020028
Kensington and Chelsea,Brompton & Hans Town,Cromwell Road,,217108017.0,-0.1768677198049701,http://www.nhm.ac.uk/,51.49656438426556,04/11/2021,Natural History Museum,E09000020,,E05009389,179088.9242716566,526651.9656865967
Kensington and Chelsea,Chelsea Riverside,24 Cheyne Row,,217110505.0,-0.1697012548204129,https://www.nationaltrust.org.uk/carlyles-house,51.48413279987495,04/11/2021,CarlyleÃ¢ÂÂs House,E09000020,,E05009391,177718.9246424901,527183.9655412731
Kensington and Chelsea,Brompton & Hans Town,Exhibition Rd,,217118723.0,-0.1764927429098897,https://www.sciencemuseum.org.uk/,51.49729595478951,04/11/2021,The Science Museum,E09000020,Kensington,E05009389,179170.92424946552,526675.9656802487
Kensington and Chelsea,Brompton & Hans Town,Cromwell Road,,217119925.0,-0.1722005401263,http://www.vam.ac.uk/,51.49694362519143,04/11/2021,Victoria and Albert Museum,E09000020,South Kensington,E05009389,179139.17425870366,526974.8655624735
Islington,St. Mary's,39A Canonbury Square,,5300016244.0,-0.1005735281753977,www.âestorickcollection.âcom,51.54387833128418,04/11/2021,The Estorick Collection of Modern Italian Art,E09000019,,E05000379,184484.9228055665,531810.9642835463
Islington,Bunhill,Wesley's Chapel,,5300019876.0,-0.0870460132709367,http://www.culture24.org.uk/se000445,51.52358674075504,04/11/2021,John WesleyÃÂ¼s House and The Museum of Methodism,E09000019,49 City Road,E05000367,182252.92341210903,532807.9640127942
Islington,Bunhill,49 City Road,,5300019879.0,-0.0865194889186759,http://www.wesleychapel.org.uk/,51.52376699404311,04/11/2021,"WesleyÃ¢ÂÂs Chapel, Museum of Methodism and John WesleyÃ¢ÂÂs House",E09000019,,E05000367,182273.92340630275,532843.9640028753
Islington,Caledonian,12/13 New Wharf Road,,5300066428.0,-0.1202970497944743,http://www.canalmuseum.org.uk/,51.534223258092666,04/11/2021,London Canal Museum,E09000019,KingÃ¢ÂÂs Cross,E05000368,183375.9231051242,530470.9646518101
Islington,Clerkenwell,St JohnÃ¢ÂÂs Gate,,5300085644.0,-0.1025111378767404,http://www.museumstjohn.org.uk/,51.52192262192881,04/11/2021,Museum of the Order of St John,E09000019,26 St John's Ln,E05000370,182039.9234705505,531739.9643046535
Sutton,Cheam,1 Malden Road,Surrey,5870019263.0,-0.2172080653825291,https://whitehallmuseum.wordpress.com/,51.35938066170903,04/11/2021,Whitehall Historic House,E09000029,Cheam,E05000560,163764.92843537853,524222.9663454164
Sutton,Carshalton South and Clockhouse,40 Beeches Ave,,5870060822.0,-0.1705747235043874,http://www.sutton.gov.uk/,51.35528014227603,04/11/2021,Little Holland House,E09000029,Carshalton,E05000559,163388.92853983433,527480.9654644713
Sutton,Carshalton Central,Honeywood Walk,Surrey,5870115967.0,-0.1650680962388299,http://www.friendsofhoneywood.co.uk/,51.36513123214742,04/11/2021,Honeywood Museum,E09000029,Carshalton,E05000558,164493.9282405466,527836.9653672965
Southwark,Borough & Bankside,Bankside,,10000813334.0,-0.0993733982853445,http://www.tate.org.uk/modern,51.50761826949127,04/11/2021,Tate Modern,E09000028,,E05011095,180454.923900454,531998.9642317264
Southwark,London Bridge & West Bermondsey,83 Bermondsey Street London,,10000818830.0,-0.081789177019806,http://www.ftmlondon.org/,51.50118091174105,04/11/2021,Fashion and Textile Museum,E09000028,,E05011104,179770.92408411996,533237.9638996227
Hounslow,Brentford,399 High St,,10001271544.0,-0.2931329955899753,https://www.musicalmuseum.co.uk/,51.48790923874873,04/11/2021,Musical Museum,E09000018,Brentford,E05000347,177931.9245865402,518604.26786463335
Richmond upon Thames,Whitton,Royal Military School of Music,2 Kneller Rd,10002261149.0,-0.3506546029715067,www.army.mod.uk Ã¢ÂÂº Corps of Army Music Ã¢ÂÂº The Royal Military School of Music,51.45510021617221,04/11/2021,Museum of Army Music,E09000027,Kneller Hall,E05000533,174191.92560038617,514692.9689383524
Richmond upon Thames,Hampton,Molesey,,10002266633.0,-0.3376326827358215,https://www.hrp.org.uk/hampton-court-palace/,51.40385723305589,04/11/2021,Hampton Court Palace,E09000027,East Molesey,E05000520,168513.92714681593,515726.9686594037
Richmond upon Thames,Kew,Royal Botanic Gardens Kew,,10002266941.0,-0.2911761038764546,https://www.hrp.org.uk/kew-palace/,51.48527287453825,04/11/2021,Kew Palace,E09000027,Richmond,E05000524,177641.92466493446,518746.9678367492
Richmond upon Thames,South Twickenham,268 Waldegrave Rd,,10002267260.0,-0.3347307387665862,http://www.strawberryhillhouse.org.uk/,51.43822123808392,04/11/2021,Strawberry Hill House,E09000027,Twickenham,E05000529,172339.92610407743,515841.96862354514
Harrow,Pinner South,Pinner Memorial Park,Pinner,10002293329.0,-0.3866705366273585,www.heathrobinsonmuseum.org,51.59247378713376,04/11/2021,Heath Robinson Museum,E09000015,West End Lane,E05000298,189412.80146833367,511853.9097104732
Harrow,Headstone North,Headstone Manor,Â Harrow,10002293456.0,-0.3550673273452863,http://www.harrow.gov.uk/info/200070/museums_and_galleries/190/harrow_museum,51.59446394982795,04/11/2021,Harrow Museum and Heritage Centre,E09000015,Pinner View,E05000292,189682.92139046936,514037.96911552106
Hackney,Hackney Central,1 Reading Lane,,10008313143.0,-0.0560703076671313,http://www.hackney.gov.uk/cm-museum.htm,51.54447929868019,04/11/2021,Hackney Museum,E09000012,,E05009372,184632.92276584363,534894.9634465151
Newham,Stratford and New Town,Three Mill Lane,,10008997232.0,-0.0075782601157145,,51.5274074869819,04/11/2021,House Mill,E09000025,Bromley-by-Bow,E05000492,182824.9232553488,538308.9625174318
Greenwich,Greenwich West,Park Row,,10010231322.0,-0.0037254175813185,http://www.rmg.co.uk/,51.48115302295999,04/11/2021,Royal Museums Greenwich,E09000011,Greenwich,E05000222,177688.78463617736,538716.6123730066
Greenwich,Eltham South,Court Yard,,10010235842.0,0.0479413215672717,http://www.english-heritage.org.uk/elthampalace,51.446984868361206,04/11/2021,Eltham Palace,E09000011,,E05000219,173988.37560726702,542410.2613918136
Greenwich,Greenwich West,Romney Road,,10010243516.0,-0.0052156387980641,http://www.rmg.co.uk/national-maritime-museum#,51.48094088151273,04/11/2021,National Maritime Museum,E09000011,,E05000222,177662.37460926094,538613.7824447323
Islington,Bunhill,Sutton's Hospital,,10023218636.0,-0.1000425827046513,http://www.thecharterhouse.org/,51.52131610826995,04/11/2021,Charterhouse,E09000019,Charterhouse Square,E05000367,181976.92348758347,531912.9642573192
Lambeth,Prince's,"The MasterÃ¢ÂÂs House, The Old Lambeth Workhouse",Kennington,10023852579.0,-0.1051689114116331,http://www.rmg.co.uk/cuttysark,51.49228045330592,04/11/2021,Cinema Museum,E09000022,2 Dugard Way,E05000427,178738.92436423805,531640.964330746
City of Westminster,West End,The Royal Institution,,10033528771.0,-0.1425534379567322,http://www.rigb.org/,51.50994667778658,04/11/2021,Michael Faraday Museum at the Royal Institution,E09000033,21 Albemarle Street,E05000649,180636.92385205365,528995.9650494637
City of Westminster,Vincent Square,Millbank,,10033538284.0,-0.1271809337687274,http://www.tate.org.uk/britain,51.49087145733704,04/11/2021,Tate Britain,E09000033,,E05000646,178542.92441816517,530116.9647443739
City of Westminster,West End,Burlington House,Mayfair,10033541032.0,-0.1397494696216768,www.âsal.âorg.âuk,51.50873318784728,04/11/2021,The Society of Antiquaries of London - Burlington House,E09000033,Piccadilly,E05000649,180506.92388724623,529193.9649962278
City of Westminster,West End,Burlington House,,10033541035.0,-0.1395760353269532,http://www.royalacademy.org.uk/,51.509099138300215,04/11/2021,Royal Academy of Arts,E09000033,Piccadilly,E05000649,180547.923876074,529204.964993228
City of Westminster,Regent's Park,LordÃ¢ÂÂs Ground,,10033543781.0,-0.1730523711446167,http://www.lords.org/,51.5285458912556,04/11/2021,MCC Museum,E09000033,,E05000643,182651.92330362205,526827.9656379432
City of Westminster,St. James's,Somerset House,,10033544134.0,-0.117952413592408,http://www.courtauld.ac.uk/gallery,51.511020344038265,04/11/2021,The Courtauld Gallery,E09000033,Strand,E05000644,180799.9238039521,530699.9645855693
City of Westminster,St. James's,Horseguards Parade,,10033545888.0,-0.1272362269178323,http://www.culture24.org.uk/se000447,51.50498193431958,04/11/2021,Household Cavalry Museum,E09000033,Whitehall,E05000644,180111.92399384384,530072.9647564421
City of Westminster,Marylebone High Street,1Ã¢ÂÂ5 York Gate,,10033546476.0,-0.1523372249235761,http://www.ram.ac.uk/museum,51.52350930177203,04/11/2021,Royal Academy of Music Museum,E09000033,Marylebone Road,E05000641,182127.9234446106,528278.9652427712
City of Westminster,St. James's,Wellington Barracks,,10033547407.0,-0.1382769780544886,http://www.theguardsmuseum.com/,51.499609193336966,04/11/2021,Guards Museum,E09000033,Birdcage Walk,E05000644,179494.92416181188,529321.9649596037
City of Westminster,St. James's,Whitehall,,10033549112.0,-0.1259287437350467,www.hrp.org.uk,51.504538392050485,04/11/2021,Banqueting House Whitehall,E09000033,,E05000644,180064.924006656,530164.9647313372
City of Westminster,Hyde Park,Ground Floor,Praed Street,10033554476.0,-0.1736285647723927,,51.51739497979376,04/11/2021,Imperial College Healthcare Charity Art Collection at St Mary's Hospital,E09000033,Clarence Memorial Wing St Mary's Hospital,E05000636,181410.9236387188,526818.9656417663
City of Westminster,Marylebone High Street,Hertford House,,10033582984.0,-0.1528966232967588,http://www.wallacecollection.org/,51.51716927725117,04/11/2021,The Wallace Collection,E09000033,Manchester Square,E05000641,181421.9236388444,528257.9652494196
City of Westminster,St. James's,The College of Optometrists,,10033590012.0,-0.1253553632534063,https://www.college-optometrists.org/the-college/museum.html,51.507844580195616,04/11/2021,British Optical Association Museum,E09000033,41-42 Craven St,E05000644,180433.5938880531,530195.3347183468
City of Westminster,West End,21 Portland Pl,,10033598850.0,-0.1451094103318305,https://www.aagbi.org/education/heritage-centre/anaesthesia-museum,51.51939349113443,04/11/2021,Anaesthesia Museum,E09000033,Marylebone,E05000649,181682.92356720363,528791.9651040214
City of Westminster,St. James's,39 Wellington Street,,10033620435.0,-0.1212216160445445,http://www.ltmuseum.co.uk/,51.512124903924615,04/11/2021,London Transport Museum,E09000033,,E05000644,180916.92377272592,530469.9646484905
City of Westminster,St. James's,Somerset House,,10033626383.0,-0.116910436327651,http://www.courtauld.ac.uk/,51.51073437875917,04/11/2021,"Courtauld Gallery, University of London",E09000033,Â Strand,E05000644,180769.98380973664,530773.0845606524
City of Westminster,Marylebone High Street,Royal Philatelic Society London,Marylebone,10033629406.0,-0.1500843040910654,http://www.rpsl.org.uk/,51.521477420462304,04/11/2021,Museum of the Royal Philatelic Society London,E09000033,41 Devonshire Place,E05000641,181905.92350588547,528440.9651990973
City of Westminster,St. James's,Clive Steps,,10033636263.0,-0.1293773601656421,http://iwm.org.uk/,51.50217907450317,04/11/2021,Churchill (Museum & Cabinet) War Rooms,E09000033,King Charles Street,E05000644,179796.44403899036,529932.3447991951
Havering,Romford Town,19-21 High St,,10070706838.0,0.1795868135807665,www.haveringmuseum.org.uk/,51.57792331889929,04/11/2021,Havering Museum,E09000016,Romford,E05000319,188812.34161318216,551123.8790181811
Richmond upon Thames,Twickenham Riverside,Richmond Rd,,10070709920.0,-0.3133071075118182,http://www.culture24.org.uk/se000472,51.44951494173568,04/11/2021,Marble Hill House,E09000027,Twickenham,E05000531,173629.92575671565,517301.9682298848
Richmond upon Thames,South Richmond,Old Town Hall,Richmond,10070710719.0,-0.3065730533405202,www.âmuseumofrichmond.âcom,51.45881505194292,04/11/2021,Museum of Richmond,E09000027,Whittaker Avenue,E05000528,174674.9254699793,517745.9681091553
Richmond upon Thames,St. Margarets and North Twickenham,Twickenham Stadium,Twickenham,10070721329.0,-0.3407153151678361,http://www.rfu.com/museum,51.45531062019565,04/11/2021,World Rugby Museum,E09000027,Rugby Road,E05000527,174230.9255901021,515382.96875187
Islington,Clerkenwell,Â 245 St John St,,10091003195.0,-0.1045269999041977,,51.52648754915111,04/11/2021,Islington Museum,E09000019,Clerkenwell,E05000370,182543.92333443527,531586.9643476697
Harrow,Stanmore Park,Mansion House Drive Stanmore,,10091091981.0,-0.3330576837628539,www.bentleypriory.org,51.62650831574604,04/11/2021,Bentley Priory Museum,E09000015,,E05000303,193280.92041636136,515481.0987272122
Lambeth,Coldharbour,1 Windrush Square,,10091118537.0,-0.1145723141893383,www.bcaheritage.org.uk,51.460516379123135,04/11/2021,Black Cultural Archives,E09000022,,E05000420,175189.87528240157,531079.1244554447
Redbridge,Ilford Town,Redbridge Central Library,lford,10091799736.0,0.0753281013182245,redbridgefirstworldwar.org.uk,51.55806438964066,04/11/2021,Redbridge Museum,E09000026,Clements Road,E05011246,186393.92228495312,543962.960980725
Lewisham,Forest Hill,100 London Road,,10091839078.0,-0.060736390634653,http://www.horniman.ac.uk/,51.44113086969214,04/11/2021,Horniman Museum and Gardens,E09000023,Forest Hill,E05000444,173131.92589071288,534875.9634526732
Camden,Holborn and Covent Garden,Freemasons' Hall,,10091860258.0,-0.1211109774970019,http://www.freemasonry.london.museum/,51.51516267968856,04/11/2021,Library and Museum of Freemasonry,E09000007,60 Great Queen Street,E05000138,181254.9236810254,530468.9646492066
Camden,Holborn and Covent Garden,48 Doughty St,,10091862283.0,-0.116237043572231,https://dickensmuseum.com/,51.52360065483904,04/11/2021,Charles Dickens Museum,E09000007,London,E05000138,182201.9234248788,530782.9645658109
Bexley,Thamesmead East,The Old Works. Thames Water S.T.W.,Abbey Wood,10091915267.0,0.1340102433580169,http://www.crossness.org.uk/,51.50580577876915,04/11/2021,Crossness Engines,E09000004,Bazalgette Way,E05011232,180699.92383488367,548199.9598288541
City of Westminster,St. James's,St MartinÃ¢ÂÂs Place,,100023431366.0,-0.12845289125683,http://www.npg.org.uk/,51.50939879904716,04/11/2021,National Portrait Gallery,E09000033,,E05000644,180600.92385994364,529975.9647833531
City of Westminster,St. James's,Royal College of Surgeons,,10091945440.0,-0.1158740280730575,http://www.medicalmuseums.org/,51.515285518292416,04/11/2021,Hunterian Museum at the Royal College of Surgeons,E09000033,35-43 LincolnÃ¢ÂÂs Inn Fields,E05000644,181277.92367464828,530831.9645505925
City of Westminster,St. James's,35-43 Lincoln's Inn Fields,,10091945440.0,-0.1158740280730575,https://www.rcseng.ac.uk/,51.515285518292416,04/11/2021,Royal College of Surgeons of England,E09000033,,E05000644,181277.92367464828,530831.9645505925
Camden,Highgate,Hampstead Ln,,10091954503.0,-0.1675998045215327,http://www.culture24.org.uk/mw387,51.57132839392993,04/11/2021,Kenwood House (known as the Iveagh Bequest),E09000007,Highgate,E05000137,187418.92200642705,527086.9655693867
Bexley,Crayford,Bourne Road,Kent,100020195288.0,0.1602553990405088,https://www.hallplace.org.uk/,51.44803112560768,04/11/2021,Hall Place and Gardens,E09000004,Bexley,E05011222,174328.92556404375,550210.9592804892
Hackney,Haggerston,136 Kingsland Road,,100021051873.0,-0.0762440652955251,http://www.geffrye-museum.org.uk/,51.53155722193844,04/11/2021,Geffrye Museum,E09000012,London,E05009375,183158.92316478785,533533.9638188663
Richmond upon Thames,"Ham, Petersham and Richmond Riverside",Ham House and Garden,Richmond-upon-Thames,100022307688.0,-0.3164578942587553,https://www.nationaltrust.org.uk/ham-house-and-garden,51.44367923659335,04/11/2021,Ham House,E09000027,Ham St,E05000519,172975.925934484,517097.96828456153
Richmond upon Thames,Twickenham Riverside,Riverside,,100022344488.0,-0.3190722143109723,http://www.richmond.gov.uk/arts,51.44733168643536,04/11/2021,Orleans House Gallery,E09000027,Twickenham,E05000531,173377.92582553212,516906.968337014
Bromley,Bromley Town,Â High St,,100022886980.0,0.0144742489057638,,51.403764999162505,04/11/2021,Bromley Museum at Bromley Historic Collections,E09000006,Bromley,E05000109,169117.92697948817,540216.9620015749
Bromley,Kelsey and Eden Park,Bethlem Royal Hospital,,100022894353.0,-0.0297404902326857,http://museumofthemind.org.uk/,51.38091958287066,04/11/2021,Bethlem Museum of the Mind,E09000006,Monks Orchard Road,E05000120,166493.9276965016,537209.9628154368
City and County of the City of London,Castle Baynard,17 Gough Square,,100022935908.0,-0.1081590654901617,http://www.drjohnsonshouse.org/,51.51503545846408,04/11/2021,Dr JohnsonÃÂ¼s House,E09000001,,E05009297,181263.9236792864,531367.9644042513
Waltham Forest,Markhouse,10 S Access Rd,,100022984152.0,-0.034764429648415,http://e17pumphouse.org.uk/,51.576714013955744,04/11/2021,Walthamstow Pumphouse Museum,E09000031,Walthamstow,E05000606,188256.9217821934,536275.9630726937
Waltham Forest,Hoe Street,Vestry Road,,100022986430.0,-0.0127393559385284,http://www.walthamforest.gov.uk/vestry-house,51.58401371573883,04/11/2021,Vestry House Museum,E09000031,,E05000601,189109.9215461703,537779.9626621486
Hackney,Homerton,2 & 4 Homerton High St,,100023022522.0,-0.0504042601554399,www.ânationaltrust.âorg.âuk/âsutton-âhouse,51.54848590740279,04/11/2021,Sutton House,E09000012,,E05009376,185088.9226410914,535275.9633436317
Lambeth,Bishop's,5 Lambeth Palace Rd,,100023225605.0,-0.1201953581238928,www.âgardenmuseum.âorg.âuk,51.49504922782068,04/11/2021,The Garden Museum,E09000022,Lambeth,E05000416,179019.92428933864,530589.9646163671
Greenwich,Greenwich West,Chesterfield Walk,,100023227777.0,-0.0016106929260604,http://www.english-heritage.org.uk/visit/places/rangers-house-the-wernher-collection/,51.47341137006207,04/11/2021,RangerÃÂ¼s House,E09000011,Lewisham,E05000222,176831.924884153,538886.9623608608
Greenwich,Greenwich West,12 Crooms Hill,,100023227937.0,-0.0082057105737008,https://www.thefanmuseum.org.uk/,51.47898036199037,04/11/2021,Fan Museum,E09000011,,E05000222,177438.7146972238,538412.1024446647
Greenwich,Greenwich West,King William Walk,,100023228558.0,-0.0063974126454343,www.âornc.âorg,51.4829679205009,04/11/2021,The Old Royal Naval College,E09000011,Greenwich,E05000222,177885.5445925399,538525.5824577431
City of Westminster,St. James's,The Mall,,100023349548.0,-0.1301482499558627,http://www.mallgalleries.org.uk/,51.50671003411815,04/11/2021,Mall Galleries,E09000033,17 Carlton House Terrace,E05000644,180298.923942891,529865.9648131775
City of Westminster,Knightsbridge and Belgravia,Prince Consort Rd,,100023378050.0,-0.1768889543319312,www.ârcm.âac.âuk/âvisit/âmuseum/â,51.4992805037668,04/11/2021,Royal College of Music Museum of Instruments,E09000033,Kensington,E05000637,179390.92418974685,526642.9656896363
Hounslow,Brentford,Green Dragon Lane,,100023407522.0,-0.2905175716664339,www.âwaterandsteam.âorg.âuk,51.489055494954336,04/11/2021,The London Museum of Water and Steam,E09000018,Brentford,E05000347,178063.62450221286,518782.8677923639
Hillingdon,Uxbridge South,Central Library,Uxbridge,100023421562.0,-0.4782767141894988,https://www.hillingdon.gov.uk/history,51.54518515249601,04/11/2021,"Hillingdon Local Studies, Archives and Museum",E09000017,14-16 High Street,E05000341,184017.9229329521,505617.9714063839
City of Westminster,St. James's,Trafalgar Square,,100023432659.0,-0.1276581949477372,http://www.nationalgallery.org.uk/,51.50909834878704,04/11/2021,National Gallery,E09000033,,E05000644,180568.92386848383,530031.9647680513
City of Westminster,St. James's,36 Craven Street,,100023432708.0,-0.1248934538037169,http://www.benjaminfranklinhouse.org/,51.50764232446757,04/11/2021,Benjamin Franklin House,E09000033,,E05000644,180411.92391104344,530227.9647143156
City of Westminster,Marylebone High Street,64 Wimpole St,,100023465311.0,-0.1486163749991091,https://bda.org/museum,51.51857660152436,04/11/2021,British Dental Association Museum,E09000033,Marylebone,E05000641,181585.92359387703,528550.9651694552
City of Westminster,Marylebone High Street,66 Portland Pl,,100023466307.0,-0.1448435900362467,https://www.architecture.com/about/riba-library-and-collections,51.52132271764298,04/11/2021,British Architectural Library (Library and Photographs Collection),E09000033,Marylebone,E05000641,181897.92350849224,528804.9651006795
City of Westminster,West End,23 and 25 Brook Street,,100023474817.0,-0.1459038432059894,https://handelhendrix.org/,51.512967278671226,04/11/2021,Handel and Hendrix in London,E09000033,Mayfair,E05000649,180966.92376246763,528754.965114292
Hounslow,Chiswick Homefields,Greater London,,100023518941.0,-0.2549873889554955,http://www.hounslow.info/arts-culture/historic-houses-museums/hogarth-house/#,51.48701875327443,04/11/2021,HogarthÃ¢ÂÂs House,E09000018,,E05000348,177895.30460051697,521254.887137769
Haringey,White Hart Lane,Bruce Castle Museum,,100023552396.0,-0.0754409033104723,http://www.haringey.gov.uk/leisure/brucecastlemuseum,51.59915010215165,04/11/2021,Bruce Castle Museum,E09000014,Lordship Lane,E05000283,190676.92112226985,533391.9638561665
Bromley,Darwin,Down House,Â Downe,100023633852.0,0.0534664218478761,www.english-heritage.org.uk/darwin/,51.331433604935285,04/11/2021,Down House,E09000006,Luxted Road,E05000117,161149.92914692525,543153.961201157
City and County of the City of London,Aldersgate,150 London Wall,,200000069411.0,-0.0960666931222727,http://www.museumoflondon.org.uk/london-wall/#,51.51779839765451,04/11/2021,Museum of London,E09000001,,E05009288,181592.92359148545,532198.9641790999
City and County of the City of London,Cripplegate,Level 3,Silk Street,200000072620.0,-0.0941025868567625,http://www.barbican.org.uk/artgallery,51.51996070969431,04/11/2021,Barbican Art Gallery,E09000001,Barbican Centre,E05009302,181836.9235256182,532328.9641439863
City and County of the City of London,Coleman Street,UK Office 44 Moorfields,,200000075168.0,-0.0886505040685439,http://www.redcross.org.uk/museumandarchives,51.5190921022144,04/11/2021,British Red Cross Museum and Archives,E09000001,,E05009299,181750.20351792843,532709.7239894785
City and County of the City of London,Bassishaw,Guildhall Art Gallery Cultural and Visitor Development Town ClerkÃ¢ÂÂs Department Guildhall Yard,,200000075197.0,-0.0916340234565106,http://www.guildhallartgallery.cityoflondon.gov.uk/,51.51556807522475,04/11/2021,Guildhall Art Gallery and London's Roman Amphitheatre,E09000001,,E05009290,181352.92365715743,532512.9640940843
Harrow,Headstone North,Headstone Manor & Museum,Harrow,200000320113.0,-0.3526130804318212,http://www.harrow.gov.uk/museum,51.59406081618872,04/11/2021,Headstone Manor & Museum (Harrow),E09000015,Pinner View,E05000292,189641.92140181136,514208.9690684588
Lambeth,Bishop's,Southbank Centre,,200000480099.0,-0.1154448154184182,http://ticketing.southbankcentre.co.uk/venues/hayward-gallery#,51.50613299043132,04/11/2021,Hayward Gallery,E09000022,Belvedere Road,E05000416,180260.9239520956,530887.9645341901
Lambeth,Bishop's,St. Thomas Hospital,,200000488107.0,-0.1170069416556017,http://www.florence-nightingale.co.uk/,51.50005200097535,04/11/2021,Florence Nightingale Museum,E09000022,2 Lambeth Palace Road,E05000416,179581.92413936724,530796.9645598343
Waltham Forest,Chingford Green,6 Rangers Road,Chingford,200001425882.0,0.0175245221768769,www.cityoflondon.gov.uk/things-to-do/green-spaces/epping-forest/Pages/default.aspx,51.63439473101763,04/11/2021,The View (Epping Forest Collection),E09000031,,E05000593,194769.92001058065,539721.9621349555
Waltham Forest,William Morris,Lloyd Park House,Walthamstow,200001431546.0,-0.02037660899278,http://wmgallery.org.uk/,51.5913007088925,04/11/2021,William Morris Gallery and Brangwyn Gift,E09000031,531 Forest Rd,E05000608,189905.9213307486,537228.9628105869
Greenwich,Greenwich West,King William Walk,,200002800647.0,-0.0094926914437689,http://www.rmg.co.uk/cuttysark,51.48281205018306,04/11/2021,Clipper Ship Cutty Sark,E09000011,Greenwich,E05000222,177862.3646063864,538311.142513546
Southwark,Borough & Bankside,Winchester House,,200003353307.0,-0.0981244724449347,http://www.culture24.org.uk/mw921,51.50196854517723,04/11/2021,London Fire Brigade Museum,E09000028,94a Southwark Bridge Rd,E05011095,179828.92407027475,532101.9642053051
Southwark,London Bridge & West Bermondsey,Uxbridge,,200003356908.0,-0.0814631259463339,http://iwm.org.uk/,51.50659144906199,04/11/2021,HMS Belfast,E09000028,Middlesex,E05011104,180373.17392100656,533244.8138714326
Southwark,St. George's,Lambeth Rd,,200003372421.0,-0.1083277904858528,http://london.iwm.org.uk/,51.496009484277145,04/11/2021,Imperial War Museum,E09000028,,E05011114,179147.9242546892,531410.9643930707
Southwark,London Bridge & West Bermondsey,9A St ThomasÃ¢ÂÂ Street,,200003376919.0,-0.0884296152836078,http://www.oldoperatingtheatre.com/,51.50501236312088,04/11/2021,Old Operating Theatre and Herb Garret,E09000028,,E05011104,180184.9239722864,532765.9640262275
Southwark,Rotherhithe,Brunel Engine House,Rotherhithe,200003410582.0,-0.0529398284004501,www.brunel-museum.org.uk/,51.50159554671664,04/11/2021,Brunel Museum,E09000028,Railway Avenue,E05011112,179869.92406081513,535238.9633523446
Southwark,Dulwich Village,6 Gallery Road,,200003435462.0,-0.0864203627896006,http://www.dulwichpicturegallery.org.uk/,51.445977705689295,04/11/2021,Dulwich Picture Gallery,E09000028,Dulwich Village,E05011100,173623.9257551703,533076.9639416866
Hounslow,Osterley and Spring Grove,Jersey Road,,200003968705.0,-0.3517417311233995,https://www.nationaltrust.org.uk/osterley-park-and-house?p=1356312744250,51.48949015572655,04/11/2021,Osterley Park House,E09000018,Isleworth,E05000363,178014.52453660412,514531.3689475135
Hounslow,Brentford,Gunnersbury Park,,200003970213.0,-0.2863214479833223,www.hounslow.info Ã¢ÂÂº Arts & Culture Ã¢ÂÂº Historic Houses & Museums,51.49954348753787,04/11/2021,Gunnersbury Park Museum,E09000018,Popes Ln,E05000347,179236.7242170201,519046.86772029125
,,26 Lambeth High St,,,-0.1203999135478098,https://www.london-fire.gov.uk/museum/   https://www.migrationmuseum.org/,51.49308936141581,04/11/2021,Migration Museum and the London Fire Brigade Museum,,,,178801.62112487975,530581.3642159238
