ward_2018_code,address1,runtime,borough_name,name
E05000644,150 Strand,04/11/2021,City of Westminster,Dance Umbrella - Somerset House
E05000644,4 Portugal Street,04/11/2021,City of Westminster,Peacock Theatre
E05000130,100 Chalk Farm Road,04/11/2021,Camden,Roundhouse
E05000026,1 Clockhouse Avenue,04/11/2021,Barking and Dagenham,Broadway Theatre
E05000180,377 Greenford Avenue,04/11/2021,Ealing,Brentside
E05000649,31 Shaftesbury Avenue,04/11/2021,City of Westminster,Apollo Theatre
E05009336,1 Graces Alley,04/11/2021,Tower Hamlets,Wilton's Music Hall
E05009319,2A QueenÃÂÃÂÃÂÃÂÃÂÃÂs Yard,04/11/2021,Tower Hamlets,The Yard
E05011468,1 Matthews Yard,04/11/2021,Croydon,Theatre Utopia
E05000492,Theatre Square,04/11/2021,Newham,Stratford Circus
E05000632,35 Park Road,04/11/2021,City of Westminster,Rudolf Steiner House
E05009302,1C Silk St,04/11/2021,City and County of the City of London,"The Pit, Barbican Centre"
E05009320,64-84 Chisenhale Road,04/11/2021,Tower Hamlets,Chisenhale Dance Space
E05000138,1a Tower Street,04/11/2021,Camden,Tristan Bates Theatre (TBT)
E05011115,221 Havil Street,04/11/2021,Southwark,Theatre Peckham
E05000634,5 Gateforth Street,04/11/2021,City of Westminster,Cockpit Theatre
E05000416,19 Brad Street,04/11/2021,Lambeth,Waterloo East Theatre
E05000333,45 Glebe Ave,04/11/2021,Hillingdon,"Compass Theatre, Hillingdon"
E05000369,2A Shepperton Road,04/11/2021,Islington,The Rosemary Branch
E05000419,68 Clapham Manor St,04/11/2021,Lambeth,Bread and Roses
E05000280,Town Hall Approach,04/11/2021,Haringey,Bernie Grant Arts Centre
E05009377,40 Pitfield Street,04/11/2021,Hackney,Courtyard Theatre
E05009392,35 Powis Square,04/11/2021,Kensington and Chelsea,The Tabernacle
E05000120,S Eden Park Rd,04/11/2021,Bromley,Langley Park Centre for the Performing Arts - Bromley Hall
E05000201,303 Silver St,04/11/2021,Enfield,Millfield Arts Centre
E05000143,26 Crowndale Road,04/11/2021,Camden,Theatro Technis
E05000612,356 Garratt Lane,04/11/2021,Wandsworth,Tara Studio
E05009372,291 Mare Street,04/11/2021,Hackney,Hackney Empire
E05000319,66 Albert Rd,04/11/2021,Havering,ACS Dance Centre
E05009325,2 Cotall St,04/11/2021,Tower Hamlets,Poplar Union
E05009377,9 Coronet St,04/11/2021,Hackney,National Circus
E05009333,192-196 Hanbury Street,04/11/2021,Tower Hamlets,Brady Arts & Community Centre
E05009370,24 Ashwin Street,04/11/2021,Hackney,Arcola
E05000649,"16 Balderton Street,",04/11/2021,City of Westminster,Danceworks
E05000644,49 Aldwych,04/11/2021,City of Westminster,Aldwych Theatre
E05000436,1-3 Brixton Rd,04/11/2021,Lambeth,Flow Dance London
E05000266,33 Alexandra Palace Way,04/11/2021,Haringey,Alexandra Palace
E05000138,24 Endell Street,04/11/2021,Camden,The Gallery at The Hospital Club
E05000644,1 Portugal Street,04/11/2021,City of Westminster,The Saw Swee Hock Centre - Weston Studio
E05000429,208 Wandsworth Road,04/11/2021,Lambeth,Lost Theatre
E05011477,Kendra Hall Road,04/11/2021,Croydon,Harris Academy Purley
E05000416,66 The Cut,04/11/2021,Lambeth,The Young Vic
E05000174,St Mary's Rd,04/11/2021,Ealing,West London University
E05000142,15-16 Triton Street,04/11/2021,Camden,New Diorama Theatre
E05000142,58-60 Hampstead Road,04/11/2021,Camden,Camden People's Theatre
E05000528,"15 Little Green,",04/11/2021,Richmond upon Thames,Richmond Theatre
E05000644,9 Villiers Street,04/11/2021,City of Westminster,Charing Cross Theatre
E05000375,41 North Mews,04/11/2021,Islington,Pleasance
E05000408,24-26 High Street,04/11/2021,Kingston upon Thames,Rose Theatre
E05000263,25 Bulwer Street,04/11/2021,Hammersmith and Fulham,West London School of Dance
E05011098,77-85 Newington Causeway,04/11/2021,Southwark,Southwark Playhouse
E05000298,11 Chapel Lane,04/11/2021,Harrow,Pinner Village Hall
E05000449,1A Douglas Way,04/11/2021,Lewisham,Albany Centre and Theatre
E05000129,16-22 Chenies Street,04/11/2021,Camden,Royal Academy of Dramatic Art
,71 Creekside,04/11/2021,Lewisham,Trinity Laban / Laban Theatre
E05000644,Nash House,04/11/2021,City of Westminster,ICA
E05000644,6 Catherine Street,04/11/2021,City of Westminster,Theatre Royal Drury Lane
E05000129,268-269 Tottenham Court Rd,04/11/2021,Camden,Dominion Theatre
E05000649,8 Argyll Street,04/11/2021,City of Westminster,London Palladium
E05000339,89 Grange Road,04/11/2021,Hillingdon,Beck Theatre
E05000644,35 Bow Street,04/11/2021,City of Westminster,Royal Opera House - The Linbury Studio Theatre and Foyer
E05000379,115 Upper Street,04/11/2021,Islington,The King's Head Theatre
E05000131,42-44 Gaisford Street,04/11/2021,Camden,The Lion and Unicorn Theatre
E05000141,211 Gray's Inn Road,04/11/2021,Camden,Westminster Kingsway College Theatre
E05009369,207B Church Street,04/11/2021,Hackney,"The Old Church , Stoke Newington"
E05000641,1 Orchard Street,04/11/2021,City of Westminster,The Old Selfridges Hotel
E05000492,Gerry Raffles Square,04/11/2021,Newham,"Theatre Royal, Stratford East"
E05011114,85 St GeorgeÃÂÃÂÃÂÃÂÃÂÃÂs Road,04/11/2021,Southwark,Siobhan Davies Studios
E05000427,138 Kennington Park Road,04/11/2021,Lambeth,White Bear Theatre
E05009333,28 Commercial Street,04/11/2021,Tower Hamlets,Toynbee Studios
E05000144,62 Eton Avenue,04/11/2021,Camden,Hampstead Theatre
E05000644,St John's Smith Square,04/11/2021,City of Westminster,St John's Smith Square
E05000138,210 Shaftesbury Avenue,04/11/2021,Camden,Shaftesbury Theatre
E05000644,404 Strand,04/11/2021,City of Westminster,Vaudeville Theatre
E05000222,3 Crooms Hill,04/11/2021,Greenwich,Greenwich Theatre
