ward_2018_code,os_addressbase_uprn,northing,latitude,easting,longitude,runtime,borough_code,borough_name,name,address2,website,address3,ward_2018_name,address1
E05000281,100023166840.0,189905.921207692,51.59189922901153,534746.9633639512,-0.0561851132017006,04/11/2021,E09000014,HARINGEY,Bally Studios,Mill Mead Road,www.ballystudios.co.uk,,Tottenham Hale,Unit 16 Mill Mead Industrial Centre
E05000625,100022639645.0,175190.92520915315,51.462032084893785,524396.9661793638,-0.2107070387562315,04/11/2021,E09000032,WANDSWORTH,Ritz Rehearsal Studios,Wandsworth,,,Thamesfield,The Courtyard Esmond Street
,,184870.17355667613,51.54692046625663,533595.5539749785,-0.0747077578547654,04/11/2021,,Hackney,Arcola Studio 5,,https://www.arcolatheatre.com/about/hire/,,,24 Ashwin Street
,,185067.0467570183,51.54872161405923,533460.5130656585,-0.0765795183356252,04/11/2021,,Hackney,Gillet Square  Studios,,,,,Unit 10 Gillett Square
,,187952.8011958513,51.5748585639844,532594.7410273649,-0.0879718452649477,04/11/2021,,Harringay,New River Studios,,https://newriverstudios.com/,,,199 Eade Rd
,,165572.50594915292,51.37404931844332,531240.8137181838,-0.1158040859948953,04/11/2021,,Croydon,Pirate Studios - Croydon DJ Studios,Purley Way,http://piratestudios.co.uk,,,"Unit 8, New South Quarter"
,,173547.7064145474,51.446948743388354,525825.2927948235,-0.1907409738665486,04/11/2021,,,Pirate Studios - Earlsfield Rehearsal Studios,,http://piratestudios.co.uk,,,17 Lydden Road
,,178790.3754798617,51.49051062344722,540908.6810666837,0.0282604600839604,04/11/2021,,,Pirate Studios - Greenwich Rehearsal Studios,,http://piratestudios.co.uk,,,22 Bugsby's Way
,,180769.35306638703,51.512333340955394,523638.4963835977,-0.2196676399899903,04/11/2021,,,Pirate Studios - Notting Hill West London Rehearsal Studios,Bard Road,http://piratestudios.co.uk,White City,,Arches 56-59
E05000558,5870119991.0,164593.9282127004,51.36594493528475,528214.965265154,-0.1596053333572547,04/11/2021,E09000029,Sutton,Crunch Studios,High Street,http://www.crunchstudios.co.uk/,Sutton,Carshalton Central,Crunch Studio 39b
E05011468,100000000000.0,164774.92815944133,51.366610279854015,532410.9641209197,-0.099298765940515,04/11/2021,E09000008,Croydon,Scream Studios,Croydon,www.screamstudios.net,,Fairfield,20a South End
E05000562,5870054132.0,166731.92763004586,51.38563538094647,526086.9658418698,-0.1893989620273229,04/11/2021,E09000029,Sutton,Music Studios London,St. Helier Avenue,www.musicstudioslondon.com,Sutton,St. Helier,43192 Rosehill Court Parade
E05000466,48130591.0,168521.9271443918,51.401826421149046,525617.9659693935,-0.1955026185503871,04/11/2021,E09000024,Merton,Crown Lane Studio,Merton,www.crownlanestudio.co.uk,,Merton Park,8b Crown Lane
E05011467,10090383277.0,170525.92659828765,51.41806561440195,533379.963858459,-0.0832284019934744,04/11/2021,E09000008,Croydon,Antenna Studios,Croydon,www.antennastudios.co.uk,,Crystal Palace & Upper Norwood,Bowyers Yard Haynes Lane
E05000474,48071997.0,172504.92606007814,51.43756037500333,525899.965892782,-0.1900374549047989,04/11/2021,E09000024,Merton,Sw19,Merton,http://www.sw-19.net,,Wimbledon Park,62 Weir Road
E05000624,0.0,174649.30743526685,51.45692200058106,525496.6773669709,-0.1950769995706958,04/11/2021,E09000032,Wandsworth,National Opera Studio,,http://www.nationaloperastudio.org.uk,,Southfields,2 Chapel Yard Wandsworth High Stlondon 
E05000417,100000000000.0,174329.92556528893,51.45289209933938,530628.9646073524,-0.1213656073733231,04/11/2021,E09000022,Lambeth,Octagon (formally known as Artspace Studio),Brixton Hill,www.artspacestudio.co.uk,Lambeth,Brixton Hill,Flat 130
E05000259,0.0,176010.92510782048,51.46937317698647,524526.9662670105,-0.2085481376801998,04/11/2021,E09000013,Hammersmith And Fulham,Rms Rehearsal Studios,,www.rmsstudios.co.uk,,Palace Riverside,Arch 57 Putney Station Approach
E05011113,0.0,176302.92502630653,51.46974792998616,534368.9635902719,-0.0668232815561201,04/11/2021,E09000028,Southwark,Super Unison Studios,133 Copeland Road,www.superunisonstudios.com,Peckham,Rye Lane,Unit 2a 1 Copeland Park
E05000439,100000000000.0,176916.92486067733,51.47459856908601,537149.9628320308,-0.026571574463433,04/11/2021,E09000023,Lewisham,The Music Complex,Lewisham,www.musiccomplex.co.uk,,Brockley,20 Tanners Hill
E05000453,100000000000.0,177019.92483145633,51.47589120684783,535626.9632487366,-0.0484478238255408,04/11/2021,E09000023,Lewisham,Music Room London,Lewisham,www.musicroomlondon.com,,Telegraph Hill,116-118 New Cross Road
E05000453,100000000000.0,177019.92483145633,51.47589120684783,535626.9632487366,-0.0484478238255408,04/11/2021,E09000023,Lewisham,The Music Room,Lewisham,www.musicroomlondon.com,,Telegraph Hill,116-118 New Cross Road
E05000214,10010234363.0,177553.92468753463,51.47784068715917,547039.9601477467,0.1159980239984225,04/11/2021,E09000011,Greenwich,Abbey Music Studios,Greenwich,www.abbeymusicstudios.co.uk,,Abbey Wood,Goldie Leigh Hospital Lodge Hill
E05011105,200000000000.0,178448.9244429404,51.48956363799006,532115.9642027512,-0.0984392291009657,04/11/2021,E09000028,Southwark,Husky Studios,Southwark,www.huskystudios.co.uk,,Newington,29a Amelia Street
E05011116,200000000000.0,178494.92443379568,51.48926810905729,535117.9633872085,-0.0552083859642347,04/11/2021,E09000028,Southwark,Rogue Studios,Rotherhithe New Road,www.roguestudios.co.uk,Southwark,South Bermondsey,Railway Arch 4 Bermondsey Trading Estate
E05000365,10091857586.0,178693.92437883676,51.49455729703535,519557.9676184383,-0.2791455527473355,04/11/2021,E09000018,Hounslow,The Boogie Trap,Hounslow,www.theboogietrap.com,,Turnham Green,111 Power Road
E05000348,0.0,178784.92435342184,51.49489895355055,521791.9670073398,-0.2469491027636821,04/11/2021,E09000018,Hounslow,Arch Studios,Stamford Brook,www.archstudios.co.uk,,Chiswick Homefields,Arch 196 Prebend Gardens
E05011106,200000000000.0,178959.92430730403,51.49356580673328,534618.9635226115,-0.0622140543655236,04/11/2021,E09000028,Southwark,Music Bank,100,www.musicbank.org,Clements Road,North Bermondsey,Block C-D Unit Tower Bridge Business Complex
E05000188,12098715.0,179136.9242584384,51.49844209039924,520014.96749218967,-0.2724150251456051,04/11/2021,E09000009,Ealing,Bell Studios,Ealing,www.bellstudios.co.uk,,South Acton,42891 Greenock Road
E05011095,0.0,179710.92410097708,51.50084033460918,532391.964127913,-0.0939930259853154,04/11/2021,E09000028,Southwark,Vine Yard Studios,,www.vineyardstudios.co.uk,,Borough & Bankside,Virama House 8c Vine Yard
E05011104,200000000000.0,179858.92405970726,51.502066764390655,532833.9640090208,-0.0875731397452068,04/11/2021,E09000028,Southwark,The Miller Pub,Southwark,http://www.themiller.co.uk/rehearsal-studio,,London Bridge & West Bermondsey,96 Snowsfields
E05011104,0.0,179882.2660330098,51.50222499957356,533053.239340547,-0.0844069999616864,04/11/2021,E09000028,Southwark,Hive London Bridge,,https://londonbridgehive.org/,,London Bridge & West Bermondsey,1 Melior Placelondon 
E05000191,12149809.0,179909.92404823477,51.50516024965173,521090.967198522,-0.2566562446175,04/11/2021,E09000009,Ealing,Big Baggy Bounce,Ealing,www.bigbaggybounce.com,,Southfield,54-58 Stanley Gardens
E05000191,12117050.0,180016.9240196566,51.50615719284716,520925.9672439912,-0.2589957989002652,04/11/2021,E09000009,Ealing,Cartel Studios,Ealing,http://www.cartelstudios.co.uk/,,Southfield,203-205 The Vale
E05000263,34156724.0,180214.923963196,51.50744312874672,523213.9666207314,-0.2259759943620929,04/11/2021,E09000013,Hammersmith And Fulham,Bush Studios,Macfarlane Road,www.bushstudios.co.uk,Hammersmith And Fulham,Shepherd's Bush Green,151 Railway Arches
E05000644,100000000000.0,180576.92386555608,51.50915161696046,530112.964745958,-0.1264887193320034,04/11/2021,E09000033,City Of Westminster,Neville Marriner Rehearsal Room At St. Martin-In-The-Fields,City Of Westminster,http://www.stmartin-in-the-fields.org/venue-hire/rehearsal-space/,,St. James's,5 St. Martin's Place
E05009332,6025305.0,180958.92376214976,51.51122824094322,535878.9631811506,-0.0433053311774586,04/11/2021,E09000030,Tower Hamlets,Kluster Rooms,Tower Hamlets,www.klusterrooms.com,,Shadwell,566 Cable Street
E05000641,100000000000.0,181371.92365222715,51.51668543307729,528409.9652080187,-0.1507253812753809,04/11/2021,E09000033,City Of Westminster,The Music Studios,City Of Westminster,www.themusicstudios.co.uk,,Marylebone High Street,29 Marylebone Lane
E05000138,0.0,181373.3410074241,51.5163080010057,530116.8461533093,-0.1261389975191643,04/11/2021,E09000007,Camden,Bloomsbury Central Baptist Church,,http://www.bloomsbury.org.uk/roomhire,,Holborn And Covent Garden,235 Shaftesbury Ave London
E05000648,10033530632.0,181772.92354178065,51.52091551209836,525621.9659668925,-0.190741935867902,04/11/2021,E09000033,City Of Westminster,Westbourne Rehearsals,City Of Westminster,www.westbournerehearsals.com,,Westbourne,Rear Of 92-98 Bourne Terrace
E05000129,5013080.0,181785.9235381797,51.5200900220892,529793.9648328095,-0.1306378438327861,04/11/2021,E09000007,Camden,Footes Practice Room,Camden,http://www.footesmusic.com/practice-room-i33,,Bloomsbury,41 Store Street
E05000138,5088269.0,182182.923430138,51.52336576123413,531059.9644904137,-0.1122536544150942,04/11/2021,E09000007,Camden,Mount Pleasant Studio,Camden,http://www.mountpleasantstudio.com,,Holborn And Covent Garden,51-53 Mount Pleasant
E05000175,12150052.0,182195.9234262663,51.52574346186929,520913.9672488991,-0.2584214971956889,04/11/2021,E09000009,Ealing,Survival Studios,School Road,www.survivalstudios.co.uk,Ealing,East Acton,Unit B12-B20 Acton Business Centre
E05000175,0.0,182248.9234147094,51.52637306517298,520194.9674437261,-0.268762740933943,04/11/2021,E09000009,Ealing,Panic Music,,www.panic-music.co.uk,,East Acton,14 Trading Estate Road 
E05000138,5076021.0,182262.9234079547,51.52414422231565,530802.9645605804,-0.1159262871999824,04/11/2021,E09000007,Camden,Peregrine's Pianos,Camden,www.peregrines-pianos.com,,Holborn And Covent Garden,137a Gray's Inn Road
E05000477,10023994437.0,182347.92338496348,51.52290652446348,539182.9622801174,0.0048242307007625,04/11/2021,E09000025,Newham,Arch3 Studios,Cranberry Lane,www.arch3studios.uk,Newham,Canning Town North,Unit 3 The Arches
E05000175,12017372.0,182351.92338569555,51.52722896938466,520522.96735433023,-0.2640016488832059,04/11/2021,E09000009,Ealing,Soundstage Studio,Gorst Road,http://soundstagestudios.co.uk/,Ealing,East Acton,Unit 1 Acorn Centre 30-34
E05009321,6074717.0,182405.92336859845,51.52390297857962,537238.9628089919,-0.0231561536533026,04/11/2021,E09000030,Tower Hamlets,Engine Rooms Rehearsal Studios,Eleanor Street,www.engineroomsstudios.com,Tower Hamlets,Bromley North,30 Bow Triangle Business Centre
E05009317,6036377.0,182578.923322512,51.52587230678045,535518.963280077,-0.0478671147906991,04/11/2021,E09000030,Tower Hamlets,Vatican Studios,Tower Hamlets,www.thevatican.biz,,Bethnal Green,Railway Arch 190 Bancroft Road
E05000370,0.0,182597.92331852327,51.52703004302199,531340.9644147895,-0.1080509567933945,04/11/2021,E09000019,Islington,Urdang2,Rosebery Avenue,www.theurdanacademy.com,,Clerkenwell,Urdang Academy Old Finsbury Town Hall
E05000141,5087725.0,182669.9232975883,51.52790694353632,530347.9646848051,-0.1223305875624402,04/11/2021,E09000007,Camden,Musica Nova,Camden,http://www.musicanova.org.uk/about_us/rehearsal-studios/,,King's Cross,88 Cromer Street
E05009378,10008332356.0,182708.92328736192,51.52769235678421,532774.9640227263,-0.0873496012345194,04/11/2021,E09000012,Hackney,Rooz Studios,,www.roozstudios.co.uk,,Hoxton West,Hackney 
E05000141,5136154.0,182945.92322173656,51.53033283862667,530583.9646210191,-0.1188281666697976,04/11/2021,E09000007,Camden,The Joint,Camden,www.thejoint.org.uk,,King's Cross,42887 Field Street
E05009375,100000000000.0,183130.92317155824,51.531229084450366,533856.963731251,-0.0716008350059047,04/11/2021,E09000012,Hackney,Premises Studios,Hackney,www.premisesstudios.com,,Haggerston,209 Hackney Road
E05009377,100000000000.0,183175.9231599855,51.53177145413536,533273.9638896323,-0.079983798059866,04/11/2021,E09000012,Hackney,Hoxton Hall,Hackney,www.hoxtonhall.co.uk,,Hoxton East & Shoreditch,130 Hoxton Street
E05000032,0.0,183394.9231002161,51.530986110834775,544474.96084229,0.0814788115976952,04/11/2021,E09000002,Barking And Dagenham,Studio 3 Arts',,www.studio3arts.org.uk,,Gascoigne,Boundary Road Barking
E05009375,10008238318.0,183524.9230645516,51.53484148248569,533553.9638138097,-0.0758171397759181,04/11/2021,E09000012,Hackney,Kafri Studios,Laburnum Street,www.kafristudios.co.uk,Hackney,Haggerston,357 Railway Arches
E05000142,5088505.0,183667.9230271573,51.53717138678344,529059.9650340579,-0.1405218904501557,04/11/2021,E09000007,Camden,North London Music Academy,Camden,www.northlondonmusicacademy.com,,Regent's Park,15 Pratt Mews
E05000380,5300031362.0,183881.9229695268,51.53842953576909,531938.9642512747,-0.0989546859609032,04/11/2021,E09000019,Islington,The New Rose,Islington,www.thenewrose.co.uk,,St. Peter's,84-86 Essex Road
E05000368,0.0,184632.9227629884,51.54553025442256,530424.964660906,-0.1204943461845008,04/11/2021,E09000019,Islington,John Henry,,www.johnhenrys.com,,Caledonian,16-24 Brewery Road 
E05009376,100000000000.0,184676.92275338207,51.544857007857146,534968.9634267092,-0.0549869630447008,04/11/2021,E09000012,Hackney,Rising Tide Trust,Hackney,,,Homerton,270 Mare Street
E05009374,10091898280.0,184714.922741992,51.54469128254672,537076.9628535144,-0.0245914862318053,04/11/2021,E09000012,Hackney,Lsh Spaces,Hackney,www.lshspaces.com,,Hackney Wick,Atlas Wharf Berkshire Road
E05009370,100023016515.0,184822.92271242075,51.54649717771108,533589.9637999487,-0.0748062419773445,04/11/2021,E09000012,Hackney,Oto Project Space,,,,Dalston,1-7 Ashwin Street 
E05000105,202030058.0,184948.92267623183,51.55011006324938,522657.9667735701,-0.2323353033277748,04/11/2021,E09000005,Brent,Resident Studios,Willesden,www.residentstudios.com,,Willesden Green,57a Windsor Road
E05000139,5079631.0,184965.92267419305,51.548673477996665,529770.9648392445,-0.1297977034656423,04/11/2021,E09000007,Camden,New Rose Studios,Camden,www.newrosestudios.com,,Kentish Town,225a Camden Road
E05000139,0.0,185171.92261861823,51.55078004646803,528654.965144073,-0.1458085783191779,04/11/2021,E09000007,Camden,K-Town Studios,Kentish Town,www.ktownstudios.co.uk,,Kentish Town,Unit 8 Regis Road
E05000139,5079631.0,184965.92267419305,51.548673477996665,529770.9648392445,-0.1297977034656423,04/11/2021,E09000007,Camden,Waithe Studios,Camden,www.waithestudios.com,,Kentish Town,225a Camden Road
E05009372,100000000000.0,185019.9226585853,51.548125776957725,534186.9636371516,-0.0661268160692971,04/11/2021,E09000012,Hackney,The Blue Studios,Hackney,www.thebluestudios.co.uk,,Hackney Central,160 Dalston Lane
E05009376,10008340190.0,185067.92264691432,51.548167967152885,535814.9631953763,-0.0426434410301606,04/11/2021,E09000012,Hackney,Gunfactory Studios,Barnabas Road,www.gunfactorystudios.com,Hackney,Homerton,Unit 2 2a
E05009370,10091818908.0,185076.922643542,51.54881167547437,533454.9638366671,-0.076655760914564,04/11/2021,E09000012,Hackney,Vortex Jazz Club,Hackney,www.vortexjazz.co.uk,,Dalston,11 Gillett Square
E05000375,5300035125.0,185234.92260025052,51.55079571149902,531048.9644922336,-0.1112765738559561,04/11/2021,E09000019,Islington,Strummers Studios,Islington,www.strummersstudios.com,,Holloway,43046 Georges Road
E05000375,5300071066.0,185539.9225182666,51.55372875045816,530218.9647187116,-0.1231278831890511,04/11/2021,E09000019,Islington,Islington Arts Factory,Islington,www.islingtonartsfactory.org,,Holloway,2 Parkhurst Road
E05009385,0.0,186591.92223164684,51.5624677415932,533278.9638847316,-0.0786194062049014,04/11/2021,E09000012,Hackney,Reel Rebels Music Studios,,"http://reelrebelsradio.com/studio-hire/
http://reelrebelsmusicstudios.weebly.com/",,Stoke Newington,7a Bouverie Mews 
E05009385,100000000000.0,186609.9222267284,51.56262311338344,533305.963877347,-0.0782233140065302,04/11/2021,E09000012,Hackney,Karma Studios Ltd.,Hackney,,,Stoke Newington,7a Bouverie Mews
E05000376,0.0,186733.92219515983,51.564612532620295,529550.9649020332,-0.1323179745724433,04/11/2021,E09000019,Islington,Storm Rehearsal Studios,,www.stormrehearsalstudios.co.uk,,Junction,Arches 6 & & 303 Holloway Road
E05000604,10024418697.0,187757.92191547004,51.5718521656371,537831.9626488409,-0.012518954335303,04/11/2021,E09000031,Waltham Forest,Audio Underground,Beaumont Road,www.audiounderground.co.uk,Waltham Forest,Leyton,121-123 Railway Arches
E05000278,100000000000.0,187970.9218560157,51.57510216991015,532250.9641652661,-0.0929228822832191,04/11/2021,E09000014,Haringey,Hermitage Works Studios,Vale Grove,www.hermitageworksstudios.com,,Seven Sisters,Hermitage Works 7
E05000278,0.0,188113.92181764464,51.57635811536499,532374.9641322317,-0.0910807781013638,04/11/2021,E09000014,Haringey,Apollo Studio London,Hermitage Road,www.apollostudiolondon.com,,Seven Sisters,Unit 11 Crusader Industrial Estate
E05000274,10003975672.0,189350.92148215772,51.58830286839939,528797.9651044146,-0.1422170674009748,04/11/2021,E09000014,Haringey,Bonafide Studio,St. James Lane,www.bonafidestudio.co.uk,,Muswell Hill,14 The Viaduct
