address1,ward_2018_code,address2,runtime,address3,northing,borough_code,easting,longitude,name,os_addressbase_uprn,ward_2018_name,latitude,website,borough_name
Hackney Trades Hall Valette Street,E05009376,Hackney,04/11/2021,,184764.9226076908,E09000012,535005.9632945792,-0.0544200069460836,Moth Club,100023022302.0,Homerton,51.5456389548926,www.mothclub.co.uk,HACKNEY
2A Foulden Road,,,04/11/2021,,185857.36230870133,,533629.8136675081,-0.0738396010883762,Total Refreshment Centre,,,51.55578362091325,www.totalrefreshment.net,
184 New Cross Road,E05000453,Lewisham,04/11/2021,,176867.92487308604,E09000023,535751.9632140604,-0.0467074016127809,The White Hart,100000000000.0,Telegraph Hill,51.47449528776908,,Lewisham
49 Chalk Farm Road,E05000136,Camden,04/11/2021,,184313.92285042207,E09000007,528435.9652038788,-0.1492784558085157,The Camden Assembly Pub,5020249.0,Haverstock,51.543119103378885,www.camdenassembly.com,Camden
Peckham Levels 95a Rye Lane,E05011113,London Se15 4st,04/11/2021,,176410.92499714927,E09000028,534270.9636170462,-0.0681923499121909,Peckham Levels,0.0,Rye Lane,51.47074174162057,www.peckhamlevels.org/events,Southwark
Gillian House,,Stephenson Street,04/11/2021,,181949.9149442896,,539151.3130732048,0.0042112821756739,Fold,,,51.5193377645108,www.shapescollective.com,
63-65 Broadway Market,,,04/11/2021,,183827.6977736061,,534546.8794309753,-0.0613943995392465,Kansas Smitty's,,,51.537326413861926,www.kansassmittys.com,
Crossrail Place,,,04/11/2021,,180245.2899349513,,537670.3732484231,-0.0177852098319986,Big Easy,,,51.5043819746329,www.bigeasy.co.uk,
4 Tanner's Hill,,,04/11/2021,,176927.82970821584,,537189.8000313122,-0.0259940968013587,Sister Midnight Records,,,51.47468690951841,www.sistermidnightrecords.co.uk,
46-48 Mitcham Rd,,,04/11/2021,,171347.05750186573,,527533.8778263828,-0.1669589792367957,Tooting Tram & Social,,,51.42678940479523,www.tootingtramandsocial.co.uk,
227a Camden Road,,,04/11/2021,,184992.6256681297,,529786.9459722242,-0.129557504808049,The Unicorn,,,51.54890978080631,www.theunicorncamden.com,Camden
High Rd,,Leytonstone,04/11/2021,,187459.920767418,,539465.3679926491,0.0109162830594339,St John's Music Hall,,,51.56877283822514,www.musichalls.org/posts/st-johns-music-hall,
11-17 Stoke Newington Rd,,,04/11/2021,,185305.80706112183,,533550.39205956,-0.0751935503341895,EartH,,,51.55084592303333,https://earthackney.co.uk/,
27 Three Colt St,,,04/11/2021,,181036.89368517045,,536822.4619738912,-0.029687355537876,Jamboree,,,51.511701432956485,www.jamboreevenue.co.uk,
1A Amhurst Rd,,,04/11/2021,,185023.801404032,,534784.360962462,-0.0575148540344569,Oslo Hackney,,,51.54801828674351,www.oslohackney.com,
13-14 The Oval,,,04/11/2021,,183306.80740715173,,534706.5269805504,-0.0592930222281482,Pickle Factory,,,51.53260751033441,www.ovalspace.co.uk,
352 Mare Street,,,04/11/2021,,184958.58790049847,,534976.6712835147,-0.0547680124876976,Paper Dress Vintage,,,51.54738629954975,www.paperdressvintage.co.uk,
112 Upper St,,,04/11/2021,,183826.0322376142,,531669.0735775583,-0.1028648772999315,Slim Jim's Liquor Store,,,51.5379902816437,www.slimjimsliquorstore.com,Islington
216-220 High Street,,,04/11/2021,,164601.26359956502,,525803.8627152424,-0.1942187448437319,The Sound Lounge,,,51.36654935595027,www.thesoundlounge.org.uk,
Fulham Road,,,04/11/2021,,177448.23708703718,,525781.5533077489,-0.1899841105871755,Under the Bridge,,,51.48201340795256,www.underthebridge.co.uk,
2 Harvey Road,E05000605,Waltham Forest,04/11/2021,,187305.922038068,E09000031,539520.9621899968,0.0116568187570074,Leytonstone Ex-Servicemens Club,100000000000.0,Leytonstone,51.567375291470185,www.leytonstonesocial.club,Waltham Forest
20-22 Highbury Corner Highbury East,E05000372,,04/11/2021,,184797.92271902488,E09000019,531564.9643505255,-0.104002006219068,Thousand Island,0.0,Highbury East,51.54674851266244,www.thegarage.london/listings/#=.thousand-island,Islington
56 Old London Road,E05000408,Kingston Upon Thames,04/11/2021,,169334.9269209631,E09000021,518454.9679166389,-0.2981579626575987,The Fighting Cocks,100000000000.0,Grove,51.410673610519005,www.the-fighting-cocks.co.uk,Kingston Upon Thames
2 Empire Mews,E05000428,Lambeth,04/11/2021,,171390.92636150663,E09000022,530074.9647564064,-0.1304128103038768,The Hideaway,100000000000.0,St. Leonard's,51.426606974694415,http://www.hideawaylive.co.uk/,Lambeth
234 Streatham High Road,E05000428,Lambeth,04/11/2021,,171838.92624119652,E09000022,530107.964746516,-0.1297740749573064,The White Lion,100000000000.0,St. Leonard's,51.43062554385583,www.whitelionsw16.co.uk,Lambeth
77 Bedford Hill,E05000610,Wandsworth,04/11/2021,,173144.92588812468,E09000032,528718.965126215,-0.1492693561952485,The Bedford,100000000000.0,Balham,51.44267957995069,www.thebedford.com,Wandsworth
22 Blenheim Gardens,E05000450,Lambeth,04/11/2021,,173194.92587350006,E09000023,535606.9632524624,-0.0502010313431171,The Windmill,100000000000.0,Perry Vale,51.44152254603548,www.windmillbrixton.co.uk,Lewisham
67 London Road,E05000531,Richmond Upon Thames,04/11/2021,,173524.92578232285,E09000027,516145.96854343126,-0.3299701627921004,Patchworks,100000000000.0,Twickenham Riverside,51.44880938281385,www.cabbagepatch.co.ukwhats-on,Richmond Upon Thames
301-303 Railton Road,E05000423,Lambeth,04/11/2021,,174373.92555273452,E09000022,531967.9642424079,-0.1020897170352604,Off The Cuff,100000000000.0,Herne Hill,51.4529771892171,www.offthecuffbar.com,Lambeth
95 Effra Road,E05000423,Lambeth,04/11/2021,,174626.92548430397,E09000022,531186.9644546539,-0.113229539400236,The Hootananny Brixton,100000000000.0,Herne Hill,51.45543226131768,www.hootanannybrixton.co.uk,Lambeth
316 Lewisham High Street,E05000448,Lewisham,04/11/2021,,174980.92538739793,E09000023,538047.9625893887,-0.0144053715301223,Fox & Firkin,100000000000.0,Lewisham Central,51.45698291273962,www.foxfirkin.com,Lewisham
Brixton Rd London,E05000420,,04/11/2021,,175288.92530378787,E09000022,531086.964480496,-0.1144228489086918,Upstairs At The Ritzy,100023387982.0,Coldharbour,51.46140471168854,www.picturehouses.com/cinema/Ritzy_Picturehouse/Whats_On?filter=Upstairs,Lambeth
93 Lower Richmond Road,E05000625,Wandsworth,04/11/2021,,175759.9251774691,E09000032,523729.9664807572,-0.2201046348427591,The Half Moon Putney,121002857.0,Thamesfield,51.46729191252095,www.halfmoon.co.uk,Wandsworth
373 Lonsdale Road,E05000516,Richmond Upon Thames,04/11/2021,,176428.9249924518,E09000027,521578.96706390695,-0.2508261596774861,The Bulls Head Barnes,100000000000.0,Barnes,51.47377009475886,www.thebullsheadbarnes.com,Richmond Upon Thames
42-44 Battersea High Street,E05000622,Wandsworth,04/11/2021,,176583.92495117954,E09000032,526915.9656153574,-0.1739660030654203,Le Quecumbar And Brasserie,100000000000.0,St. Mary's Park,51.47399266205063,www.quecumbar.co.uk,Wandsworth
388 New Cross Road,E05000439,Lewisham,04/11/2021,,177011.92483458086,E09000023,536728.9629461085,-0.0325928924310766,The Amersham Arms,100000000000.0,Brockley,51.475554136830425,www.theamershamarms.co.uk,Lewisham
323 New Cross Road,E05000449,Lewisham,04/11/2021,,177036.92482756492,E09000023,536412.9630324711,-0.0371305130269448,New Cross Inn,100000000000.0,New Cross,51.475855054446384,www.newcrossinn.com,Lewisham
9 Nevada Street,E05000222,Greenwich,04/11/2021,,177512.92469840922,E09000011,538425.9624877997,-0.0079771740078507,Olivers Jazz Bar,10010246216.0,Greenwich West,51.47964384184211,www.oliversjazzbar.co.uk,Greenwich
263-267 Old Brompton Road,E05009402,Kensington And Chelsea,04/11/2021,,178203.92451056256,E09000020,525652.9659583892,-0.1915663079327627,The Troubadour,217114565.0,Redcliffe,51.48883344055589,www.troubadourlondon.com,Kensington And Chelsea
152 King's Rd Chelsea,E05009405,London,04/11/2021,,178276.92449243402,E09000020,527464.9654647431,-0.1654552637554671,The Pheasantry,217047024.0,Stanley,51.48908436784744,www.pizzaexpresslive.com/venues/chelsea-the-pheasantry,Kensington And Chelsea
3 North End Crescent,E05000252,Hammersmith And Fulham,04/11/2021,,178555.92441639403,E09000013,524554.966257881,-0.2072487879565929,Nell's Jazz & Blues,34151679.0,Avonmore And Brook Green,51.49223961795832,www.nellsjazzandblues.com,Hammersmith And Fulham
140 Newington Butts,E05000427,Lambeth,04/11/2021,,178609.9243988057,E09000022,531763.9642977985,-0.1034463043514594,Brasserie & Wine Bar Toulouse Lautrec,200000000000.0,Prince's,51.49109254733166,www.toulouselautrec.co.uk,Lambeth
Southwark ,E05011107,,04/11/2021,,178887.9243239907,E09000028,532084.964209942,-0.0987213417156399,Corsica Studios,10013530837.0,North Walworth,51.49351602717893,www.corsicastudios.com,Southwark
6 O'meara St London,E05011095,,04/11/2021,,180076.92400190403,E09000028,532341.964140462,-0.0945757043077257,Omeara,0.0,Borough & Bankside,51.504141155229895,www.omearalondon.com,Southwark
19-21 Notting Hill Gate,E05009390,Kensington And Chelsea,04/11/2021,,180463.9238974045,E09000020,525401.9660261383,-0.1943767278678934,Notting Hill Arts Club,217059366.0,Campden,51.5092001476391,www.nottinghillartsclub.com,Kensington And Chelsea
42 The Broadway,E05000173,Ealing,04/11/2021,,180863.92378665105,E09000009,517884.9680689431,-0.3025089574968228,The Red Room (Aka The Ealing Jazz Club),12133012.0,Ealing Broadway,51.514411387953,www.ealingclub.com,Ealing
20 Kingly Street,E05000649,City Of Westminster,04/11/2021,,180979.9237578196,E09000033,529196.9649945735,-0.1395330073305142,Ain't Nothin But Blues Bar,100000000000.0,West End,51.51298330732899,www.aintnothinbut.co.uk,City Of Westminster
47 Frith Street,E05000649,City Of Westminster,04/11/2021,,181040.92374024505,E09000033,529739.964847099,-0.1316898356756883,Ronnie Scotts,10033534558.0,West End,51.513407201150095,www.ronniescotts.co.uk,City Of Westminster
6 Moor Street,E05000649,City Of Westminster,04/11/2021,,181045.92373857985,E09000033,529873.9648106904,-0.1297580030411361,The Spice Of Life,100000000000.0,West End,51.5134213802852,www.spiceoflifesoho.com,City Of Westminster
Flat 159,E05000649,Wardour Street,04/11/2021,City Of Westminster,181153.9237099328,E09000033,529508.9649094819,-0.1349754197967434,St. Moritz Club,10033622399.0,West End,51.51447566176121,www.stmoritzclub.co.uk,City Of Westminster
9 Greek Street,E05000649,City Of Westminster,04/11/2021,,181162.92370691305,E09000033,529783.9648349177,-0.1310112085218207,Jazz After Dark Ltd,10033551268.0,West End,51.51449350278839,www.jazzafterdark.co.uk,City Of Westminster
1 Phoenix Street,E05000138,Camden,04/11/2021,,181164.9237060906,E09000007,529918.9647983192,-0.1290660322320189,Phoenix Artist Club,5169960.0,Holborn And Covent Garden,51.51448048025469,www.phoenixartistclub.com,Camden
Orange Yard Manette Street,E05000649,City Of Westminster,04/11/2021,,181207.92369456892,E09000033,529827.9648229155,-0.1303608977781102,Borderline,10033537847.0,West End,51.5148878123522,www.theborderlinelondon.com,City Of Westminster
10 Dean Street,E05000649,City Of Westminster,04/11/2021,,181227.9236895237,E09000033,529623.9648781163,-0.1332918407620796,Jazz Club Soho,100000000000.0,West End,51.51511434369545,www.pizzaexpresslive.com/venues/soho-jazz-club,City Of Westminster
373 Commercial Road,E05009334,Tower Hamlets,04/11/2021,,181286.9236726108,E09000030,535204.9633623069,-0.0528862486694386,The George Tavern,6027924.0,Stepney Green,51.5143372935086,www.thegeorgetavern.co.uk,Tower Hamlets
100 Oxford Street,E05000649,City Of Westminster,04/11/2021,,181346.9236573268,E09000033,529480.9649164942,-0.1353078440662164,100 Club,10033540054.0,West End,51.51621654019392,www.the100club.co.uk,City Of Westminster
5 Little Portland Street,E05000649,City Of Westminster,04/11/2021,,181467.92362498265,E09000033,529095.9650211355,-0.1408090417697315,The Social,100000000000.0,West End,51.51739197990425,www.thesocial.com,City Of Westminster
77a Charterhouse St London,E05000370,,04/11/2021,,181787.9235376775,E09000019,531745.9643023888,-0.102518879972034,Fabric,5300037740.0,Clerkenwell,51.51965657531466,www.fabriclondon.com,Islington
150 Brick Ln Shoreditch,E05009333,London,04/11/2021,,182073.92346101376,E09000030,533892.9637194758,-0.0714837771444281,93 Feet East,6717071.0,Spitalfields & Banglatown,51.52172198838265,www.93feeteast.co.uk,Tower Hamlets
113 Corner Of Farringdon Rd,E05000370,Farringdon,04/11/2021,London,182134.9234437112,E09000019,531351.9644107473,-0.108065029595516,The Piano Works - Farringdon,10012787103.0,Clerkenwell,51.52286663305105,www.pianoworks.bar,Islington
229 Great Portland Street,E05000641,City Of Westminster,04/11/2021,,182147.9234397325,E09000033,528801.9651018168,-0.1447954534642443,229 The Venue,100000000000.0,Marylebone High Street,51.52357013022754,www.229thevenue.com,City Of Westminster
56 Farringdon Road,E05000370,Islington,04/11/2021,,182189.92342892103,E09000019,531352.9644106138,-0.1080301287588249,Betsey Trotwood,5300032921.0,Clerkenwell,51.52336067126544,www.betsey.pub,Islington
34-35 Great Sutton Street,E05000367,Islington,04/11/2021,,182196.92342802044,E09000019,531823.9642822873,-0.1012423744229567,The Slaughtered Lamb,10008975751.0,Bunhill,51.52331394985896,www.theslaughteredlambpub.com,Islington
54 Holywell Lane,E05009377,Hackney,04/11/2021,,182273.92340594484,E09000012,533396.9638536046,-0.0785530561340811,Village Underground,10091784233.0,Hoxton East & Shoreditch,51.52363665181491,www.villageunderground.co.uk,Hackney
38 Great Eastern Street,E05009377,Hackney,04/11/2021,,182353.92338391207,E09000012,533288.9638825797,-0.0800786289241355,The Old Blue Last,100000000000.0,Hoxton East & Shoreditch,51.52438107087522,www.theoldbluelast.com,Hackney
32-37 Cowper Street,E05000367,Islington,04/11/2021,,182469.9233519139,E09000019,532885.9639908343,-0.0858405405486138,Xoyo,5300025027.0,Bunhill,51.52551847600761,www.xoyo.co.uk,Islington
120-124 Curtain Road,E05009377,Hackney,04/11/2021,,182534.978693242,E09000012,533280.9918389198,-0.0801250005218286,Strongroom Bar And Kitchen,0.0,Hoxton East & Shoreditch,51.52601000061368,http://www.strongroombar.com,Hackney
83 Rivington Street,E05009377,Hackney,04/11/2021,,182595.9233178083,E09000012,533365.9638622785,-0.0788777799336494,Cargo,10091779809.0,Hoxton East & Shoreditch,51.52653761124984,www.cargo-london.com,Hackney
243 Old Street,E05009378,Hackney,04/11/2021,,182600.9233162824,E09000012,533009.9639579327,-0.0840046976395635,Roadtrip & The Workshop,100000000000.0,Hoxton West,51.52666651730378,www.roadtripbar.com,Hackney
28 Harrison Street,E05000141,Camden,04/11/2021,,182634.9233068517,E09000007,530471.9646510961,-0.1205570284898165,The Harrison,5058943.0,King's Cross,51.52756380088709,www.harrisonbar.co.uk,Camden
2-4 Hoxton Square London,E05009377,,04/11/2021,,182697.9232899969,E09000012,533145.9639219088,-0.0820087211123827,Hoxton Square Bar And Kitchen,10091942715.0,Hoxton East & Shoreditch,51.52750614943105,www.hoxtonsquarebar.com,Hackney
10 Hoxton Street,E05009377,Hackney,04/11/2021,,182716.9232848523,E09000012,533286.963884046,-0.0799701408727435,Troy Bar,10008242403.0,Hoxton East & Shoreditch,51.52764362156743,www.troybar.co.uk,Hackney
328 Gray's Inn Road,E05000141,Camden,04/11/2021,,182803.92326055915,E09000007,530547.9646306427,-0.1193994686717093,The Water Rats,5021978.0,King's Cross,51.529065026986814,www.thewaterratsvenue.london,Camden
70 Hoxton Street,E05009377,Hackney,04/11/2021,,182994.9232092272,E09000012,533275.963888276,-0.0800234576813248,The Macbeth,100000000000.0,Hoxton East & Shoreditch,51.53014444171779,www.themacbeth.co.uk,Hackney
96-98 Pentonville Road,E05000366,Islington,04/11/2021,,183118.9231757864,E09000019,531093.9644827903,-0.1114156627861373,The Lexington,5300073232.0,Barnsbury,51.53176947168845,www.thelexington.co.uk,Islington
7 Torrens Street,E05000380,Islington,04/11/2021,,183205.9231533169,E09000019,531544.9643605648,-0.1048849396101747,Electrowerkz,5300092109.0,St. Peter's,51.53244650389838,,Islington
31-35 Coate Street,E05009331,Tower Hamlets,04/11/2021,,183231.923143992,E09000030,534445.9635715688,-0.063075927616582,Sebright Arms,6021840.0,St. Peter's,51.531996704881166,www.sebrightarms.co.uk,Tower Hamlets
1 Tolpuddle Street,E05000366,Islington,04/11/2021,,183419.92309419665,E09000019,531269.9644350744,-0.1087676000443255,The Islington,5300092055.0,Barnsbury,51.53443361010581,www.theislington.com,Islington
106 Parkway,E05000130,Camden,04/11/2021,,183668.92302645848,E09000007,528686.9651350065,-0.1458966456618374,Green Note,5124523.0,Camden Town With Primrose Hill,51.53726543102289,www.greennote.co.uk,Camden
94 Parkway,E05000130,Camden,04/11/2021,,183689.9230207646,E09000007,528708.9651290635,-0.1455719394931977,The Dublin Castle,5037821.0,Camden Town With Primrose Hill,51.537449146500265,www.thedublincastle.com,Camden
5 Parkway,E05000130,Camden,04/11/2021,,183828.92298317008,E09000007,528879.965082742,-0.1430568643183619,Jazz CafÃÂ©,5048630.0,Camden Town With Primrose Hill,51.53865935708205,www.thejazzcafelondon.com,Camden
43161 Greenland Place,E05000130,Camden,04/11/2021,,183849.9229775908,E09000007,528963.9650599413,-0.1418386541322088,The Black Heart,5082934.0,Camden Town With Primrose Hill,51.5388289191085,www.ourblackheart.com,Camden
174 Camden High Street,E05000130,Camden,04/11/2021,,183889.922966706,E09000007,528953.9650626358,-0.141968117722113,The Underworld,5048636.0,Camden Town With Primrose Hill,51.53919067739076,www.theunderworldcamden.co.uk,Camden
Middle Yard Camden Lock,E05000130,London,04/11/2021,,184134.92289956083,E09000007,528699.965131747,-0.1455390080549909,Dingwalls,5084282.0,Camden Town With Primrose Hill,51.54145037656122,www.dingwalls.com,Camden
40-42 Chalk Farm Road,E05000136,Camden,04/11/2021,,184297.9228548676,E09000007,528494.9651877609,-0.1484339621095282,The Monarch,5083623.0,Haverstock,51.542961898755976,www.monarchbar.com,Camden
4-6 Ferdinand St London,E05000136,,04/11/2021,,184323.9228477764,E09000007,528461.9651967796,-0.1489000846643479,Spiritual Caipirinha Bar,5138352.0,Haverstock,51.54320306222284,www.spiritualrecords.co.uk/spiritualbarlive,Camden
207 Upper Street,E05000379,Islington,04/11/2021,,184409.922825296,E09000019,531606.9643389306,-0.1035416749518589,Hope & Anchor,5300094879.0,St. Mary's,51.54325194486716,www.hopeandanchor-islington.co.uk,Islington
Unit 2a Queens Yard,E05009319,White Post Lane,04/11/2021,Tower Hamlets,184488.9228035972,E09000030,537166.9628295321,-0.0233824392244673,The Yard Theatre,6077552.0,Bow East,51.5426385875711,www.theyardtheatre.co.uk,Tower Hamlets
1 Malden Road,E05000136,Camden,04/11/2021,,184638.92276253732,E09000007,528298.9652414604,-0.1511345305996992,The Fiddler's Elbow,5051822.0,Haverstock,51.54607098081134,www.thefiddlerselbow.co.uk,Camden
20-26 Highbury Corner,E05000372,Islington,04/11/2021,,184793.9227201364,E09000019,531584.9643450683,-0.1037152365307738,The Garage,10008978416.0,Highbury East,51.54670790423809,www.thegaragehighbury.com,Islington
The Print House 18-22 Ashwin St,E05009370,London,04/11/2021,,184874.9226982869,E09000012,533593.9637988121,-0.0747288764068587,Cafe Oto,10008319766.0,Dalston,51.54696352046189,www.cafeoto.co.uk,Hackney
10 Bradbury Street,E05009370,Hackney,04/11/2021,,185062.92264733405,E09000012,533461.9638347655,-0.0765601700263519,Servant Jazz Quarters,10008302207.0,Dalston,51.54868421003064,www.servantjazzquarters.com,Hackney
11 Gillett Square,E05009370,Hackney,04/11/2021,,185076.922643542,E09000012,533454.9638366671,-0.076655760914564,Vortex,10091818908.0,Dalston,51.54881167547437,www.vortexjazz.co.uk,Hackney
71 Shacklewell Lane,E05009382,Hackney,04/11/2021,,185494.9225292857,E09000012,533803.9637415248,-0.0714667528027518,Shacklewell Arms,10091775225.0,Shacklewell,51.55248528692553,www.shacklewellarms.com,Hackney
178 Junction Road,E05000376,Islington,04/11/2021,,185910.92241869017,E09000019,529147.9650110546,-0.1384309102524551,The Boston Arms,5300053516.0,Junction,51.55730880914972,www.bostonmusicroom.co.uk,Islington
2 Dartmouth Park Hill,E05000376,Islington,04/11/2021,,185932.9224127164,E09000019,529126.9650168624,-0.1387255908675572,The Dome,5300027158.0,Junction,51.557511320100176,www.dometufnellpark.co.uk,Islington
596 Holloway Road,E05000371,Islington,04/11/2021,,186350.9222984792,E09000019,530155.9647363002,-0.1237361441255381,Nambucca,5300048656.0,Finsbury Park,51.56103147197548,www.nambucca.co.uk,Islington
175 Stoke Newington High Street,E05009385,Hackney,04/11/2021,,186555.92224100447,E09000012,533611.9637941525,-0.0738319619018462,The Waiting Room,100000000000.0,Stoke Newington,51.56206540434928,www.waitingroomn16.com,Hackney
336 Green Lanes,E05009387,Hackney,04/11/2021,,187613.9219530584,E09000012,532027.9642254674,-0.0962728877600704,The Finsbury,100000000000.0,Woodberry Down,51.57194628964002,www.thefinsbury.co.uk,Hackney
Church End,E05000601,,04/11/2021,,189227.98889629933,E09000031,537839.8005976524,-0.0118299990240507,St Mary's Music Hall,0.0,Hoe Street,51.58506000107112,www.stmarysmusichall.co.uk,Waltham Forest
