Locations,Writer,Distributor,Title,Director
20 Hill Street,Jacob Kornbluth,,Love & Taxes,Jacob Kornbluth
Union Square,Mel Brooks,Twentieth Century Fox Film Corporation,High Crimes,Mel Brooks
"The Castro Theater, 429 Castro St.",Kay Cannon,Netflix,GirlBoss,"Jamie Babbit, Amanda Brotchie, Steven K. Tsuchida, Christian Ditter, John Riggi"
Mason between Sacramento and California St,Alexandra Cunningham,Hulu,Chance Season 2,Rozann Dawson
The Fairmont,Michael Lannan,Home Box Office (HBO),Looking,Andrew Haigh
Washington Square Park,Dan Attias,HULU,Chance- Season 1 ep106,Sara Gran
90 Gold Street,Rafael Yglesias,Warner Bros. Pictures,Fearless,Peter Weir
Alamo Square Park,Eric Lodal,Turner Network Television (TNT),"Murder in the First, Season 1",Steven Bochcho
Hotel Majestic (1500 Sutter Street),Paul Yurick,Warner Bros. Pictures,Sweet November,Pat O'Connor
13 Lucky Street,Eric Lodal,Turner Network Television (TNT),"Murder in the First, Season 1",Steven Bochcho
Laguna Honda Hospital; 375 Laguna Honda Blvd.,Zachary Shedd,,Americana,Zachary Shedd
"SF Zoo, 2945 Sloat Blvd",Michael Lannan,HBO,Looking Season 2 ep 209,Andrew Haigh
Former Hall of Justice (750 Kearny Street at Washington),Orson Welles,Columbia Pictures,The Lady from Shanghai,Orson Welles
Chase H & Q  (1 Bush Street at Sansome),Mel Brooks,Twentieth Century Fox Film Corporation,High Crimes,Mel Brooks
"Huntington Park (California & Taylor Streets, Nob Hill)",Linda Demetrick,,"Smile Again, Jenny Lee",Carlo Caldana
California Academy of Sciences (Golden Gate Park),Joel Oliansky,American Broadcasting Company (ABC),The Competition,Joel Oliansky
Epic Roasthouse (399 Embarcadero),"Umarji Anuradha, Jayendra, Aarthi Sriram, & Suba",,180,Jayendra
"Public Health Service Hospital (Presidio, Golden Gate National Recreation Area)",Robert Berger,Warner Bros. Pictures,Final Analysis,Phil Joanou
601 Buena Vista Ave West,Michael Lannan,HBO,Looking Season 2 ep 204,Andrew Haigh
,James R. Webb,United Artists,The Organization,Don Medford
Broadway & Taylor,Melissa Rosenberg,American Broadcasting Company (ABC),Red Widow,Alon Aranya
1119 Alabama Street,Michael Lannan,HBO,Looking Season 2 ep 205,Andrew Haigh
Polk and Northpoint St.,Marielle Heller,Sony Pictures Classics,The Diary of a Teenage Girl,Marielle Heller
Mr. S Leather,Michael Lannan,Home Box Office (HBO),Looking,Andrew Haigh
Sutter & Buchannan Streets,Colin Higgins,Paramount Pictures,Foul Play,Colin Higgins
1890 Clay St.,Michael Lannan,Home Box Office (HBO),Looking,Andrew Haigh
"Steinhart Aquarium (California Academy of Sciences, Golden Gate Park)",Orson Welles,Columbia Pictures,The Lady from Shanghai,Orson Welles
,Walter Hill,Paramount Pictures,Another 48 Hours,Walter Hill
"Japanese Tea Garden, Hagiwara Tea Garden Drive, Golden Gate Park",Lawrence B. Marcus,Warner Brothers / Seven Arts,Petulia,Richard Lester
Cable Car Signal Box (California Street at Powell Street),Norman Foster,Universal Pictures,Woman on the Run,Norman Foster
Hyatt Fisherman's Wharf (555 Northpoint Street),Kevin Wade,Universal Pictures,Junior,Ivan Reitman
901 Missouri Street,Eric Lodal,Turner Network Television (TNT),"Murder in the First, Season 2",Steven Bochcho
"Valenti, Marini, Perata, 4840 Mission Street",Michael Lannan,HBO,Looking Season 2 ep 207,Andrew Haigh
1160 Taylor Street,Peter Morgan,Warner Bros. Pictures,Hereafter,Clint Eastwood
22nd Avenue & Balboa Street (Richmond District),Peter Bogdanovich & Buck Henry,Warner Bros. Pictures,What's Up Doc?,Peter Bogdanovich
Fior d' Italia (601 Union Street at Stockton),Joe Eszterhas,Paramount Pictures,Jade,William Friedkin
Intersection of Broadway at Kearney,Gabriel Ferrari ,Walt Disney Studios Motion Pictures,Ant-Man,Peyton Reed
Sheraton Palace Hotel (639 Market Street),Steve Oedekerk,Universal Pictures,Patch Adams,Tom Shadyac
Cow Palace,Philip Kaufman,The Ladd Company,The Right Stuff,Philip Kaufman
Southern Pacific Memorial Hospital (1400 Fell Street),Russell Rouse,United Artists,D.O.A,Rudolph Mate
Embarcadero & Washington,Max Borenstein,Warner Bros. Pictures,Godzilla,Gareth Edwards
Chaya / Perry's 132 Embarcadero,"Sarah Bellwood, Michal Lali Kagan, Michael McGowan Amital Stern, Jose Luis Sampedro",TBD,Etruscan Smile,Oded Binnun/ Michel Brezis
Harriet Street between Bryant and Brannan Streets,Eric Lodal,Turner Network Television (TNT),"Murder in the First, Season 2",Steven Bochcho
Clement St. from 5th and 7th Ave.,Noah Pritzker,,Quitters,Noah Pritzker
"Cathedral Hill Hotel (1101 Van Ness Avenue, Civic Center)",Francis Ford Coppola,Paramount Pictures,The Conversation,Francis Ford Coppola
Market between Stuart and Van Ness,Gabriel Ferrari,Walt Disney Studios Motion Pictures,Ant-Man,Peyton Reed
"San Francisco National Military Cemetery (Lincoln Blvd., The Presidio, Golden Gate National Recreation Center)",Harry Julian Fink,Warner Bros. Pictures,The Dead Pool,Buddy Van Horn
Pier 50,Eric Lodal,Turner Network Television (TNT),"Murder in the First, Season 2",Steven Bochcho
"Mission Thrift, 2330 Mission St.",Kay Cannon,Netflix,GirlBoss,"Jamie Babbit, Amanda Brotchie, Steven K. Tsuchida, Christian Ditter, John Riggi"
"Fort Point (Presidio, Golden Gate National Recreation Area)",Larry Ferguson,Paramount Pictures,The Presidio,Peter Hyams
San Francisco Public Library Main Branch (100 Larkin Street),Dana Stevens,Warner Bros. Pictures,City of Angels,Brad Silberling
Columbus & Pacific Ave,Rick Jaffa,Twentieth Century Fox,Dawn of the Planet of the Apes,Matt Reeves
Aquatic Park (Jefferson Street),The Drews,Dimension Films,Boys and Girls,Robert Iscove
"""Metzger's Apt"" 151 Alice B. Toklas Pl.",The Wachowskis,Netflix,Sense8,The Wachowskis
Embarcadero Street,Mitchell Kapner,Warner Bros. Pictures,Romeo Must Die,Andrzej Bartkowiak
5th and Beale Streets,Rafael Yglesias,Warner Bros. Pictures,Fearless,Peter Weir
Broadway Studios (435 Broadway at Montgomery Street),Mary Keil,Crazy Dreams Entertainment,Swing,Martin Guigui
Fisherman's Wharf,The Drews,Dimension Films,Boys and Girls,Robert Iscove
Sutter Stockton Garage,James Cameron,Paramount Pictures,Terminator - Genisys,Alan Taylor
The Embarcadero,Stirling Silliphant,Columbia Pictures,The Lineup,Don Siegel
Ritz-Carlton Hotel (600 Stockton Street),John Brancato,Polygram Filmed Entertainment,The Game,David Fincher
Turk St between Lyon and Baker St,Gabriele Muccino,4 Distribution,Summertime,Gabriele Muccino
Miraloma Mall at Portola Frontage Road,Peter Elkoff,HULU,Chance- Season 1 ep104,Carl Franklin
San Francisco International Airport,Terrel Seltzer,Orion Classics,Dim Sum: A Little Bit of Heart,Wayne Wang
Holiday Inn Select Downtown Hotel (750 Kearney Street),Harry Julian Fink,Warner Brothers,Dirty Harry,Don Siegel
,Wesley Strick,Columbia Pictures,True Believer,Joseph Ruben
Hills Brothers Plaza (Embarcadero at Harrison Street),Keith Samples & Kevin Meyer,Paramount Pictures,A Smile Like Yours,Keith Samples
"Matching Half CafÃ©, 1799 McAllister Street",Tom Brown,TBD,Pushing Dead,Tom Brown
2nd St. at Townsend St.,Allan Loeb ,Warner Bros.,San Andreas,Brad Peyton
City Hall,Bill Guttentag & Chris Lehane,Eagle Films,Knife Fight,Bill Guttentag
1101 Filbert St. ,Scott Alexander,Weinstein Company,Big Eyes,Tim Burton
Kezar Pavillion,Michael Lannan,HBO,Looking Season 2 ep 203,Andrew Haigh
,Gary Goldman,Twentieth Century Fox Film Corporation,Big Trouble in Little China,John Carpenter
Sacramento & Washington Streets,Jon Poznanter,,God is a Communist?* (show me heart universe),Jon Poznanter
Mecca Restaurant (2029 Market Street),Audrey Wells,Buena Vista Pictures,Under the Tuscan Sun,Audrey Wells
Grant & Washington St.,Woody Allen,Sony Pictures Classics,Blue Jasmine,Woody Allen
Washington Street & Waverly Place (Chinatown),John Brancato,Polygram Filmed Entertainment,The Game,David Fincher
One Embarcadero Center (Financial District),Francis Ford Coppola,Paramount Pictures,The Conversation,Francis Ford Coppola
520 Castro St.,Dustin Lance Black,Amercian Broadcasting Company,When We Rise,Gus Van Sant
Presidio Church at 130 Fisher Loop,Michael Lannan,Home Box Office (HBO),Looking,Andrew Haigh
"State Garage, 818 Leavenworth",Roxann Dawson,HULU,Chance - Season 1 ep105,Victoria Morrow
Green and Divisadero,Kay Cannon,Netflix,GirlBoss,"Jamie Babbit, Amanda Brotchie, Steven K. Tsuchida, Christian Ditter, John Riggi"
Grant Avenue between Sacramento and Washington,Michael Lannan,HBO,"Looking ""Special""",Andrew Haigh
CCSF Alemany Campus ,Joseph Howard,Buena Vista Pictures,Sister Act 2: Back in the Habit,Bill Duke
Ocean Beach,John Comerford,Ardustry Home Entertainment,Around the Fire,John Jacobsen
770 Haight St,Michael Lannan,Home Box Office (HBO),Looking,Andrew Haigh
McAllister between Leavenworth and Hyde,Dan Attias,HULU,Chance- Season 1 ep106,Sara Gran
,Alan Jacobs,Columbia TriStar Home Video,Nina Takes a Lover,Alan Jacobs
Chambord Apartments (1298 Sacramento Street at Jones),Russell Rouse,United Artists,D.O.A,Rudolph Mate
Montgomery & Vallejo Streets (Telegraph Hill),Larry Ferguson,Paramount Pictures,The Presidio,Peter Hyams
"Mario's CafÃ©, 566 Columbus",Alexandra Cunningham and Kem Nunn,HULU,Chance - Season 1 Pilot,Lenny Abrahamson
Hyde St. at Greenwich and Hyde St. at Lombard,Allan Loeb,Warner Bros.,San Andreas,Brad Peyton
755 Vallejo Street,Jay Ward,Buena Vista Pictures,George of the Jungle,Sam Weisman
Scott St between Jackson and Clay St,Alexandra Cunningham,Hulu,Chance Season 2,Rozann Dawson
"Fort Point (Presidio, Golden Gate National Recreation Area)",Alexander Jacobs,Metro-Goldwyn Mayer,Point Blank,John Boorman
601 Buena Vista Ave West,Michael Lannan,HBO,Looking Season 2 ep 204,Andrew Haigh
Golden Gate Bridge,Karl Alexander,Columbia Broadcasting System (CBS),Time After Time,Nicholas Meyer
Potomac and Waller,Alexandra Cunningham,HULU,Chance- Season 1 ep102,Lenny Abrahamson
"Benu Restaurant, 22 Hawthorne Street","Sarah Bellwood, Michal Lali Kagan, Michael McGowan Amital Stern, Jose Luis Sampedro",TBD,Etruscan Smile,Oded Binnun/ Michel Brezis
Sutro Baths  ,Michael Lannan,Home Box Office (HBO),Looking,Andrew Haigh
Bay Bridge,Alan R. Trustman,Warner Brothers,Bullitt,Peter Yates
War Memorial Opera House (401 Van Ness Avenue),Joe Eszterhas,Paramount Pictures,Jade,William Friedkin
Cliff House (1090 Point Lobos Avenue),Kathryn Scola,Twentieth Century Fox Film Corporation,Alexander's Ragtime Band,Henry King
"The 500 Club (500 Guerrero Street, Mission District)",Loren Marsh,,Mission (aka City of Bars),Loren Marsh
Montgomery/Green,J. Mills Goodloe,,Age of Adaline,Lee Toland Krieger
Union Square,Francis Ford Coppola,Paramount Pictures,The Conversation,Francis Ford Coppola
Market St. overpass,The Wachowskis,Netflix,Sense8,The Wachowskis
Pier 39,Sarah Thorp,Paramount Pictures,Twisted,Philip Kaufman
"Agua Vista Park at Mission Rock, 817 Terry A Francois Blvd.",Peter Elkoff,HULU,Chance- Season 1 ep104,Carl Franklin
Hyde Street Pier,Peter Bogdanovich & Buck Henry,Warner Bros. Pictures,What's Up Doc?,Peter Bogdanovich
Sutter & Webster Streets,Stirling Silliphant,Warner Bros. Pictures,The Enforcer,James Fargo
Golden Gate Bridge,The Drews,Dimension Films,Boys and Girls,Robert Iscove
2800 Scott Street,Lenore J. Coffee,RKO Pictures,Sudden Fear,David Miller
Van Ness and 12th St.,The Wachowskis,Netflix,Sense8,The Wachowskis
"Asian Art Museum (200 Larkin Street, Civic Center)",Patricia Resnick,Orion Pictures Corporation,Maxie,Paul Aaron
Coit Tower,Stirling Silliphant,Warner Bros. Pictures,The Enforcer,James Fargo
Mason & California Streets (Nob Hill),"Umarji Anuradha, Jayendra, Aarthi Sriram, & Suba",,180,Jayendra
,Alan R. Trustman,United Artists,They Call Me MISTER Tibbs,Gordon Douglas
,John Norville,Warner Bros. Pictures,Tin Cup,Ron Shelton
War Memorial Opera House (401 Van Ness Avenue),Joe Eszterhas,Paramount Pictures,Jade,William Friedkin
The Malloch Apartment Building (1360 Montgomery Street),Delmer Daves & David Goodis,Warner Bros. Pictures,Dark Passage,Delmer Daves
Coit Tower,Allan Loeb ,Warner Bros.,San Andreas,Brad Peyton
Taylor & Green St.,Woody Allen,Sony Pictures Classics,Blue Jasmine,Woody Allen
"Postcard Row (Alamo Square, Hayes Valley)",Roland Joffe,Paramount Pictures,Fat Man and Little Boy,Roland Joffe
Bay Bridge,Alan R. Trustman,Warner Brothers,Bullitt,Peter Yates
,J. Randal Johnson,TriStar Pictures,The Doors,Oliver Stone
Hall of Justice (850 Bryant Street),Harry Julian Fink,Warner Brothers,Dirty Harry,Don Siegel
Transbay Terminal (Mission Street at 1st Street),Barbara Dana,Columbia Broadcasting System (CBS),Chu Chu and the Philly Flash,David Lowell Rich
Lombard & Hyde Streets,Joe Eszterhas,Paramount Pictures,Jade,William Friedkin
1069 Tennessee Street,Tom Brown,TBD,Pushing Dead,Tom Brown
Octavia at Grove Street,Tom Brown,TBD,Pushing Dead,Tom Brown
Golden Gate Bridge,Dustin Lance Black,Focus Features,Milk,Gus Van Sant
500 Cortland Avenue,"Melissa Axelrod, T. C. Boyle (based on the book by)",Amazon ,"Budding Prospects, Pilot",Terry Zwigoff
Marina Green (Marina District),Karl Alexander,Columbia Broadcasting System (CBS),Time After Time,Nicholas Meyer
Chinatown,Peter Bogdanovich & Buck Henry,Warner Bros. Pictures,What's Up Doc?,Peter Bogdanovich
"Ramada Plaza Hotel Downtown (1231 Market Street, Civic Center)",Jack Finney,United Artists,Invasion of the Body Snatchers,Philip Kaufman
Doc's Clock,Michael Lannan,Home Box Office (HBO),Looking,Andrew Haigh
Geary St. from Polk to Larkin,Marielle Heller,Sony Pictures Classics,The Diary of a Teenage Girl,Marielle Heller
Mission Arts Center,Michael Lannan,Home Box Office (HBO),Looking,Andrew Haigh
Cal-Mart Supermarket,Noah Pritzker,,Quitters,Noah Pritzker
"Sparky's Diner, 242 Church Street",Michael Lannan,HBO,Looking Season 2 ep 207,Andrew Haigh
535 Octavia Street,Eric Lodal,Turner Network Television (TNT),"Murder in the First, Season 3",Steven Bochcho
York & 24th St.,Melissa Rosenberg,American Broadcasting Company (ABC),Red Widow,Alon Aranya
1 Bush Street,John Brancato,Polygram Filmed Entertainment,The Game,David Fincher
"Bowles Franklin Galleries (765 Beach Street, Fisherman's Wharf)",Harry Julian Fink,Warner Bros. Pictures,Sudden Impact,Clint Eastwood
Plate Shots SF streets various,J. Mills Goodloe,,Age of Adaline,Lee Toland Krieger
Driving around Taylor/Pacific/Leavenworth,Stephen Levinson,HBO,Ballers Season 3,Julian Farino
435 Broadway,Eric Lodal,Turner Network Television (TNT),"Murder in the First, Season 2",Steven Bochcho
San Francisco International Airport,Keith Samples & Kevin Meyer,Paramount Pictures,A Smile Like Yours,Keith Samples
Montgomery & Pine Streets (Financial District),Colin Higgins,Paramount Pictures,Foul Play,Colin Higgins
Hall of Justice (850 Bryant Street),Eric Lodal,Turner Network Television (TNT),"Murder in the First, Season 3",Steven Bochcho
Flint & 16th (Castro),Justin Kelly,,I Am Michael,Justin Kelly
Market Street (from 6th- 4th Streets),Russell Rouse,United Artists,D.O.A,Rudolph Mate
435 23rd Street at Illinois,Greg Harrison,Sony Pictures Classics,Groove,Greg Harrison
"Doc's Clock, 2575 Misison Street",Michael Lannan,HBO,Looking Season 2 ep 203,Andrew Haigh
"1462 Grant Avenue, at Union Street",Robbie Fox,TriStar Pictures,So I Married an Axe Murderer,Thomas Schlamme
,Jenny Bowen,Specialty Films,Street Music,Jenny Bowen
Treasure Island,Dan Attias,HULU,Chance- Season 1 ep106,Sara Gran
60 Potomac,Kem Nunn,HULU,Chance- Season 1 ep103,Michael Lehmann
Bernal Heights Neighborhood,Michael Lannan,HBO,"Looking ""Special""",Andrew Haigh
119 Utah,Annie Wang,,Cardinal X,Annie Wang
Harry's Bar on Fillmore,Scott Alexander,Weinstein Company,Big Eyes,Tim Burton
22nd and Carolina Streets (Potrero Hill),Barbara Dana,Columbia Broadcasting System (CBS),Chu Chu and the Philly Flash,David Lowell Rich
The Embarcadero/ Ferry Building,Russell Rouse,United Artists,D.O.A,Rudolph Mate
Powell & California Streets,Russell Rouse,United Artists,D.O.A,Rudolph Mate
1111 California Street,Michael Lannan,HBO,Looking Season 2 ep 208,Andrew Haigh
San Francisco Airport,"Sarah Bellwood, Michal Lali Kagan, Michael McGowan Amital Stern, Jose Luis Sampedro",TBD,Etruscan Smile,Oded Binnun/ Michel Brezis
California & Grant Streets,Tom S. Parker,Metro-Goldwyn-Mayer (MGM),Getting Even with Dad,Howard Dutch
Ferry Building,Anne Rice,Geffen Pictures,Interview With The Vampire,Neil Jordan
Citicorp Center (1 Sansome Street at Sutter),Paul Yurick,Warner Bros. Pictures,Sweet November,Pat O'Connor
"Marina Morrison Bridal, 30 Maiden Ln.","J. Michael Straczynski, Wachowiski Siblings",Netflix,Sense8 - Season 2,Wachowski Siblings
Love Street Vintage (1506 Haight & adjacent Haight sidewalk_,Gabriele Muccino,6 Distribution,Summertime,Gabriele Muccino
350 Santa Ana Ave.,Kem Nunn,HULU,Chance- Season 1 ep103,Michael Lehmann
Various locations in San Francisco during driving scene,James Fritzell,Columbia Pictures,Good NeighborSam,David Swift
"KGO-TV ABC7 TV Studios (900 Front Street, Waterfront Historic District)",Harry Julian Fink,Warner Bros. Pictures,The Dead Pool,Buddy Van Horn
13 Lucky Street,Eric Lodal,Turner Network Television (TNT),"Murder in the First, Season 1",Steven Bochcho
Fillmore and Waller,Kay Cannon,Netflix,GirlBoss,"Jamie Babbit, Amanda Brotchie, Steven K. Tsuchida, Christian Ditter, John Riggi"
TransAmerica Pyramid (600 Montgomery Street),Robert Kaufman,American Broadcasting Company (ABC),Freebie and the Bean,Richard Rush
772 Commercial Street at Kearney,Norman Foster,Universal Pictures,Woman on the Run,Norman Foster
Sacramento & Montgomery Streets,Jack Kerouac & Jose Rivera,IFC Films & Sundance Selects,On the Road,Walter Salles
2413 Harrison St.,Michael Lannan,Home Box Office (HBO),Looking,Andrew Haigh
City Light Bookstore (261 Columbus Avenue),Robbie Fox,TriStar Pictures,So I Married an Axe Murderer,Thomas Schlamme
"Hotel Jefferson, 440 Eddy St","Armistead Maupin, Lauren Morelli, Hansol Jung, Marcus Gardley",Netflix,Tales of the City,"Alan Poul, Silas Howard, Stacie Passon"
Mission Inn (5630 Mission St),Linda Demetrick,,"Smile Again, Jenny Lee",Carlo Caldana
Stockton Tunnel (Stockton Street at Sutter Street),Robert Kaufman,American Broadcasting Company (ABC),Freebie and the Bean,Richard Rush
Golden Gate Bridge,Nimoy,Paramount Pictures,Star Trek VI: The Undiscovered Country,Nicholas Meyer
Variety Preview Room (582 Market St.),Zachary Shedd,,Americana,Zachary Shedd
Mission Creek Harbor along Channel St.,"J. Michael Straczynski, Wachowiski Siblings",Netflix,Sense8 - Season 2,Wachowski Siblings
Market St at Embarcadero,Alexandra Cunningham,Hulu,Chance Season 2,Rozann Dawson
Columbus & Lombard Streets (North Beach),Alan R. Trustman,Warner Brothers,Bullitt,Peter Yates
Washington Street & Waverly Place (Chinatown),John Brancato,Polygram Filmed Entertainment,The Game,David Fincher
2100 Pacific Ave at Laguna St,Linda Demetrick,,"Smile Again, Jenny Lee",Carlo Caldana
Green Valley Restaurant (510 Green Street Near Grant),Joseph Loeb III,Warner Bros. Pictures,Burglar,Hugh Wilson
Hills Brothers Plaza (Embarcadero at Harrison Street),Keith Samples & Kevin Meyer,Paramount Pictures,A Smile Like Yours ,Keith Samples
Vallejo St btwn Montgomery and Davis,Chris McKenna,Walt Disney Studios Motion Pictures,Ant-Man and the Wasp,Peyton Reed
Bay Bridge,Michael Lannan,Home Box Office (HBO),Looking,Andrew Haigh
Prudente's Italian Deli (1462 Grant Ave at Union),Robbie Fox,TriStar Pictures,So I Married an Axe Murderer,Thomas Schlamme
Duboce Park,Gabriele Muccino,13 Distribution,Summertime,Gabriele Muccino
Bush St. at Stockton St.,James Cameron,Paramount Pictures,Terminator - Genisys,Alan Taylor
200 Block of Sansome Street (Financial District),Larry Ferguson,Paramount Pictures,The Presidio,Peter Hyams
Mission Street @ 22nd Street,Michael Lannan,HBO,Looking Season 2 ep 210,Andrew Haigh
Grace Cathedral Episcopal Church (1100 California Street),Keith Samples & Kevin Meyer,Paramount Pictures,A Smile Like Yours ,Keith Samples
Alta Plaza Park (Steiner Street),Peter Bogdanovich & Buck Henry,Warner Bros. Pictures,What's Up Doc?,Peter Bogdanovich
,Douglas Day Stewart,Paramount Pictures,Thief of Hearts,Douglas Day Stewart
California between Mason and Taylor St,Alexandra Cunningham,Hulu,Chance Season 2,Rozann Dawson
835-865 Market Street at 5th Street,Norman Foster,Universal Pictures,Woman on the Run,Norman Foster
Mission & Beal,Max Borenstein,Warner Bros. Pictures,Godzilla,Gareth Edwards
Conservatory of Flowers (Golden Gate Park),Colin Higgins,Paramount Pictures,Harold and Maude,Hal Ashby
"Valenti, Marini, Perata, 4840 Mission Street",Michael Lannan,HBO,Looking Season 2 ep 207,Andrew Haigh
"St. Peter & Paul's Church (666 Filbert Street, Washington Square)",Harry Julian Fink,Warner Brothers,Dirty Harry,Don Siegel
Broadway from Mason to Taylor,Steven Lilien,Warner Bros. Television,Alcatraz,J.J. Abrams
Treasure Island,Samuel W. Taylor,Buena Vista Pictures,Flubber,Les Mayfield
900 Lombard Street,Alec Coppel,Paramount Pictures,Vertigo,Alfred Hitchcock
Treasure Island,Ron Bass,Polygram Filmed Entertainment,What Dreams May Come,Vincent Ward
970 Geary Street,Michael Lannan,HBO,Looking Season 2 ep 204,Andrew Haigh
720 Steiner Street (Hayes Valley),Jack Finney,United Artists,Invasion of the Body Snatchers,Philip Kaufman
Embarcadero between Market to Fillmore St,Alexandra Cunningham,Hulu,Chance Season 2,Rozann Dawson
Forest Hill MUNI Station,"Joe Talbot, Jimmie Fails, Rob Richert",A35,The Last Black Man in San Francisco,Joe Talbot
Danilo's Bakery (Green Street & Bannam Place),Randi Mayem Singer,Twentieth Century Fox Film Corporation,Mrs. Doubtfire,Chris Columbus
"St. Peter & Paul's Church (666 Filbert Street, Washington Square)",Rafael Yglesias,Warner Bros. Pictures,Fearless,Peter Weir
TransAmerica Pyramid (600 Montgomery Street),Allan Loeb ,Warner Bros.,San Andreas,Brad Peyton
Corbett St.,The Wachowskis,Netflix,Sense8,The Wachowskis
California @ Montgomery,J. Mills Goodloe,,Age of Adaline,Lee Toland Krieger
18th St at San Bruno Ave.,Luke Davies,Amazon Studios,Beautiful Boy,Felix van Groeningen
"Fairmont Hotel (950 Mason Street, Nob Hill)",Ernest Lehman,Universal Pictures,Family Plot,Alfred Hitchcock
The Embarcadero,Harry Julian Fink,Warner Brothers,Dirty Harry,Don Siegel
San Francisco City Hall,Michael Lannan,HBO,"Looking ""Special""",Andrew Haigh
87 Cervantes Blvd (beach),Linda Demetrick,,"Smile Again, Jenny Lee",Carlo Caldana
"American Roofing Co. Building (297 Kansas Street, Potrero Hill)",Francis Ford Coppola,Paramount Pictures,The Conversation,Francis Ford Coppola
1400 18th Street,Joseph Loeb III,Warner Bros. Pictures,Burglar,Hugh Wilson
Cable Car Signal Box (California Street at Powell Street),Norman Foster,Universal Pictures,Woman on the Run,Norman Foster
Jones Street at Bush,Chris Columbus,Twentieth Century Fox Film Corp.,Nine Months,Chris Columbus
0-100 block Halleck Street,Ryan K. Whiting,,Broken-A Modern Love Story,Ryan K. Whiting
Taylor and Jefferson Streets (Fisherman's Wharf),Richard Maibaum,MGM/UA Entertainment Company,A View to a Kill,John Glen
2450 Harrison Street,Michael Lannan,HBO,Looking Season 2 ep 208,Andrew Haigh
3355 Geary Blvd.,George Lucas,Universal Pictures',American Graffiti,George Lucas
Roof of Cable Car (California at Front Street),Steve Cohen,New Line Cinema,The Bachelor,Gary Sinyor
Intersection of Columbus and Kearny,Aaron Sorkin,Universal Pictures,Steve Jobs,Danny Boyle
Grant Street at Pacific Avenue,Ronald Bass,Buena Vista Pictures,When a Man Loves a Woman,Luis Mandoki
Bush & Kearny,Max Borenstein,Warner Bros. Pictures,Godzilla,Gareth Edwards
City Hall,Arnold Schulman,Paramount Pictures,Tucker: The Man and His Dream,Francis Ford Coppola
"California Hall (625 Polk Street, Van Ness/Civic Center)",Harry Julian Fink,Warner Brothers,Dirty Harry,Don Siegel
1328 Portola,Linda Demetrick,,"Smile Again, Jenny Lee",Carlo Caldana
2100 Green Street,Nat Mauldin,Twentieth Century Fox Film Cooperation,Doctor Dolittle,Betty Thomas
Haight St. at Central,Dustin Lance Black,Amercian Broadcasting Company,When We Rise,Gus Van Sant
Jack Kerouac Alley between Columbus & Grant Streets,Chris Columbus,Twentieth Century Fox Film Corp.,Nine Months,Chris Columbus
"Duboce St., Duboce CafÃ©",Alexandra Cunningham,HULU,Chance- Season 1 ep102,Lenny Abrahamson
United Nations Plaza (Civic Center),Jack Finney,United Artists,Invasion of the Body Snatchers,Philip Kaufman
Chinatown,Joseph Fields,Universal Pictures,Flower Drum Song,Henry Koster
"Li Po (916 Grant Avenue at Washington, Chinatown)",Wayne Wang,New Yorker Films,Chan is Missing,Wayne Wang
1055 Montgomery St.,Alexandra Cunningham and Kem Nunn,HULU,Chance - Season 1 Pilot,Lenny Abrahamson
"Boxer Stadium, 166 Havelock Street",Michael Lannan,HBO,Looking Season 2 ep 203,Andrew Haigh
731 Grant Avenue,Eric Lodal,Turner Network Television (TNT),"Murder in the First, Season 1",Steven Bochcho
Kansas St at 17th St.,Linda Demetrick,,"Smile Again, Jenny Lee",Carlo Caldana
534 Hyde Street,Michael Lannan,HBO,Looking Season 2 ep 204,Andrew Haigh
California at Mason,"Christopher Wilkinson, Stephen J. Rivele",Kylin Pictures,Birth of the Dragon,George Nolfi
Golden Gate Bridge,Chip Proser,Warner Bros. Pictures,Innerspace,Joe Dante
St. Francis Fountain,Michael Lannan,Home Box Office (HBO),Looking,Andrew Haigh
Punjab,Michael Lannan,Home Box Office (HBO),Looking,Andrew Haigh
,J. Randal Johnson,TriStar Pictures,The Doors,Oliver Stone
100 Block of Union Street (Cow Hollow),Karl Alexander,Columbia Broadcasting System (CBS),Time After Time,Nicholas Meyer
"Steinhart Aquarium (California Academy of Sciences, Golden Gate Park)",Robert Kaufman,American Broadcasting Company (ABC),Freebie and the Bean,Richard Rush
St. Elizabeth Apartment House (901 Powell Street at Sacramento),Robert Collector,Warner Bros. Pictures,Memoirs of an Invisible Man,John Carpenter
Joice Street at Clay Street,Eric Lodal,Turner Network Television (TNT),"Murder in the First, Season 1",Steven Bochcho
Treasure Island,Samuel W. Taylor,Buena Vista Pictures,Flubber,Les Mayfield
Gibb Street (Chinatown),Joe Eszterhas,TriStar Pictures,Basic Instinct,Paul Verhoeven
Union Square,Mel Brooks,Twentieth Century Fox Film Corporation,High Crimes,Mel Brooks
,Thomas Balmes,Focus Features,Babies,Thomas Balmes
"Japanese Tea Garden, Hagiwara Tea Garden Drive, Golden Gate Park",Lawrence B. Marcus,Warner Brothers / Seven Arts,Petulia,Richard Lester
Golden Gate Bridge,Steve Meerson,Paramount Pictures,Star Trek IV: The Voyage Home,Leonard Nimoy
Golden Gate Park,Steve Meerson,Paramount Pictures,Star Trek IV: The Voyage Home,Leonard Nimoy
Golden Gate Bridge,Joe Eszterhas,Columbia Pictures,Jagged Edge,Richard Marquand
"Fairmont Hotel (950 Mason Street, Nob Hill)",Ivan Goff,Universal Pictures,Midnight Lace,David Miller
1138 Alabama St,Woody Allen,Sony Pictures Classics,Blue Jasmine,Woody Allen
"Castro Theatre, 429 Castro St.",Dustin Lance Black,Amercian Broadcasting Company,When We Rise,Gus Van Sant
Grant Ave btwn Pine and Jackson,"Jeff Pinkner, Scott Rosenberg","Columbia Pictures, Sony Pictures Releasing",Venom,Ruben Fleischer
"Westin St. Francis Hotel (335 Powell Street, Union Square)",Robert Berger,Warner Bros. Pictures,Final Analysis,Phil Joanou
Filbert between Leavenworth and Hyde,Kay Cannon,Netflix,GirlBoss,"Jamie Babbit, Amanda Brotchie, Steven K. Tsuchida, Christian Ditter, John Riggi"
Danilo's Bakery (Green Street & Bannam Place),Randi Mayem Singer,Twentieth Century Fox Film Corporation,Mrs. Doubtfire,Chris Columbus
La Rondalla (Valencia and 20th Streets),Jeffrey Fiskin,Universal Pictures,Crackers,Louis Malle
1122 Folsom Street,The Drews,Dimension Films,Boys and Girls,Robert Iscove
Buena Vista Park (Haight Street at Buena Vista),David Henry Hwang,The Samuel Goldwyn Company,Golden Gate,John Madden
Coit Tower,Larry Ferguson,Paramount Pictures,The Presidio,Peter Hyams
Grant between California and Washington,Kay Cannon,Netflix,GirlBoss,"Jamie Babbit, Amanda Brotchie, Steven K. Tsuchida, Christian Ditter, John Riggi"
"Cliffhouse, 1090 Point Lobos Ave.",Michael Lehmann,HULU,Chance- Season 1 ep110,Alexandra Cunningham and Kem Nunn
24th Street Mini Park (Mission District),Stirling Silliphant,Warner Bros. Pictures,The Enforcer,James Fargo
City Hall,Nicholas Kazan,Buena Vista Pictures,Bicentennial Man,Chris Columbus
Pier 14 San Francisco,"Sarah Bellwood, Michal Lali Kagan, Michael McGowan Amital Stern, Jose Luis Sampedro",TBD,Etruscan Smile,Oded Binnun/ Michel Brezis
Driving various SF Streets,J. Mills Goodloe,,Age of Adaline,Lee Toland Krieger
Lombard St between Leavenworth and Hyde St,Alexandra Cunningham,Hulu,Chance Season 2,Rozann Dawson
Conservatory of Flowers (Golden Gate Park),Marni Freedman,Buena Vista Pictures,Playing Mona Lisa,Matthew Huffman
Mason & Sacramento St,Melissa Rosenberg,American Broadcasting Company (ABC),Red Widow,Alon Aranya
,Wolfgang Petersen,Metro-Goldwyn-Mayer,Shattered,Wolfgang Petersen
Claude Lane at Bush Street,Alec Coppel,Paramount Pictures,Vertigo,Alfred Hitchcock
"Near Point Lobos, El Camino Del Mar",Harry Julian Fink,Warner Bros. Pictures,Sudden Impact,Clint Eastwood
Golden Gate Bridge,Bill Walsh,Buena Vista Distribution,The Love Bug,Robert Stevenson
504 Broadway,Eric Lodal,Turner Network Television (TNT),"Murder in the First, Season 1",Steven Bochcho
Intersection of California at Polk,Gabriel Ferrari,Walt Disney Studios Motion Pictures,Ant-Man,Peyton Reed
22nd Bet. Carolina & Rhode Island Streets (Potrero Hill),Harry Julian Fink,Warner Bros. Pictures,The Dead Pool,Buddy Van Horn
Palace of Fine Arts (3301 Lyon Street),Garry Marshall,Buena Vista Pictures,The Other Sister,Garry Marshall
Romain St.,The Wachowskis,Netflix,Sense8,The Wachowskis
"Bessie Charmichael Elementary School (375 Seventh Street, SOMA)",Steve Meerson,Paramount Pictures,Star Trek IV: The Voyage Home,Leonard Nimoy
2937 24th Street,"Melissa Axelrod, T. C. Boyle (based on the book by)",Amazon,"Budding Prospects, Pilot",Terry Zwigoff
"San Francisco General Hospital Medical Center (1001 Potrero Avenue, Potrero Hill)",Rafael Yglesias,Warner Bros. Pictures,Fearless,Peter Weir
Mission & Fremont St,Max Borenstein,Warner Bros. Pictures,Godzilla,Gareth Edwards
Water work in SF Bay,Allan Loeb,Warner Bros.,San Andreas,Brad Peyton
"Fort Point (Presidio, Golden Gate National Recreation Area)",Mark Decena & Timothy Breitbach,Sundance Channel Home Entertainment,Dopamine,Mark Decena
411 Shrader St.,Linda Demetrick,,"Smile Again, Jenny Lee",Carlo Caldana
901 Union Street,Amy Tan,National Broadcasting Company (NBC),Joy Luck Club,Wayne Wang
Presidio (Golden Gate National Recreation Area),John Brancato,Polygram Filmed Entertainment,The Game,David Fincher
E Tutto Qua Restaurant (270 Columbus St.),Linda Demetrick,,"Smile Again, Jenny Lee",Carlo Caldana
Marriot Hotel (55 4th Street at Market),Terry McMillan,Twentieth Century Fox Film Corporation,How Stella Got Her Groove Back,Kevin Rodney Sullivan
Mission & Fremont St,Max Borenstein,Warner Bros. Pictures,Godzilla,Gareth Edwards
Hall of Justice (850 Bryant Street),Harry Julian Fink,Warner Bros. Pictures,Sudden Impact,Clint Eastwood
California St. from Jones St. to Mason St.,Aaron Sorkin,Universal Pictures,Steve Jobs,Danny Boyle
Muni line N- Judah,Michael Lannan,Home Box Office (HBO),Looking,Andrew Haigh
1890 Clay Street,Michael Lannan,HBO,Looking Season 2 ep 204,Andrew Haigh
1521 Masonic Avenue at Piedmont Street,Ronald Bass,Buena Vista Pictures,When a Man Loves a Woman,Luis Mandoki
Miraloma Mall at Portola Frontage Road,Peter Elkoff,HULU,Chance- Season 1 ep104,Carl Franklin
Washington at Maple,"Zal Batmanglij, Brit Marling",Netflix,The OA Part II,Zal Batmanglij
,Peter Tolan,DreamWorks Distribution,Just Like Heaven,Mark Waters
The Royal Oak,Marielle Heller,Sony Pictures Classics,The Diary of a Teenage Girl,Marielle Heller
2800 Scott Street,Lenore J. Coffee,RKO Pictures,Sudden Fear,David Miller
Mission Street @ 22nd Street,Michael Lannan,HBO,Looking Season 2 ep 210,Andrew Haigh
"Pacific Heights Towers (2200 Sacramento Street, Pacific Heights)",John Milius,Warner Bros. Pictures,Magnum Force,Ted Post
Green & Laguna Streets,Bill Guttentag & Chris Lehane,Eagle Films,Knife Fight,Bill Guttentag
766 Vallejo St,"Armistead Maupin, Lauren Morelli, Hansol Jung, Marcus Gardley",Netflix,Tales of the City,"Alan Poul, Silas Howard, Stacie Passon"
Pleasant Street at Taylor,Pamela Falk,Sony Pictures Entertainment,The Wedding Planner,Adam Shankman
Geary & 20th Ave,Melissa Rosenberg,American Broadcasting Company (ABC),Red Widow,Alon Aranya
Plate Shots SF streets various,J. Mills Goodloe,,Age of Adaline,Lee Toland Krieger
"Building 924, Presidio (Golden Gate National Recreation Area)",Larry Levin,Twentieth Century Fox Film Corp.,Dr. Dolittle 2,Steve Carr
City Hall,Harold Ramis,Twentieth Century Fox Film Corp.,Bedazzled,Harold Ramis
Palace of Fine Arts (3301 Lyon Street),Karl Alexander,Columbia Broadcasting System (CBS),Time After Time,Nicholas Meyer
"Maritime Museum, Building 201 (Fort Mason)",Joseph Howard,Buena Vista Pictures,Sister Act 2: Back in the Habit,Bill Duke
"St. Peter & Paul's Church (666 Filbert Street, Washington Square)",Rafael Yglesias,Warner Bros. Pictures,Fearless,Peter Weir
2 Rowland,Dan Attias,HULU,Chance- Season 1 ep109,Sara Gran and Pete Begler
"Orphan Andy's, 3991 17th Street",Michael Lannan,HBO,"Looking ""Special""",Andrew Haigh
24 Hill St.,Noah Pritzker,,Quitters,Noah Pritzker
Folsom btwn Cortland and Eugenia Ave,"Joe Talbot, Jimmie Fails, Rob Richert",A24,The Last Black Man in San Francisco,Joe Talbot
Jefferson St at Taylor St,Alexandra Cunningham,Hulu,Chance Season 2,Rozann Dawson
California and Jones St.,Stephen Levinson,HBO,Ballers Season 3,Julian Farino
,David Klass,TriStar Pictures,Desperate Measures,Barbet Schroeder
Ferry Building,The Drews,Dimension Films,Boys and Girls,Robert Iscove
Chinatown,Dustin Lance Black,Focus Features,Milk,Gus Van Sant
Transbay Terminal (Mission Street at 1st Street),Tom S. Parker,Metro-Goldwyn-Mayer (MGM),Getting Even with Dad,Howard Deutch
,Mario Van Peebles,PolyGram Video,Panther,Mario Van Peebles
23rd & Capp Streets (Mission District),Stirling Silliphant,Warner Bros. Pictures,The Enforcer,James Fargo
Sutter-Stockton Garage (444  Stockton),Aaron Sorkin,Universal Pictures,Steve Jobs,Danny Boyle
Hall of Justice,Stirling Silliphant,Warner Bros. Pictures,The Enforcer,James Fargo
"Warren's Antiques, 375 9th St.",Alexandra Cunningham and Kem Nunn,HULU,Chance - Season 1 Pilot,Lenny Abrahamson
1227 Montgomery Street,"Sarah Bellwood, Michal Lali Kagan, Michael McGowan Amital Stern, Jose Luis Sampedro",TBD,Etruscan Smile,Oded Binnun/ Michel Brezis
Pier 43,Allan Loeb ,Warner Bros.,San Andreas,Brad Peyton
California St. from Jones St. to Mason St.,Aaron Sorkin,Universal Pictures,Steve Jobs,Danny Boyle
"Treasure Island, Building #1, Ave of the Palms",Gabriel Ferrari ,Walt Disney Studios Motion Pictures,Ant-Man,Peyton Reed
"Red's Java House (Pier 30-32, The Embarcadero)",Sarah Thorp,Paramount Pictures,Twisted,Philip Kaufman
Wasteland Store (1600 Haight Street),Chris Columbus,Twentieth Century Fox Film Corp.,Nine Months,Chris Columbus
Montgomery and Union St.,Vince Vaughn,Twentieth Century Fox Film Corporation,The Internship,Shawn Levy
422 Oak Street at Laguna,Doris Fish,MCA/Universal Home Video,Vegas in Space,Phillip R. Ford
Conservatory of Flowers (Golden Gate Park),Tomas Gislason,Electric Parc,Heart and Souls,Tomas Gislason
California Street between Sansome & Davis,"Sarah Bellwood, Michal Lali Kagan, Michael McGowan Amital Stern, Jose Luis Sampedro",TBD,Etruscan Smile,Oded Binnun/ Michel Brezis
1246 Folsom Street,Michael Lannan,HBO,Looking Season 2 ep 208,Andrew Haigh
"Broadway, Between Franklin & Laguna Streets",Larry Levin,Twentieth Century Fox Film Corp.,Dr. Dolittle 2,Steve Carr
Haight at Masonic,Luke Davies,Amazon Studios,Beautiful Boy,Felix van Groeningen
82 & 67 Rico Way (Marina District),Ann Biderman,Warner Bros. Pictures,Copycat,Jon Amiel
Higher Grounds Coffee House,Marielle Heller,Sony Pictures Classics,The Diary of a Teenage Girl,Marielle Heller
520 Castro St.,Dustin Lance Black,Amercian Broadcasting Company,When We Rise,Gus Van Sant
California between Kearney and Davis,Gabriel Ferrari,Walt Disney Studios Motion Pictures,Ant-Man,Peyton Reed
,,Zealot Pictures,24 Hours on Craigslist,Michael Ferris Gibson
Church @ Duboce Street,Michael Lannan,HBO,Looking Season 2 ep 202,Andrew Haigh
University Club,Rick Jaffa,Twentieth Century Fox,Dawn of the Planet of the Apes,Matt Reeves
Bay Bridge,Calder Willingham,Embassy Pictures Corporation,The Graduate,Mike Nichols
Treasure Island,Dustin Lance Black,Focus Features,Milk,Gus Van Sant
Castro St. from Market to 18th St.,Michael Lannan,Home Box Office (HBO),Looking,Andrew Haigh
"The 500 Club (500 Guerrero Street, Mission District)",Loren Marsh,,Mission (aka City of Bars),Loren Marsh
1080 Natoma Street,Michael Lannan,HBO,"Looking ""Special""",Andrew Haigh
Ferry Building,Larry Ferguson,Paramount Pictures,The Presidio,Peter Hyams
2898 Vallejo Street,Stirling Silliphant,Twentieth Century - Fox,The Towering Inferno,John Guillermin
Cliff House (1090 Point Lobos Avenue),Kathryn Scola,Twentieth Century Fox Film Corporation,Alexander's Ragtime Band,Henry King
Columbus Avenue between Washington and Bay Streets,Eric Lodal,Turner Network Television (TNT),"Murder in the First, Season 2",Steven Bochcho
North Beach Video (1398 Grant Avenue at Green),Lowell Ganz,MCA / Universal Pictures,Edtv,Ron Howard
"Westar Marine Services, Pier 50",Chris McKenna,Walt Disney Studios Motion Pictures,Ant-Man and the Wasp,Peyton Reed
550 El Camino Del Mar (Seacliff),Harry Julian Fink,Warner Bros. Pictures,The Dead Pool,Buddy Van Horn
Lucky Street,"Melissa Axelrod, T. C. Boyle (based on the book by)",Amazon ,"Budding Prospects, Pilot",Terry Zwigoff
4100 20th St,Justin Kelly,,I Am Michael,Justin Kelly
18 Urbano,Michael Lehmann,HULU,Chance- Season 1 ep110,Alexandra Cunningham and Kem Nunn
Heron and Berwick Alleys,Alexandra Cunningham ,HULU,Chance- Season 1 ep102,Lenny Abrahamson
South Park,Woody Allen,Sony Pictures Classics,Blue Jasmine,Woody Allen
Project Artaud (Florida Street),Doris Fish,MCA/Universal Home Video,Vegas in Space,Phillip R. Ford
"Fairmont Hotel (950 Mason Street, Nob Hill)",Lawrence B. Marcus,Warner Brothers / Seven Arts,Petulia,Richard Lester
Financial District,Chris McKenna,Walt Disney Studios Motion Pictures,Ant-Man and the Wasp,Peyton Reed
"Sheraton Palace Hotel (2 Montgomery Street, Financial District)",The Gordons,Columbia Pictures,Experiment in Terror,Blake Edwards
Eddy @ Polk Street,Michael Lannan,HBO,Looking Season 2 ep 202,Andrew Haigh
Sacramento & Front St.,Max Borenstein,Warner Bros. Pictures,Godzilla,Gareth Edwards
900 Block of Grant Avenue (Chinatown),Larry Ferguson,Paramount Pictures,The Presidio,Peter Hyams
The Stud,Michael Lannan,Home Box Office (HBO),Looking,Andrew Haigh
Buena Vista betweeen Upper Terrace and Java St.,Michael Lehmann,HULU,Chance- Season 1 ep107,Alexandra Cunningham and Kem Nunn
Bay Bridge,Jay Ward,Buena Vista Pictures,George of the Jungle,Sam Weisman
15th St. between Vermont and Kansas,Peter Elkoff,HULU,Chance- Season 1 ep104,Carl Franklin
Palace of Fine Arts (3301 Lyon Street),Alec Coppel,Paramount Pictures,Vertigo,Alfred Hitchcock
The Final Final (2990 Baker Street),Peter Morgan,Warner Bros. Pictures,Hereafter,Clint Eastwood
"Fairmont Hotel (950 Mason Street, Nob Hill)",Kathryn Scola,Twentieth Century Fox Film Corporation,Alexander's Ragtime Band,Henry King
Potrero Hill,Robert Kaufman,American Broadcasting Company (ABC),Freebie and the Bean,Richard Rush
Bay St. at Polk,Allan Loeb ,Warner Bros.,San Andreas,Brad Peyton
Romolo St and Fresno Pl,"Jeff Pinkner, Scott Rosenberg","Columbia Pictures, Sony Pictures Releasing",Venom,Ruben Fleischer
3rd Street between Market & Harrison,"Sarah Bellwood, Michal Lali Kagan, Michael McGowan Amital Stern, Jose Luis Sampedro",TBD,Etruscan Smile,Oded Binnun/ Michel Brezis
Intersection of Fulton & 6th Streets (Chinatown),Karl Alexander,Columbia Broadcasting System (CBS),Time After Time,Nicholas Meyer
"Fairmont Hotel (950 Mason Street, Nob Hill)",Linda Demetrick,,"Smile Again, Jenny Lee",Carlo Caldana
San Francisco Bay,Kathryn Scola,Twentieth Century Fox Film Corporation,Alexander's Ragtime Band,Henry King
Grace Cathedral Episcopal Church (1100 California Street),Nicholas Kazan,Buena Vista Pictures,Bicentennial Man,Chris Columbus
Stanyan & Belgrave,Gabriele Muccino,8 Distribution,Summertime,Gabriele Muccino
"Fairmont Hotel (950 Mason Street, Nob Hill)",Robert Kaufman,American Broadcasting Company (ABC),Freebie and the Bean,Richard Rush
Spofford between Washington and Clay,"J. Michael Straczynski, Wachowiski Siblings",Netflix,Sense8 - Season 2,Wachowski Siblings
"SF General Hospital Center (1001 Potrero Avenue, Potrero Hill)",Karl Alexander,Columbia Broadcasting System (CBS),Time After Time,Nicholas Meyer
3567 18th Street,Doris Fish,MCA/Universal Home Video,Vegas in Space,Phillip R. Ford
Powell Street,Jameson Brewer,Twentieth Century Fox Film Corporation,Swingin' Along,Charles Barton
Geary from 22nd Ave to Arguello,Noah Pritzker,,Quitters,Noah Pritzker
City Hall,Harold Ramis,Twentieth Century Fox Film Corp.,Bedazzled,Harold Ramis
Muddy Waters Coffee House,Michael Lannan,Home Box Office (HBO),Looking,Andrew Haigh
Wisconsin between 19th and 20th St,Luke Davies,Amazon Studios,Beautiful Boy,Felix van Groeningen
"California Palace of the Legion of Honor (34th Avenue & Clement, Lincoln Park)",Alec Coppel,Paramount Pictures,Vertigo,Alfred Hitchcock
"Clayton Post Office, 554 Clayton St.",Kay Cannon,Netflix,GirlBoss,"Jamie Babbit, Amanda Brotchie, Steven K. Tsuchida, Christian Ditter, John Riggi"
"Mark Hopkins Intercontinental Hotel (1 Nob Hill Circle, Nob Hill)",Harry Julian Fink,Warner Bros. Pictures,Sudden Impact,Clint Eastwood
2601 Lyon Street,Gina Wendkos,Buena Vista Pictures,The Princess Diaries,Garry Marshall
"Nam Yuen Restaurant (740 Washington Street, Chinatown)",Harry Julian Fink,Warner Bros. Pictures,The Dead Pool,Buddy Van Horn
1201 Columbus Avenue,Eric Lodal,Turner Network Television (TNT),"Murder in the First, Season 1",Steven Bochcho
180 Manchester Street,Amy Tan,National Broadcasting Company (NBC),Joy Luck Club,Wayne Wang
Clementina & Sumner Streets,Harry Julian Fink,Warner Bros. Pictures,The Dead Pool,Buddy Van Horn
Pier 3 (The Embarcadero),Harry Julian Fink,Warner Bros. Pictures,The Dead Pool,Buddy Van Horn
Merchant Exchange (465 California Street at Leidesdorff),Karl Alexander,Columbia Broadcasting System (CBS),Time After Time,Nicholas Meyer
"Vallejo St. Garage, 766 Vallejo St.",Allan Loeb,Warner Bros.,San Andreas,Brad Peyton
2866 24th St.,Michael Lannan,Home Box Office (HBO),Looking,Andrew Haigh
Coit Tower,Stirling Silliphant,Warner Bros. Pictures,The Enforcer,James Fargo
1243 19th Street,Eric Lodal,Turner Network Television (TNT),"Murder in the First, Season 2",Steven Bochcho
"Marina Green, Marina District",Steve Meerson,Paramount Pictures,Star Trek IV: The Voyage Home,Leonard Nimoy
,Tim Burton,Buena Vista Pictures,The Nightmare Before Christmas,Henry Selick
Cybelle's Pizza (1000 Bush Street),Ronald Bass,Buena Vista Pictures,When a Man Loves a Woman,Luis Mandoki
,,Zealot Pictures,24 Hours on Craigslist,Michael Ferris Gibson
Battery Street (The Embarcadero),Larry Ferguson,Paramount Pictures,The Presidio,Peter Hyams
Golden Gate Bridge,Albert Brooks,Paramount Pictures,Mother,Albert Brooks
Battery Spencer,Allan Loeb ,Warner Bros.,San Andreas,Brad Peyton
3650 21st Street,Michael Lannan,HBO,Looking Season 2 ep 204,Andrew Haigh
War Memorial Opera House (401 Van Ness Avenue),Aaron Sorkin,Universal Pictures,Steve Jobs,Danny Boyle
"Trax Bar, Haight St","Michael Golamco, Randall Park, Ali Wong",Netflix,Always Be My Maybe,Nahnatchka Khan
Grant St. at Bush St.,Allan Loeb ,Warner Bros.,San Andreas,Brad Peyton
Ivy Street between Laguna and Gough Streets,Eric Lodal,Turner Network Television (TNT),"Murder in the First, Season 3",Steven Bochcho
"The Walden House, Buena Vista Park",Robert Perez,Miramax Films,40 Days and 40 Nights,Michael Lehmann
Former Hall of Justice (750 Kearny Street at Washington),Orson Welles,Columbia Pictures,The Lady from Shanghai,Orson Welles
2104 Broadway,Joe Eszterhas,TriStar Pictures,Basic Instinct,Paul Verhoeven
160 Church Street,Michael Lannan,HBO,Looking Season 2 ep 205,Andrew Haigh
Westin St. Francis,Alexandra Cunningham ,HULU,Chance- Season 1 ep102,Lenny Abrahamson
"Double Happiness Health, 3380 20th Street",Tom Brown,TBD,Pushing Dead,Tom Brown
Union St at Leavenworth St,Alexandra Cunningham,Hulu,Chance Season 2,Rozann Dawson
Chinatown Gate,Kevin Wade,Universal Pictures,Junior,Ivan Reitman
Candlestick Park (602 Jamestown Ave.),Robert Kaufman,American Broadcasting Company (ABC),Freebie and the Bean,Richard Rush
Hall of Justice (850 Bryant Street),Joe Eszterhas,Paramount Pictures,Jade,William Friedkin
717 Grant Ave,"Michael Golamco, Randall Park, Ali Wong",Netflix,Always Be My Maybe,Nahnatchka Khan
The Sea Captain's Chest (Fisherman's Wharf),The Gordons,Columbia Pictures,Experiment in Terror,Blake Edwards
,Peter Tolan,DreamWorks Distribution,Just Like Heaven,Mark Waters
Pier 7 (The Embarcadero),Pamela Falk,Sony Pictures Entertainment,The Wedding Planner,Adam Shankman
32 Napier Lane,Jack Finney,United Artists,Invasion of the Body Snatchers,Philip Kaufman
University Club,Rick Jaffa,Twentieth Century Fox,Dawn of the Planet of the Apes,Matt Reeves
Intersection of California at Polk,Gabriel Ferrari ,Walt Disney Studios Motion Pictures,Ant-Man,Peyton Reed
Laguna Honda Hospital,Kem Nunn,HULU,Chance- Season 1 ep103,Michael Lehmann
5th Ave @ Fulton Street in Golden Gate Park,Tom Brown,TBD,Pushing Dead,Tom Brown
1243 19th Street,Eric Lodal,Turner Network Television (TNT),"Murder in the First, Season 2",Steven Bochcho
Clay St. at Taylor,Allan Loeb,Warner Bros.,San Andreas,Brad Peyton
420 Jones St. at Ellis St.,Gabriel Ferrari,Walt Disney Studios Motion Pictures,Ant-Man,Peyton Reed
Duboce Park,Dustin Lance Black,Focus Features,Milk,Gus Van Sant
Heron @ Berwick (off 8th and Harrison St),Alexandra Cunningham,Hulu,Chance Season 2,Rozann Dawson
Marina Green (Marina District),Alan R. Trustman,Warner Brothers,Bullitt,Peter Yates
The Embarcadero,Harry Julian Fink,Warner Brothers,Dirty Harry,Don Siegel
"Olympic Flame CafÃ©, 555 Geary St",Luke Davies,Amazon Studios,Beautiful Boy,Felix van Groeningen
Powell St. from California St. to Sutter St.,Aaron Sorkin,Universal Pictures,Steve Jobs,Danny Boyle
1641 York Street,"Melissa Axelrod, T. C. Boyle (based on the book by)",Amazon,"Budding Prospects, Pilot",Terry Zwigoff
San Francisco Chronicle (901 Mission Street at 15th Street),Lina Wertmuller,Warner Bros. Pictures,A Night Full of Rain,Lina Wertmuller
"Willy's Barber shop, 3227 22nd Street",Michael Lannan,HBO,Looking Season 2 ep 210,Andrew Haigh
"Wells Fargo Bank (1 California Street, Financial District)",The Gordons,Columbia Pictures,Experiment in Terror,Blake Edwards
"South Park (Between 2nd and 3rd Streets, Brannan and Bryant Streets)",Mark Decena & Timothy Breitbach,Sundance Channel Home Entertainment,Dopamine,Mark Decena
Hancock School (940 Filbert Street),Randi Mayem Singer,Twentieth Century Fox Film Corporation,Mrs. Doubtfire,Chris Columbus
Lombard at Hyde,Gabriel Ferrari,Walt Disney Studios Motion Pictures,Ant-Man,Peyton Reed
Financial District,"Jeff Pinkner, Scott Rosenberg","Columbia Pictures, Sony Pictures Releasing",Venom,Ruben Fleischer
Pier 50- end of the pier,J. Mills Goodloe,,Age of Adaline,Lee Toland Krieger
"Hotel Metropolis, 25 Mason St","Joe Talbot, Jimmie Fails, Rob Richert",A43,The Last Black Man in San Francisco,Joe Talbot
Swedenborgian Church (2107 Lyon Street),Robbie Fox,TriStar Pictures,So I Married an Axe Murderer,Thomas Schlamme
Unitarian Church (1187 Franklin St.),Linda Demetrick,,"Smile Again, Jenny Lee",Carlo Caldana
Balmy Street (Mission District),Stirling Silliphant,Warner Bros. Pictures,The Enforcer,James Fargo
Potrero &San Bruno,Max Borenstein,Warner Bros. Pictures,Godzilla,Gareth Edwards
Mission Dolores Park (Mission District),Paul Yurick,Warner Bros. Pictures,Sweet November,Pat O'Connor
Washington between Stockton and Kearny,"J. Michael Straczynski, Wachowiski Siblings",Netflix,Sense8 - Season 2,Wachowski Siblings
Grant and Green St,"Armistead Maupin, Lauren Morelli, Hansol Jung, Marcus Gardley",Netflix,Tales of the City,"Alan Poul, Silas Howard, Stacie Passon"
Grant between California and Washington,Kay Cannon,Netflix,GirlBoss,"Jamie Babbit, Amanda Brotchie, Steven K. Tsuchida, Christian Ditter, John Riggi"
2230 Sacramento Street,Ernest Lehman,Universal Pictures,Family Plot,Alfred Hitchcock
Geary & 20th Ave,Melissa Rosenberg,American Broadcasting Company (ABC),Red Widow,Alon Aranya
,Lawrence Konner,Columbia Pictures,Mona Lisa Smile,Mike Newell
Conzelman Rd at McCollough Rd and down Conzelman Rd.,Gabriel Ferrari ,Walt Disney Studios Motion Pictures,Ant-Man,Peyton Reed
878-898 Chestnut St.,Kem Nunn,HULU,Chance- Season 1 ep103,Michael Lehmann
War Memorial Opera House (401 Van Ness Avenue),Colin Higgins,Paramount Pictures,Foul Play,Colin Higgins
"Lefty O' Doul Drawbridge/ 3rd Street Bridge (3rd Street, China Basin)",Stirling Silliphant,Warner Bros. Pictures,The Enforcer,James Fargo
Ferry Building,Anne Rice,Geffen Pictures,Interview With The Vampire,Neil Jordan
Jones @ Broadway,"Sarah Bellwood, Michal Lali Kagan, Michael McGowan Amital Stern, Jose Luis Sampedro",TBD,Etruscan Smile,Oded Binnun/ Michel Brezis
"St. Peter & Paul's Church (666 Filbert Street, Washington Square)",Garry Marshall,Buena Vista Pictures,The Other Sister,Garry Marshall
Vermont Street between 20th and 22nd Streets,John Milius,Warner Bros. Pictures,Magnum Force,Ted Post
Pier 45,Eric Lodal,Turner Network Television (TNT),"Murder in the First, Season 1",Steven Bochcho
San Francisco Bay,Kathryn Scola,Twentieth Century Fox Film Corporation,Alexander's Ragtime Band,Henry King
Intersection of Clay St. and Walter U Lum Plc,Aaron Sorkin,Universal Pictures,Steve Jobs,Danny Boyle
"Citizens Band, 1198 Folsom Street",Michael Lannan,HBO,Looking Season 2 ep 208,Andrew Haigh
Urban Flowers,Michael Lannan,Home Box Office (HBO),Looking,Andrew Haigh
Haight St at Ashbury St,Alexandra Cunningham,Hulu,Chance Season 2,Rozann Dawson
Sansome (Washington to Bush) Pine (Davis to Kearny) Bush: Kearny to Battery,Gabriele Muccino,9 Distribution,Summertime,Gabriele Muccino
"Fairmont Hotel (950 Mason Street, Nob Hill)",David Weisberg,Buena Vista Pictures,The Rock,Michael Bay
Mission Rock at 3rd St,"Zal Batmanglij, Brit Marling",Netflix,The OA Part II,Zal Batmanglij
253 4th Ave.,Alexandra Cunningham and Kem Nunn,HULU,Chance - Season 1 Pilot,Lenny Abrahamson
"Another CafÃ©, 1191 Pine St at Leavenworth",Stephen Levinson,HBO,Ballers Season 3,Julian Farino
Hall of Justice (850 Bryant Street),Eric Lodal,Turner Network Television (TNT),"Murder in the First, Season 1",Steven Bochcho
"Carnelian Room, Bank of America Building (555 California Street, 53rd Floor)",Joseph Howard,Buena Vista Pictures,Sister Act 2: Back in the Habit,Bill Duke
Fairmont Hotel - Penthouse Suite,"Michael Golamco, Randall Park, Ali Wong",Netflix,Always Be My Maybe,Nahnatchka Khan
1080 Natoma Street,Michael Lannan,HBO,"Looking ""Special""",Andrew Haigh
City Hall,Nicholas Kazan,Buena Vista Pictures,Bicentennial Man,Chris Columbus
M.H. de Young Memorial Museum (Golden Gate Park),Tom S. Parker,Metro-Goldwyn-Mayer (MGM),Getting Even with Dad,Howard Deutch
Lombard Street,Lenore J. Coffee,RKO Pictures,Sudden Fear,David Miller
Sound Factory (1st and Harrison Streets),Ann Biderman,Warner Bros. Pictures,Copycat,Jon Amiel
Golden Gate Park,Orson Welles,Columbia Pictures,The Lady from Shanghai,Orson Welles
Lands End Trail at Eagles Point/ Lincoln Park Golf Course,"Christopher Wilkinson, Stephen J. Rivele",Kylin Pictures,Birth of the Dragon,George Nolfi 
Octavia & Hayes Streets (Hayes Valley),Colin Higgins,Paramount Pictures,Foul Play,Colin Higgins
Polk and Northpoint St.,Marielle Heller,Sony Pictures Classics,The Diary of a Teenage Girl,Marielle Heller
Pier 50- end of the pier,J. Mills Goodloe,,Age of Adaline,Lee Toland Krieger
373 Columbus Avenue,Eric Lodal,Turner Network Television (TNT),"Murder in the First, Season 1",Steven Bochcho
770 Haight Street,Michael Lannan,HBO,Looking Season 2 ep 202,Andrew Haigh
Claire Lilienthal Elementary School,Noah Pritzker,,Quitters,Noah Pritzker
Port of San Francisco ,Richard Maibaum,MGM/UA Entertainment Company,A View to a Kill,John Glen
Powell from Bush and Sutter,Jason Katims,National Broadcasting Company,About a Boy,Mark J. Kunerth
700 Block of Jackson Street (Chinatown),Larry Ferguson,Paramount Pictures,The Presidio,Peter Hyams
"Philz Coffee, 1258 Minnesota Street",Michael Lannan,HBO,"Looking ""Special""",Andrew Haigh
2450 Harrison Street,Michael Lannan,HBO,Looking Season 2 ep 208,Andrew Haigh
Civic Center Plaza,Harry Julian Fink,Warner Bros. Pictures,Sudden Impact,Clint Eastwood
Construction Site in front of 260 Stockton St. at Post St.,James Cameron,Paramount Pictures,Terminator - Genisys,Alan Taylor
,Alan Jacobs,Columbia TriStar Home Video,Nina Takes a Lover,Alan Jacobs
Alamo Square,Chris Columbus,Twentieth Century Fox Film Corp.,Nine Months,Chris Columbus
225 California Street,"Sarah Bellwood, Michal Lali Kagan, Michael McGowan Amital Stern, Jose Luis Sampedro",TBD,Etruscan Smile,Oded Binnun/ Michel Brezis
3189 16th St,H.P. Mendoza,"ABS-CBN, Gravitas Ventures",Bitter Melon,H.P. Mendoza
Alioto Park,Rick Jaffa,Twentieth Century Fox,Dawn of the Planet of the Apes,Matt Reeves
Mason Street @ Vallejo ,"Sarah Bellwood, Michal Lali Kagan, Michael McGowan Amital Stern, Jose Luis Sampedro",TBD,Etruscan Smile,Oded Binnun/ Michel Brezis
New Taraval CafÃ© (1054 Taraval St.),Linda Demetrick,,"Smile Again, Jenny Lee",Carlo Caldana
"Castro Theatre, 429 Castro St.",Dustin Lance Black,Amercian Broadcasting Company,When We Rise,Gus Van Sant
Twin Peaks,Ann Biderman,Warner Bros. Pictures,Copycat,Jon Amiel
Roaring Twenties Nightclub (555 Broadway at Columbus),The Gordons,Columbia Pictures,Experiment in Terror,Blake Edwards
Hall of Justice (850 Bryant Street),John Milius,Warner Bros. Pictures,Magnum Force,Ted Post
"Postcard Row (Alamo Square, Hayes Valley)",Jack Finney,United Artists,Invasion of the Body Snatchers,Philip Kaufman
SFPD Headquarters - 3rd St,"Zal Batmanglij, Brit Marling",Netflix,The OA Part II,Zal Batmanglij
Twin Peaks Park,Michael Lannan,HBO,Looking Season 2 ep 210,Andrew Haigh
"West Chrissy Field (Presidio, Golden Gate National Recreation Area)",Larry Levin,Twentieth Century Fox Film Corp.,Dr. Dolittle 2,Steve Carr
Castro Street @ 18th street,Michael Lannan,HBO,Looking Season 2 ep 204,Andrew Haigh
"Fort Point (Presidio, Golden Gate National Recreation Area)",Larry Ferguson,Paramount Pictures,The Presidio,Peter Hyams
"Asian Art Museum (200 Larkin Street, Civic Center)",Colin Higgins,Paramount Pictures,Foul Play,Colin Higgins
"Fairmont Hotel (950 Mason Street, Nob Hill)",John Milius,Warner Bros. Pictures,Magnum Force,Ted Post
Greenwich St at Battery St,Linda Demetrick,,"Smile Again, Jenny Lee",Carlo Caldana
Mario's Bohemian Cigar Store (Washington Square),Lowell Ganz,MCA / Universal Pictures,Edtv,Ron Howard
"Harvey Milk Plaza, 17th and Castro",Dustin Lance Black,Amercian Broadcasting Company,When We Rise,Gus Van Sant
60 Leavenworth St.,Roxann Dawson,HULU,Chance - Season 1 ep105,Victoria Morrow
Lyon at Chestnut St.,Annie Wang,,Cardinal X,Annie Wang
800 Bay Street,Eric Lodal,Turner Network Television (TNT),"Murder in the First, Season 1",Steven Bochcho
Larkin & Francisco Streets (Russian Hill),Alan R. Trustman,Warner Brothers,Bullitt,Peter Yates
F Train,Justin Kelly,,I Am Michael,Justin Kelly
Powell St at Geary St,James Cameron,Paramount Pictures,Terminator - Genisys,Alan Taylor
Marine Fireman's Union Headquarters,Dustin Lance Black,Focus Features,Milk,Gus Van Sant
Hotel Majestic (1500 Sutter Street),Paul Yurick,Warner Bros. Pictures,Sweet November,Pat O'Connor
Geary St at Leavenworth St,"Jeff Pinkner, Scott Rosenberg","Columbia Pictures, Sony Pictures Releasing",Venom,Ruben Fleischer
"Steinhart Aquarium (California Academy of Sciences, Golden Gate Park)",Robert Kaufman,American Broadcasting Company (ABC),Freebie and the Bean,Richard Rush
3567 18th Street,Doris Fish,MCA/Universal Home Video,Vegas in Space,Phillip R. Ford
Ida B. Wells High School (1099 Hayes Street),Eric Lodal,Turner Network Television (TNT),"Murder in the First, Season 1",Steven Bochcho
Duboce between Buena Vista East and Alpine St,Alexandra Cunningham,Hulu,Chance Season 2,Rozann Dawson
314 11th Street,Michael Lannan,HBO,Looking Season 2 ep 202,Andrew Haigh
"Stage Work, 47 Julian St.",Allan Loeb ,Warner Bros.,San Andreas,Brad Peyton
Embarcadero Street at Washington Street,Eric Lodal,Turner Network Television (TNT),"Murder in the First, Season 2",Steven Bochcho
Washington Square Park (North Beach),Steve Cohen,New Line Cinema,The Bachelor,Gary Sinyor
San Francisco Public Library Main Branch (100 Larkin Street),Dana Stevens,Warner Bros. Pictures,City of Angels,Brad Silberling
"Tiburon Hiking Trail, Tiburon, CA",Michael Lannan,Home Box Office (HBO),Looking,Andrew Haigh
Alamo Square,Gabriele Muccino,7 Distribution,Summertime,Gabriele Muccino
Red's Java House (Pier 30),Eric Lodal,Turner Network Television (TNT),"Murder in the First, Season 3",Steven Bochcho
Larkin & Chestnut Streets (Russian Hill),Alan R. Trustman,Warner Brothers,Bullitt,Peter Yates
Golden Gate & Steiner Streets (Hayes Valley),Colin Higgins,Paramount Pictures,Foul Play,Colin Higgins
Under Highway 101 (near Potrero and Cesar Chavez Streets),Doris Fish,MCA/Universal Home Video,Vegas in Space,Phillip R. Ford
82 & 67 Rico Way (Marina District),Ann Biderman,Warner Bros. Pictures,Copycat,Jon Amiel
Market and Noe St,"Armistead Maupin, Lauren Morelli, Hansol Jung, Marcus Gardley",Netflix,Tales of the City,"Alan Poul, Silas Howard, Stacie Passon"
Coit Tower,Joseph Howard,Buena Vista Pictures,Sister Act 2: Back in the Habit,Bill Duke
516 Green Street,Randi Mayem Singer,Twentieth Century Fox Film Corporation,Mrs. Doubtfire,Chris Columbus
Bay Bridge,John Brancato,Polygram Filmed Entertainment,The Game,David Fincher
War Memorial Building (401 Van Ness Avenue),Tom S. Parker,Metro-Goldwyn-Mayer (MGM),Getting Even with Dad,Howard Deutch
"Fiesta Laundromat (898 S. Van Ness Ave., Mission)",Colin Higgins,Paramount Pictures,Foul Play,Colin Higgins
Firestation #3 (Brazil Avenue and Athens Street),Gina Wendkos,Buena Vista Pictures,The Princess Diaries,Garry Marshall
California & Larkin Streets (Nob Hill),Colin Higgins,Paramount Pictures,Foul Play,Colin Higgins
United Nations Plaza (Civic Center),Kevin Wade,Universal Pictures,Junior,Ivan Reitman
Clay St. at Sansome,Linda Demetrick,,"Smile Again, Jenny Lee",Carlo Caldana
Fort Mason (Golden Gate National Recreation Area),Colin Higgins,Paramount Pictures,Foul Play,Colin Higgins
21st St & Sanchez,Noah Pritzker,,Quitters,Noah Pritzker
Palace of Fine Arts,Scott Alexander,Weinstein Company,Big Eyes,Tim Burton
Stockton Tunnel (Stockton Street at Sutter Street),Steve Cohen,New Line Cinema,The Bachelor,Gary Sinyor
Muni line N- Judah,Michael Lannan,Home Box Office (HBO),Looking,Andrew Haigh
Battery Street (The Embarcadero),Larry Ferguson,Paramount Pictures,The Presidio,Peter Hyams
140 Maiden Lane,Tom S. Parker,Metro-Goldwyn-Mayer (MGM),Getting Even with Dad,Howard Deutch
"Cordova Market, 301 Rolph Street, San Francisco",Tom Brown,TBD,Pushing Dead,Tom Brown
S. Van Ness,The Wachowskis,Netflix,Sense8,The Wachowskis
"On Board the SS President Cleveland, docked at Pier 50",Jay Presson Allen,Universal Pictures,Marnie,Alfred Hitchcock
Edinburgh Castle (950 Geary Street),Robbie Fox,TriStar Pictures,So I Married an Axe Murderer,Thomas Schlamme
City Hall,Dustin Lance Black,Amercian Broadcasting Company,When We Rise,Gus Van Sant
California Street Hill btwn Jones and Larkin,"Joe Talbot, Jimmie Fails, Rob Richert",A49,The Last Black Man in San Francisco,Joe Talbot
"Cliffhouse, 1090 Point Lobos Ave.",Dan Attias,HULU,Chance- Season 1 ep109,Sara Gran and Pete Begler
Moose's Restaurant (1652 Stockton),Steve Cohen,New Line Cinema,The Bachelor,Gary Sinyor
"Li Po Lounge, 916 Grant Avenue",Michael Lannan,HBO,"Looking ""Special""",Andrew Haigh
"722 Steiner Street (Postcard Row, Alamo Square, Hayes Valley)",Patricia Resnick,Orion Pictures Corporation,Maxie,Paul Aaron
Golden Gate Bridge,Albert Brooks,Paramount Pictures,Mother,Albert Brooks
"Huntington Park (California & Taylor Streets, Nob Hill)",Stephen Levinson,HBO,Ballers Season 3,Julian Farino
Mission Inn (5630 Mission St),Linda Demetrick,,"Smile Again, Jenny Lee",Carlo Caldana
,Hassan Zee,Illuminare Entertainment,Night of Henna,Hassan Zee
"Fairmont Hotel (950 Mason Street, Nob Hill)",Linda Demetrick,,"Smile Again, Jenny Lee",Carlo Caldana
Hall of Justice (850 Bryant Street),Joe Eszterhas,Paramount Pictures,Jade,William Friedkin
Linden Alley between Octavia and Gough Streets,Eric Lodal,Turner Network Television (TNT),"Murder in the First, Season 3",Steven Bochcho
Financial District,Daniel Pyne,Twentieth Century Fox Film Corporation,Pacific Heights,John Schlesinger
Sutter Street between Powell and Mason,William Rose,Columbia Pictures,Guess Who's Coming to Dinner,Stanley Kramer
"Presidio, Golden Gate National Recreation Area",Robert Berger,Warner Bros. Pictures,Final Analysis,Phil Joanou
The Embarcadero/Ferry Building,Harry Julian Fink,Warner Bros. Pictures,Sudden Impact,Clint Eastwood
Leavenworth at Green,"Christopher Wilkinson, Stephen J. Rivele",Kylin Pictures,Birth of the Dragon,George Nolfi 
"McCovey Point, China Basin Park (24 Willy Mays Plaza)",Sarah Thorp,Paramount Pictures,Twisted,Philip Kaufman
Washington Square,Allan Loeb,Warner Bros.,San Andreas,Brad Peyton
Market St. overpass,The Wachowskis,Netflix,Sense8,The Wachowskis
1400 16th Street,Eric Lodal,Turner Network Television (TNT),"Murder in the First, Season 2",Steven Bochcho
Castro Street between 17th & 18th,Michael Lannan,HBO,"Looking ""Special""",Andrew Haigh
2934 24th St.,Woody Allen,Sony Pictures Classics,Blue Jasmine,Woody Allen
San Francisco Zoo (2701 Sloat Blvd.),Calder Willingham,Embassy Pictures Corporation,The Graduate,Mike Nichols
California Cable Car Line,"Michael Golamco, Randall Park, Ali Wong",Netflix,Always Be My Maybe,Nahnatchka Khan
San Francisco City Hall,Michael Lannan,HBO,"Looking ""Special""",Andrew Haigh
Coit Tower,The Drews,Dimension Films,Boys and Girls,Robert Iscove
"Vallejo St. Garage, 766 Vallejo St.",Allan Loeb ,Warner Bros.,San Andreas,Brad Peyton
"Warren's Antiques, 375 9th St.",Alexandra Cunningham,HULU,Chance- Season 1 ep102,Lenny Abrahamson
801 Innes Ave,"Joe Talbot, Jimmie Fails, Rob Richert",A27,The Last Black Man in San Francisco,Joe Talbot
Red's Java House (Pier 30),Eric Lodal,Turner Network Television (TNT),"Murder in the First, Season 3",Steven Bochcho
United Nations Plaza (Civic Center),Karl Alexander,Columbia Broadcasting System (CBS),Time After Time,Nicholas Meyer
634 Raycliff Terrace,William Rose,Columbia Pictures,Guess Who's Coming to Dinner,Stanley Kramer
"Sunset Super, 2425 Irving St","Joe Talbot, Jimmie Fails, Rob Richert",A54,The Last Black Man in San Francisco,Joe Talbot
Stockton & Clay St,Max Borenstein,Warner Bros. Pictures,Godzilla,Gareth Edwards
San Francisco International Airport,Terrel Seltzer,Orion Classics,Dim Sum: A Little Bit of Heart,Wayne Wang
"Near Point Lobos, El Camino Del Mar ",Harry Julian Fink,Warner Bros. Pictures,Sudden Impact,Clint Eastwood
"Carnelian Room, Bank of America Building (555 California Street, 53rd Floor)",Joseph Howard,Buena Vista Pictures,Sister Act 2: Back in the Habit,Bill Duke
"Royan Hotel (405 Valencia Street, Mission District)",Harriet Dodge & Silas Howard,Artistic License,By Hook or By Crook,Harriet Dodge & Silas Howard
Haight between Central and Ashbury St,Alexandra Cunningham,Hulu,Chance Season 2,Rozann Dawson
Chestnut St. from Larkin to Columbus,Steven Lilien,Warner Bros. Television,Alcatraz,J.J. Abrams
"Mad Dog Bar, 530 Haight Street",Michael Lannan,HBO,Looking Season 2 ep 203,Andrew Haigh
Hyde St at Pacific to Washington St,"Zal Batmanglij, Brit Marling",Netflix,The OA Part II,Zal Batmanglij
City Hall,"Umarji Anuradha, Jayendra, Aarthi Sriram, & Suba ",,180,Jayendra
Chrissy Field,Chris Columbus,Twentieth Century Fox Film Corp.,Nine Months,Chris Columbus
Washington Square Bar & Grill (1707 Powell),John Byrum,Orion Pictures Corporation,Heart Beat,John Byrum
United Nations Plaza,Dustin Lance Black,Amercian Broadcasting Company,When We Rise,Gus Van Sant
San Francisco Drydock (20th and Illinois Streets),Harry Julian Fink,Warner Brothers,Dirty Harry,Don Siegel
Casa Lucas Market at 2934 24th St,Michael Lannan,Home Box Office (HBO),Looking,Andrew Haigh
California at Larkin,James Cameron,Paramount Pictures,Terminator - Genisys,Alan Taylor
Ellis and Jones St.,Alexandra Cunningham and Kem Nunn,HULU,Chance - Season 1 Pilot,Lenny Abrahamson
Mission San Juan Bautista (2nd & Mariposa Streets),Alec Coppel,Paramount Pictures,Vertigo,Alfred Hitchcock
Texas St at 19th St,"Ling-Hui Chen, Nancy Chen, Chih-Chi Fan, Chia-Hui Lin",Netflix,A Taiwanese Tale of Two Cities,Tien-Lun Yeh
Surf Theater (4520 Irving Street),Woody Allen,Paramount Pictures,"Play it Again, Sam",Herbert Ross
Grant between Sacramento and Jack Kerouac Alley,"J. Michael Straczynski, Wachowiski Siblings",Netflix,Sense8 - Season 2,Wachowski Siblings
"The Castro Theater, 429 Castro St.","J. Michael Straczynski, Wachowiski Siblings",Netflix,Sense8 - Season 2,Wachowski Siblings
745 Treat Ave.,Michael Lannan,HBO,Looking Season 2 ep 206,Andrew Haigh
100 Alemany Blvd.,Annie Wang,,Cardinal X,Annie Wang
Sheraton Palace Hotel (639 Market Street),Joe Eszterhas,Paramount Pictures,Jade,William Friedkin
Broderick from Fulton to McAlister,Jason Katims,National Broadcasting Company,About a Boy,Mark J. Kunerth
Pier 39 (Fisherman's Wharf),Sheila Burnford,Buena Vista Pictures,Homeward Bound II: Lost in San Francisco,David R. Ellis
157 Commonwealth,Michael Lehmann,HULU,Chance- Season 1 ep107,Alexandra Cunningham and Kem Nunn
24 Hill St.,Noah Pritzker,,Quitters,Noah Pritzker
2700 Vallejo Street (Pacific Heights),Samuel A. Taylor,Parmaount Pictures,Pleasure of His Company,George Seaton
"Treasure Island, Building #1, Ave of the Palms",Gabriel Ferrari,Walt Disney Studios Motion Pictures,Ant-Man,Peyton Reed
Cybelle's Pizza (1000 Bush Street),Ronald Bass,Buena Vista Pictures,When a Man Loves a Woman,Luis Mandoki
Pierce Street between Pacific & Green Streets,Chris Columbus,Twentieth Century Fox Film Corp.,Nine Months,Chris Columbus
1155 Filbert Street at Hyde,Harold Ramis,Twentieth Century Fox Film Corp.,Bedazzled,Harold Ramis
Willy's Barber Shop,Michael Lannan,Home Box Office (HBO),Looking,Andrew Haigh
Delores Park,Michael Lannan,HBO,Looking Season 2 ep 207,Andrew Haigh
710 Steiner Street (Hayes Valley),Harry Julian Fink,Warner Bros. Pictures,The Dead Pool,Buddy Van Horn
Hayes & Polk Streets (Civic Center),Larry Ferguson,Paramount Pictures,The Presidio,Peter Hyams
"Another CafÃ©, 1191 Pine St at Leavenworth",Stephen Levinson,HBO,Ballers Season 3,Julian Farino
"Atlas CafÃ©, 3049 20th St.",The Wachowskis,Netflix,Sense8,The Wachowskis
Larkin & Hyde Streets,Nat Mauldin,Twentieth Century Fox Film Cooperation,Doctor Dolittle,Betty Thomas
Cameron House (920 Sacramento Street),Eric Lodal,Turner Network Television (TNT),"Murder in the First, Season 1",Steven Bochcho
Geary & 27th Ave,Melissa Rosenberg,American Broadcasting Company (ABC),Red Widow,Alon Aranya
Mission St and 5th St,Aaron Sorkin,Universal Pictures,Steve Jobs,Danny Boyle
City Hall,Jack Finney,United Artists,Invasion of the Body Snatchers,Philip Kaufman
301 Howard Street,John Brancato,Polygram Filmed Entertainment,The Game,David Fincher
Coi Restaurant (373 Broadway),Zachary Shedd,,Americana,Zachary Shedd
"State Garage, 818 Leavenworth",Roxann Dawson,HULU,Chance - Season 1 ep105,Victoria Morrow
60 Leavenworth St.,Kem Nunn,HULU,Chance- Season 1 ep103,Michael Lehmann
"Fiesta Laundromat (898 S. Van Ness Ave., Mission)",Colin Higgins,Paramount Pictures,Foul Play,Colin Higgins
23rd & Capp Streets (Mission District),Stirling Silliphant,Warner Bros. Pictures,The Enforcer,James Fargo
Bush Street at Jones,Randy Feldman,Buena Vista Pictures,Metro,Thomas Carter
War Memorial Opera House (401 Van Ness Avenue),Tomas Gislason,Electric Parc,Heart and Souls,Tomas Gislason
"Postcard Row (Alamo Square, Hayes Valley)",Roland Joffe,Paramount Pictures,Fat Man and Little Boy,Roland Joffe
Rocco's Corner (Columbus Street),Robbie Fox,TriStar Pictures,So I Married an Axe Murderer,Thomas Schlamme
Golden Gate Bridge,John Milius,Warner Bros. Pictures,Magnum Force,Ted Post
City Hall,Anita Loos,Metro-Goldwyn Mayer,San Francisco,W.S. Van Dyke
Heron @ Berwick (off 8th and Harrison St),Alexandra Cunningham,Hulu,Chance Season 2,Rozann Dawson
"Japanese Tea Garden (Hagiwara Tea Garden Drive, Golden Gate Park)",Joe Eszterhas,Paramount Pictures,Jade,William Friedkin
"Encore Karaoke, 1550 California Street",Michael Lannan,HBO,"Looking ""Special""",Andrew Haigh
Brocklebank Apartments (1000 Mason Street),Lenore J. Coffee,RKO Pictures,Sudden Fear,David Miller
Bush Street (between Grant & Kearny Streets),David Henry Hwang,The Samuel Goldwyn Company,Golden Gate,John Madden
2898 Broadway,Woody Allen,Sony Pictures Classics,Blue Jasmine,Woody Allen
New Asia Restaurant (772 Pacific Avenue at Grant),Harry Julian Fink,Warner Bros. Pictures,The Dead Pool,Buddy Van Horn
Yerba Buena Gardens,Noah Pritzker,,Quitters,Noah Pritzker
Montgomery between Pacific and Broadway,Dan Attias,HULU,Chance- Season 1 ep106,Sara Gran
770 Haight Street,Michael Lannan,HBO,Looking Season 2 ep 202,Andrew Haigh
"Mario's CafÃ©, 566 Columbus",Alexandra Cunningham and Kem Nunn,HULU,Chance - Season 1 Pilot,Lenny Abrahamson
2007 Franklin Street,"Melissa Axelrod, T. C. Boyle (based on the book by)",Amazon ,"Budding Prospects, Pilot",Terry Zwigoff
Tenderloin Neighborhood,Luke Davies,Amazon Studios,Beautiful Boy,Felix van Groeningen
"St. Peter & Paul's Church (666 Filbert Street, Washington Square)",Tom S. Parker,Metro-Goldwyn-Mayer (MGM),Getting Even with Dad,Howard Deutch
"Fairmont Hotel (950 Mason Street, Nob Hill)",Ernest Lehman,Universal Pictures,Family Plot,Alfred Hitchcock
42 Walter Street,Tom Brown,TBD,Pushing Dead,Tom Brown
The Ramp Restaurant,Woody Allen,Sony Pictures Classics,Blue Jasmine,Woody Allen
1890 Clay Street,Michael Lannan,HBO,Looking Season 2 ep 209,Andrew Haigh
2340 Francisco Street,Karl Alexander,Columbia Broadcasting System (CBS),Time After Time,Nicholas Meyer
"Postcard Row, Alamo Square, Hayes Valley",Nicholas Kazan,Buena Vista Pictures,Bicentennial Man,Chris Columbus
Jackson St. at Spruce,Zachary Shedd,,Americana,Zachary Shedd
Palace of Fine Arts (3301 Lyon Street),Eric Roth,Paramount Pictures,Forrest Gump,Robert Zemeckis
1958 Valencia St.,Michael Lehmann,HULU,Chance- Season 1 ep107,Alexandra Cunningham and Kem Nunn
"Women's Building, 3543 18th St.",Dustin Lance Black,Amercian Broadcasting Company,When We Rise,Gus Van Sant
,Alexander Bulkley & Kelley Bulkeley,THINKFilm,The Zodiac,Alexander Bulkley
Hyde Street & Lombard Street,Larry Levin,Twentieth Century Fox Film Corp.,Dr. Dolittle 2,Steve Carr
"American Can Company (Between Illinois & Kentucky, 20th and 22nd Streets)",Philip Kaufman,The Ladd Company,The Right Stuff,Philip Kaufman
200 Block of Sansome Street (Financial District),Larry Ferguson,Paramount Pictures,The Presidio,Peter Hyams
Oasis Nightclub (298 11th St),Gabriele Muccino,2 Distribution,Summertime,Gabriele Muccino
19th and Kansas St.,Tom Lazarus,Metro-Goldwyn Mayer Distributing,Stigmata,Rupert Wainwright
2810 Pacific Avenue,Tomas Gislason,Electric Parc,Heart and Souls,Tomas Gislason
Palace of Fine Arts,Anthony E. Zuiker,Columbia Broadcasting System,CSI: NY- episode 903,Vikki Williams
One Thousand Powell Apartments (1000 Powell Street),Harry Julian Fink,Warner Bros. Pictures,The Dead Pool,Buddy Van Horn
722 Steiner Street,Kevin Wade,Universal Pictures,Junior,Ivan Reitman
Yerba Buena Center for the Arts,Joe Eszterhas,TriStar Pictures,Basic Instinct,Paul Verhoeven
Montgomery and Vallejo,"Armistead Maupin, Lauren Morelli, Hansol Jung, Marcus Gardley",Netflix,Tales of the City,"Alan Poul, Silas Howard, Stacie Passon"
"Washington Square, North Beach",Harry Julian Fink,Warner Brothers,Dirty Harry,Don Siegel
Alcatraz Island,Guy Trosper,United Artists,Birdman of Alcatraz,John Frankenheimer
"Mt. Davidson Cross, Mt. Davidson",Harry Julian Fink,Warner Brothers,Dirty Harry,Don Siegel
819 Mason Street at Pine,Norman Foster,Universal Pictures,Woman on the Run,Norman Foster
Palace of Fine Arts: 3306 Lyon St.,The Wachowskis,Netflix,Sense8,The Wachowskis
1138 Filbert Street,Lowell Ganz,MCA / Universal Pictures,Edtv,Ron Howard
Cliff House (1090 Point Lobos Avenue),Eric von Stroheim,Metro-Goldwyn-Mayer (MGM),Greed,Eric von Stroheim
534 Hyde Street,Michael Lannan,HBO,Looking Season 2 ep 205,Andrew Haigh
Starbucks at 333 O'Farrell St.,Michael Lannan,Home Box Office (HBO),Looking,Andrew Haigh
Bay Bridge,Dustin Lance Black,Amercian Broadcasting Company,When We Rise,Gus Van Sant
Columbus Avenue at Green & Stockton,Steve Cohen,New Line Cinema,The Bachelor,Gary Sinyor
"Li Po Lounge, 916 Grant Avenue",Michael Lannan,HBO,"Looking ""Special""",Andrew Haigh
Market & Steuart Streets (Financial District),Russell Rouse,United Artists,D.O.A,Rudolph Mate
Green St. & Grant Ave.,Scott Alexander,Weinstein Company,Big Eyes,Tim Burton
Belli Building (722 Montgomery Street at Washington),Chris Columbus,Twentieth Century Fox Film Corp.,Nine Months,Chris Columbus
1627 Haight Street,Joseph Loeb III,Warner Bros. Pictures,Burglar,Hugh Wilson
Castle between Union and Green,"J. Michael Straczynski, Wachowiski Siblings",Netflix,Sense8 - Season 2,Wachowski Siblings
1246 Folsom Street,Michael Lannan,HBO,Looking Season 2 ep 209,Andrew Haigh
Columbus and Green,Greg Daniels,"NBC Universal Media, LLC",Parks and Recreation,Dean Holland
,Lowell Ganz,Columbia Broadcasting System,Fathers' Day,Ivan Reitman
Mission Creek Harbor along Channel St.,"J. Michael Straczynski, Wachowiski Siblings",Netflix,Sense8 - Season 2,Wachowski Siblings
Marina Green,Woody Allen,Sony Pictures Classics,Blue Jasmine,Woody Allen
745 Treat Ave.,Michael Lannan,HBO,Looking Season 2 ep 206,Andrew Haigh
Palace of Fine Arts (3301 Lyon Street),"Michael Golamco, Randall Park, Ali Wong",Netflix,Always Be My Maybe,Nahnatchka Khan
Pier 33 (Embarcadero),Jack Finney,United Artists,Invasion of the Body Snatchers,Philip Kaufman
The Tamalpais Building (1201 Greenwich Street at Hyde),Lenore J. Coffee,RKO Pictures,Sudden Fear,David Miller
"Ellis Food Center, 398 Ellis",Alexandra Cunningham and Kem Nunn,HULU,Chance - Season 1 Pilot,Lenny Abrahamson
Broadway and Columbus Avenue (North Beach),Robert Kaufman,American Broadcasting Company (ABC),Freebie and the Bean,Richard Rush
Palace of Fine Arts: 3306 Lyon St.,The Wachowskis,Netflix,Sense8,The Wachowskis
Grace Cathedral Episcopal Church (1100 California Street),Stirling Silliphant,Twentieth Century - Fox,The Towering Inferno,John Guillermin
Eros,Michael Lannan,Home Box Office (HBO),Looking,Andrew Haigh
Embarcadero & Washington,Max Borenstein,Warner Bros. Pictures,Godzilla,Gareth Edwards
Filbert between Grant and Kearny,Kay Cannon,Netflix,GirlBoss,"Jamie Babbit, Amanda Brotchie, Steven K. Tsuchida, Christian Ditter, John Riggi"
100 St. Germain Avenue,The Gordons,Columbia Pictures,Experiment in Terror,Blake Edwards
200 Post St.,Woody Allen,Sony Pictures Classics,Blue Jasmine,Woody Allen
Chinatown,Daniel Pyne,Twentieth Century Fox Film Corporation,Pacific Heights,John Schlesinger
"Urban Flowers, 4029 18th Street",Michael Lannan,HBO,Looking Season 2 ep 204,Andrew Haigh
Joice Street at Clay Street,Eric Lodal,Turner Network Television (TNT),"Murder in the First, Season 1",Steven Bochcho
Grace Cathedral Episcopal Church (1100 California Street),Patricia Resnick,Orion Pictures Corporation,Maxie,Paul Aaron
City Hall,John Milius,Warner Bros. Pictures,Magnum Force,Ted Post
Duboce Park,Gabriele Muccino,13 Distribution,Summertime,Gabriele Muccino
Folsom,The Wachowskis,Netflix,Sense8,The Wachowskis
1055 Montgomery St.,Alexandra Cunningham and Kem Nunn,HULU,Chance - Season 1 Pilot,Lenny Abrahamson
Caffe Trieste,Scott Alexander,Weinstein Company,Big Eyes,Tim Burton
200 block Market Street,"Umarji Anuradha, Jayendra, Aarthi Sriram, & Suba",,180,Jayendra
California at Mason,"Christopher Wilkinson, Stephen J. Rivele",Kylin Pictures,Birth of the Dragon,George Nolfi 
Valencia St. from 16th to 17th,Michael Lannan,Home Box Office (HBO),Looking,Andrew Haigh
"Lefty O' Doul Drawbridge/ 3rd Street Bridge (3rd Street, China Basin)",Richard Maibaum,MGM/UA Entertainment Company,A View to a Kill,John Glen
,Martin Jay Sadoff,Evel Videos,The Last of the Gladiators,Martin Jay Sadoff
Crissy Field,Jason Katims,National Broadcasting Company,About a Boy,Mark J. Kunerth
Punjab,Michael Lannan,Home Box Office (HBO),Looking,Andrew Haigh
Bix Restaurant (56 Gold Street),Carolyn Shelby,Twentieth Century Fox Film Corp.,Class Action,Michael Apted
Ross Alley (Chinatown),David Henry Hwang,The Samuel Goldwyn Company,Golden Gate,John Madden
"Royan Hotel (405 Valencia Street, Mission District)",Harriet Dodge & Silas Howard,Artistic License,By Hook or By Crook,Harriet Dodge & Silas Howard
Pleasant Street at Taylor,Pamela Falk,Sony Pictures Entertainment,The Wedding Planner,Adam Shankman
375 Castro St. and 17th between Castro and Diamond St.,The Wachowskis,Netflix,Sense8,The Wachowskis
Pier 24,Sarah Thorp,Paramount Pictures,Twisted,Philip Kaufman
600 Octavia Street,Eric Lodal,Turner Network Television (TNT),"Murder in the First, Season 3",Steven Bochcho
,Jay Richard Kennedy,Columbia Pictures,To the Ends of the Earth,Robert Stevenson
Folsom Street (SOMA),Robert Kaufman,American Broadcasting Company (ABC),Freebie and the Bean,Richard Rush
21st St & Sanchez,Noah Pritzker,,Quitters,Noah Pritzker
North Beach,Steve Meerson,Paramount Pictures,Star Trek IV: The Voyage Home,Leonard Nimoy
"Fort Point (Presidio, Golden Gate National Recreation Area)",Alec Coppel,Paramount Pictures,Vertigo,Alfred Hitchcock
Montgomery & Pine Streets (Financial District),Colin Higgins,Paramount Pictures,Foul Play,Colin Higgins
California & Davis St,Max Borenstein,Warner Bros. Pictures,Godzilla,Gareth Edwards
Bush St at Mason St,Chris McKenna,Walt Disney Studios Motion Pictures,Ant-Man and the Wasp,Peyton Reed
Pier 43 1/2,Lawrence B. Marcus,Warner Brothers / Seven Arts,Petulia,Richard Lester
The Castro,Jeffrey Friedman,Direct Cinema Limited,Common Threads: Stories From the Quilt,Rob Epstein
Divisadero between Broadway and Greenwich,Luke Davies,Amazon Studios,Beautiful Boy,Felix van Groeningen
Market Street,Elick Moll,Twentieth Century Fox Film Corp.,The House on Telegraph Hill,Robert Wise
First Bank (550 Montgomery Street at Commercial),Jay Ward,Buena Vista Pictures,George of the Jungle,Sam Weisman
New Russian Hill Market (1198 Pacific Avenue at Jones),David Weisberg,Buena Vista Pictures,The Rock,Michael Bay
"Bentley Reserve, 301 Battery Street","Sarah Bellwood, Michal Lali Kagan, Michael McGowan Amital Stern, Jose Luis Sampedro",TBD,Etruscan Smile,Oded Binnun/ Michel Brezis
Curran Theater (445 Geary Street),Joseph L. Mankiewicz,Twentieth Century Fox Film Corp.,All About Eve,Joseph L. Mankiewicz
,Tim Herlihy,Universal Pictures,Happy Gilmore,Dennis Dugan
Dolores Park,"Armistead Maupin, Lauren Morelli, Hansol Jung, Marcus Gardley",Netflix,Tales of the City,"Alan Poul, Silas Howard, Stacie Passon"
1246 Folsom Street,Michael Lannan,HBO,Looking Season 2 ep 202,Andrew Haigh
Hyatt Regency Hotel (5 Embarcadero Center),Robert Kaufman,American Broadcasting Company (ABC),Freebie and the Bean,Richard Rush
"Neiman Marcus (150 Stockton Street, Union Square)",Francis Ford Coppola,Paramount Pictures,The Conversation,Francis Ford Coppola
3650 21st Street,Michael Lannan,HBO,Looking Season 2 ep 204,Andrew Haigh
4704 3rd St,"Joe Talbot, Jimmie Fails, Rob Richert",A34,The Last Black Man in San Francisco,Joe Talbot
Bay Bridge,Finn Taylor & Jeffrey Brown,Sony Pictures Classics,Dream with the Fishes,Finn Taylor
2633 Vallejo Street,Eric Lodal,Turner Network Television (TNT),"Murder in the First, Season 3",Steven Bochcho
Broadway and Taylor St Intersection,Gabriele Muccino,3 Distribution,Summertime,Gabriele Muccino
The Fairmont,Michael Lannan,Home Box Office (HBO),Looking,Andrew Haigh
Market/Portola btwn O'Shaughnessy and Castro,"Joe Talbot, Jimmie Fails, Rob Richert",A36,The Last Black Man in San Francisco,Joe Talbot
"Laguna Honda Hospital, 375 Laguna Honda Blvd.","Sarah Bellwood, Michal Lali Kagan, Michael McGowan Amital Stern, Jose Luis Sampedro",TBD,Etruscan Smile,Oded Binnun/ Michel Brezis
Ferry Building,Alan Jacobs,First Look International,Just One Night,Alan Jacobs
"St Regis Hotel, 125 3rd Street","Sarah Bellwood, Michal Lali Kagan, Michael McGowan Amital Stern, Jose Luis Sampedro",TBD,Etruscan Smile,Oded Binnun/ Michel Brezis
Sansome (Washington to Bush) Pine (Davis to Kearny) Bush: Kearny to Battery,Gabriele Muccino,9 Distribution,Summertime,Gabriele Muccino
Bush and Sutter Streets,Eric von Stroheim ,Metro-Goldwyn-Mayer (MGM),Greed,Eric von Stroheim 
Administration Building (Treasure Island),Nancy Meyers,Buena Vista Pictures,The Parent Trap,Nancy Meyers
"Fairmont Hotel (950 Mason Street, Nob Hill)",Ivan Goff,Universal Pictures,Midnight Lace,David Miller
Grace Cathedral Episcopal Church (1100 California Street),Stirling Silliphant,Twentieth Century - Fox,The Towering Inferno,John Guillermin
68 Dublin St,H.P. Mendoza,"ABS-CBN, Gravitas Ventures",Bitter Melon,H.P. Mendoza
724 Brazil Avenue,Gina Wendkos,Buena Vista Pictures,The Princess Diaries,Garry Marshall
Star's CafÃ© (55 Golden Gate Avenue at Van Ness),Chris Columbus,Twentieth Century Fox Film Corp.,Nine Months,Chris Columbus
,Mary Agnes Donoghue,Columbia Broadcasting System,Beaches,Garry Marshall
100 Church Street,Michael Lannan,HBO,Looking Season 2 ep 202,Andrew Haigh
"Spreckels Mansion (2080 Washington Street, Pacific Heights)",Dorothy Kingsley,Columbia Pictures,Pal Joey,George Sidney
Chinatown (Stockton @ Jackson & Jackson toward Grant,Gabriele Muccino,10 Distribution,Summertime,Gabriele Muccino
Golden Gate Bridge,Joseph Fields,Universal Pictures,Flower Drum Song,Henry Koster
Baker Beach,Tiffanie DeBartolo,Columbia TriStar Home Video,Dream for an Insomniac,Tiffanie DeBartolo
430 Vallejo Street (Telegraph Hill),Colin Higgins,Paramount Pictures,Foul Play,Colin Higgins
"Balboa pool Lot, San Jose Avenue & Havelock St",Michael Lannan,HBO,Looking Season 2 ep 203,Andrew Haigh
Christopher's Books (1400 18th Street),Paul Yurick,Warner Bros. Pictures,Sweet November,Pat O'Connor
387 Fair Oaks at 25th Street,Finn Taylor,Fine Line Features,Cherish,Finn Taylor
"Ford's Grocery Store, 1496 Oakdale Ave","Joe Talbot, Jimmie Fails, Rob Richert",A42,The Last Black Man in San Francisco,Joe Talbot
Ivy Street between Laguna and Gough Streets,Eric Lodal,Turner Network Television (TNT),"Murder in the First, Season 3",Steven Bochcho
"Sacramento St., Between Pierce & Broderick Streets",Larry Levin,Twentieth Century Fox Film Corp.,Dr. Dolittle 2,Steve Carr
1890 Clay Street,Michael Lannan,HBO,Looking Season 2 ep 206,Andrew Haigh
Hunters Point,George Worthing Yates,Columbia Pictures,It Came From Beneath the Sea,Robert Gordon
Jones @ Broadway,"Sarah Bellwood, Michal Lali Kagan, Michael McGowan Amital Stern, Jose Luis Sampedro",TBD,Etruscan Smile,Oded Binnun/ Michel Brezis
500 Grove Street,Eric Lodal,Turner Network Television (TNT),"Murder in the First, Season 3",Steven Bochcho
Bush Street (between Grant & Kearny Streets),David Henry Hwang,The Samuel Goldwyn Company,Golden Gate,John Madden
Golden Gate Park,Michael Lannan,Home Box Office (HBO),Looking,Andrew Haigh
La Bodega (1332 Grant Avenue at Vallejo),Sarah Thorp,Paramount Pictures,Twisted,Philip Kaufman
Battery Spencer,Allan Loeb,Warner Bros.,San Andreas,Brad Peyton
Grant Avenue between Sacramento and Washington,Michael Lannan,HBO,"Looking ""Special""",Andrew Haigh
Treasure Island,Steve Oedekerk,Universal Pictures,Patch Adams,Tom Shadyac
Financial District,Philip Kaufman,The Ladd Company,The Right Stuff,Philip Kaufman
Varennes Alley between Filbert and Union,Rafael Yglesias,Warner Bros. Pictures,Fearless,Peter Weir
,Alan Black,Aquarius Releasing,Faces of Death,Conan Le Cilaire
Webster Street,Nat Mauldin,Twentieth Century Fox Film Cooperation,Doctor Dolittle,Betty Thomas
Mission Street,Woody Allen,Cinerama Releasing Corporation,Take the Money and Run,Woody Allen
Kearny & Pacific Streets,Steve Meerson,Paramount Pictures,Star Trek IV: The Voyage Home,Leonard Nimoy
City Hall,"Umarji Anuradha, Jayendra, Aarthi Sriram, & Suba",,180,Jayendra
3050 24th Street,"Melissa Axelrod, T. C. Boyle (based on the book by)",Amazon,"Budding Prospects, Pilot",Terry Zwigoff
Tonic,Marielle Heller,Sony Pictures Classics,The Diary of a Teenage Girl,Marielle Heller
Chinatown,Jack Finney,United Artists,Invasion of the Body Snatchers,Philip Kaufman
Telegraph Hill,Chip Proser,Warner Bros. Pictures,Innerspace,Joe Dante
Hyatt Regency Hotel (5 Embarcadero Center),Karl Alexander,Columbia Broadcasting System (CBS),Time After Time,Nicholas Meyer
Golden Gate Park,Michael Lannan,Home Box Office (HBO),Looking,Andrew Haigh
Fisherman's Wharf pier near Chapel (Port Walk #19),Gabriele Muccino,01 Distribution,Summertime,Gabriele Muccino
"St. Peter & Paul's Church (666 Filbert Street, Washington Square)","Jesse L. Lasky, Jr.",Paramount Pictures,The Ten Commandments,Cecil B. DeMille
Pine St. between Market and Montgomery,James Cameron,Paramount Pictures,Terminator - Genisys,Alan Taylor
"1462 Grant Avenue, at Union Street",Robbie Fox,TriStar Pictures,So I Married an Axe Murderer,Thomas Schlamme
Potrero Hill Recreation Center (801 Arkansas Street),Eric Lodal,Turner Network Television (TNT),"Murder in the First, Season 2",Steven Bochcho
Vallejo Garage Roof (Vallejo at Powell),Allan Loeb,Warner Bros.,San Andreas,Brad Peyton
The Embarcadero/ Ferry Building,Russell Rouse,United Artists,D.O.A,Rudolph Mate
Turk Street between Steiner and Scott Streets,Tom Brown,TBD,Pushing Dead,Tom Brown
"Foote, Cone & Belding (733 Front Street at Pacific)",Paul Yurick,Warner Bros. Pictures,Sweet November,Pat O'Connor
Lombard Street,The Drews,Dimension Films,Boys and Girls,Robert Iscove
Dante Building (1606 Stockton Street at Union),Harry Julian Fink,Warner Brothers,Dirty Harry,Don Siegel
Golden Gate Park,Charles Chaplin,General Film Company,A Jitney Elopement,Charles Chaplin
Golden Gate Bridge,Joseph Fields,Universal Pictures,Flower Drum Song,Henry Koster
Intersection of Lombard and Hyde,Allan Loeb ,Warner Bros.,San Andreas,Brad Peyton
Transamerica Building (600 Montgomery Street at Clay),Jack Finney,United Artists,Invasion of the Body Snatchers,Philip Kaufman
Stockton Tunnel (Stockton Street at Sutter Street),Robert Kaufman,American Broadcasting Company (ABC),Freebie and the Bean,Richard Rush
"McCovey Point, China Basin Park (24 Willy Mays Plaza)",Sarah Thorp,Paramount Pictures,Twisted,Philip Kaufman
Kohl Building (400 Montgomery Street),Rafael Yglesias,Warner Bros. Pictures,Fearless,Peter Weir
Pine between Kearney and Davis,Gabriel Ferrari ,Walt Disney Studios Motion Pictures,Ant-Man,Peyton Reed
Alta Plaza Park,Ann Biderman,Warner Bros. Pictures,Copycat,Jon Amiel
San Francisco Drydock (20th and Illinois Streets),Jack Finney,United Artists,Invasion of the Body Snatchers,Philip Kaufman
Telegraph Hill,Stan Lee,Universal Pictures,Hulk,Ang Lee
Market & 2nd Streets,Larry Ferguson,Paramount Pictures,The Presidio,Peter Hyams
298 11th St,H.P. Mendoza,"ABS-CBN, Gravitas Ventures",Bitter Melon,H.P. Mendoza
Lombard & Broderick Streets (Marina District),Karl Alexander,Columbia Broadcasting System (CBS),Time After Time,Nicholas Meyer
Golden Gate Bridge,Anne Rice,Geffen Pictures,Interview With The Vampire,Neil Jordan
22nd and Carolina Streets (Potrero Hill),Barbara Dana,Columbia Broadcasting System (CBS),Chu Chu and the Philly Flash,David Lowell Rich
Z Space Studios; 450 Florida St.,The Wachowskis,Netflix,Sense8,The Wachowskis
363 Lyon St,"Joe Talbot, Jimmie Fails, Rob Richert",A55,The Last Black Man in San Francisco,Joe Talbot
Green between Kearny and Montgomery,"J. Michael Straczynski, Wachowiski Siblings",Netflix,Sense8 - Season 2,Wachowski Siblings
,Jonathan Parker & Catherine DiNapoli,Fabrication Films,The Californians,Jonathan Parker
Howard St between 3rd and 4th St.,John Altschuler,HBO,Silicon Valley Season 4,Mike Judge
4015 21st St,Noah Pritzker,,Quitters,Noah Pritzker
Enrico's CafÃ© (504 Broadway),Alan R. Trustman,Warner Brothers,Bullitt,Peter Yates
Bank of America Building (555 California Street),Harry Julian Fink,Warner Brothers,Dirty Harry,Don Siegel
California at Larkin,James Cameron,Paramount Pictures,Terminator - Genisys,Alan Taylor
Baker Beach,Tiffanie DeBartolo,Columbia TriStar Home Video,Dream for an Insomniac,Tiffanie DeBartolo
Firestation #38 (California & Laguna),Stirling Silliphant,Twentieth Century - Fox,The Towering Inferno,John Guillermin
Hall of Justice (850 Bryant Street),Joe Eszterhas,TriStar Pictures,Basic Instinct,Paul Verhoeven
"Broadway, Between Franklin & Laguna Streets",Larry Levin,Twentieth Century Fox Film Corp.,Dr. Dolittle 2,Steve Carr
Church and Duboce Muni Station,Michael Lannan,Home Box Office (HBO),Looking,Andrew Haigh
Intersection of Columbus & Mason Streets,Steve Meerson,Paramount Pictures,Star Trek IV: The Voyage Home,Leonard Nimoy
Golden Gate National Recreation Area,William Arntz & Betsy Chasse,Samuel Goldwyn Films,What the Bleep Do We Know,William Arntz
Oasis Nightclub (298 11th St),Gabriele Muccino,2 Distribution,Summertime,Gabriele Muccino
"Grace Cathedral, 1100 California St.","J. Michael Straczynski, Wachowiski Siblings",Netflix,Sense8 - Season 2,Wachowski Siblings
Embarcadero between Bay and Chestnut St,Alexandra Cunningham,Hulu,Chance Season 2,Rozann Dawson
Intersection of Columbus & Kearney Streets,Steve Meerson,Paramount Pictures,Star Trek IV: The Voyage Home,Leonard Nimoy
60 Spear Street,Chris Columbus,Twentieth Century Fox Film Corp.,Nine Months,Chris Columbus
York & 24th St.,Melissa Rosenberg,American Broadcasting Company (ABC),Red Widow,Alon Aranya
Berry Street between 3rd and 4th Streets,Eric Lodal,Turner Network Television (TNT),"Murder in the First, Season 1",Steven Bochcho
Spofford between Clay and Washington,"Christopher Wilkinson, Stephen J. Rivele",Kylin Pictures,Birth of the Dragon,George Nolfi 
,Ben Hecht,United Artists,Barbary Coast,Howard Hawks
Chaya / Perry's 132 Embarcadero,"Sarah Bellwood, Michal Lali Kagan, Michael McGowan Amital Stern, Jose Luis Sampedro",TBD,Etruscan Smile,Oded Binnun/ Michel Brezis
Golden Gate Bridge,Dustin Lance Black,Focus Features,Milk,Gus Van Sant
University of California Hastings College of the Law,David Henry Hwang,Metro-Goldwyn-Mayer (MGM),Golden Gate,Howard Deutch
Jones St btwn Sacramento and Pine,Chris McKenna,Walt Disney Studios Motion Pictures,Ant-Man and the Wasp,Peyton Reed
,Wolfgang Petersen,Metro-Goldwyn-Mayer,Shattered,Wolfgang Petersen
Edinburgh Castle (950 Geary Street),Robbie Fox,TriStar Pictures,So I Married an Axe Murderer,Thomas Schlamme
,Mario Van Peebles,PolyGram Video,Panther,Mario Van Peebles
skyline/ exterior scenes,The Wachowski Brothers,Warner Bros. Pictures,The Matrix,The Wachowski Brothers
400 Montgomery Street,Rafael Yglesias,Warner Bros. Pictures,Fearless,Peter Weir
Golden Dragon Restaurant (816 Washington Street at Grant),Wayne Wang,New Yorker Films,Chan is Missing,Wayne Wang
Waverly Pl between Washington and Sacramento,"Christopher Wilkinson, Stephen J. Rivele",Kylin Pictures,Birth of the Dragon,George Nolfi 
901 Valencia Street,Michael Lannan,HBO,Looking Season 2 ep 202,Andrew Haigh
1801 Laguna at Bush,Norman Foster,Universal Pictures,Woman on the Run,Norman Foster
Pine St. between Market and Kearny,James Cameron,Paramount Pictures,Terminator - Genisys,Alan Taylor
"Fairmont Hotel (950 Mason Street, Nob Hill)",Robert Kaufman,American Broadcasting Company (ABC),Freebie and the Bean,Richard Rush
Filbert St. from Hyde to Leavenworth,Rick Jaffa,Twentieth Century Fox,Dawn of the Planet of the Apes,Matt Reeves
Palace of Fine Arts (3301 Lyon Street),Lowell Ganz,MCA / Universal Pictures,Edtv,Ron Howard
Coit Tower,The Drews,Dimension Films,Boys and Girls,Robert Iscove
,Robert Caswell,Buena Vista Pictures,The Doctor,Randa Haines
3563 20th St.,Woody Allen,Sony Pictures Classics,Blue Jasmine,Woody Allen
3079 16th Street,Michael Lannan,HBO,"Looking ""Special""",Andrew Haigh
Love Street Vintage (1506 Haight & adjacent Haight sidewalk_,Gabriele Muccino,6 Distribution,Summertime,Gabriele Muccino
California & Larkin Streets (Nob Hill),Colin Higgins,Paramount Pictures,Foul Play,Colin Higgins
"Ele Nino Traiing Cetner, 2920 3rd Street",Tom Brown,TBD,Pushing Dead,Tom Brown
100 Market Street at 6th Street,Anne Rice,Geffen Pictures,Interview With The Vampire,Neil Jordan
Potrero Hill,Richard Maibaum,MGM/UA Entertainment Company,A View to a Kill,John Glen
1069 Tennessee Street,Tom Brown,TBD,Pushing Dead,Tom Brown
2898 Vallejo Street,Stirling Silliphant,Twentieth Century - Fox,The Towering Inferno,John Guillermin
Lombard at Hyde,Gabriel Ferrari ,Walt Disney Studios Motion Pictures,Ant-Man,Peyton Reed
Saint Louis Alley at Jackson,Chris McKenna,Walt Disney Studios Motion Pictures,Ant-Man and the Wasp,Peyton Reed
"Hayes Valley Care (601 Laguna Street, Hayes Valley)",Colin Higgins,Paramount Pictures,Foul Play,Colin Higgins
Broadway and Kearney,Allan Loeb ,Warner Bros.,San Andreas,Brad Peyton
Mission Street,Woody Allen,Cinerama Releasing Corporation,Take the Money and Run,Woody Allen
Embarcadero around Rincon Park,Stephen Levinson,HBO,Ballers Season 3,Julian Farino
San Francisco City Hall,"Sarah Bellwood, Michal Lali Kagan, Michael McGowan Amital Stern, Jose Luis Sampedro",TBD,Etruscan Smile,Oded Binnun/ Michel Brezis
Marina Green,Woody Allen,Sony Pictures Classics,Blue Jasmine,Woody Allen
1901 Ocean Ave. at Ashton Ave.,Michael Lehmann,HULU,Chance- Season 1 ep110,Alexandra Cunningham and Kem Nunn
"Fairmont Hotel (950 Mason Street, Nob Hill)",Barbara Dana,Columbia Broadcasting System (CBS),Chu Chu and the Philly Flash,David Lowell Rich
Golden Gate Bridge,Cooper Lane,Paramount Pictures,The Core,John Amiel
Conservatory of Flowers (Golden Gate Park),Colin Higgins,Paramount Pictures,Harold and Maude,Hal Ashby
Mission St and 5th St,Aaron Sorkin,Universal Pictures,Steve Jobs,Danny Boyle
