Director,Title,Writer,Distributor,Locations
Andrew Haigh,Looking,Michael Lannan,Home Box Office (HBO),"Tiburon Hiking Trail, Tiburon, CA"
Andrew Haigh,Looking Season 2 ep 204,Michael Lannan,HBO,Castro Street @ 18th street
Tiffanie DeBartolo,Dream for an Insomniac,Tiffanie DeBartolo,Columbia TriStar Home Video,Baker Beach
Francis Ford Coppola,The Conversation,Francis Ford Coppola,Paramount Pictures,"American Roofing Co. Building (297 Kansas Street, Potrero Hill)"
Lenny Abrahamson,Chance- Season 1 ep102,Alexandra Cunningham ,HULU,"State Garage, 818 Leavenworth"
Philip Kaufman,Invasion of the Body Snatchers,Jack Finney,United Artists,"Bimbo's 365 Club (1025 Columbus Avenue, North Beach)"
Alfred Hitchcock,Family Plot,Ernest Lehman,Universal Pictures,Nob Hill
Phil Joanou,Final Analysis,Robert Berger,Warner Bros. Pictures,Bix Restaurant (56 Gold Street)
Steven Bochcho,"Murder in the First, Season 2",Eric Lodal,Turner Network Television (TNT),Harriet Street between Bryant and Brannan Streets
James Fargo,The Enforcer,Stirling Silliphant,Warner Bros. Pictures,Hall of Justice
Noah Pritzker,Quitters,Noah Pritzker,,Cal-Mart Supermarket
Alfred Hitchcock,Vertigo,Alec Coppel,Paramount Pictures,Ernie's Restaurant (847 Montgomery Street)
Carlo Caldana,"Smile Again, Jenny Lee",Linda Demetrick,,Mason & Sacramento St
Terry Zwigoff,"Budding Prospects, Pilot","Melissa Axelrod, T. C. Boyle (based on the book by)",Amazon,1167 Alabama Street
Gus Van Sant,When We Rise,Dustin Lance Black,Amercian Broadcasting Company,"Castro Theatre, 429 Castro St."
Steven Bochcho,"Murder in the First, Season 2",Eric Lodal,Turner Network Television (TNT),Pier 50
Thomas Schlamme,So I Married an Axe Murderer,Robbie Fox,TriStar Pictures,CafÃ© Picaro 3120 16th Street
Annie Wang,Cardinal X,Annie Wang,,100 Alemany Blvd.
Vincent Sherman,Nora Prentiss,N. Richard Nash,Warner Bros. Pictures,Belgravia Apartments (795 Sutter Street at Jones)
Sara Gran,Chance- Season 1 ep106,Dan Attias,HULU,Treasure Island
Ron Howard,Edtv,Lowell Ganz,MCA / Universal Pictures,"Center for the Arts, Yerba Buena Gardens (701 Mission Street)"
Robert Iscove,Boys and Girls,The Drews,Dimension Films,Chinatown
John Carpenter,Memoirs of an Invisible Man,Robert Collector,Warner Bros. Pictures,St. Elizabeth Apartment House (901 Powell Street at Sacramento)
Nicholas Meyer,Time After Time,Karl Alexander,Columbia Broadcasting System (CBS),United Nations Plaza (Civic Center)
Joel Oliansky,The Competition,Joel Oliansky,American Broadcasting Company (ABC),Pier 39
Chris Columbus,Nine Months,Chris Columbus,Twentieth Century Fox Film Corp.,Star's CafÃ© (55 Golden Gate Avenue at Van Ness)
Ivan Reitman,Junior,Kevin Wade,Universal Pictures,722 Steiner Street
Joe Talbot,The Last Black Man in San Francisco,"Joe Talbot, Jimmie Fails, Rob Richert",A32,"Chateau Tivoli, 1057 Steiner St"
Richard Rush,Freebie and the Bean,Robert Kaufman,American Broadcasting Company (ABC),Broadway and Columbus Avenue (North Beach)
Ted Post,Magnum Force,John Milius,Warner Bros. Pictures,"Pacific Heights Towers (2200 Sacramento Street, Pacific Heights)"
Andrew Haigh,"Looking ""Special""",Michael Lannan,HBO,"The Stud, 399 9th Street"
Andrew Haigh,Looking Season 2 ep 210,Michael Lannan,HBO,"Willy's Barber shop, 3227 22nd Street"
Peter Hyams,The Presidio,Larry Ferguson,Paramount Pictures,Presidio (Golden Gate National Recreation Area)
J.J. Abrams,Alcatraz,Steven Lilien,Warner Bros. Television,Chestnut St. from Larkin to Columbus
Steven Bochcho,"Murder in the First, Season 1",Eric Lodal,Turner Network Television (TNT),Alamo Square Park
"Jamie Babbit, Amanda Brotchie, Steven K. Tsuchida, Christian Ditter, John Riggi",GirlBoss,Kay Cannon,Netflix,Clarion Alley between Valencia and Mission
Philip Kaufman,Twisted,Sarah Thorp,Paramount Pictures,The Saloon (1232 Grant Avenue)
Michael Lehmann,Chance- Season 1 ep103,Kem Nunn,HULU,San Bruno and Alameda
Sara Gran,Chance- Season 1 ep106,Dan Attias,HULU,Washington Square Park
Peyton Reed,Ant-Man,Gabriel Ferrari,Walt Disney Studios Motion Pictures,Pine between Kearney and Davis
Andrew Haigh,Looking Season 2 ep 209,Michael Lannan,HBO,1890 Clay Street
Alfred Hitchcock,Vertigo,Alec Coppel,Paramount Pictures,"California Palace of the Legion of Honor (34th Avenue & Clement, Lincoln Park)"
George Lucas,American Graffiti,George Lucas,Universal Pictures',"Mel's Drive-In (Corner of Van Ness & Mission Street, Mission District)"
Scott Waugh,Need For Speed,George Gatins,Walt Disney Studios Motion Pictures,Embarcadero from Broadway to Folsom
Blake Edwards,Experiment in Terror,The Gordons,Columbia Pictures,"Sheraton Palace Hotel (2 Montgomery Street, Financial District)"
Ted Post,Magnum Force,John Milius,Warner Bros. Pictures,"Lefty O' Doul Drawbridge/ 3rd Street Bridge (3rd Street, China Basin)"
Scott McGehee,Bee Season,David Siegel,Fox Searchlight Pictures,
Peter Hyams,The Presidio,Larry Ferguson,Paramount Pictures,Battery Street (The Embarcadero)
Zal Batmanglij,The OA Part II,"Zal Batmanglij, Brit Marling",Netflix,16th Avenue Steps
Leonard Nimoy,Star Trek IV: The Voyage Home,Steve Meerson,Paramount Pictures,Intersection of Columbus & Mason Streets
Annie Wang,Cardinal X,Annie Wang,,Lyon at Chestnut St.
Betty Thomas,Doctor Dolittle,Nat Mauldin,Twentieth Century Fox Film Cooperation,2107 Union Street
Andrew Haigh,Looking Season 2 ep 210,Michael Lannan,HBO,67 Deming Street
Alfred Hitchcock,Vertigo,Alec Coppel,Paramount Pictures,Gough & Eddy Streets (Western Addition)
Gareth Edwards,Godzilla,Max Borenstein,Warner Bros. Pictures,Eddy & Taylor St.
Clint Eastwood,Sudden Impact,Harry Julian Fink,Warner Bros. Pictures,"Fairmont Hotel (950 Mason Street, Nob Hill)"
Edward Dmytryk,The Caine Mutiny,Stanley Roberts,Columbia Pictures,Golden Gate Bridge
Zachary Shedd,Americana,Zachary Shedd,,Coi Restaurant (373 Broadway)
Tom Brown,Pushing Dead,Tom Brown,TBD,5th Ave @ Fulton Street in Golden Gate Park
Felix van Groeningen,Beautiful Boy,Luke Davies,Amazon Studios,Divisadero between Broadway and Greenwich
Philip Kaufman,Invasion of the Body Snatchers,Jack Finney,United Artists,Transamerica Building (600 Montgomery Street at Clay)
The Wachowskis,Sense8,The Wachowskis,Netflix,Clarion Alley between Valencia & Mission St.
Steven Bochcho,"Murder in the First, Season 1",Eric Lodal,Turner Network Television (TNT),Cameron House (920 Sacramento Street)
Leonard Nimoy,Star Trek IV: The Voyage Home,Steve Meerson,Paramount Pictures,Intersection of Columbus & Kearney Streets
Peyton Reed,Ant-Man and the Wasp,Chris McKenna,Walt Disney Studios Motion Pictures,Lombard St btwn Polk and Leavenworth
Dennis Dugan,Happy Gilmore,Tim Herlihy,Universal Pictures,
Alfred Hitchcock,Vertigo,Alec Coppel,Paramount Pictures,Brocklebank Apartments (1000 Mason Street)
Danny Boyle,Steve Jobs,Aaron Sorkin,Universal Pictures,War Memorial Opera House (401 Van Ness Avenue)
Luis Mandoki,When a Man Loves a Woman,Ronald Bass,Buena Vista Pictures,1521 Masonic Avenue at Piedmont Street
Wayne Wang,Joy Luck Club,Amy Tan,National Broadcasting Company (NBC),901 Union Street
Ryan K. Whiting,Broken-A Modern Love Story,Ryan K. Whiting,,Ina Coolbrith Park (1700 Taylor Street)
Zal Batmanglij,The OA Part II,"Zal Batmanglij, Brit Marling",Netflix,Washington btwn Gough and Octavia St
Nicholas Meyer,Time After Time,Karl Alexander,Columbia Broadcasting System (CBS),100 Block of Union Street (Cow Hollow)
Herbert Ross,"Play it Again, Sam",Woody Allen,Paramount Pictures,Balboa at 22nd Avenue
Gus Van Sant,Milk,Dustin Lance Black,Focus Features,Market & Castro Street
Oded Binnun/ Michel Brezis,Etruscan Smile,"Sarah Bellwood, Michal Lali Kagan, Michael McGowan Amital Stern, Jose Luis Sampedro",TBD,"Andronico's, 1200 Irving Street"
Ted Post,Magnum Force,John Milius,Warner Bros. Pictures,Hall of Justice (850 Bryant Street)
Marielle Heller,The Diary of a Teenage Girl,Marielle Heller,Sony Pictures Classics,304 Lily St.
Alexandra Cunningham and Kem Nunn,Chance- Season 1 ep110,Michael Lehmann,HULU,1 Urbano
Rozann Dawson,Chance Season 2,Alexandra Cunningham,Hulu,Columbus between Filbert and Lombard St
Wayne Wang,Chan is Missing,Wayne Wang,New Yorker Films,"Li Po (916 Grant Avenue at Washington, Chinatown)"
Tom Shadyac,Patch Adams,Steve Oedekerk,Universal Pictures,Sheraton Palace Hotel (639 Market Street)
Philip Kaufman,Invasion of the Body Snatchers,Jack Finney,United Artists,"Postcard Row (Alamo Square, Hayes Valley)"
Philip Kaufman,Invasion of the Body Snatchers,Jack Finney,United Artists,"Department of Public Health (101 Grove Street at Polk, Civic Center)"
George Nolfi,Birth of the Dragon,"Christopher Wilkinson, Stephen J. Rivele",Kylin Pictures,Pier 45 - Jeremiah O'Brien Liberty Ship
Joe Talbot,The Last Black Man in San Francisco,"Joe Talbot, Jimmie Fails, Rob Richert",A27,801 Innes Ave
David Swift,Good NeighborSam,James Fritzell,Columbia Pictures,Various locations in San Francisco during driving scene
Mel Brooks,High Anxiety,Mel Brooks,Twentieth Century Fox Film Corporation,"Conservatory of Flowers, Golden Gate Park"
Michael Lehmann,Chance- Season 1 ep103,Kem Nunn,HULU,17th and Arkansas
Andrew Haigh,Looking,Michael Lannan,Home Box Office (HBO),Mr. S Leather
Steven Bochcho,"Murder in the First, Season 2",Eric Lodal,Turner Network Television (TNT),Pier 50
Buddy Van Horn,The Dead Pool,Harry Julian Fink,Warner Bros. Pictures,"San Francisco National Military Cemetery (Lincoln Blvd., The Presidio, Golden Gate National Recreation Center)"
Michael Lehmann,Chance- Season 1 ep103,Kem Nunn,HULU,350 Santa Ana Ave.
John Glen,A View to a Kill,Richard Maibaum,MGM/UA Entertainment Company,Golden Gate Bridge
David Miller,Sudden Fear,Lenore J. Coffee,RKO Pictures,The Tamalpais Building (1201 Greenwich Street at Hyde)
Chris Columbus,Bicentennial Man,Nicholas Kazan,Buena Vista Pictures,Treasure Island
Richard Rush,Freebie and the Bean,Robert Kaufman,American Broadcasting Company (ABC),Embarcadero Freeway
Buddy Van Horn,The Dead Pool,Harry Julian Fink,Warner Bros. Pictures,"The Cannery (281 Leavenworth Street, Fisherman's Wharf)"
Andrew Haigh,Looking Season 2 ep 202,Michael Lannan,HBO,Church @ Duboce Street
Michael Lehmann,Chance- Season 1 ep103,Kem Nunn,HULU,60 Leavenworth St.
Peter Segal,50 First Dates,George Wing,Columbia Pictures,Rainforest CafÃ© (145 Jefferson Street)
John Glen,A View to a Kill,Richard Maibaum,MGM/UA Entertainment Company,Embarcadero Freeway
Andrew Haigh,Looking,Michael Lannan,Home Box Office (HBO),Doc's Clock
Zachary Shedd,Americana,Zachary Shedd,,20th St and Illinois/Faxon St. and Kenwood/Glenbrook at Mt. Springs
Matt Reeves,Dawn of the Planet of the Apes,Rick Jaffa,Twentieth Century Fox,California & Powell 
Colin Higgins,Foul Play,Colin Higgins,Paramount Pictures,Sacramento & Hyde Streets (Nob Hill)
Zachary Shedd,Americana,Zachary Shedd,,Roxie Theater (3117 16th St.)
Peter Yates,Bullitt,Alan R. Trustman,Warner Brothers,1153-57 Taylor Street
Brad Peyton,San Andreas,Allan Loeb ,Warner Bros.,Washington Square
Sara Gran,Chance- Season 1 ep106,Dan Attias,HULU,2 Rowland
Oded Binnun/ Michel Brezis,Etruscan Smile,"Sarah Bellwood, Michal Lali Kagan, Michael McGowan Amital Stern, Jose Luis Sampedro",TBD,"Benu Restaurant, 22 Hawthorne Street"
Ang Lee,Hulk,Stan Lee,Universal Pictures,Treasure Island
Carlo Caldana,"Smile Again, Jenny Lee",Linda Demetrick,,Manor West (750 Harrison St.)
Paul Aaron,Maxie,Patricia Resnick,Orion Pictures Corporation,Grace Cathedral Episcopal Church (1100 California Street)
The Wachowskis,Sense8,The Wachowskis,Netflix,16th St.
Richard Lester,Petulia,Lawrence B. Marcus,Warner Brothers / Seven Arts,2417 Franklin Street
Gus Van Sant,When We Rise,Dustin Lance Black,Amercian Broadcasting Company,Bay Bridge
J.J. Abrams,Alcatraz,Steven Lilien,Warner Bros. Television,Leavenworth from Filbert & Francisco St
Peter Bogdanovich,What's Up Doc?,Peter Bogdanovich & Buck Henry,Warner Bros. Pictures,Alta Plaza Park (Steiner Street)
Gus Van Sant,When We Rise,Dustin Lance Black,Amercian Broadcasting Company,Buena Vista Park
The Wachowski Brothers,The Matrix,The Wachowski Brothers,Warner Bros. Pictures,skyline/ exterior scenes
Terry Zwigoff,"Budding Prospects, Pilot","Melissa Axelrod, T. C. Boyle (based on the book by)",Amazon ,1167 Alabama Street
Lenny Abrahamson,Chance- Season 1 ep102,Alexandra Cunningham,HULU,"Betelnut restaurant, 2030 Union St."
George Nolfi ,Birth of the Dragon,"Christopher Wilkinson, Stephen J. Rivele",Kylin Pictures,Grant between Bush and Broadway
Phil Joanou,Final Analysis,Robert Berger,Warner Bros. Pictures,"Presidio, Golden Gate National Recreation Area"
Steven Bochcho,"Murder in the First, Season 1",Eric Lodal,Turner Network Television (TNT),Palace of Fine Arts (3301 Lyon Street)
Alfred Hitchcock,Marnie,Jay Presson Allen,Universal Pictures,"On Board the SS President Cleveland, docked at Pier 50"
Nicholas Meyer,Time After Time,Karl Alexander,Columbia Broadcasting System (CBS),Golden Gate Bridge
Zachary Shedd,Americana,Zachary Shedd,,Bernal Heights Park
Jayendra,180,"Umarji Anuradha, Jayendra, Aarthi Sriram, & Suba",,Epic Roasthouse (399 Embarcadero)
James Fargo,The Enforcer,Stirling Silliphant,Warner Bros. Pictures,Sutter & Webster Streets
Blake Edwards,Experiment in Terror,The Gordons,Columbia Pictures,2632 Larkin Street at Lombard
Neil Jordan,Interview With The Vampire,Anne Rice,Geffen Pictures,Ferry Building
Luis Mandoki,When a Man Loves a Woman,Ronald Bass,Buena Vista Pictures,766 Vallejo Street at Stockton Street (North Beach)
Noah Pritzker,Quitters,Noah Pritzker,,21st St & Sanchez
Pat O'Connor,Sweet November,Paul Yurick,Warner Bros. Pictures,Christopher's Books (1400 18th Street)
Mel Brooks,High Crimes,Mel Brooks,Twentieth Century Fox Film Corporation,Vesuvio CafÃ© (255 Columbus Avenue)
Alfred Hitchcock,Vertigo,Alec Coppel,Paramount Pictures,"Fort Point (Presidio, Golden Gate National Recreation Area)"
Ted Post,Magnum Force,John Milius,Warner Bros. Pictures,City Hall
Andrew Haigh,"Looking ""Special""",Michael Lannan,HBO,San Francisco City Hall
Shawn Levy,The Internship,Vince Vaughn,Twentieth Century Fox Film Corporation,Montgomery and Union St.
Chris Columbus,Nine Months,Chris Columbus,Twentieth Century Fox Film Corp.,Jack Kerouac Alley between Columbus & Grant Streets
Carlo Caldana,"Smile Again, Jenny Lee",Linda Demetrick,,Kansas St at 17th St.
Harriet Dodge & Silas Howard,By Hook or By Crook,Harriet Dodge & Silas Howard,Artistic License,"Royan Hotel (405 Valencia Street, Mission District)"
Carlo Caldana,"Smile Again, Jenny Lee",Linda Demetrick,,2100 Pacific Ave at Laguna St
Mark Decena,Dopamine,Mark Decena & Timothy Breitbach,Sundance Channel Home Entertainment,"South Park (Between 2nd and 3rd Streets, Brannan and Bryant Streets)"
Andrew Haigh,Looking,Michael Lannan,Home Box Office (HBO),Jawbone at 99 Rhode Island St.
Lenny Abrahamson,Chance - Season 1 Pilot,Alexandra Cunningham and Kem Nunn,HULU,"Warren's Antiques, 375 9th St."
Philip Kaufman,Hemingway & Gelhorn,Jerry Stahl & Barbara Turner,Home Box Office (HBO),Muni Metro East (501 Cesar Chavez)
Don Siegel,Dirty Harry,Harry Julian Fink,Warner Brothers,"St. Peter & Paul's Church (666 Filbert Street, Washington Square)"
Ruben Fleischer,Venom,"Jeff Pinkner, Scott Rosenberg","Columbia Pictures, Sony Pictures Releasing",Grant Ave btwn Clay and Jackson
Andrew Haigh,Looking,Michael Lannan,Home Box Office (HBO),Golden Gate Park
Gareth Edwards,Godzilla,Max Borenstein,Warner Bros. Pictures,California & Davis St
Ruben Fleischer,Venom,"Jeff Pinkner, Scott Rosenberg","Columbia Pictures, Sony Pictures Releasing","Huntington Park, Pine/Kearny, Bush/Hyde"
Clint Eastwood,Sudden Impact,Harry Julian Fink,Warner Bros. Pictures,"Mark Hopkins Intercontinental Hotel (1 Nob Hill Circle, Nob Hill)"
Harriet Dodge & Silas Howard,By Hook or By Crook,Harriet Dodge & Silas Howard,Artistic License,"Royan Hotel (405 Valencia Street, Mission District)"
Richard Rush,Freebie and the Bean,Robert Kaufman,American Broadcasting Company (ABC),Stockton Tunnel (Stockton Street at Sutter Street)
Harold Ramis,Bedazzled,Harold Ramis,Twentieth Century Fox Film Corp.,Montgomery & Market Streets
Henry Koster,Flower Drum Song,Joseph Fields,Universal Pictures,Chinatown
Rozann Dawson,Chance Season 2,Alexandra Cunningham,Hulu,Waller St between Masonic and Del Mar St
Ted Post,Magnum Force,John Milius,Warner Bros. Pictures,280 Freeway at Pennsylvania and Mariposa Streets
Colin Higgins,Foul Play,Colin Higgins,Paramount Pictures,California & Larkin Streets (Nob Hill)
Zachary Shedd,Americana,Zachary Shedd,,Jackson St. at Spruce
Steven Conrad,The Pursuit of Happyness,Gabriele Muccino,Columbia Pictures,Golden Gate Park Children's Playground 
Peter Yates,Bullitt,Alan R. Trustman,Warner Brothers,Brocklebank Apartments (1000 Mason Street)
Scott Waugh,Need For Speed,George Gatins,Walt Disney Studios Motion Pictures,Mason St from Pine to Sacramento
Steven Bochcho,"Murder in the First, Season 1",Eric Lodal,Turner Network Television (TNT),50 California Street
Blake Edwards,Experiment in Terror,The Gordons,Columbia Pictures,George Washington High School (600 32nd Avenue )
Rozann Dawson,Chance Season 2,Alexandra Cunningham,Hulu,Lombard St between Leavenworth and Hyde St
Andrew Haigh,Looking Season 2 ep 208,Michael Lannan,HBO,1111 California Street
Sara Gran,Chance- Season 1 ep106,Dan Attias,HULU,Washington Square Park
Irwin Winkler,The Net,John Brancato,Columbia Pictures,Montgomery & Market Streets
Clint Eastwood,Sudden Impact,Harry Julian Fink,Warner Bros. Pictures,"McDonald's Restaurant (701 3rd Street, SOMA)"
Wachowski Siblings,Sense8 - Season 2,"J. Michael Straczynski, Wachowiski Siblings",Netflix,Filbert between Hyde and Jones
Marielle Heller,The Diary of a Teenage Girl,Marielle Heller,Sony Pictures Classics,SPECS' Twelve Adler Museum CafÃ©
Gabriele Muccino,Summertime,Gabriele Muccino,7 Distribution,Alamo Square
Mike Nichols,The Graduate,Calder Willingham,Embassy Pictures Corporation,San Francisco Zoo (2701 Sloat Blvd.)
Brad Peyton,San Andreas,Allan Loeb,Warner Bros.,"Vallejo St. Garage, 766 Vallejo St."
Peter Hyams,The Presidio,Larry Ferguson,Paramount Pictures,"Fort Point (Presidio, Golden Gate National Recreation Area)"
Peter Yates,Bullitt,Alan R. Trustman,Warner Brothers,Taylor & Vallejo Streets (Russian Hill)
Don Siegel,The Lineup,Stirling Silliphant,Columbia Pictures,"Mark Hopkins Intercontinental Hotel (1 Nob Hill Circle, Nob Hill)"
Andrew Haigh,"Looking ""Special""",Michael Lannan,HBO,Fisherman's Wharf
Mike Newell,Mona Lisa Smile,Lawrence Konner,Columbia Pictures,
Woody Allen,Blue Jasmine,Woody Allen,Sony Pictures Classics,Heald College
Robert Gordon,It Came From Beneath the Sea,George Worthing Yates,Columbia Pictures,Chrissy Field
Brad Peyton,San Andreas,Allan Loeb ,Warner Bros.,TransAmerica Pyramid (600 Montgomery Street)
Gary Sinyor,The Bachelor,Steve Cohen,New Line Cinema,Nina M. Designs (52 2nd Street at Jessie)
Clint Eastwood,Sudden Impact,Harry Julian Fink,Warner Bros. Pictures,"McDonald's Restaurant (701 3rd Street, SOMA)"
Andrew Haigh,Looking,Michael Lannan,Home Box Office (HBO),Fort Funston
Steven Bochcho,"Murder in the First, Season 1",Eric Lodal,Turner Network Television (TNT),1541 Grove Street
Alan Taylor,Terminator - Genisys,James Cameron,Paramount Pictures,Howard St. from Embarcadero to 11 St.
Woody Allen,Blue Jasmine,Woody Allen,Sony Pictures Classics,2178 Palou Ave.
Alan Taylor,Terminator - Genisys,James Cameron,Paramount Pictures,Pine St. between Market and Kearny
Mark Decena,Dopamine,Mark Decena & Timothy Breitbach,Sundance Channel Home Entertainment,"Fort Point (Presidio, Golden Gate National Recreation Area)"
John Guillermin,The Towering Inferno,Stirling Silliphant,Twentieth Century - Fox,Firestation #38 (California & Laguna)
Carlo Caldana,"Smile Again, Jenny Lee",Linda Demetrick,,475 Diamond St.
Gareth Edwards,Godzilla,Max Borenstein,Warner Bros. Pictures,Broadway & Sansome
Tim Burton,Big Eyes,Scott Alexander,Weinstein Company,Pine St. & Grant
George Seaton,Pleasure of His Company,Samuel A. Taylor,Parmaount Pictures,2700 Vallejo Street (Pacific Heights)
Joe Dante,Innerspace,Chip Proser,Warner Bros. Pictures,"Mark Hopkins Intercontinental Hotel (1 Nob Hill Circle, Nob Hill)"
Oded Binnun/ Michel Brezis,Etruscan Smile,"Sarah Bellwood, Michal Lali Kagan, Michael McGowan Amital Stern, Jose Luis Sampedro",TBD,San Francisco Airport
Peter Segal,50 First Dates,George Wing,Columbia Pictures,Rainforest CafÃ© (145 Jefferson Street)
John Amiel,The Core,Cooper Lane,Paramount Pictures,Golden Gate Bridge
Richard Rush,Freebie and the Bean,Robert Kaufman,American Broadcasting Company (ABC),Candlestick Park (602 Jamestown Ave.)
Niels Mueller,The Assassination of Richard Nixon,Niels Mueller & Kevin Kennedy,THINKFilm,"Tosca CafÃ© (242 Columbus Avenue, North Beach)"
H.P. Mendoza,Bitter Melon,H.P. Mendoza,"ABS-CBN, Gravitas Ventures",66 Danton St
Norman Foster,Woman on the Run,Norman Foster,Universal Pictures,835-865 Market Street at 5th Street
Niels Mueller,The Assassination of Richard Nixon,Niels Mueller & Kevin Kennedy,THINKFilm,766 Sutter Street
Peyton Reed,Ant-Man,Gabriel Ferrari ,Walt Disney Studios Motion Pictures,420 Jones St. at Ellis St.
Steven Bochcho,"Murder in the First, Season 3",Eric Lodal,Turner Network Television (TNT),535 Octavia Street
"Alan Poul, Silas Howard, Stacie Passon",Tales of the City,"Armistead Maupin, Lauren Morelli, Hansol Jung, Marcus Gardley",Netflix,Valencia btwn 16th and 17th St
Sara Gran,Chance- Season 1 ep106,Dan Attias,HULU,McAllister between Leavenworth and Hyde
Chris Columbus,Nine Months,Chris Columbus,Twentieth Century Fox Film Corp.,Wasteland Store (1600 Haight Street)
Wayne Wang,Joy Luck Club,Amy Tan,National Broadcasting Company (NBC),610 Rhode Island Street (Potrero Hill)
Philip Kaufman,Invasion of the Body Snatchers,Jack Finney,United Artists,Hamlin Hotel (385 Eddy Street)
J.J. Abrams,Alcatraz,Steven Lilien,Warner Bros. Television,Taylor St. from Broadway to Filbert
W.S. Van Dyke,San Francisco,Anita Loos,Metro-Goldwyn Mayer,The Barbary Coast
Gene Wilder,The Woman In Red,Jean Loup Dabadie & Yves Robert,MGM Home Entertainment,"Postcard Row (Alamo Square, Hayes Valley)"
Neil Jordan,Interview With The Vampire,Anne Rice,Geffen Pictures,6th Street On-ramp to Highway 280
John Schlesinger,Pacific Heights,Daniel Pyne,Twentieth Century Fox Film Corporation,Chinatown
Clint Eastwood,Sudden Impact,Harry Julian Fink,Warner Bros. Pictures,"Near Point Lobos, El Camino Del Mar "
Ruben Fleischer,Venom,"Jeff Pinkner, Scott Rosenberg","Columbia Pictures, Sony Pictures Releasing",Grant Ave at Green St
Nicholas Meyer,Time After Time,Karl Alexander,Columbia Broadcasting System (CBS),United Nations Plaza (Civic Center)
Henry Selick,James and the Giant Peach,Karey Kirkpatrick,Walt Disney Studios Home Entertainment,
Buddy Van Horn,The Dead Pool,Harry Julian Fink,Warner Bros. Pictures,One Thousand Powell Apartments (1000 Powell Street)
Lenny Abrahamson,Chance- Season 1 ep102,Alexandra Cunningham,HULU,Westin St. Francis
Alfred Hitchcock,Family Plot,Ernest Lehman,Universal Pictures,"Fairmont Hotel (950 Mason Street, Nob Hill)"
Buddy Van Horn,The Dead Pool,Harry Julian Fink,Warner Bros. Pictures,"San Francisco National Military Cemetery (Lincoln Blvd., The Presidio, Golden Gate National Recreation Center)"
Peter Yates,Bullitt,Alan R. Trustman,Warner Brothers,2700 Vallejo Street (Pacific Heights)
Nicholas Meyer,Time After Time,Karl Alexander,Columbia Broadcasting System (CBS),"Huntington Park (California & Taylor Streets, Nob Hill)"
Annie Wang,Cardinal X,Annie Wang,,3639 Taraval St
Nicholas Meyer,Time After Time,Karl Alexander,Columbia Broadcasting System (CBS),California Academy of Sciences (Golden Gate Park)
Victoria Morrow,Chance - Season 1 ep105,Roxann Dawson,HULU,"The Drew School, 2901 California"
Peter Hyams,The Presidio,Larry Ferguson,Paramount Pictures,Golden Gate Bridge
Ron Howard,Edtv,Lowell Ganz,MCA / Universal Pictures,19 Green Street (North Beach)
Philip Kaufman,Twisted,Sarah Thorp,Paramount Pictures,Pier 39
Brad Peyton,San Andreas,Allan Loeb ,Warner Bros.,"Asia Star Fantasy, 1126 Grant Ave."
Richard Lester,Petulia,Lawrence B. Marcus,Warner Brothers / Seven Arts,"Fairmont Hotel (950 Mason Street, Nob Hill)"
Stanley Kramer,Guess Who's Coming to Dinner,William Rose,Columbia Pictures,Mel's Drive-In (Corner South Van Ness & Mission St.)
Gabriele Muccino,Summertime,Gabriele Muccino,8 Distribution,Stanyan & Belgrave
David Fincher,The Game,John Brancato,Polygram Filmed Entertainment,"Stockton Tunnel Southern Approach Overhang (Bush & Stockton Streets, Chinatown)"
Norman Foster,Woman on the Run,Norman Foster,Universal Pictures,Cable Car Signal Box (California Street at Powell Street)
Andrew Haigh,Looking,Michael Lannan,Home Box Office (HBO),Dolores Park
Noah Pritzker,Quitters,Noah Pritzker,,4015 21st St
Ruben Fleischer,Venom,"Jeff Pinkner, Scott Rosenberg","Columbia Pictures, Sony Pictures Releasing",Embarcadero btwn Folsom and Bryant
Nicholas Meyer,Time After Time,Karl Alexander,Columbia Broadcasting System (CBS),Palace of Fine Arts (3301 Lyon Street)
Annie Wang,Cardinal X,Annie Wang,,812 22nd St. and Tennessee
Shawn Levy,The Internship,Vince Vaughn,Twentieth Century Fox Film Corporation,Epic Roasthouse
Francis Ford Coppola,The Conversation,Francis Ford Coppola,Paramount Pictures,"Westin St. Francis Hotel (335 Powell Street, Union Square)"
Howard Deutch,Getting Even with Dad,Tom S. Parker,Metro-Goldwyn-Mayer (MGM),Mason Street at Jackson
Andrew Haigh,"Looking ""Special""",Michael Lannan,HBO,"Encore Karaoke, 1550 California Street"
John Madden,Golden Gate,David Henry Hwang,The Samuel Goldwyn Company,Ross Alley (Chinatown)
Justin Kelly,I Am Michael,Justin Kelly,,Ocean Beach @ Balboa
Chris Columbus,Mrs. Doubtfire,Randi Mayem Singer,Twentieth Century Fox Film Corporation,516 Green Street
Harold Ramis,Bedazzled,Harold Ramis,Twentieth Century Fox Film Corp.,Vaillancourt Fountain (Justin Herman Plaza)
Wayne Wang,Joy Luck Club,Amy Tan,National Broadcasting Company (NBC),Hang Ah Alley (Chinatown)
Bruce Humberstone,"Hello Frisco, Hello",Robert Ellis,Twentieth Century Fox Film Corporation,
Don Siegel,Dirty Harry,Harry Julian Fink,Warner Brothers,"California Hall (625 Polk Street, Van Ness/Civic Center)"
Andrew Haigh,Looking Season 2 ep 205,Michael Lannan,HBO,"Always Open Car Wash, 2560 Marin Street"
Howard Deutch,Getting Even with Dad,Tom S. Parker,Metro-Goldwyn-Mayer (MGM),War Memorial Building (401 Van Ness Avenue)
Zachary Shedd,Americana,Zachary Shedd,,John Shelley Drive John McLaren Park
Noah Pritzker,Quitters,Noah Pritzker,,24 Hill St.
Woody Allen,Blue Jasmine,Woody Allen,Sony Pictures Classics,The Ramp Restaurant
Woody Allen,Take the Money and Run,Woody Allen,Cinerama Releasing Corporation,Bank of America (1455 Stockton Street)
Alexandra Cunningham and Kem Nunn,Chance- Season 1 ep110,Michael Lehmann,HULU,1901 Ocean Ave. at Ashton Ave.
Matt Reeves,Dawn of the Planet of the Apes,Rick Jaffa,Twentieth Century Fox,City Hall
Zachary Shedd,Americana,Zachary Shedd,,Roxie Theater (3117 16th St.)
Steve Carr,Dr. Dolittle 2,Larry Levin,Twentieth Century Fox Film Corp.,"Broadway, Between Franklin & Laguna Streets"
Danny Boyle,Steve Jobs,Aaron Sorkin,Universal Pictures,War Memorial Opera House (401 Van Ness Avenue)
Carlo Caldana,"Smile Again, Jenny Lee",Linda Demetrick,,E Tutto Qua Restaurant (270 Columbus St.)
William Friedkin,Jade,Joe Eszterhas,Paramount Pictures,Washington Square (North Beach)
Steven Bochcho,"Murder in the First, Season 2",Eric Lodal,Turner Network Television (TNT),372/374 Pennsylvania Avenue 
Tomas Gislason,Heart and Souls,Tomas Gislason,Electric Parc,War Memorial Opera House (401 Van Ness Avenue)
Don Siegel,The Lineup,Stirling Silliphant,Columbia Pictures,The Embarcadero
Harriet Dodge & Silas Howard,By Hook or By Crook,Harriet Dodge & Silas Howard,Artistic License,The Lexington Club (3464 19th Street at Lexington)
Lenny Abrahamson,Chance- Season 1 ep102,Alexandra Cunningham ,HULU,Mason and Pacific
Scott Waugh,Need For Speed,George Gatins,Walt Disney Studios Motion Pictures,Embarcadero from Broadway to Folsom
The Wachowskis,Sense8,The Wachowskis,Netflix,Vallejo Street Garage; 766 Vallejo St.
Henry King,Alexander's Ragtime Band,Kathryn Scola,Twentieth Century Fox Film Corporation,San Francisco Bay
Lenny Abrahamson,Chance- Season 1 ep102,Alexandra Cunningham ,HULU,Heron and Berwick Alleys
George Lucas,American Graffiti,George Lucas,Universal Pictures',3355 Geary Blvd.
Bill Persky,Serial,Rich Eustis,Paramount Pictures,Ferry Building
Sara Gran,Chance- Season 1 ep106,Dan Attias,HULU,Grant between Union and Green
Gus Van Sant,When We Rise,Dustin Lance Black,Amercian Broadcasting Company,City Hall
Paul Verhoeven,Basic Instinct,Joe Eszterhas,TriStar Pictures,1158-70 Montgomery Street
David S. Ward,Down Periscope,Hugh Wilson,Twentieth Century Fox Film Corp.,
William Friedkin,Jade,Joe Eszterhas,Paramount Pictures,Palace of Fine Arts
Paul Lazarus,Seven Girlfriends,Paul Lazarus,Lions Gate Films Home Entertainment,Golden Gate Bridge
Justin Kelly,I Am Michael,Justin Kelly,,Flint & 16th (Castro)
Sam Weisman,George of the Jungle,Jay Ward,Buena Vista Pictures,"Neiman Marcus (150 Stockton Street, Union Square)"
Alexandra Cunningham and Kem Nunn,Chance- Season 1 ep110,Michael Lehmann,HULU,18 Urbano
Andrew Haigh,Looking,Michael Lannan,Home Box Office (HBO),2866 24th St.
Julian Farino,Ballers Season 3,Stephen Levinson,HBO,"Another CafÃ©, 1191 Pine St at Leavenworth"
Rozann Dawson,Chance Season 2,Alexandra Cunningham,Hulu,"Taylor St, north of Jefferson St to end"
Justin Kelly,I Am Michael,Justin Kelly,,"Grove & Polk, thru Fulton & 6th, Masonic, 28th & 47th"
Richard Marquand,Jagged Edge,Joe Eszterhas,Columbia Pictures,Golden Gate Bridge
Steven Bochcho,"Murder in the First, Season 3",Eric Lodal,Turner Network Television (TNT),Howard Street at Steuart Street
Gary Sinyor,The Bachelor,Steve Cohen,New Line Cinema,Danilo's Bakery (Green Street & Bannam Place)
Steven Bochcho,"Murder in the First, Season 1",Eric Lodal,Turner Network Television (TNT),Cameron House (920 Sacramento Street)
Oded Binnun/ Michel Brezis,Etruscan Smile,"Sarah Bellwood, Michal Lali Kagan, Michael McGowan Amital Stern, Jose Luis Sampedro",TBD,"Andronico's, 1200 Irving Street"
Michael Bay,The Rock,David Weisberg,Buena Vista Pictures,The San Francisco Bay
Danny Boyle,Steve Jobs,Aaron Sorkin,Universal Pictures,Sutter-Stockton Garage (444  Stockton)
Oded Binnun/ Michel Brezis,Etruscan Smile,"Sarah Bellwood, Michal Lali Kagan, Michael McGowan Amital Stern, Jose Luis Sampedro",TBD,"Legion of Honor, 100 34th Ave"
Andrew Haigh,Looking Season 2 ep 209,Michael Lannan,HBO,"Tonga Room, Fairmont Hotel, 950 Mason Street"
Zachary Shedd,Americana,Zachary Shedd,,Romolo Place @ Fresno St.
Steven Bochcho,"Murder in the First, Season 3",Eric Lodal,Turner Network Television (TNT),Linden Alley between Octavia and Gough Streets
Peter Yates,Bullitt,Alan R. Trustman,Warner Brothers,Columbus & Lombard Streets (North Beach)
Annie Wang,Cardinal X,Annie Wang,,119 Utah
Vincent Ward,What Dreams May Come,Ron Bass,Polygram Filmed Entertainment,Treasure Island
Joe Talbot,The Last Black Man in San Francisco,"Joe Talbot, Jimmie Fails, Rob Richert",A49,California Street Hill btwn Jones and Larkin
Marielle Heller,The Diary of a Teenage Girl,Marielle Heller,Sony Pictures Classics,Ocean Beach at Point Lobos
Woody Allen,Blue Jasmine,Woody Allen,Sony Pictures Classics,Ocean Beach at Lincoln
Noah Pritzker,Quitters,Noah Pritzker,,Claire Lilienthal Elementary School
Garry Marshall,Pretty Woman,J.F. Lawton,Buena Vista Pictures,
Herbert Ross,"Play it Again, Sam",Woody Allen,Paramount Pictures,15-17 Fresno Street
Lee Toland Krieger,Age of Adaline,J. Mills Goodloe,,Driving various SF Streets
Ivan Reitman,Junior,Kevin Wade,Universal Pictures,2552 Hyde Street
Robert Stevenson,The Love Bug,Bill Walsh,Buena Vista Distribution,Golden Gate Bridge
Andrew Haigh,Looking Season 2 ep 202,Michael Lannan,HBO,Church @ Duboce Street
Peter Elkoff and Victoria Morrow,Chance- Season 1 ep108,Andrew Bernstein,HULU,Fairmont Hotel
Joe Dante,Innerspace,Chip Proser,Warner Bros. Pictures,Golden Gate Bridge
Tom Brown,Pushing Dead,Tom Brown,TBD,"915 Naples, San Francisco"
John Guillermin,The Towering Inferno,Stirling Silliphant,Twentieth Century - Fox,"Bank of America Building (555 California Street, Financial District)"
Rozann Dawson,Chance Season 2,Alexandra Cunningham,Hulu,Embarcadero between Harrison and Folsom St
Brad Silberling,City of Angels,Dana Stevens,Warner Bros. Pictures,San Francisco Public Library Main Branch (100 Larkin Street)
Thomas Schlamme,So I Married an Axe Murderer,Robbie Fox,TriStar Pictures,City Light Bookstore (261 Columbus Avenue)
Richard Rush,Freebie and the Bean,Robert Kaufman,American Broadcasting Company (ABC),Candlestick Park (602 Jamestown Ave.)
Peter Yates,Bullitt,Alan R. Trustman,Warner Brothers,"Candlestick Park Exit, Highway 101"
Juliet Bashore,Kamikaze Hearts,Juliet Bashore,Facets Multimedia Distribution,Market Street Between Noe and Sanchez
Francis Ford Coppola,The Conversation,Francis Ford Coppola,Paramount Pictures,"Cathedral Hill Hotel (1101 Van Ness Avenue, Civic Center)"
Steven Bochcho,"Murder in the First, Season 3",Eric Lodal,Turner Network Television (TNT),Hall of Justice (850 Bryant Street)
Andrew Haigh,"Looking ""Special""",Michael Lannan,HBO,1080 Natoma Street
Ted Post,Magnum Force,John Milius,Warner Bros. Pictures,Broadway Tunnel (Russian Hill)
Steven Bochcho,"Murder in the First, Season 1",Eric Lodal,Turner Network Television (TNT),9 Calhoun Terrace
Nahnatchka Khan,Always Be My Maybe,"Michael Golamco, Randall Park, Ali Wong",Netflix,Pier 7
Philip Kaufman,Invasion of the Body Snatchers,Jack Finney,United Artists,City Hall
Gary Sinyor,The Bachelor,Steve Cohen,New Line Cinema,Washington Square Park (North Beach)
Alan Taylor,Terminator - Genisys,James Cameron,Paramount Pictures,Pine and Leavenworth
Paul Barnett,Confessions of a Burning Man,,Windline Films,
Brad Peyton,San Andreas,Allan Loeb ,Warner Bros.,Grant between Bush and Market
Andrew Haigh,Looking,Michael Lannan,Home Box Office (HBO),770 Haight St
John Glen,A View to a Kill,Richard Maibaum,MGM/UA Entertainment Company,Van Ness Avenue
Chris Columbus,Bicentennial Man,Nicholas Kazan,Buena Vista Pictures,City Hall
Paul Verhoeven,Basic Instinct,Joe Eszterhas,TriStar Pictures,Raw Hide II (280 Seventh Street)
Robert Wise,The House on Telegraph Hill,Elick Moll,Twentieth Century Fox Film Corp.,1227 Montgomery Street
Rudolph Mate,D.O.A,Russell Rouse,United Artists,The Embarcadero/ Ferry Building
Clint Eastwood,Sudden Impact,Harry Julian Fink,Warner Bros. Pictures,"Pier 38-40, The Embarcadero"
Roger Kumble,The Sweetest Thing,Nancy M. Pimental,Columbia Pictures,Golden Gate National Recreation Area
Zachary Shedd,Americana,Zachary Shedd,,Bernal Heights Park
William Friedkin,Jade,Joe Eszterhas,Paramount Pictures,Fior d' Italia (601 Union Street at Stockton)
David Miller,Sudden Fear,Lenore J. Coffee,RKO Pictures,2800 Scott Street
Philip Kaufman,Twisted,Sarah Thorp,Paramount Pictures,La Bodega (1332 Grant Avenue at Vallejo)
George Lucas,American Graffiti,George Lucas,Universal Pictures',"Mel's Drive-In (Corner of Van Ness & Mission Street, Mission District)"
Michael Lehmann,Chance- Season 1 ep103,Kem Nunn,HULU,"The Drew School, 2901 California"
Gareth Edwards,Godzilla,Max Borenstein,Warner Bros. Pictures,Pine St. & Davis St
Andrew Haigh,Looking,Michael Lannan,Home Box Office (HBO),222 Mason St.
David Miller,Sudden Fear,Lenore J. Coffee,RKO Pictures,Brocklebank Apartments (1000 Mason Street)
George Seaton,Pleasure of His Company,Samuel A. Taylor,Paramount Pictures,Grace Cathedral Episcopal Church (1100 California Street)
Pat O'Connor,Sweet November,Paul Yurick,Warner Bros. Pictures,"Foote, Cone & Belding (733 Front Street at Pacific)"
Paul Verhoeven,Basic Instinct,Joe Eszterhas,TriStar Pictures,Raw Hide II (280 Seventh Street)
The Wachowskis,Sense8,The Wachowskis,Netflix,Harrison
Carlo Caldana,"Smile Again, Jenny Lee",Linda Demetrick,,Ocean Beach Motel (2690 46th Ave.)
Chris Columbus,Mrs. Doubtfire,Randi Mayem Singer,Twentieth Century Fox Film Corporation,Chrissy Field
Alon Aranya,Red Widow,Melissa Rosenberg,American Broadcasting Company (ABC),Pioneer Park at Coit Tower
Brad Peyton,San Andreas,Allan Loeb,Warner Bros.,Pier 43
Mark Decena,Dopamine,Mark Decena & Timothy Breitbach,Sundance Channel Home Entertainment,"South Park (Between 2nd and 3rd Streets, Brannan and Bryant Streets)"
Gus Van Sant,Milk,Dustin Lance Black,Focus Features,424 Sansome Street
Gus Van Sant,Milk,Dustin Lance Black,Focus Features,Chinatown
Nicholas Meyer,Star Trek VI: The Undiscovered Country,Nimoy,Paramount Pictures,Golden Gate Bridge
John Byrum,Heart Beat,John Byrum,Orion Pictures Corporation,City Lights Bookstore (261 Columbus)
Rozann Dawson,Chance Season 2,Alexandra Cunningham,Hulu,Presidio Heights Neighborhood
"Alan Poul, Silas Howard, Stacie Passon",Tales of the City,"Armistead Maupin, Lauren Morelli, Hansol Jung, Marcus Gardley",Netflix,"Hotel Jefferson, 440 Eddy St"
Nicholas Meyer,Time After Time,Karl Alexander,Columbia Broadcasting System (CBS),California Academy of Sciences (Golden Gate Park)
Brian Ging,American Yearbook,Brian Ging,,
Andrew Haigh,"Looking ""Special""",Michael Lannan,HBO,"Capital Restaurant, 839 Clay Street"
Woody Allen,Take the Money and Run,Woody Allen,Cinerama Releasing Corporation,Bank of America (1455 Stockton Street)
Terry Zwigoff,"Budding Prospects, Pilot","Melissa Axelrod, T. C. Boyle (based on the book by)",Amazon,40 Prentiss Street
Chris Columbus,Nine Months,Chris Columbus,Twentieth Century Fox Film Corp.,Montgomery & Vallejo Streets
Brian Ging,American Yearbook,Brian Ging,,
Colin Higgins,Nine to Five,Colin Higgins,Twentieth Century Fox Film Corporation,Albert S. Samuels Clock (856 Market Street between Powell and Stockton)
Rozann Dawson,Chance Season 2,Alexandra Cunningham,Hulu,Lombard St between Hyde and Larkin St
Andrew Haigh,Looking Season 2 ep 205,Michael Lannan,HBO,160 Church Street
Wachowski Siblings,Sense8 - Season 2,"J. Michael Straczynski, Wachowiski Siblings",Netflix,"City Lights Bookstore, 261 Columbus Ave."
Peter Weir,Fearless,Rafael Yglesias,Warner Bros. Pictures,"San Francisco General Hospital Medical Center (1001 Potrero Avenue, Potrero Hill)"
Colin Higgins,Foul Play,Colin Higgins,Paramount Pictures,"Hayes Valley Care (601 Laguna Street, Hayes Valley)"
Andrew Haigh,Looking Season 2 ep 209,Michael Lannan,HBO,"Mission Arts Center, 2450 Harrison Street"
Carlo Caldana,"Smile Again, Jenny Lee",Linda Demetrick,,"Fairmont Hotel (950 Mason Street, Nob Hill)"
Alon Aranya,Red Widow,Melissa Rosenberg,American Broadcasting Company (ABC),Broadway & Taylor
Chris Columbus,Rent,Stephen Chbosky,Columbia Pictures,Treasure Island
Zachary Shedd,Americana,Zachary Shedd,,Palace of Fine Arts
Andrew Haigh,Looking,Michael Lannan,Home Box Office (HBO),222 Mason St. 
Brian DePalma,Casualties of War,Daniel Lang,Columbia Pictures,Mission Dolores Park (Mission District) via J-Church MUNI Train
Paul Aaron,Maxie,Patricia Resnick,Orion Pictures Corporation,Grace Cathedral Episcopal Church (1100 California Street)
Alexandra Cunningham and Kem Nunn,Chance- Season 1 ep107,Michael Lehmann,HULU,60 Potomac
Ted Post,Magnum Force,John Milius,Warner Bros. Pictures,2190 Washington Street (Pacific Heights)
Blake Edwards,Experiment in Terror,The Gordons,Columbia Pictures,Candlestick Park
Lina Wertmuller,A Night Full of Rain,Lina Wertmuller,Warner Bros. Pictures,Embarcadero Freeway
Thomas Schlamme,So I Married an Axe Murderer,Robbie Fox,TriStar Pictures,Edinburgh Castle (950 Geary Street)
Buddy Van Horn,The Dead Pool,Harry Julian Fink,Warner Bros. Pictures,"Mirant Energy, LLC (1301 Illinois Street, The Dogpatch)"
Ruben Fleischer,Venom,"Jeff Pinkner, Scott Rosenberg","Columbia Pictures, Sony Pictures Releasing",California St btwn Drumm and Sansome
Peyton Reed,Ant-Man,Gabriel Ferrari,Walt Disney Studios Motion Pictures,601 Buena Vista Ave West at Java St.
Joe Talbot,The Last Black Man in San Francisco,"Joe Talbot, Jimmie Fails, Rob Richert",A31,Donahue and Innes Ave
Steven Bochcho,"Murder in the First, Season 1",Eric Lodal,Turner Network Television (TNT),373 Columbus Avenue
Jon Poznanter,God is a Communist?* (show me heart universe),Jon Poznanter,,Sacramento & Washington Streets
Steve Carr,Dr. Dolittle 2,Larry Levin,Twentieth Century Fox Film Corp.,"West Chrissy Field (Presidio, Golden Gate National Recreation Area)"
Lina Wertmuller,A Night Full of Rain,Lina Wertmuller,Warner Bros. Pictures,San Francisco Chronicle (901 Mission Street at 15th Street)
Peyton Reed,Ant-Man,Gabriel Ferrari ,Walt Disney Studios Motion Pictures,Pine between Kearney and Davis
Joe Talbot,The Last Black Man in San Francisco,"Joe Talbot, Jimmie Fails, Rob Richert",A41,Shotwell St btwn 20th and 21st St
Andrew Haigh,Looking Season 2 ep 210,Michael Lannan,HBO,8 Octavia Street
Terry Zwigoff,"Budding Prospects, Pilot","Melissa Axelrod, T. C. Boyle (based on the book by)",Amazon ,3033 24th Street
Oded Binnun/ Michel Brezis,Etruscan Smile,"Sarah Bellwood, Michal Lali Kagan, Michael McGowan Amital Stern, Jose Luis Sampedro",TBD,California Street between Sansome & Davis
Oded Binnun/ Michel Brezis,Etruscan Smile,"Sarah Bellwood, Michal Lali Kagan, Michael McGowan Amital Stern, Jose Luis Sampedro",TBD,3rd Street between Market & Harrison
David Fincher,The Game,John Brancato,Polygram Filmed Entertainment,Washington Street & Waverly Place (Chinatown)
Andrew Haigh,"Looking ""Special""",Michael Lannan,HBO,10th Street between Market & Mission
Leonard Nimoy,Star Trek IV: The Voyage Home,Steve Meerson,Paramount Pictures,"Marina Green, Marina District"
Andrew Haigh,Looking,Michael Lannan,Home Box Office (HBO),St. Francis Fountain
Wachowski Siblings,Sense8 - Season 2,"J. Michael Straczynski, Wachowiski Siblings",Netflix,"The Women's Building, 3543 18th St."
The Wachowskis,Sense8,The Wachowskis,Netflix,375 Castro St. and 17th between Castro and Diamond St.
Buddy Van Horn,The Dead Pool,Harry Julian Fink,Warner Bros. Pictures,550 El Camino Del Mar (Seacliff)
Zachary Shedd,Americana,Zachary Shedd,,John Shelley Drive John McLaren Park
Rozann Dawson,Chance Season 2,Alexandra Cunningham,Hulu,Market St at Embarcadero
Andrew Haigh,Looking Season 2 ep 209,Michael Lannan,HBO,1890 Clay Street
Adam Shankman,The Wedding Planner,Pamela Falk,Sony Pictures Entertainment,Grace Cathedral Episcopal Church (1100 California Street)
Justin Kelly,I Am Michael,Justin Kelly,,"Grove & Polk, thru Fulton & 6th, Masonic, 28th & 47th"
Zachary Shedd,Americana,Zachary Shedd,,Palace of Fine Arts
George Nolfi ,Birth of the Dragon,"Christopher Wilkinson, Stephen J. Rivele",Kylin Pictures,California at Grant
Don Siegel,Dirty Harry,Harry Julian Fink,Warner Brothers,"California Hall (625 Polk Street, Van Ness/Civic Center)"
Andrew Haigh,Looking,Michael Lannan,Home Box Office (HBO),Golden Gate Bridge
Julian Farino,Ballers Season 3,Stephen Levinson,HBO,San Remo Hotel (2237 Mason)
Andrew Haigh,Looking,Michael Lannan,Home Box Office (HBO),Union Square
Carlo Caldana,"Smile Again, Jenny Lee",Linda Demetrick,,Montgomery Street at Post Street
Buddy Van Horn,The Dead Pool,Harry Julian Fink,Warner Bros. Pictures,Clementina & Sumner Streets
J.J. Abrams,Alcatraz,Steven Lilien,Warner Bros. Television,Francisco St from Larkin to Polk
Oded Binnun/ Michel Brezis,Etruscan Smile,"Sarah Bellwood, Michal Lali Kagan, Michael McGowan Amital Stern, Jose Luis Sampedro",TBD,"Marriott Marquis, 780 Mission Street"
Robert Wise,The House on Telegraph Hill,Elick Moll,Twentieth Century Fox Film Corp.,Coit Tower
Oded Binnun/ Michel Brezis,Etruscan Smile,"Sarah Bellwood, Michal Lali Kagan, Michael McGowan Amital Stern, Jose Luis Sampedro",TBD,"Laguna Honda Hospital, 375 Laguna Honda Blvd."
Andrew Haigh,"Looking ""Special""",Michael Lannan,HBO,1080 Natoma Street
Woody Allen,Blue Jasmine,Woody Allen,Sony Pictures Classics,2179 48th Ave
Bill Duke,Sister Act 2: Back in the Habit,Joseph Howard,Buena Vista Pictures,CCSF Alemany Campus
Carlo Caldana,"Smile Again, Jenny Lee",Linda Demetrick,,Clay St. at Sansome
Oded Binnun/ Michel Brezis,Etruscan Smile,"Sarah Bellwood, Michal Lali Kagan, Michael McGowan Amital Stern, Jose Luis Sampedro",TBD,Castle Street @ Green Street
Carl Franklin,Chance- Season 1 ep104,Peter Elkoff,HULU,200 Kansas St.
Harriet Dodge & Silas Howard,By Hook or By Crook,Harriet Dodge & Silas Howard,Artistic License,The Lexington Club (3464 19th Street at Lexington)
Peter Hyams,The Presidio,Larry Ferguson,Paramount Pictures,Coit Tower
Joseph Ruben,True Believer,Wesley Strick,Columbia Pictures,
Wachowski Siblings,Sense8 - Season 2,"J. Michael Straczynski, Wachowiski Siblings",Netflix,"Marina Morrison Bridal, 30 Maiden Ln."
Tim Burton,Big Eyes,Scott Alexander,Weinstein Company,Saints Peter & Paul Church
Danny Boyle,Steve Jobs,Aaron Sorkin,Universal Pictures,Jackson St. from Mason St. to Powell St.
Robert Iscove,Boys and Girls,The Drews,Dimension Films,Ferry Building
Chris Edgette,I's,Kyle Tuck,,1 Post Street
Garry Marshall,The Princess Diaries,Gina Wendkos,Buena Vista Pictures,Firestation #3 (Brazil Avenue and Athens Street)
Tom Brown,Pushing Dead,Tom Brown,TBD,"Mission Neibhrohood Health Cetner, 240 Shotweel Street"
Howard Dutch,Getting Even with Dad,Tom S. Parker,Metro-Goldwyn-Mayer (MGM),California & Grant Streets
Danny Boyle,Steve Jobs,Aaron Sorkin,Universal Pictures,Sutter-Stockton Garage (444  Stockton)
Andrew Haigh,Looking Season 2 ep 204,Michael Lannan,HBO,601 Buena Vista Ave West
Lenny Abrahamson,Chance - Season 1 Pilot,Alexandra Cunningham and Kem Nunn,HULU,Ellis and Jones St.
Lenny Abrahamson,Chance - Season 1 Pilot,Alexandra Cunningham and Kem Nunn,HULU,"Warren's Antiques, 375 9th St."
Andrew Haigh,"Looking ""Special""",Michael Lannan,HBO,Grant Avenue between Sacramento and Washington
Peyton Reed,Ant-Man,Gabriel Ferrari ,Walt Disney Studios Motion Pictures,Market between Stuart and Van Ness
Steven Conrad,The Pursuit of Happyness,Gabriele Muccino,Columbia Pictures,Candlestick Park (602 Jamestown Ave.)
Rozann Dawson,Chance Season 2,Alexandra Cunningham,Hulu,20th St between Church and Dolores St
"Jamie Babbit, Amanda Brotchie, Steven K. Tsuchida, Christian Ditter, John Riggi",GirlBoss,Kay Cannon,Netflix,"Macchiarini Steps, Kearny between Vallejo and Broadway"
Joe Talbot,The Last Black Man in San Francisco,"Joe Talbot, Jimmie Fails, Rob Richert",A34,4704 3rd St
Jakob Kornbluth & Josh Kornbluth,Haiku Tunnel,Jakob Kornbluth & Josh Kornbluth,Sony Pictures Classics,
Hugh Wilson,Burglar,Joseph Loeb III,Warner Bros. Pictures,California Academy of Sciences (Golden Gate Park)
Nicholas Meyer,Time After Time,Karl Alexander,Columbia Broadcasting System (CBS),"Huntington Park (California & Taylor Streets, Nob Hill)"
Andrew Haigh,Looking Season 2 ep 207,Michael Lannan,HBO,770 Haight Street
Herbert Ross,"Play it Again, Sam",Woody Allen,Paramount Pictures,Balboa at 22nd Avenue
George Nolfi,Birth of the Dragon,"Christopher Wilkinson, Stephen J. Rivele",Kylin Pictures,Lands End Trail at Eagles Point/ Lincoln Park Golf Course
Buddy Van Horn,The Dead Pool,Harry Julian Fink,Warner Bros. Pictures,"San Francisco General Hospital Medical Center (1001 Potrero Avenue, Potrero Hill)"
Walter Hill,48 Hours,Walter Hill,Paramount Pictures,
"Jamie Babbit, Amanda Brotchie, Steven K. Tsuchida, Christian Ditter, John Riggi",GirlBoss,Kay Cannon,Netflix,Clarion Alley between Valencia and Mission
Finn Taylor,Dream with the Fishes,Finn Taylor & Jeffrey Brown,Sony Pictures Classics,Bay Bridge
Noah Pritzker,Quitters,Noah Pritzker,,Tonga Room
Peyton Reed,Ant-Man and the Wasp,Chris McKenna,Walt Disney Studios Motion Pictures,Bush St at Mason St
Buddy Van Horn,The Dead Pool,Harry Julian Fink,Warner Bros. Pictures,Washington Square Park (North Beach)
Thomas Balmes,Babies,Thomas Balmes,Focus Features,
Leonard Nimoy,Star Trek IV: The Voyage Home,Steve Meerson,Paramount Pictures,North Beach
Tom Brown,Pushing Dead,Tom Brown,TBD,"Matching Half CafÃ©, 1799 McAllister Street"
George Nolfi,Birth of the Dragon,"Christopher Wilkinson, Stephen J. Rivele",Kylin Pictures,Waverly Pl between Washington and Sacramento
Paul Schrader,Patty Hearst,Nicholas Kazan,Atlantic Releasing Corporation,Bank of America (38th Street at Balboa Street)
Peyton Reed,Ant-Man,Gabriel Ferrari ,Walt Disney Studios Motion Pictures,Grant between Bush and Broadway
Rudolph Mate,D.O.A,Russell Rouse,United Artists,Union Square
Ivan Reitman,Fathers' Day,Lowell Ganz,Columbia Broadcasting System,
Brad Peyton,San Andreas,Allan Loeb,Warner Bros.,Coit Tower
Woody Allen,Blue Jasmine,Woody Allen,Sony Pictures Classics,SFO International Airport Terminal 3
Barbet Schroeder,Desperate Measures,David Klass,TriStar Pictures,
John Byrum,Heart Beat,John Byrum,Orion Pictures Corporation,Washington Square Bar & Grill (1707 Powell)
Nicholas Meyer,Time After Time,Karl Alexander,Columbia Broadcasting System (CBS),Old St. Mary's Church (660 California Street at Grant)
Lenny Abrahamson,Chance - Season 1 Pilot,Alexandra Cunningham and Kem Nunn,HULU,"State Garage, 818 Leavenworth"
Jakob Kornbluth & Josh Kornbluth,Haiku Tunnel,Jakob Kornbluth & Josh Kornbluth,Sony Pictures Classics,
Luis Mandoki,When a Man Loves a Woman,Ronald Bass,Buena Vista Pictures,"International Studies Academy (993 Vermont Street, Potrero Hill)"
Carlo Caldana,"Smile Again, Jenny Lee",Linda Demetrick,,883 42nd Ave.
Woody Allen,Blue Jasmine,Woody Allen,Sony Pictures Classics,Real Guitars
Buddy Van Horn,The Dead Pool,Harry Julian Fink,Warner Bros. Pictures,"Silver Restaurant (737 Washington Street, Chinatown)"
Andrew Haigh,Looking Season 2 ep 206,Michael Lannan,HBO,745 Treat Ave.
Mark J. Kunerth,About a Boy,Jason Katims,National Broadcasting Company,Powell from Bush and Sutter
Woody Allen,Blue Jasmine,Woody Allen,Sony Pictures Classics,790 Ulloa 
Stanley Kramer,Guess Who's Coming to Dinner,William Rose,Columbia Pictures,Sutter Street between Powell and Mason
David Fincher,Zodiac,James Vanderbilt,Paramount Pictures,SF Chronicle Building (901 Mission St)
Zal Batmanglij,The OA Part II,"Zal Batmanglij, Brit Marling",Netflix,Lafayette Park
Alan Taylor,Terminator - Genisys,James Cameron,Paramount Pictures,"Mission St., Embarcadero, and Front between Clay and Market"
Tom Brown,Pushing Dead,Tom Brown,TBD,"Uva Enoteca, 568 Haight Street"
Alon Aranya,Red Widow,Melissa Rosenberg,American Broadcasting Company (ABC),Geary & 27th Ave
Paul Schrader,Patty Hearst,Nicholas Kazan,Atlantic Releasing Corporation,"Postcard Row (Alamo Square, Hayes Valley)"
Matt Reeves,Dawn of the Planet of the Apes,Rick Jaffa,Twentieth Century Fox,Filbert St. from Hyde to Leavenworth
Woody Allen,Blue Jasmine,Woody Allen,Sony Pictures Classics,200 Post St.
Brad Peyton,San Andreas,Allan Loeb,Warner Bros.,Jefferson St. at Powell St.
Woody Allen,Blue Jasmine,Woody Allen,Sony Pictures Classics,3563 20th St.
Wachowski Siblings,Sense8 - Season 2,"J. Michael Straczynski, Wachowiski Siblings",Netflix,"The Women's Building, 3543 18th St."
Alon Aranya,Red Widow,Melissa Rosenberg,American Broadcasting Company (ABC),Golden Gate Ave & Jones
Richard Rush,Freebie and the Bean,Robert Kaufman,American Broadcasting Company (ABC),Alco Plaza
Peter Yates,Bullitt,Alan R. Trustman,Warner Brothers,Brocklebank Apartments (1000 Mason Street)
David Fincher,The Game,John Brancato,Polygram Filmed Entertainment,1 Bush Street
Peyton Reed,Ant-Man and the Wasp,Chris McKenna,Walt Disney Studios Motion Pictures,Jefferson St at Taylor St
George Seaton,Pleasure of His Company,Samuel A. Taylor,Paramount Pictures,Grace Cathedral Episcopal Church (1100 California Street)
Thomas Balmes,Babies,Thomas Balmes,Focus Features,
Brad Peyton,San Andreas,Allan Loeb,Warner Bros.,"Asia Star Fantasy, 1126 Grant Ave."
Andrew Haigh,Looking Season 2 ep 210,Michael Lannan,HBO,"Willy's Barber shop, 3227 22nd Street"
"Alan Poul, Silas Howard, Stacie Passon",Tales of the City,"Armistead Maupin, Lauren Morelli, Hansol Jung, Marcus Gardley",Netflix,Castro District
Errol Morris,The Fog of War,,Sony Pictures Classics,
Don Siegel,Dirty Harry,Harry Julian Fink,Warner Brothers,Portsmouth Square (Chinatown)
Neil Jordan,Interview With The Vampire,Anne Rice,Geffen Pictures,100 Market Street at 6th Street
Andrew Haigh,Looking Season 2 ep 204,Michael Lannan,HBO,"Dolores Park, San Francisco"
Ang Lee,Hulk,Stan Lee,Universal Pictures,Golden Gate Bridge
Alfred Hitchcock,Vertigo,Alec Coppel,Paramount Pictures,Park Hill Sanatorium (351 Buena Vista Avenue East)
The Wachowskis,Sense8,The Wachowskis,Netflix,S. Van Ness
Leonard Nimoy,Star Trek IV: The Voyage Home,Steve Meerson,Paramount Pictures,North Beach
Andrew Haigh,Looking Season 2 ep 204,Michael Lannan,HBO,"Esta Noche, 3079 16th Street"
Stuart Rosenberg,The Laughing Policeman,Thomas Rickman,American Broadcasting Company (ABC),
Andrew Haigh,Looking,Michael Lannan,Home Box Office (HBO),Bay Bridge
Andrew Haigh,Looking,Michael Lannan,Home Box Office (HBO),Punjab
"Alan Poul, Silas Howard, Stacie Passon",Tales of the City,"Armistead Maupin, Lauren Morelli, Hansol Jung, Marcus Gardley",Netflix,Clarion Alley
Philip Kaufman,Twisted,Sarah Thorp,Paramount Pictures,Veterans' War Memorial Building (401 Van Ness Avenue)
Buddy Van Horn,The Dead Pool,Harry Julian Fink,Warner Bros. Pictures,"The Cannery (281 Leavenworth Street, Fisherman's Wharf)"
George Nolfi ,Birth of the Dragon,"Christopher Wilkinson, Stephen J. Rivele",Kylin Pictures,Leavenworth at Union
Eric von Stroheim ,Greed,Eric von Stroheim ,Metro-Goldwyn-Mayer (MGM),Cliff House (1090 Point Lobos Avenue)
Noah Pritzker,Quitters,Noah Pritzker,,Clement St. from 6th to 7th Ave.
Peter Yates,Bullitt,Alan R. Trustman,Warner Brothers,Bayshore Blvd near Cesar Chavez (Bayview)
Alexandra Cunningham and Kem Nunn,Chance- Season 1 ep110,Michael Lehmann,HULU,Ocean Park Motel
Lenny Abrahamson,Chance - Season 1 Pilot,Alexandra Cunningham and Kem Nunn,HULU,"Harvey Milk Rec Center, 50 Scott St."
Woody Allen,Blue Jasmine,Woody Allen,Sony Pictures Classics,SFO International Airport Terminal 3
Chris Columbus,Nine Months,Chris Columbus,Twentieth Century Fox Film Corp.,Pierce Street between Pacific & Green Streets
Michael Lehmann,40 Days and 40 Nights,Robert Perez,Miramax Films,"The Walden House, Buena Vista Park"
Zachary Shedd,Americana,Zachary Shedd,,Jackson St. at Spruce
Gus Van Sant,Milk,Dustin Lance Black,Focus Features,Lower Haight Street
Andrew Haigh,Looking,Michael Lannan,Home Box Office (HBO),Mission Arts Center
Francis Ford Coppola,The Conversation,Francis Ford Coppola,Paramount Pictures,Alamo Square (Hayes Valley)
Eric von Stroheim,Greed,Eric von Stroheim,Metro-Goldwyn-Mayer (MGM),Cliff House (1090 Point Lobos Avenue)
Thomas Schlamme,So I Married an Axe Murderer,Robbie Fox,TriStar Pictures,Swedenborgian Church (2107 Lyon Street)
The Wachowskis,Sense8,The Wachowskis,Netflix,22nd St.
Oded Binnun/ Michel Brezis,Etruscan Smile,"Sarah Bellwood, Michal Lali Kagan, Michael McGowan Amital Stern, Jose Luis Sampedro",TBD,1227 Montgomery Street
Zal Batmanglij,The OA Part II,"Zal Batmanglij, Brit Marling",Netflix,SF War Memorial Opera House
Gary Sinyor,The Bachelor,Steve Cohen,New Line Cinema,Sutter-Stockton Garage (330 Sutter Street at Stockton)
Marielle Heller,The Diary of a Teenage Girl,Marielle Heller,Sony Pictures Classics,Victoria Theatre
Peter Weir,Fearless,Rafael Yglesias,Warner Bros. Pictures,Folsom Street & Embarcadero
Nicholas Meyer,Time After Time,Karl Alexander,Columbia Broadcasting System (CBS),Intersection of Fulton & 6th Streets (Chinatown)
Zachary Shedd,Americana,Zachary Shedd,,679 Madrid St
Peyton Reed,Ant-Man,Gabriel Ferrari,Walt Disney Studios Motion Pictures,420 Jones St. at Ellis St.
Mel Brooks,High Crimes,Mel Brooks,Twentieth Century Fox Film Corporation,Bank of America Building (555 California Street)
Rozann Dawson,Chance Season 2,Alexandra Cunningham,Hulu,Palace of Fine Arts (3301 Lyon Street)
Andrew Haigh,Looking Season 2 ep 209,Michael Lannan,HBO,1246 Folsom Street
John Frankenheimer,Birdman of Alcatraz,Guy Trosper,United Artists,Alcatraz Island
Mel Brooks,High Crimes,Mel Brooks,Twentieth Century Fox Film Corporation,Bank of America Building (555 California Street)
Steve Carr,Dr. Dolittle 2,Larry Levin,Twentieth Century Fox Film Corp.,"Sacramento St., Between Pierce & Broderick Streets"
Oded Binnun/ Michel Brezis,Etruscan Smile,"Sarah Bellwood, Michal Lali Kagan, Michael McGowan Amital Stern, Jose Luis Sampedro",TBD,"Legion of Honor, 100 34th Ave"
Woody Allen,Blue Jasmine,Woody Allen,Sony Pictures Classics,The Ramp Restaurant
"Alan Poul, Silas Howard, Stacie Passon",Tales of the City,"Armistead Maupin, Lauren Morelli, Hansol Jung, Marcus Gardley",Netflix,Macondray Ln and Taylor btwn Union and Green
Herbert Ross,"Play it Again, Sam",Woody Allen,Paramount Pictures,"The Music Concourse (Martin Luther King, Jr. Drive, Golden Gate Park)"
Alan Taylor,Terminator - Genisys,James Cameron,Paramount Pictures,Embarcadero between Pier 2 and Harrison
Wachowski Siblings,Sense8 - Season 2,"J. Michael Straczynski, Wachowiski Siblings",Netflix,Mission Creek Harbor along Channel St.
Sara Gran and Pete Begler,Chance- Season 1 ep109,Dan Attias,HULU,Ocean Park Motel
Woody Allen,Blue Jasmine,Woody Allen,Sony Pictures Classics,Real Guitars
Lenny Abrahamson,Chance- Season 1 ep102,Alexandra Cunningham ,HULU,Westin St. Francis
"Jamie Babbit, Amanda Brotchie, Steven K. Tsuchida, Christian Ditter, John Riggi",GirlBoss,Kay Cannon,Netflix,"Musee Mecanique, Fisherman's Wharf"
Ted Post,Magnum Force,John Milius,Warner Bros. Pictures,Cost Plus World Market (2552 Taylor Street)
Jon Amiel,Copycat,Ann Biderman,Warner Bros. Pictures,Sound Factory (1st and Harrison Streets)
Jayendra,180,"Umarji Anuradha, Jayendra, Aarthi Sriram, & Suba ",,555 Market St.
Steven Bochcho,"Murder in the First, Season 3",Eric Lodal,Turner Network Television (TNT),Ivy Street between Laguna and Gough Streets
Chris Columbus,Bicentennial Man,Nicholas Kazan,Buena Vista Pictures,"Postcard Row, Alamo Square, Hayes Valley"
Alexandra Cunningham and Kem Nunn,Chance- Season 1 ep107,Michael Lehmann,HULU,Buena Vista betweeen Upper Terrace and Java St.
Terry Zwigoff,"Budding Prospects, Pilot","Melissa Axelrod, T. C. Boyle (based on the book by)",Amazon ,Gough Street & Clay Street
Alexandra Cunningham and Kem Nunn,Chance- Season 1 ep107,Michael Lehmann,HULU,1958 Valencia St.
Wayne Wang,Chan is Missing,Wayne Wang,New Yorker Films,Golden Dragon Restaurant (816 Washington Street at Grant)
The Wachowskis,Sense8,The Wachowskis,Netflix,Harrison & 20th
Ruben Fleischer,Venom,"Jeff Pinkner, Scott Rosenberg","Columbia Pictures, Sony Pictures Releasing","North Beach: Kearny/Vallejo, Kearny/Broadway, Broadway/Columbus"
Brad Peyton,San Andreas,Allan Loeb,Warner Bros.,Broadway and Kearney
Paul Verhoeven,Basic Instinct,Joe Eszterhas,TriStar Pictures,2930 Vallejo Street
Brad Peyton,San Andreas,Allan Loeb,Warner Bros.,Washington Square
Buddy Van Horn,The Dead Pool,Harry Julian Fink,Warner Bros. Pictures,"Nam Yuen Restaurant (740 Washington Street, Chinatown)"
Paul Verhoeven,Basic Instinct,Joe Eszterhas,TriStar Pictures,Transbay Terminal (Mission Street at 1st Street)
Keith Samples,A Smile Like Yours,Keith Samples & Kevin Meyer,Paramount Pictures,Grace Cathedral Episcopal Church (1100 California Street)
Felix van Groeningen,Beautiful Boy,Luke Davies,Amazon Studios,"Olympic Flame CafÃ©, 555 Geary St"
Andrew Haigh,Looking Season 2 ep 203,Michael Lannan,HBO,770 Haight Street
Don Siegel,The Lineup,Stirling Silliphant,Columbia Pictures,Pier 41
Alon Aranya,Red Widow,Melissa Rosenberg,American Broadcasting Company (ABC),California & Davis St
"Jamie Babbit, Amanda Brotchie, Steven K. Tsuchida, Christian Ditter, John Riggi",GirlBoss,Kay Cannon,Netflix,Green and Divisadero
Alexandra Cunningham and Kem Nunn,Chance- Season 1 ep110,Michael Lehmann,HULU,"Cliffhouse, 1090 Point Lobos Ave."
Alan Crosland,The Jazz Singer,Alfred A. Cohn,Warner Bros. Pictures,Coffee Dan's (O'Farrell Street at Powell)
Bill Duke,Sister Act 2: Back in the Habit,Joseph Howard,Buena Vista Pictures,"Maritime Museum, Building 201 (Fort Mason)"
Dean Holland,Parks and Recreation,Greg Daniels,"NBC Universal Media, LLC",Columbus and Green
Michael Lehmann,Chance- Season 1 ep103,Kem Nunn,HULU,878-898 Chestnut St.
The Wachowskis,Sense8,The Wachowskis,Netflix,Laguna Honda Hospital; 375 Laguna Honda Blvd.
Andrew Haigh,Looking Season 2 ep 204,Michael Lannan,HBO,534 Hyde Street
Sara Gran and Pete Begler,Chance- Season 1 ep109,Dan Attias,HULU,Terry A. Francois Blvd. 
Victoria Morrow,Chance - Season 1ep105,Roxann Dawson,HULU,Private alley along 20th St. between Tennessee and Minnesota
Luis Mandoki,When a Man Loves a Woman,Ronald Bass,Buena Vista Pictures,766 Vallejo Street at Stockton Street (North Beach)
Peyton Reed,Ant-Man and the Wasp,Chris McKenna,Walt Disney Studios Motion Pictures,490 Geary St
Paul Verhoeven,Basic Instinct,Joe Eszterhas,TriStar Pictures,Hall of Justice (850 Bryant Street)
Tim Burton,Big Eyes,Scott Alexander,Weinstein Company,Palace of Fine Arts
Hal Ashby,Harold and Maude,Colin Higgins,Paramount Pictures,Sutro Baths (Point Lobos Avenue)
Peyton Reed,Ant-Man,Gabriel Ferrari ,Walt Disney Studios Motion Pictures,Lombard at Hyde
Nahnatchka Khan,Always Be My Maybe,"Michael Golamco, Randall Park, Ali Wong",Netflix,"Fort Point (Presidio, Golden Gate National Recreation Area)"
Chris Columbus,Rent,Stephen Chbosky,Columbia Pictures,Treasure Island
Brad Peyton,San Andreas,Allan Loeb ,Warner Bros.,AT&T Stadium
John Madden,Golden Gate,David Henry Hwang,The Samuel Goldwyn Company,Bush Street (between Grant & Kearny Streets)
Philip Kaufman,Twisted,Sarah Thorp,Paramount Pictures,Vesuvio CafÃ© (255 Columbus Avenue)
Sara Gran and Pete Begler,Chance- Season 1 ep109,Dan Attias,HULU,60 Leavenworth St.
Delmer Daves,Dark Passage,Delmer Daves & David Goodis,Warner Bros. Pictures,Golden Gate Bridge
John Glen,A View to a Kill,Richard Maibaum,MGM/UA Entertainment Company,Port of San Francisco 
Michael Lehmann,Chance- Season 1 ep103,Kem Nunn,HULU,"The Drew School, 2901 California"
Alexandra Cunningham and Kem Nunn,Chance- Season 1 ep107,Michael Lehmann,HULU,Buena Vista betweeen Upper Terrace and Java St.
Julian Farino,Ballers Season 3,Stephen Levinson,HBO,"Huntington Park (California & Taylor Streets, Nob Hill)"
John Frankenheimer,Birdman of Alcatraz,Guy Trosper,United Artists,Alcatraz Island
Steven Conrad,The Pursuit of Happyness,Gabriele Muccino,Columbia Pictures,Glide Memorial Church (434 Ellis St)
Clint Eastwood,Sudden Impact,Harry Julian Fink,Warner Bros. Pictures,"Pier 38-40, The Embarcadero"
Chris Columbus,Nine Months,Chris Columbus,Twentieth Century Fox Film Corp.,Belli Building (722 Montgomery Street at Washington)
Steven Bochcho,"Murder in the First, Season 2",Eric Lodal,Turner Network Television (TNT),1400 16th Street
Alan Jacobs,Nina Takes a Lover,Alan Jacobs,Columbia TriStar Home Video,
Peyton Reed,Ant-Man and the Wasp,Chris McKenna,Walt Disney Studios Motion Pictures,Vallejo St btwn Montgomery and Davis
Chris Columbus,Mrs. Doubtfire,Randi Mayem Singer,Twentieth Century Fox Film Corporation,1200 Washington Street at Taylor Street
Howard Deutch,Getting Even with Dad,Tom S. Parker,Metro-Goldwyn-Mayer (MGM),"Neiman Marcus (150 Stockton Street, Union Square)"
Howard Deutch,Getting Even with Dad,Tom S. Parker,Metro-Goldwyn-Mayer (MGM),"Neiman Marcus (150 Stockton Street, Union Square)"
Andrew Haigh,Looking,Michael Lannan,Home Box Office (HBO),Presidio Church at 130 Fisher Loop
George Nolfi,Birth of the Dragon,"Christopher Wilkinson, Stephen J. Rivele",Kylin Pictures,Spofford between Clay and Washington
Justin Kelly,I Am Michael,Justin Kelly,,4100 20th St
Alfred Hitchcock,Vertigo,Alec Coppel,Paramount Pictures,Claude Lane at Bush Street
Robert Iscove,Boys and Girls,The Drews,Dimension Films,Lombard Street
Peter Bogdanovich,What's Up Doc?,Peter Bogdanovich & Buck Henry,Warner Bros. Pictures,"St. Peter & Paul's Church (666 Filbert Street, Washington Square)"
Nicholas Meyer,Time After Time,Karl Alexander,Columbia Broadcasting System (CBS),Chestnut & Divisadero Streets (Marina District)
Wayne Wang,Joy Luck Club,Amy Tan,National Broadcasting Company (NBC),Horace Mann School (3351 23rd Street)
David S. Ward,Down Periscope,Hugh Wilson,Twentieth Century Fox Film Corp.,
Lenny Abrahamson,Chance - Season 1 Pilot,Alexandra Cunningham and Kem Nunn,HULU,"Jonell's Bar, 401 Ellis"
Alfred Hitchcock,Family Plot,Ernest Lehman,Universal Pictures,Nob Hill
Wachowski Siblings,Sense8 - Season 2,"J. Michael Straczynski, Wachowiski Siblings",Netflix,"Westerfeld House, 1198 Fulton St."
Steven Bochcho,"Murder in the First, Season 1",Eric Lodal,Turner Network Television (TNT),1821 Alabama Street
Sam Weisman,George of the Jungle,Jay Ward,Buena Vista Pictures,"Neiman Marcus (150 Stockton Street, Union Square)"
Steven Bochcho,"Murder in the First, Season 2",Eric Lodal,Turner Network Television (TNT),Boardman Place between Bryant and Brannan Streets
Tien-Lun Yeh,A Taiwanese Tale of Two Cities,"Ling-Hui Chen, Nancy Chen, Chih-Chi Fan, Chia-Hui Lin",Netflix,Civic Center Plaza
Thomas Schlamme,So I Married an Axe Murderer,Robbie Fox,TriStar Pictures,305 Hugo Street
Gene Wilder,The Woman In Red,Jean Loup Dabadie & Yves Robert,MGM Home Entertainment,Montgomery Street at Union Street
John Madden,Golden Gate,David Henry Hwang,The Samuel Goldwyn Company,Buena Vista Park (Haight Street at Buena Vista)
Andrew Haigh,Looking,Michael Lannan,Home Box Office (HBO),Casa Lucas Market at 2934 24th St
Jacob Kornbluth,Love & Taxes,Jacob Kornbluth,,20 Hill Street
Andrew Haigh,Looking Season 2 ep 204,Michael Lannan,HBO,Castro Street @ 18th street
Ruben Fleischer,Venom,"Jeff Pinkner, Scott Rosenberg","Columbia Pictures, Sony Pictures Releasing",California St at Montgomery St
Woody Allen,Blue Jasmine,Woody Allen,Sony Pictures Classics,1138 Alabama St
Richard Rush,Freebie and the Bean,Robert Kaufman,American Broadcasting Company (ABC),Folsom Street (SOMA)
Oliver Stone,The Doors,J. Randal Johnson,TriStar Pictures,
Peter Bogdanovich,What's Up Doc?,Peter Bogdanovich & Buck Henry,Warner Bros. Pictures,Chinatown
John McTiernan,Rollerball,William Harrison,MGM Home Entertainment,
Tien-Lun Yeh,A Taiwanese Tale of Two Cities,"Ling-Hui Chen, Nancy Chen, Chih-Chi Fan, Chia-Hui Lin",Netflix,738 Washington St
Chris Columbus,Bicentennial Man,Nicholas Kazan,Buena Vista Pictures,Grace Cathedral Episcopal Church (1100 California Street)
The Wachowskis,Sense8,The Wachowskis,Netflix,18th Street between Guerrero and Valencia Streets
George Nolfi,Birth of the Dragon,"Christopher Wilkinson, Stephen J. Rivele",Kylin Pictures,Leavenworth at Green
Danny Boyle,Steve Jobs,Aaron Sorkin,Universal Pictures,California St. from Jones St. to Mason St.
Paul Aaron,Maxie,Patricia Resnick,Orion Pictures Corporation,"722 Steiner Street (Postcard Row, Alamo Square, Hayes Valley)"
Alfred Hitchcock,The Birds,Evan Hunter,Universal Pictures,Powell and Geary Streets (Union Square)
Leonard Nimoy,Star Trek IV: The Voyage Home,Steve Meerson,Paramount Pictures,500 Block of Pacific Avenue (Chinatown)
"Jamie Babbit, Amanda Brotchie, Steven K. Tsuchida, Christian Ditter, John Riggi",GirlBoss,Kay Cannon,Netflix,"Underground SF, 424 Haight St."
Tom Shadyac,Patch Adams,Steve Oedekerk,Universal Pictures,Treasure Island
"Alan Poul, Silas Howard, Stacie Passon",Tales of the City,"Armistead Maupin, Lauren Morelli, Hansol Jung, Marcus Gardley",Netflix,Market and Church St
Thomas Schlamme,So I Married an Axe Murderer,Robbie Fox,TriStar Pictures,Alcatraz Island
Andrew Haigh,Looking Season 2 ep 202,Michael Lannan,HBO,601 Buena Vista Ave West
Pat O'Connor,Sweet November,Paul Yurick,Warner Bros. Pictures,"Foote, Cone & Belding (733 Front Street at Pacific)"
Richard Lester,Petulia,Lawrence B. Marcus,Warner Brothers / Seven Arts,"Japanese Tea Garden, Hagiwara Tea Garden Drive, Golden Gate Park"
Rozann Dawson,Chance Season 2,Alexandra Cunningham,Hulu,Embarcadero between Market to Fillmore St
Tom Brown,Pushing Dead,Tom Brown,TBD,"Mission Neibhrohood Health Cetner, 240 Shotweel Street"
George Seaton,Pleasure of His Company,Samuel A. Taylor,Parmaount Pictures,2700 Vallejo Street (Pacific Heights)
Joel Schumacher,Dying Young,Richard Friedenberg,Twentieth Century Fox Corporation,
George Sidney,Pal Joey,Dorothy Kingsley,Columbia Pictures,Barbary Coast
Wayne Wang,Dim Sum: A Little Bit of Heart,Terrel Seltzer,Orion Classics,San Francisco International Airport
Stanley Kramer,On the Beach,John Paxton,United Artists,
Peter Yates,Bullitt,Alan R. Trustman,Warner Brothers,CafÃ© Cantata (2040 Union Street)
Don Medford,The Organization,James R. Webb,United Artists,
Mel Brooks,High Anxiety,Mel Brooks,Twentieth Century Fox Film Corporation,"Fort Point (Presidio, Golden Gate National Recreation Area)"
David Swift,Good NeighborSam,James Fritzell,Columbia Pictures,Various locations in San Francisco during driving scene
Steven Bochcho,"Murder in the First, Season 1",Eric Lodal,Turner Network Television (TNT),369 Embarcadero
Carl Franklin,Chance- Season 1 ep104,Peter Elkoff,HULU,200 Kansas St.
Andrew Haigh,"Looking ""Special""",Michael Lannan,HBO,1246 Folsom Street
Steven Bochcho,"Murder in the First, Season 1",Eric Lodal,Turner Network Television (TNT),AT&T Park
Chris Columbus,Bicentennial Man,Nicholas Kazan,Buena Vista Pictures,Golden Gate Bridge
Ron Howard,Edtv,Lowell Ganz,MCA / Universal Pictures,Palace of Fine Arts (3301 Lyon Street)
Rozann Dawson,Chance Season 2,Alexandra Cunningham,Hulu,Haight between Central and Ashbury St
The Wachowskis,Sense8,The Wachowskis,Netflix,Harrison & 20th
Peyton Reed,Ant-Man and the Wasp,Chris McKenna,Walt Disney Studios Motion Pictures,Telegraph Hill/North Beach
Lenny Abrahamson,Chance- Season 1 ep102,Alexandra Cunningham,HULU,"State Garage, 818 Leavenworth"
Tim Burton,Big Eyes,Scott Alexander,Weinstein Company,1101 Filbert St. 
John Frankenheimer,Birdman of Alcatraz,Guy Trosper,United Artists,Pier 43 1/2
Ruben Fleischer,Venom,"Jeff Pinkner, Scott Rosenberg","Columbia Pictures, Sony Pictures Releasing",Kearny Steps/btwn Green and Pacific
Felix van Groeningen,Beautiful Boy,Luke Davies,Amazon Studios,Haight at Masonic
Annie Wang,Cardinal X,Annie Wang,,1458 33rd Ave.
Rozann Dawson,Chance Season 2,Alexandra Cunningham,Hulu,Market St at Embarcadero
