Director,Title,Locations,Distributor,Writer
Tien-Lun Yeh,A Taiwanese Tale of Two Cities,Pier 7,Netflix,"Ling-Hui Chen, Nancy Chen, Chih-Chi Fan, Chia-Hui Lin"
Gareth Edwards,Godzilla,Sacramento & Front St.,Warner Bros. Pictures,Max Borenstein
Philip Kaufman,Twisted,Piers 30-32,Paramount Pictures,Sarah Thorp
Don Siegel,Dirty Harry,"California Hall (625 Polk Street, Van Ness/Civic Center)",Warner Brothers,Harry Julian Fink
Brad Peyton,San Andreas,555 California,Warner Bros.,Allan Loeb 
Nicholas Meyer,Time After Time,Lombard & Broderick Streets (Marina District),Columbia Broadcasting System (CBS),Karl Alexander
Tom Brown,Pushing Dead,42 Walter Street,TBD,Tom Brown
Peter Yates,Bullitt,John Muir Drive (Lake Merced),Warner Brothers,Alan R. Trustman
Blake Edwards,Experiment in Terror,Candlestick Park,Columbia Pictures,The Gordons
Rozann Dawson,Chance Season 2,Embarcadero between Bay and Chestnut St,Hulu,Alexandra Cunningham
Alexandra Cunningham and Kem Nunn,Chance- Season 1 ep110,"Cliffhouse, 1090 Point Lobos Ave.",HULU,Michael Lehmann
"Alan Poul, Silas Howard, Stacie Passon",Tales of the City,Grant and Green St,Netflix,"Armistead Maupin, Lauren Morelli, Hansol Jung, Marcus Gardley"
Oded Binnun/ Michel Brezis,Etruscan Smile,"Outpost Studios, 69 Green Street",TBD,"Sarah Bellwood, Michal Lali Kagan, Michael McGowan Amital Stern, Jose Luis Sampedro"
Stanley Kramer,On the Beach,,United Artists,John Paxton
Michael Ritchie,The Candidate,"Westin St. Francis Hotel (335 Powell Street, Union Square)",Warner Bros. Pictures,Jeremy Larner
Peter Yates,Bullitt,Brocklebank Apartments (1000 Mason Street),Warner Brothers,Alan R. Trustman
Hugh Wilson,Burglar,California Academy of Sciences (Golden Gate Park),Warner Bros. Pictures,Joseph Loeb III
Marielle Heller,The Diary of a Teenage Girl,The Magazine at 920 Larkin,Sony Pictures Classics,Marielle Heller
Marielle Heller,The Diary of a Teenage Girl,SPECS' Twelve Adler Museum CafÃ©,Sony Pictures Classics,Marielle Heller
Harold Ramis,Bedazzled,1155 Filbert Street at Hyde,Twentieth Century Fox Film Corp.,Harold Ramis
Neil Jordan,Interview With The Vampire,Golden Gate Bridge,Geffen Pictures,Anne Rice
Eric von Stroheim ,Greed,Cliff House (1090 Point Lobos Avenue),Metro-Goldwyn-Mayer (MGM),Eric von Stroheim 
"Jamie Babbit, Amanda Brotchie, Steven K. Tsuchida, Christian Ditter, John Riggi",GirlBoss,Mission between 19th and 25th St.,Netflix,Kay Cannon
Noah Pritzker,Quitters,Tonga Room,,Noah Pritzker
Zal Batmanglij,The OA Part II,"Fairmont Hotel (950 Mason Street, Nob Hill)",Netflix,"Zal Batmanglij, Brit Marling"
Oded Binnun/ Michel Brezis,Etruscan Smile,"Marriott Marquis, 780 Mission Street",TBD,"Sarah Bellwood, Michal Lali Kagan, Michael McGowan Amital Stern, Jose Luis Sampedro"
Richard Lester,Petulia,Pier 43 1/2,Warner Brothers / Seven Arts,Lawrence B. Marcus
Richard Marquand,Jagged Edge,City Hall,Columbia Pictures,Joe Eszterhas
Oded Binnun/ Michel Brezis,Etruscan Smile,"Bentley Reserve, 301 Battery Street",TBD,"Sarah Bellwood, Michal Lali Kagan, Michael McGowan Amital Stern, Jose Luis Sampedro"
Gabriele Muccino,Summertime,Stanyan & Belgrave,8 Distribution,Gabriele Muccino
The Wachowskis,Sense8,16th St.,Netflix,The Wachowskis
Stuart Rosenberg,The Laughing Policeman,,American Broadcasting Company (ABC),Thomas Rickman
Henry Koster,Flower Drum Song,Chinatown,Universal Pictures,Joseph Fields
Mel Brooks,High Anxiety,"Fort Point (Presidio, Golden Gate National Recreation Area)",Twentieth Century Fox Film Corporation,Mel Brooks
Andrew Haigh,Looking,The CafÃ© at 2369 Market St.,Home Box Office (HBO),Michael Lannan
Woody Allen,Blue Jasmine,Grant & Washington St.,Sony Pictures Classics,Woody Allen
Brad Peyton,San Andreas,Washington Square,Warner Bros.,Allan Loeb 
David Lowell Rich,Chu Chu and the Philly Flash,Transbay Terminal (Mission Street at 1st Street),Columbia Broadcasting System (CBS),Barbara Dana
Tiffanie DeBartolo,Dream for an Insomniac,Elbo Room (647 Valencia Street),Columbia TriStar Home Video,Tiffanie DeBartolo
Chris Columbus,Nine Months,The Malloch Apartment Building (1360 Montgomery Street),Twentieth Century Fox Film Corp.,Chris Columbus
Lina Wertmuller,A Night Full of Rain,Embarcadero Freeway,Warner Bros. Pictures,Lina Wertmuller
Ted Post,Magnum Force,City Hall,Warner Bros. Pictures,John Milius
Delmer Daves,Dark Passage,"Filbert Steps, Filbert Street",Warner Bros. Pictures,Delmer Daves & David Goodis
Lenny Abrahamson,Chance - Season 1 Pilot,Jefferson Square Park,HULU,Alexandra Cunningham and Kem Nunn
Justin Kelly,I Am Michael,Flint & 16th (Castro),,Justin Kelly
Carl Franklin,Chance- Season 1 ep104,200 Kansas St.,HULU,Peter Elkoff
Andrew Haigh,"Looking ""Special""",Castro Street between 17th & 18th,HBO,Michael Lannan
The Wachowskis,Sense8,20th,Netflix,The Wachowskis
Adam Shankman,The Wedding Planner,Montgomery Street at Union Street,Sony Pictures Entertainment,Pamela Falk
Felix van Groeningen,Beautiful Boy,18th St at San Bruno Ave.,Amazon Studios,Luke Davies
Thomas Balmes,Babies,,Focus Features,Thomas Balmes
Gabriele Muccino,Summertime,Broadway and Taylor St Intersection,3 Distribution,Gabriele Muccino
Alan Taylor,Terminator - Genisys,Powell St at Geary St,Paramount Pictures,James Cameron
Tom Brown,Pushing Dead,"915 Naples, San Francisco",TBD,Tom Brown
Blake Edwards,Experiment in Terror,2632 Larkin Street at Lombard,Columbia Pictures,The Gordons
Andrew Haigh,Looking Season 2 ep 202,601 Buena Vista Ave West,HBO,Michael Lannan
Rozann Dawson,Chance Season 2,Scott St between Jackson and Clay St,Hulu,Alexandra Cunningham
Carl Franklin,Chance- Season 1 ep104,"Agua Vista Park at Mission Rock, 817 Terry A Francois Blvd.",HULU,Peter Elkoff
Henry King,Alexander's Ragtime Band,"Fairmont Hotel (950 Mason Street, Nob Hill)",Twentieth Century Fox Film Corporation,Kathryn Scola
Alan Taylor,Terminator - Genisys,Bush St. at Stockton St.,Paramount Pictures,James Cameron
Zachary Shedd,Americana,Laguna Honda Hospital; 375 Laguna Honda Blvd.,,Zachary Shedd
Clint Eastwood,Hereafter,The Final Final (2990 Baker Street),Warner Bros. Pictures,Peter Morgan
Pat O'Connor,Sweet November,Christopher's Books (1400 18th Street),Warner Bros. Pictures,Paul Yurick
Carl Franklin,Chance- Season 1 ep104,Palace of Fine Arts,HULU,Peter Elkoff
Zachary Shedd,Americana,John Shelley Drive John McLaren Park,,Zachary Shedd
Brad Peyton,San Andreas,Mission between 3rd and 4th St.,Warner Bros.,Allan Loeb
Felix van Groeningen,Beautiful Boy,Haight at Masonic,Amazon Studios,Luke Davies
Alexandra Cunningham and Kem Nunn,Chance- Season 1 ep110,1 Urbano,HULU,Michael Lehmann
Tien-Lun Yeh,A Taiwanese Tale of Two Cities,San Francisco City Hall,Netflix,"Ling-Hui Chen, Nancy Chen, Chih-Chi Fan, Chia-Hui Lin"
Andrew Haigh,Looking,Muni line N- Judah,Home Box Office (HBO),Michael Lannan
Peyton Reed,Ant-Man and the Wasp,Financial District,Walt Disney Studios Motion Pictures,Chris McKenna
Buddy Van Horn,The Dead Pool,"San Francisco National Military Cemetery (Lincoln Blvd., The Presidio, Golden Gate National Recreation Center)",Warner Bros. Pictures,Harry Julian Fink
Philip Kaufman,Invasion of the Body Snatchers,Lafayette Park (Pacific Heights),United Artists,Jack Finney
Mike Nichols,The Graduate,San Francisco Zoo (2701 Sloat Blvd.),Embassy Pictures Corporation,Calder Willingham
Alfred Hitchcock,Marnie,"On Board the SS President Cleveland, docked at Pier 50",Universal Pictures,Jay Presson Allen
Chris Columbus,Rent,Treasure Island,Columbia Pictures,Stephen Chbosky
Tom Brown,Pushing Dead,"Cordova Market, 301 Rolph Street, San Francisco",TBD,Tom Brown
Wachowski Siblings,Sense8 - Season 2,"City Lights Bookstore, 261 Columbus Ave.",Netflix,"J. Michael Straczynski, Wachowiski Siblings"
Carlo Caldana,"Smile Again, Jenny Lee",Clay St. at Sansome,,Linda Demetrick
Thomas Schlamme,So I Married an Axe Murderer,City Light Bookstore (261 Columbus Avenue),TriStar Pictures,Robbie Fox
Peter Segal,50 First Dates,Rainforest CafÃ© (145 Jefferson Street),Columbia Pictures,George Wing
Pat O'Connor,Sweet November,Hotel Majestic (1500 Sutter Street),Warner Bros. Pictures,Paul Yurick
Alfred Hitchcock,Vertigo,York Hotel (940 Sutter Street),Paramount Pictures,Alec Coppel
Gabriele Muccino,Summertime,Love Street Vintage (1506 Haight & adjacent Haight sidewalk_,6 Distribution,Gabriele Muccino
Blake Edwards,Experiment in Terror,100 St. Germain Avenue,Columbia Pictures,The Gordons
Julian Farino,Ballers Season 3,"Huntington Park (California & Taylor Streets, Nob Hill)",HBO,Stephen Levinson
Peyton Reed,Ant-Man and the Wasp,Saint Louis Alley at Jackson,Walt Disney Studios Motion Pictures,Chris McKenna
Alon Aranya,Red Widow,2nd St & Howard,American Broadcasting Company (ABC),Melissa Rosenberg
Gabriele Muccino,Summertime,53 Potomac St,14 Distribution,Gabriele Muccino
Mike Judge,Silicon Valley Season 4,Howard St between 3rd and 4th St.,HBO,John Altschuler
Jonathan Parker,The Californians,,Fabrication Films,Jonathan Parker & Catherine DiNapoli
Buddy Van Horn,The Dead Pool,"The Cannery (281 Leavenworth Street, Fisherman's Wharf)",Warner Bros. Pictures,Harry Julian Fink
The Wachowskis,Sense8,Market St. overpass,Netflix,The Wachowskis
Andrew Haigh,Looking Season 2 ep 205,24th Between Portrero & Alabama,HBO,Michael Lannan
Buddy Van Horn,The Dead Pool,22nd Bet. Carolina & Rhode Island Streets (Potrero Hill),Warner Bros. Pictures,Harry Julian Fink
Sara Gran,Chance- Season 1 ep106,Treasure Island,HULU,Dan Attias
Andrew Haigh,Looking Season 2 ep 210,"Mission Rec Center, 2450 Harrison Street",HBO,Michael Lannan
Nicholas Meyer,Time After Time,One Embarcadero Center (Financial District),Columbia Broadcasting System (CBS),Karl Alexander
Gareth Edwards,Godzilla,Mission & Fremont St,Warner Bros. Pictures,Max Borenstein
Steven Bochcho,"Murder in the First, Season 2",901 Missouri Street,Turner Network Television (TNT),Eric Lodal
Leonard Nimoy,Star Trek IV: The Voyage Home,Intersection of Columbus & Kearney Streets,Paramount Pictures,Steve Meerson
Marielle Heller,The Diary of a Teenage Girl,Tank Hill Park,Sony Pictures Classics,Marielle Heller
Brad Silberling,City of Angels,San Francisco Public Library Main Branch (100 Larkin Street),Warner Bros. Pictures,Dana Stevens
Matthew Huffman,Playing Mona Lisa,Conservatory of Flowers (Golden Gate Park),Buena Vista Pictures,Marni Freedman
Philip Kaufman,Hemingway & Gelhorn,Muni Metro East (501 Cesar Chavez),Home Box Office (HBO),Jerry Stahl & Barbara Turner
Don Siegel,The Lineup,The Embarcadero,Columbia Pictures,Stirling Silliphant
Robert Stevenson,Herbie Rides Again,Sheraton Palace Hotel (639 Market Street),Buena Vista Distribution,Bill Walsh
Don Siegel,The Lineup,"Mark Hopkins Intercontinental Hotel (1 Nob Hill Circle, Nob Hill)",Columbia Pictures,Stirling Silliphant
"Jamie Babbit, Amanda Brotchie, Steven K. Tsuchida, Christian Ditter, John Riggi",GirlBoss,"Mission Thrift, 2330 Mission St.",Netflix,Kay Cannon
David Fincher,The Game,City Club (155 Sansome Street),Polygram Filmed Entertainment,John Brancato
Buddy Van Horn,The Dead Pool,One Thousand Powell Apartments (1000 Powell Street),Warner Bros. Pictures,Harry Julian Fink
Chris Columbus,Nine Months,60 Spear Street,Twentieth Century Fox Film Corp.,Chris Columbus
Betty Thomas,Doctor Dolittle,Coit Tower,Twentieth Century Fox Film Cooperation,Nat Mauldin
George Nolfi,Birth of the Dragon,Leavenworth at Green,Kylin Pictures,"Christopher Wilkinson, Stephen J. Rivele"
Andrew Haigh,Looking Season 2 ep 206,1890 Clay Street,HBO,Michael Lannan
Phil Joanou,Final Analysis,"Public Health Service Hospital (Presidio, Golden Gate National Recreation Area)",Warner Bros. Pictures,Robert Berger
Gareth Edwards,Godzilla,Pine St. & Davis St,Warner Bros. Pictures,Max Borenstein
Rupert Wainwright,Stigmata,19th and Kansas St.,Metro-Goldwyn Mayer Distributing,Tom Lazarus
Lina Wertmuller,A Night Full of Rain,San Francisco Chronicle (901 Mission Street at 15th Street),Warner Bros. Pictures,Lina Wertmuller
Gus Van Sant,When We Rise,United Nations Plaza,Amercian Broadcasting Company,Dustin Lance Black
Marielle Heller,The Diary of a Teenage Girl,Geary St. from Polk to Larkin,Sony Pictures Classics,Marielle Heller
Peyton Reed,Ant-Man and the Wasp,Java St,Walt Disney Studios Motion Pictures,Chris McKenna
Andrew Haigh,Looking,Treasure Island,Home Box Office (HBO),Michael Lannan
Carl Franklin,Chance- Season 1 ep104,15th St. between Vermont and Kansas,HULU,Peter Elkoff
Sam Weisman,George of the Jungle,First Bank (550 Montgomery Street at Commercial),Buena Vista Pictures,Jay Ward
Steven Bochcho,"Murder in the First, Season 2",Columbus Avenue between Washington and Bay Streets,Turner Network Television (TNT),Eric Lodal
Sara Gran and Pete Begler,Chance- Season 1 ep109,2 Rowland,HULU,Dan Attias
Alexandra Cunningham and Kem Nunn,Chance- Season 1 ep110,San Francisco General Hospital,HULU,Michael Lehmann
John Glen,A View to a Kill,Port of San Francisco,MGM/UA Entertainment Company,Richard Maibaum
Norman Foster,Woman on the Run,835-865 Market Street at 5th Street,Universal Pictures,Norman Foster
Ryan K. Whiting,Broken-A Modern Love Story,Ina Coolbrith Park (1700 Taylor Street),,Ryan K. Whiting
Jacob Kornbluth,Love & Taxes,198 Gough Street,,Jacob Kornbluth
Brian Ging,American Yearbook,,,Brian Ging
Chris Columbus,Rent,Treasure Island,Columbia Pictures,Stephen Chbosky
Alan Taylor,Terminator - Genisys,Construction Site in front of 260 Stockton St. at Post St.,Paramount Pictures,James Cameron
Randa Haines,The Doctor,,Buena Vista Pictures,Robert Caswell
Woody Allen,Take the Money and Run,Mission Street,Cinerama Releasing Corporation,Woody Allen
George Nolfi,Birth of the Dragon,Waverly Pl between Washington and Sacramento,Kylin Pictures,"Christopher Wilkinson, Stephen J. Rivele"
Gary Sinyor,The Bachelor,Washington Square Park (North Beach),New Line Cinema,Steve Cohen
Woody Allen,Blue Jasmine,1138 Alabama St,Sony Pictures Classics,Woody Allen
John Boorman,Point Blank,"Fort Point (Presidio, Golden Gate National Recreation Area)",Metro-Goldwyn Mayer,Alexander Jacobs
Justin Kelly,I Am Michael,F Train,,Justin Kelly
Blake Edwards,Experiment in Terror,The Sea Captain's Chest (Fisherman's Wharf),Columbia Pictures,The Gordons
John Guillermin,The Towering Inferno,"Hyatt Regency Hotel (5 Embarcadero Center, Financial District)",Twentieth Century - Fox,Stirling Silliphant
George Lucas,American Graffiti,3355 Geary Blvd.,Universal Pictures',George Lucas
Peyton Reed,Ant-Man and the Wasp,Telegraph Hill/North Beach,Walt Disney Studios Motion Pictures,Chris McKenna
David Miller,Sudden Fear,Lombard Street,RKO Pictures,Lenore J. Coffee
Gary Sinyor,The Bachelor,Moose's Restaurant (1652 Stockton),New Line Cinema,Steve Cohen
Matt Reeves,Dawn of the Planet of the Apes,Columbus & Pacific Ave,Twentieth Century Fox,Rick Jaffa
Noah Pritzker,Quitters,McLaren Lodge,,Noah Pritzker
Rozann Dawson,Chance Season 2,Mason between Sacramento and California St,Hulu,Alexandra Cunningham
Richard Rush,Freebie and the Bean,Potrero Hill,American Broadcasting Company (ABC),Robert Kaufman
Ruben Fleischer,Venom,Montgomery St and Vallejo St,"Columbia Pictures, Sony Pictures Releasing","Jeff Pinkner, Scott Rosenberg"
John Glen,A View to a Kill,City Hall,MGM/UA Entertainment Company,Richard Maibaum
Paul Schrader,Patty Hearst,"Postcard Row (Alamo Square, Hayes Valley)",Atlantic Releasing Corporation,Nicholas Kazan
Buddy Van Horn,The Dead Pool,550 El Camino Del Mar (Seacliff),Warner Bros. Pictures,Harry Julian Fink
Andrew Haigh,Looking Season 2 ep 210,67 Deming Street,HBO,Michael Lannan
Richard Rush,Freebie and the Bean,Twin Peaks,American Broadcasting Company (ABC),Robert Kaufman
Alexandra Cunningham and Kem Nunn,Chance- Season 1 ep110,18 Urbano,HULU,Michael Lehmann
Tomas Gislason,Heart and Souls,2810 Pacific Avenue,Electric Parc,Tomas Gislason
George Nolfi ,Birth of the Dragon,Leavenworth at Union,Kylin Pictures,"Christopher Wilkinson, Stephen J. Rivele"
David Swift,Good NeighborSam,Various locations in San Francisco during driving scene,Columbia Pictures,James Fritzell
Wachowski Siblings,Sense8 - Season 2,"Julia Morgan Ballroom at the Merchant's Exchange Building, 465 California St.",Netflix,"J. Michael Straczynski, Wachowiski Siblings"
Sam Weisman,George of the Jungle,Bay Bridge,Buena Vista Pictures,Jay Ward
Buddy Van Horn,The Dead Pool,Fremont Street Exit of Bay Bridge,Warner Bros. Pictures,Harry Julian Fink
Wayne Wang,Chan is Missing,Golden Dragon Restaurant (816 Washington Street at Grant),New Yorker Films,Wayne Wang
Alexandra Cunningham and Kem Nunn,Chance- Season 1 ep110,San Francisco General Hospital,HULU,Michael Lehmann
Greg Harrison,Groove,435 23rd Street at Illinois,Sony Pictures Classics,Greg Harrison
David Fincher,The Game,"Stockton Tunnel Southern Approach Overhang (Bush & Stockton Streets, Chinatown)",Polygram Filmed Entertainment,John Brancato
Peter Yates,Bullitt,Larkin & Francisco Streets (Russian Hill),Warner Brothers,Alan R. Trustman
Andrew Haigh,Looking Season 2 ep 203,"Mad Dog Bar, 530 Haight Street",HBO,Michael Lannan
Nicholas Meyer,Time After Time,Lombard & Divisadero Streets (Marina District),Columbia Broadcasting System (CBS),Karl Alexander
Andrew Haigh,Looking Season 2 ep 204,Castro Street @ 18th street,HBO,Michael Lannan
Henry King,Alexander's Ragtime Band,Cliff House (1090 Point Lobos Avenue),Twentieth Century Fox Film Corporation,Kathryn Scola
Francis Ford Coppola,The Conversation,Alamo Square (Hayes Valley),Paramount Pictures,Francis Ford Coppola
Peter Bogdanovich,What's Up Doc?,Alta Plaza Park (Steiner Street),Warner Bros. Pictures,Peter Bogdanovich & Buck Henry
W.S. Van Dyke,After the Thin Man,Coit Tower,Metro-Goldwyn Mayer,Frances Goodrich
Andrew Haigh,"Looking ""Special""","The End Up, 401 6th Streeet",HBO,Michael Lannan
Orson Welles,The Lady from Shanghai,Former Hall of Justice (750 Kearny Street at Washington),Columbia Pictures,Orson Welles
John Schlesinger,Pacific Heights,Texas & 19th Streets (Potrero Hill),Twentieth Century Fox Film Corporation,Daniel Pyne
Wachowski Siblings,Sense8 - Season 2,Castle between Union and Green,Netflix,"J. Michael Straczynski, Wachowiski Siblings"
Hugh Wilson,Burglar,1627 Haight Street,Warner Bros. Pictures,Joseph Loeb III
Matt Reeves,Dawn of the Planet of the Apes,California & Powell ,Twentieth Century Fox,Rick Jaffa
Wolfgang Petersen,Shattered,,Metro-Goldwyn-Mayer,Wolfgang Petersen
Blake Edwards,Experiment in Terror,"Wells Fargo Bank (1 California Street, Financial District)",Columbia Pictures,The Gordons
Don Siegel,The Lineup,"Mark Hopkins Intercontinental Hotel (1 Nob Hill Circle, Nob Hill)",Columbia Pictures,Stirling Silliphant
Richard Rush,Freebie and the Bean,Embarcadero Freeway,American Broadcasting Company (ABC),Robert Kaufman
Nicholas Meyer,Time After Time,Chestnut & Divisadero Streets (Marina District),Columbia Broadcasting System (CBS),Karl Alexander
Andrew Haigh,Looking Season 2 ep 204,1890 Clay Street,HBO,Michael Lannan
John Byrum,Heart Beat,City Lights Bookstore (261 Columbus),Orion Pictures Corporation,John Byrum
Wachowski Siblings,Sense8 - Season 2,Castle between Union and Green,Netflix,"J. Michael Straczynski, Wachowiski Siblings"
Alfred Hitchcock,Vertigo,"Fairmont Hotel (950 Mason Street, Nob Hill)",Paramount Pictures,Alec Coppel
Rozann Dawson,Chance Season 2,Palace of Fine Arts (3301 Lyon Street),Hulu,Alexandra Cunningham
Walter Salles,On the Road,Bay Bridge,IFC Films & Sundance Selects,Jack Kerouac & Jose Rivera
Ruben Fleischer,Venom,Grant Ave btwn Clay and Jackson,"Columbia Pictures, Sony Pictures Releasing","Jeff Pinkner, Scott Rosenberg"
David Miller,Midnight Lace,"Fairmont Hotel (950 Mason Street, Nob Hill)",Universal Pictures,Ivan Goff
Hal Ashby,Harold and Maude,Conservatory of Flowers (Golden Gate Park),Paramount Pictures,Colin Higgins
Andrew Haigh,"Looking ""Special""",San Francisco City Hall,HBO,Michael Lannan
Peter Yates,Bullitt,McLaren Park (Visitacion  Valley),Warner Brothers,Alan R. Trustman
"Jamie Babbit, Amanda Brotchie, Steven K. Tsuchida, Christian Ditter, John Riggi",GirlBoss,"Musee Mecanique, Fisherman's Wharf",Netflix,Kay Cannon
Tom Brown,Pushing Dead,1069 Tennessee Street,TBD,Tom Brown
Peter Weir,Fearless,Bank of America Building (555 California Street),Warner Bros. Pictures,Rafael Yglesias
Peter Yates,Bullitt,Kennedy Hotel (226 Embarcadero at Howard Street),Warner Brothers,Alan R. Trustman
Marielle Heller,The Diary of a Teenage Girl,304 Lily St.,Sony Pictures Classics,Marielle Heller
Philip Kaufman,The Right Stuff,"American Can Company (Between Illinois & Kentucky, 20th and 22nd Streets)",The Ladd Company,Philip Kaufman
Gus Van Sant,When We Rise,426 Castro St.,Amercian Broadcasting Company,Dustin Lance Black
George Nolfi,Birth of the Dragon,Pier 45 - Jeremiah O'Brien Liberty Ship,Kylin Pictures,"Christopher Wilkinson, Stephen J. Rivele"
Andrew Haigh,"Looking ""Special""",10th Street between Market & Mission,HBO,Michael Lannan
J.J. Abrams,Alcatraz,Filbert St. from Jones to Mason,Warner Bros. Television,Steven Lilien
George Sidney,Pal Joey,Coit Tower,Columbia Pictures,Dorothy Kingsley
"Jamie Babbit, Amanda Brotchie, Steven K. Tsuchida, Christian Ditter, John Riggi",GirlBoss,Fillmore between Haight and Waller,Netflix,Kay Cannon
Peter Yates,Bullitt,Intersection of York & Peralta (Bernal Heights),Warner Brothers,Alan R. Trustman
Eric von Stroheim ,Greed,Hayes Street at Laguna,Metro-Goldwyn-Mayer (MGM),Eric von Stroheim 
Alfred Hitchcock,Family Plot,Nob Hill,Universal Pictures,Ernest Lehman
Sara Gran,Chance- Season 1 ep106,2 Rowland,HULU,Dan Attias
Betty Thomas,Doctor Dolittle,Telegraph Hill Blvd (Telegraph Hill),Twentieth Century Fox Film Cooperation,Nat Mauldin
Andrew Haigh,Looking Season 2 ep 209,1246 Folsom Street,HBO,Michael Lannan
Harriet Dodge & Silas Howard,By Hook or By Crook,The Lexington Club (3464 19th Street at Lexington),Artistic License,Harriet Dodge & Silas Howard
Peter Hyams,The Presidio,Market & 2nd Streets,Paramount Pictures,Larry Ferguson
Oded Binnun/ Michel Brezis,Etruscan Smile,"St Regis Hotel, 125 3rd Street",TBD,"Sarah Bellwood, Michal Lali Kagan, Michael McGowan Amital Stern, Jose Luis Sampedro"
Alon Aranya,Red Widow,2nd St & Howard,American Broadcasting Company (ABC),Melissa Rosenberg
Julian Farino,Ballers Season 3,"Fairmont Hotel (950 Mason Street, Nob Hill)",HBO,Stephen Levinson
Michael Lehmann,Chance- Season 1 ep103,350 Santa Ana Ave.,HULU,Kem Nunn
Zal Batmanglij,The OA Part II,Washington btwn Gough and Octavia St,Netflix,"Zal Batmanglij, Brit Marling"
Andrew Haigh,Looking,1890 Clay St.,Home Box Office (HBO),Michael Lannan
Tom Brown,Pushing Dead,Koshland Park,TBD,Tom Brown
Andrew Haigh,Looking,Golden Gate Park,Home Box Office (HBO),Michael Lannan
Andrew Haigh,Looking Season 2 ep 202,651 Brannan Street,HBO,Michael Lannan
Michael Bay,The Rock,New Russian Hill Market (1198 Pacific Avenue at Jones),Buena Vista Pictures,David Weisberg
Pat O'Connor,Sweet November,Blooms Saloon (18th Street between Missouri and Texas Streets),Warner Bros. Pictures,Paul Yurick
Alexandra Cunningham and Kem Nunn,Chance- Season 1 ep107,145 Barlett St.,HULU,Michael Lehmann
Marielle Heller,The Diary of a Teenage Girl,770 Haight St.,Sony Pictures Classics,Marielle Heller
Joseph L. Mankiewicz,All About Eve,Curran Theater (445 Geary Street),Twentieth Century Fox Film Corp.,Joseph L. Mankiewicz
Nicholas Meyer,Time After Time,Old St. Mary's Church (660 California Street at Grant),Columbia Broadcasting System (CBS),Karl Alexander
Ron Howard,Edtv,1138 Filbert Street,MCA / Universal Pictures,Lowell Ganz
Alan Parker,Shoot the Moon,"Fairmont Hotel (950 Mason Street, Nob Hill)",Metro-Goldwyn-Mayer (MGM),Bo Goldman
Hugh Wilson,Burglar,1400 18th Street,Warner Bros. Pictures,Joseph Loeb III
John Carpenter,Memoirs of an Invisible Man,St. Elizabeth Apartment House (901 Powell Street at Sacramento),Warner Bros. Pictures,Robert Collector
Joel Schumacher,Dying Young,,Twentieth Century Fox Corporation,Richard Friedenberg
Dean Holland,Parks and Recreation,Columbus and Green,"NBC Universal Media, LLC",Greg Daniels
Alan Taylor,Terminator - Genisys,California St. between Drumm St. and Kearny St.,Paramount Pictures,James Cameron
John Madden,Golden Gate,Golden Gate Bridge,The Samuel Goldwyn Company,David Henry Hwang
Jon Amiel,Copycat,82 & 67 Rico Way (Marina District),Warner Bros. Pictures,Ann Biderman
Andrew Haigh,Looking Season 2 ep 210,67 Deming Street,HBO,Michael Lannan
Sara Gran and Pete Begler,Chance- Season 1 ep109,60 Leavenworth St.,HULU,Dan Attias
Peter Weir,Fearless,Bank of America Building (555 California Street),Warner Bros. Pictures,Rafael Yglesias
Annie Wang,Cardinal X,Lyon at Chestnut St.,,Annie Wang
Nahnatchka Khan,Always Be My Maybe,Fairmont Hotel - Penthouse Suite,Netflix,"Michael Golamco, Randall Park, Ali Wong"
Andrzej Bartkowiak,Romeo Must Die,Chinatown,Warner Bros. Pictures,Mitchell Kapner
John Guillermin,The Towering Inferno,Grace Cathedral Episcopal Church (1100 California Street),Twentieth Century - Fox,Stirling Silliphant
William Friedkin,Jade,"Japanese Tea Garden (Hagiwara Tea Garden Drive, Golden Gate Park)",Paramount Pictures,Joe Eszterhas
Alfred Hitchcock,Vertigo,Conservatory of Flowers (Golden Gate Park),Paramount Pictures,Alec Coppel
Martin Jay Sadoff,The Last of the Gladiators,,Evel Videos,Martin Jay Sadoff
Terry Zwigoff,"Budding Prospects, Pilot",951 Hudson Avenue,Amazon ,"Melissa Axelrod, T. C. Boyle (based on the book by)"
Gene Wilder,The Woman In Red,Brocklebank Apartments (1000 Mason Street),MGM Home Entertainment,Jean Loup Dabadie & Yves Robert
Wim Wenders,Until the End of the World,"Tosca CafÃ© (242 Columbus Avenue, North Beach)",Warner Bros. Pictures,Wim Wenders
Lee Toland Krieger,Age of Adaline,Montgomery/Green,,J. Mills Goodloe
Gus Van Sant,When We Rise,"Twin Peaks Bar, 401 Castro",Amercian Broadcasting Company,Dustin Lance Black
William Arntz,What the Bleep Do We Know,Golden Gate National Recreation Area,Samuel Goldwyn Films,William Arntz & Betsy Chasse
Garry Marshall,The Other Sister,Transbay Terminal (Mission Street at 1st Street),Buena Vista Pictures,Garry Marshall
Ted Post,Magnum Force,2190 Washington Street (Pacific Heights),Warner Bros. Pictures,John Milius
Andrew Haigh,Looking Season 2 ep 203,"Boxer Stadium, 166 Havelock Street",HBO,Michael Lannan
Stanley Kramer,Guess Who's Coming to Dinner,634 Raycliff Terrace,Columbia Pictures,William Rose
Ted Post,Magnum Force,Broadway Tunnel (Russian Hill),Warner Bros. Pictures,John Milius
Oded Binnun/ Michel Brezis,Etruscan Smile,Hooker Alley Garden on Mason between Bush & Pine,TBD,"Sarah Bellwood, Michal Lali Kagan, Michael McGowan Amital Stern, Jose Luis Sampedro"
Gary Sinyor,The Bachelor,Sutter-Stockton Garage (330 Sutter Street at Stockton),New Line Cinema,Steve Cohen
Oded Binnun/ Michel Brezis,Etruscan Smile,Jones @ Broadway,TBD,"Sarah Bellwood, Michal Lali Kagan, Michael McGowan Amital Stern, Jose Luis Sampedro"
Richard Rush,Freebie and the Bean,Alco Plaza,American Broadcasting Company (ABC),Robert Kaufman
Mel Brooks,High Anxiety,Hyatt Regency Hotel (5 Embarcadero Center),Twentieth Century Fox Film Corporation,Mel Brooks
Herbert Ross,"Play it Again, Sam",Balboa at 22nd Avenue,Paramount Pictures,Woody Allen
H.P. Mendoza,Bitter Melon,600 Niagara Ave,"ABS-CBN, Gravitas Ventures",H.P. Mendoza
Bruce Humberstone,"Hello Frisco, Hello",,Twentieth Century Fox Film Corporation,Robert Ellis
Lenny Abrahamson,Chance - Season 1 Pilot,"William Stout Architectural Books, 804 Montgomery St.",HULU,Alexandra Cunningham and Kem Nunn
Andrew Haigh,"Looking ""Special""",Point Lobos Avenue,HBO,Michael Lannan
Brad Peyton,San Andreas,"Asia Star Fantasy, 1126 Grant Ave.",Warner Bros.,Allan Loeb 
Lenny Abrahamson,Chance - Season 1 Pilot,"Ellis Food Center, 398 Ellis",HULU,Alexandra Cunningham and Kem Nunn
Brad Peyton,San Andreas,2nd St. at Townsend St.,Warner Bros.,Allan Loeb 
Nicholas Meyer,Time After Time,100 Block of Union Street (Cow Hollow),Columbia Broadcasting System (CBS),Karl Alexander
Gary Sinyor,The Bachelor,Danilo's Bakery (Green Street & Bannam Place),New Line Cinema,Steve Cohen
James Fargo,The Enforcer,23rd & Capp Streets (Mission District),Warner Bros. Pictures,Stirling Silliphant
Rozann Dawson,Chance Season 2,Embarcadero at Lombard St.,Hulu,Alexandra Cunningham
Rozann Dawson,Chance Season 2,Scott St between Jackson and Clay St,Hulu,Alexandra Cunningham
John DeBello,Attack of the Killer Tomatoes,Hyde Street Cable Car,NAI Entertainment,John DeBello
Don Siegel,The Lineup,"Steinhart Aquarium (California Academy of Sciences, Golden Gate Park)",Columbia Pictures,Stirling Silliphant
Rozann Dawson,Chance Season 2,Lombard St between Leavenworth and Hyde St,Hulu,Alexandra Cunningham
"Jamie Babbit, Amanda Brotchie, Steven K. Tsuchida, Christian Ditter, John Riggi",GirlBoss,Grant between California and Washington,Netflix,Kay Cannon
Ivan Reitman,Junior,"Postcard Row (Alamo Square, Hayes Valley)",Universal Pictures,Kevin Wade
Rozann Dawson,Chance Season 2,Embarcadero between Market to Fillmore St,Hulu,Alexandra Cunningham
Buddy Van Horn,The Dead Pool,Folsom & Essex Streets,Warner Bros. Pictures,Harry Julian Fink
Andrew Haigh,Looking Season 2 ep 208,1246 Folsom Street,HBO,Michael Lannan
Chris Columbus,Mrs. Doubtfire,516 Green Street,Twentieth Century Fox Film Corporation,Randi Mayem Singer
Peter Hyams,The Presidio,Golden Gate Bridge,Paramount Pictures,Larry Ferguson
Andrew Haigh,Looking Season 2 ep 203,"Balboa pool Lot, San Jose Avenue & Havelock St",HBO,Michael Lannan
Carlo Caldana,"Smile Again, Jenny Lee",Kansas St at 17th St.,,Linda Demetrick
John Huston,The Maltese Falcon,Ferry Building,Warner Bros. Pictures,John Huston
Peter Bogdanovich,What's Up Doc?,San Francisco Hilton (333 O'Farrell Street),Warner Bros. Pictures,Peter Bogdanovich & Buck Henry
Mark J. Kunerth,About a Boy,Crissy Field,National Broadcasting Company,Jason Katims
John Glen,A View to a Kill,Chinatown,MGM/UA Entertainment Company,Richard Maibaum
Ryan K. Whiting,Broken-A Modern Love Story ,Ina Coolbrith Park (1700 Taylor Street),,Ryan K. Whiting
Richard Rush,Freebie and the Bean,Alco Plaza,American Broadcasting Company (ABC),Robert Kaufman
Peyton Reed,Ant-Man and the Wasp,Montgomery btwn Green and Pacific,Walt Disney Studios Motion Pictures,Chris McKenna
Ruben Fleischer,Venom,California St at Montgomery St,"Columbia Pictures, Sony Pictures Releasing","Jeff Pinkner, Scott Rosenberg"
Robert Iscove,Boys and Girls,628 Cole Street,Dimension Films,The Drews
Zal Batmanglij,The OA Part II,Harrison St to Beale St to Bryant St,Netflix,"Zal Batmanglij, Brit Marling"
Nicholas Meyer,Star Trek II : The Wrath of Khan,Golden Gate Park,Paramount Pictures,Jack B. Sowards
Philip Kaufman,Invasion of the Body Snatchers,"Postcard Row (Alamo Square, Hayes Valley)",United Artists,Jack Finney
Andrew Haigh,Looking Season 2 ep 209,1890 Clay Street,HBO,Michael Lannan
Gary Sinyor,The Bachelor,Nina M. Designs (52 2nd Street at Jessie),New Line Cinema,Steve Cohen
Danny Boyle,Steve Jobs,Castro St. between 21st an Hill St,Universal Pictures,Aaron Sorkin
Felix van Groeningen,Beautiful Boy,"Olympic Flame CafÃ©, 555 Geary St",Amazon Studios,Luke Davies
Henry King,Alexander's Ragtime Band,San Francisco Bay,Twentieth Century Fox Film Corporation,Kathryn Scola
Michael Lehmann,Chance- Season 1 ep103,Forrest Hill Muni Station,HULU,Kem Nunn
Robert Iscove,Boys and Girls,Coit Tower,Dimension Films,The Drews
Julian Farino,Ballers Season 3,Driving around Taylor/Pacific/Leavenworth,HBO,Stephen Levinson
Andrew Haigh,"Looking ""Special""","Philz Coffee, 1258 Minnesota Street",HBO,Michael Lannan
Mel Brooks,High Anxiety,"Conservatory of Flowers, Golden Gate Park",Twentieth Century Fox Film Corporation,Mel Brooks
Michael Bay,The Rock,Coit Tower,Buena Vista Pictures,David Weisberg
Orson Welles,The Lady from Shanghai,Golden Gate Park,Columbia Pictures,Orson Welles
Shawn Levy,The Internship,Grant Ave from Sacramento to Clay,Twentieth Century Fox Film Corporation,Vince Vaughn
Tim Burton,Big Eyes,Saints Peter & Paul Church,Weinstein Company,Scott Alexander
Noah Pritzker,Quitters,McLaren Lodge,,Noah Pritzker
Don Siegel,The Lineup,The Embarcadero,Columbia Pictures,Stirling Silliphant
Wachowski Siblings,Sense8 - Season 2,"The Castro Theater, 429 Castro St.",Netflix,"J. Michael Straczynski, Wachowiski Siblings"
Woody Allen,Blue Jasmine,200 Post St. ,Sony Pictures Classics,Woody Allen
Brad Peyton,San Andreas,"Asia Star Fantasy, 1126 Grant Ave.",Warner Bros.,Allan Loeb
Chris Columbus,Nine Months,Star's CafÃ© (55 Golden Gate Avenue at Van Ness),Twentieth Century Fox Film Corp.,Chris Columbus
The Wachowskis,Sense8,Folsom,Netflix,The Wachowskis
Carlo Caldana,"Smile Again, Jenny Lee",333 Pacheco St at Lopez Ave.,,Linda Demetrick
Emile Ardolino,Sister Act,"St. Paul's Church (Church Street, Noe Valley)",Buena Vista Pictures,Joseph Howard
Andrew Haigh,Looking Season 2 ep 203,"Doc's Clock, 2575 Misison Street",HBO,Michael Lannan
Carlo Caldana,"Smile Again, Jenny Lee",E Tutto Qua Restaurant (270 Columbus St.),,Linda Demetrick
Steven Conrad,The Pursuit of Happyness,Glen Park Subway Station,Columbia Pictures,Gabriele Muccino
Woody Allen,Blue Jasmine,1138 Alabama St,Sony Pictures Classics,Woody Allen
Carlo Caldana,"Smile Again, Jenny Lee",87 Cervantes Blvd (beach),,Linda Demetrick
Howard Hawks,Barbary Coast,,United Artists,Ben Hecht
Delmer Daves,Dark Passage,Golden Gate Bridge,Warner Bros. Pictures,Delmer Daves & David Goodis
Gabriele Muccino,Summertime,Alamo Square,7 Distribution,Gabriele Muccino
Rozann Dawson,Chance Season 2,Marina Blvd between Baker and Fillmore St,Hulu,Alexandra Cunningham
Julian Farino,Ballers Season 3,"Fairmont Hotel (950 Mason Street, Nob Hill)",HBO,Stephen Levinson
Woody Allen,Blue Jasmine,5546 Geary Ave,Sony Pictures Classics,Woody Allen
Ivan Reitman,Junior,Chinatown Gate,Universal Pictures,Kevin Wade
Phil Joanou,Final Analysis,Bix Restaurant (56 Gold Street),Warner Bros. Pictures,Robert Berger
George Nolfi,Birth of the Dragon,Leavenworth at Union,Kylin Pictures,"Christopher Wilkinson, Stephen J. Rivele"
Buddy Van Horn,The Dead Pool,Pier 3 (The Embarcadero),Warner Bros. Pictures,Harry Julian Fink
Ted Post,Magnum Force,"Fairmont Hotel (950 Mason Street, Nob Hill)",Warner Bros. Pictures,John Milius
Peter Hyams,The Presidio,700 Block of Jackson Street (Chinatown),Paramount Pictures,Larry Ferguson
The Wachowskis,Sense8,Folsom,Netflix,The Wachowskis
Buddy Van Horn,The Dead Pool,Pier 3 (The Embarcadero),Warner Bros. Pictures,Harry Julian Fink
Colin Higgins,Nine to Five,Albert S. Samuels Clock (856 Market Street between Powell and Stockton),Twentieth Century Fox Film Corporation,Colin Higgins
Oliver Stone,The Doors,,TriStar Pictures,J. Randal Johnson
Zal Batmanglij,The OA Part II,Duncan St at Diamond Heights,Netflix,"Zal Batmanglij, Brit Marling"
Alfred Hitchcock,Vertigo,"Fairmont Hotel (950 Mason Street, Nob Hill)",Paramount Pictures,Alec Coppel
Martin Jay Sadoff,The Last of the Gladiators,,Evel Videos,Martin Jay Sadoff
Robert Iscove,Boys and Girls,Chinatown,Dimension Films,The Drews
Ang Lee,Hulk,Telegraph Hill,Universal Pictures,Stan Lee
Gus Van Sant,Milk,Chinatown,Focus Features,Dustin Lance Black
Leonard Nimoy,Star Trek IV: The Voyage Home,500 Block of Pacific Avenue (Chinatown),Paramount Pictures,Steve Meerson
Howard Deutch,Getting Even with Dad,"St. Peter & Paul's Church (666 Filbert Street, Washington Square)",Metro-Goldwyn-Mayer (MGM),Tom S. Parker
Ang Lee,Hulk,Golden Gate Bridge,Universal Pictures,Stan Lee
Dean Holland,Parks and Recreation,Filbert from Hyde to Leavenworth,"NBC Universal Media, LLC",Greg Daniels
Francis Ford Coppola,The Conversation,Alcoa Building (1 Maritime Plaza),Paramount Pictures,Francis Ford Coppola
Tom Brown,Pushing Dead,2930 3rd Street,TBD,Tom Brown
Don Siegel,Dirty Harry,The Embarcadero,Warner Brothers,Harry Julian Fink
Ted Post,Magnum Force,Embarcadero Freeway,Warner Bros. Pictures,John Milius
Nicholas Meyer,Time After Time,2340 Francisco Street,Columbia Broadcasting System (CBS),Karl Alexander
"Alan Poul, Silas Howard, Stacie Passon",Tales of the City,Valencia btwn 16th and 17th St,Netflix,"Armistead Maupin, Lauren Morelli, Hansol Jung, Marcus Gardley"
Francis Ford Coppola,The Conversation,One Embarcadero Center (Financial District),Paramount Pictures,Francis Ford Coppola
Andrew Haigh,Looking,Church and Duboce Muni Station,Home Box Office (HBO),Michael Lannan
Bill Guttentag,Knife Fight,Green & Laguna Streets,Eagle Films,Bill Guttentag & Chris Lehane
Joel Oliansky,The Competition,California Academy of Sciences (Golden Gate Park),American Broadcasting Company (ABC),Joel Oliansky
Steven Bochcho,"Murder in the First, Season 2",1059 Texas Street,Turner Network Television (TNT),Eric Lodal
Nicholas Meyer,Time After Time,Justin Herman Plaza,Columbia Broadcasting System (CBS),Karl Alexander
Joe Talbot,The Last Black Man in San Francisco,Eddy St btwn Leavenworth and Hyde St,A48,"Joe Talbot, Jimmie Fails, Rob Richert"
Zachary Shedd,Americana,Laguna Honda Hospital; 375 Laguna Honda Blvd.,,Zachary Shedd
John Huston,The Maltese Falcon,Ferry Building,Warner Bros. Pictures,John Huston
Andrew Haigh,Looking Season 2 ep 202,1400 16th Street,HBO,Michael Lannan
Richard Lester,Petulia,"Fairmont Hotel (950 Mason Street, Nob Hill)",Warner Brothers / Seven Arts,Lawrence B. Marcus
Peter Yates,Bullitt,Mark Hopkins Hotel (999 California Street),Warner Brothers,Alan R. Trustman
"Jamie Babbit, Amanda Brotchie, Steven K. Tsuchida, Christian Ditter, John Riggi",GirlBoss,Filbert and Kearny Steps,Netflix,Kay Cannon
Brad Peyton,San Andreas,"Stage Work, 47 Julian St.",Warner Bros.,Allan Loeb 
Carlo Caldana,"Smile Again, Jenny Lee",Europa CafÃ© (4318 California St. and 5th Ave.),,Linda Demetrick
Gareth Edwards,Godzilla,Kearney & Pine St.,Warner Bros. Pictures,Max Borenstein
Andrew Haigh,Looking Season 2 ep 202,1246 Folsom Street,HBO,Michael Lannan
Stanley Kramer,On the Beach,,United Artists,John Paxton
Hal Ashby,Harold and Maude,Conservatory of Flowers (Golden Gate Park),Paramount Pictures,Colin Higgins
Peyton Reed,Ant-Man,"Treasure Island, Building #1, Ave of the Palms",Walt Disney Studios Motion Pictures,Gabriel Ferrari
Roger Kumble,The Sweetest Thing,Golden Gate National Recreation Area,Columbia Pictures,Nancy M. Pimental
Chris Columbus,Nine Months,Jack Kerouac Alley between Columbus & Grant Streets,Twentieth Century Fox Film Corp.,Chris Columbus
Rozann Dawson,Chance Season 2,Lombard St between Hyde and Larkin St,Hulu,Alexandra Cunningham
Peter Yates,Bullitt,Bayshore Blvd near Cesar Chavez (Bayview),Warner Brothers,Alan R. Trustman
Gus Van Sant,Milk,Lower Haight Street,Focus Features,Dustin Lance Black
David Fincher,The Game,301 Howard Street,Polygram Filmed Entertainment,John Brancato
Ruben Fleischer,Venom,Grant Ave btwn Washington and Jackson,"Columbia Pictures, Sony Pictures Releasing","Jeff Pinkner, Scott Rosenberg"
Pat O'Connor,Sweet November,Farley's CafÃ© (1315 18th Street Near Missouri),Warner Bros. Pictures,Paul Yurick
Bill Duke,Sister Act 2: Back in the Habit,"St. Peter & Paul's Church (666 Filbert Street, Washington Square)",Buena Vista Pictures,Joseph Howard
Rozann Dawson,Chance Season 2,Jefferson St at Taylor St,Hulu,Alexandra Cunningham
Annie Wang,Cardinal X,1601 Lane St.,,Annie Wang
Zachary Shedd,Americana,Coi Restaurant (373 Broadway),,Zachary Shedd
Brad Peyton,San Andreas,2nd St. at Townsend St.,Warner Bros.,Allan Loeb
Tim Burton,Big Eyes,Filbert St. & Leavenworth,Weinstein Company,Scott Alexander
Ang Lee,Hulk,Golden Gate Bridge,Universal Pictures,Stan Lee
Garry Marshall,Beaches,,Columbia Broadcasting System,Mary Agnes Donoghue
David Fincher,The Game,Sheraton Palace Hotel (639 Market Street),Polygram Filmed Entertainment,John Brancato
Alan Taylor,Terminator - Genisys,Union Square,Paramount Pictures,James Cameron
The Wachowskis,Sense8,Market St. overpass,Netflix,The Wachowskis
Noah Pritzker,Quitters,1536 Noe St.,,Noah Pritzker
Gus Van Sant,Milk,Duboce Park,Focus Features,Dustin Lance Black
Bill Guttentag,Knife Fight,City Hall,Eagle Films,Bill Guttentag & Chris Lehane
Andrew Haigh,Looking Season 2 ep 210,SF City Hall Polk Street Steps,HBO,Michael Lannan
Tom Brown,Pushing Dead,"Uva Enoteca, 568 Haight Street",TBD,Tom Brown
Herbert Ross,"Play it Again, Sam","The Music Concourse (Martin Luther King, Jr. Drive, Golden Gate Park)",Paramount Pictures,Woody Allen
Alexandra Cunningham and Kem Nunn,Chance- Season 1 ep107,"Punjab CafÃ©, 838 24th St.",HULU,Michael Lehmann
Irwin Winkler,The Net,Montgomery & Market Streets,Columbia Pictures,John Brancato
Keith Samples,A Smile Like Yours,Grace Cathedral Episcopal Church (1100 California Street),Paramount Pictures,Keith Samples & Kevin Meyer
Lenny Abrahamson,Chance - Season 1 Pilot,Washington Square Park,HULU,Alexandra Cunningham and Kem Nunn
Lenny Abrahamson,Chance - Season 1 Pilot,"Harvey Milk Rec Center, 50 Scott St.",HULU,Alexandra Cunningham and Kem Nunn
Steve Carr,Dr. Dolittle 2,"Broadway, Between Franklin & Laguna Streets",Twentieth Century Fox Film Corp.,Larry Levin
Philip Kaufman,The Right Stuff,City Hall,The Ladd Company,Philip Kaufman
Colin Higgins,Foul Play,Fort Mason (Golden Gate National Recreation Area),Paramount Pictures,Colin Higgins
Don Siegel,The Lineup,Sutro Baths (Point Lobos Avenue),Columbia Pictures,Stirling Silliphant
Harold Ramis,Bedazzled,1155 Filbert Street at Hyde,Twentieth Century Fox Film Corp.,Harold Ramis
Paul Schrader,Patty Hearst,"Postcard Row (Alamo Square, Hayes Valley)",Atlantic Releasing Corporation,Nicholas Kazan
The Wachowskis,Sense8,Van Ness and 12th St.,Netflix,The Wachowskis
Vadim Perelman,House of Sand and Fog,,DreamWorks Distribution,Vadim Perelman
Stanley Kramer,Guess Who's Coming to Dinner,Sutter Street between Powell and Mason,Columbia Pictures,William Rose
Joe Dante,Innerspace,"Mark Hopkins Intercontinental Hotel (1 Nob Hill Circle, Nob Hill)",Warner Bros. Pictures,Chip Proser
Walter Hill,Another 48 Hours,,Paramount Pictures,Walter Hill
Justin Kelly,I Am Michael,F Train,,Justin Kelly
Alan Taylor,Terminator - Genisys,Market St. at Embarcadero area,Paramount Pictures,James Cameron
Andrew Haigh,Looking,Mission Arts Center,Home Box Office (HBO),Michael Lannan
Richard Rush,Freebie and the Bean,Potrero Hill,American Broadcasting Company (ABC),Robert Kaufman
Keith Samples,A Smile Like Yours ,Grace Cathedral Episcopal Church (1100 California Street),Paramount Pictures,Keith Samples & Kevin Meyer
Luis Mandoki,When a Man Loves a Woman,Buena Vista CafÃ© (2765 Hyde Street),Buena Vista Pictures,Ronald Bass
Richard Rush,Freebie and the Bean,Folsom Street (SOMA),American Broadcasting Company (ABC),Robert Kaufman
Lenny Abrahamson,Chance - Season 1 Pilot,"Warren's Antiques, 375 9th St.",HULU,Alexandra Cunningham and Kem Nunn
Joe Dante,Innerspace,Golden Gate Bridge,Warner Bros. Pictures,Chip Proser
Terry Zwigoff,"Budding Prospects, Pilot",3033 24th Street,Amazon,"Melissa Axelrod, T. C. Boyle (based on the book by)"
Michael Lehmann,Chance- Season 1 ep103,Forrest Hill Muni Station,HULU,Kem Nunn
Howard Deutch,Getting Even with Dad,"St. Peter & Paul's Church (666 Filbert Street, Washington Square)",Metro-Goldwyn-Mayer (MGM),Tom S. Parker
Lenny Abrahamson,Chance - Season 1 Pilot,"Mario's CafÃ©, 566 Columbus",HULU,Alexandra Cunningham and Kem Nunn
Richard Rush,Freebie and the Bean,Candlestick Park (602 Jamestown Ave.),American Broadcasting Company (ABC),Robert Kaufman
Wayne Wang,Joy Luck Club,Horace Mann School (3351 23rd Street),National Broadcasting Company (NBC),Amy Tan
Steven Bochcho,"Murder in the First, Season 3",Ivy Street between Laguna and Gough Streets,Turner Network Television (TNT),Eric Lodal
Michael Lehmann,Chance- Season 1 ep103,350 Santa Ana Ave.,HULU,Kem Nunn
Howard Deutch,Getting Even with Dad,M.H. de Young Memorial Museum (Golden Gate Park),Metro-Goldwyn-Mayer (MGM),Tom S. Parker
"Jamie Babbit, Amanda Brotchie, Steven K. Tsuchida, Christian Ditter, John Riggi",GirlBoss,"The Castro Theater, 429 Castro St.",Netflix,Kay Cannon
Sara Gran,Chance- Season 1 ep106,McAllister between Leavenworth and Hyde,HULU,Dan Attias
John Jacobsen,Around the Fire,Ocean Beach,Ardustry Home Entertainment,John Comerford
Robert Iscove,Boys and Girls,"St. Peter & Paul's Church (666 Filbert Street, Washington Square)",Dimension Films,The Drews
Peter Yates,Bullitt,Intersection of York & Peralta (Bernal Heights),Warner Brothers,Alan R. Trustman
Andrew Haigh,Looking Season 2 ep 208,2450 Harrison Street,HBO,Michael Lannan
Mario Van Peebles,Panther,,PolyGram Video,Mario Van Peebles
Gareth Edwards,Godzilla,Pier 7 (The Embarcadero),Warner Bros. Pictures,Max Borenstein
Gabriele Muccino,Summertime,53 Potomac St,14 Distribution,Gabriele Muccino
Andrew Haigh,Looking,24th and Church St. ,Home Box Office (HBO),Michael Lannan
Buddy Van Horn,The Dead Pool,550 El Camino Del Mar (Seacliff),Warner Bros. Pictures,Harry Julian Fink
Phil Joanou,Final Analysis,"Public Health Service Hospital (Presidio, Golden Gate National Recreation Area)",Warner Bros. Pictures,Robert Berger
Errol Morris,The Fog of War,,Sony Pictures Classics,
John Boorman,Point Blank,Alcatraz Island,Metro-Goldwyn Mayer,Alexander Jacobs
Alfred Hitchcock,Family Plot,Grace Cathedral Episcopal Church (1100 California Street),Universal Pictures,Ernest Lehman
Marielle Heller,The Diary of a Teenage Girl,Victoria Theatre,Sony Pictures Classics,Marielle Heller
Albert Brooks,Mother,"Fairmont Hotel (950 Mason Street, Nob Hill)",Paramount Pictures,Albert Brooks
Mark J. Kunerth,About a Boy,Broderick from Fulton to McAlister,National Broadcasting Company,Jason Katims
Ron Howard,Edtv,Moose's Restaurant (1652 Stockton),MCA / Universal Pictures,Lowell Ganz
Rozann Dawson,Chance Season 2,Embarcadero at Vallejo St.,Hulu,Alexandra Cunningham
Peter Yates,Bullitt,Filbert & Taylor Streets (Russian Hill),Warner Brothers,Alan R. Trustman
Michael Lehmann,Chance- Season 1 ep103,San Bruno and Alameda,HULU,Kem Nunn
Peyton Reed,Ant-Man and the Wasp,Jones St btwn Green and Pacific,Walt Disney Studios Motion Pictures,Chris McKenna
Andrew Haigh,Looking,Castro St. from Market to 18th St.,Home Box Office (HBO),Michael Lannan
Adam Shankman,The Wedding Planner,Lincoln Park,Sony Pictures Entertainment,Pamela Falk
William Friedkin,Jade,Lombard & Hyde Streets,Paramount Pictures,Joe Eszterhas
Alon Aranya,Red Widow,Geary & 20th Ave,American Broadcasting Company (ABC),Melissa Rosenberg
Ruben Fleischer,Venom,O'Farrell between Leavenworth and Jones,"Columbia Pictures, Sony Pictures Releasing","Jeff Pinkner, Scott Rosenberg"
Robert Iscove,Boys and Girls,Fisherman's Wharf,Dimension Films,The Drews
W.S. Van Dyke,San Francisco,The Barbary Coast,Metro-Goldwyn Mayer,Anita Loos
Steven Bochcho,"Murder in the First, Season 1",Palace of Fine Arts (3301 Lyon Street),Turner Network Television (TNT),Eric Lodal
J.J. Abrams,Alcatraz,Broadway from Mason to Taylor,Warner Bros. Television,Steven Lilien
Julian Farino,Ballers Season 3,Embarcadero around Rincon Park,HBO,Stephen Levinson
Wachowski Siblings,Sense8 - Season 2,"The Women's Building, 3543 18th St.",Netflix,"J. Michael Straczynski, Wachowiski Siblings"
David Lowell Rich,Chu Chu and the Philly Flash,Transbay Terminal (Mission Street at 1st Street),Columbia Broadcasting System (CBS),Barbara Dana
Alfred Hitchcock,The Birds,Powell and Geary Streets (Union Square),Universal Pictures,Evan Hunter
Garry Marshall,The Princess Diaries,Firestation #3 (Brazil Avenue and Athens Street),Buena Vista Pictures,Gina Wendkos
Tien-Lun Yeh,A Taiwanese Tale of Two Cities,Pier 5,Netflix,"Ling-Hui Chen, Nancy Chen, Chih-Chi Fan, Chia-Hui Lin"
Lenny Abrahamson,Chance - Season 1 Pilot,UN Plaza/ Civic Center Bart steps,HULU,Alexandra Cunningham and Kem Nunn
David R. Ellis,Homeward Bound II: Lost in San Francisco,Pier 39 (Fisherman's Wharf),Buena Vista Pictures,Sheila Burnford
Adam Shankman,The Wedding Planner,City Hall,Sony Pictures Entertainment,Pamela Falk
Chris Columbus,Bicentennial Man,Golden Gate Bridge,Buena Vista Pictures,Nicholas Kazan
Shawn Levy,The Internship,Epic Roasthouse,Twentieth Century Fox Film Corporation,Vince Vaughn
Blake Edwards,Days of Wine and Roses,,Warner Bros. Pictures,JP Miller
Philip Kaufman,The Right Stuff,Cow Palace,The Ladd Company,Philip Kaufman
Steven Bochcho,"Murder in the First, Season 1",Dolores Park,Turner Network Television (TNT),Eric Lodal
Richard Lester,Petulia,"Fort Point (Presidio, Golden Gate National Recreation Area)",Warner Brothers / Seven Arts,Lawrence B. Marcus
Ruben Fleischer,Venom,"North Beach: Kearny/Vallejo, Kearny/Broadway, Broadway/Columbus","Columbia Pictures, Sony Pictures Releasing","Jeff Pinkner, Scott Rosenberg"
Zal Batmanglij,The OA Part II,16th Avenue Steps,Netflix,"Zal Batmanglij, Brit Marling"
Andrew Haigh,Looking Season 2 ep 202,Church @ Duboce Street,HBO,Michael Lannan
Alan Taylor,Terminator - Genisys,16th and Utah,Paramount Pictures,James Cameron
Steven Bochcho,"Murder in the First, Season 2",Stevenson Alley,Turner Network Television (TNT),Eric Lodal
Jayendra,180,Randall Museum,,"Umarji Anuradha, Jayendra, Aarthi Sriram, & Suba "
Wachowski Siblings,Sense8 - Season 2,Green between Kearny and Montgomery,Netflix,"J. Michael Straczynski, Wachowiski Siblings"
James Fargo,The Enforcer,23rd & Capp Streets (Mission District),Warner Bros. Pictures,Stirling Silliphant
Michael Lehmann,Chance- Season 1 ep103,"San Francisco Art Institute, 800 Chestnut",HULU,Kem Nunn
Lenny Abrahamson,Chance- Season 1 ep102,John St. between Powell and Mason,HULU,Alexandra Cunningham 
"Jamie Babbit, Amanda Brotchie, Steven K. Tsuchida, Christian Ditter, John Riggi",GirlBoss,1375 Haight St.,Netflix,Kay Cannon
Alfred Hitchcock,Vertigo,Park Hill Sanatorium (351 Buena Vista Avenue East),Paramount Pictures,Alec Coppel
John Carpenter,Memoirs of an Invisible Man,St. Elizabeth Apartment House (901 Powell Street at Sacramento),Warner Bros. Pictures,Robert Collector
Tim Burton,Big Eyes,Green St. & Grant Ave.,Weinstein Company,Scott Alexander
Peter Yates,Bullitt,John Muir Drive (Lake Merced),Warner Brothers,Alan R. Trustman
Gordon Douglas,They Call Me MISTER Tibbs,,United Artists,Alan R. Trustman
Carlo Caldana,"Smile Again, Jenny Lee",1328 Portola,,Linda Demetrick
Felix van Groeningen,Beautiful Boy,Divisadero between Broadway and Greenwich,Amazon Studios,Luke Davies
Mel Brooks,High Crimes,Condor Club (Columbus and Broadway),Twentieth Century Fox Film Corporation,Mel Brooks
Peyton Reed,Ant-Man,Intersection of California at Polk,Walt Disney Studios Motion Pictures,Gabriel Ferrari 
Mark Decena,Dopamine,"Fort Point (Presidio, Golden Gate National Recreation Area)",Sundance Channel Home Entertainment,Mark Decena & Timothy Breitbach
Steven Bochcho,"Murder in the First, Season 2",Potrero Hill Recreation Center (801 Arkansas Street),Turner Network Television (TNT),Eric Lodal
David R. Ellis,Homeward Bound II: Lost in San Francisco,Pier 39 (Fisherman's Wharf),Buena Vista Pictures,Sheila Burnford
Oded Binnun/ Michel Brezis,Etruscan Smile,Pier 39 San Francisco,TBD,"Sarah Bellwood, Michal Lali Kagan, Michael McGowan Amital Stern, Jose Luis Sampedro"
Steven Bochcho,"Murder in the First, Season 1",731 Grant Avenue,Turner Network Television (TNT),Eric Lodal
Andrew Haigh,Looking Season 2 ep 205,24th Between Portrero & Alabama,HBO,Michael Lannan
Carlo Caldana,"Smile Again, Jenny Lee",475 Diamond St.,,Linda Demetrick
Tiffanie DeBartolo,Dream for an Insomniac,Baker Beach,Columbia TriStar Home Video,Tiffanie DeBartolo
Rob Epstein,The Times of Harvey Milk,The Castro,TC Films International,Rob Epstein
Andrew Haigh,Looking Season 2 ep 209,68 Division Street,HBO,Michael Lannan
Carlo Caldana,"Smile Again, Jenny Lee",475 Diamond St.,,Linda Demetrick
Sara Gran and Pete Begler,Chance- Season 1 ep109,"Cliffhouse, 1090 Point Lobos Ave.",HULU,Dan Attias
Bill Duke,Sister Act 2: Back in the Habit,"Carnelian Room, Bank of America Building (555 California Street, 53rd Floor)",Buena Vista Pictures,Joseph Howard
Brad Peyton,San Andreas,AT&T Stadium,Warner Bros.,Allan Loeb
Buddy Van Horn,The Dead Pool,Pierce St. & Golden Gate Avenue (Hayes Valley),Warner Bros. Pictures,Harry Julian Fink
Andrew Haigh,Looking,Union Square,Home Box Office (HBO),Michael Lannan
"Jamie Babbit, Amanda Brotchie, Steven K. Tsuchida, Christian Ditter, John Riggi",GirlBoss,"Macchiarini Steps, Kearny between Vallejo and Broadway",Netflix,Kay Cannon
Robert Iscove,Boys and Girls,Lombard Street,Dimension Films,The Drews
Andrew Haigh,Looking Season 2 ep 210,"Mission Rec Center, 2450 Harrison Street",HBO,Michael Lannan
Vicky Funari,Live Nude Girls Unite,Lusty Lady Bar (North Beach),First Run Features,Vicky Funari
Alexandra Cunningham and Kem Nunn,Chance- Season 1 ep107,60 Potomac,HULU,Michael Lehmann
Raoul Walsh,Gentleman Jim,The Barbary Coast,Warner Bros. Pictures,Vincent Lawrence
Alfred Hitchcock,Family Plot,2230 Sacramento Street,Universal Pictures,Ernest Lehman
"Jamie Babbit, Amanda Brotchie, Steven K. Tsuchida, Christian Ditter, John Riggi",GirlBoss,"Boulevard Restaurant, 1 Mission St.",Netflix,Kay Cannon
Ruben Fleischer,Venom,Grant Ave btwn Pine and Jackson,"Columbia Pictures, Sony Pictures Releasing","Jeff Pinkner, Scott Rosenberg"
Francis Ford Coppola,The Conversation,Financial District,Paramount Pictures,Francis Ford Coppola
Cecil B. DeMille,The Ten Commandments,"St. Peter & Paul's Church (666 Filbert Street, Washington Square)",Paramount Pictures,"Jesse L. Lasky, Jr."
Sam Weisman,George of the Jungle,"Neiman Marcus (150 Stockton Street, Union Square)",Buena Vista Pictures,Jay Ward
Orson Welles,The Lady from Shanghai,Former Hall of Justice (750 Kearny Street at Washington),Columbia Pictures,Orson Welles
Carl Franklin,Chance- Season 1 ep104,Bush and Sansome St.,HULU,Peter Elkoff
Noah Pritzker,Quitters,Yerba Buena Gardens,,Noah Pritzker
John Byrum,Heart Beat,City Lights Bookstore (261 Columbus),Orion Pictures Corporation,John Byrum
Peyton Reed,Ant-Man and the Wasp,Montgomery btwn Broadway and Pacific,Walt Disney Studios Motion Pictures,Chris McKenna
Colin Higgins,Foul Play,Octavia & Hayes Streets (Hayes Valley),Paramount Pictures,Colin Higgins
Gus Van Sant,Milk,Marine Fireman's Union Headquarters,Focus Features,Dustin Lance Black
Brad Peyton,San Andreas,Bay St. at Polk,Warner Bros.,Allan Loeb 
Gareth Edwards,Godzilla,Pier 1,Warner Bros. Pictures,Max Borenstein
Woody Allen,Blue Jasmine,Trolley Car from Market and 11th,Sony Pictures Classics,Woody Allen
Alon Aranya,Red Widow,Montgomery & Market Streets,American Broadcasting Company (ABC),Melissa Rosenberg
"Alan Poul, Silas Howard, Stacie Passon",Tales of the City,766 Vallejo St,Netflix,"Armistead Maupin, Lauren Morelli, Hansol Jung, Marcus Gardley"
Rudolph Mate,D.O.A,The Embarcadero/ Ferry Building,United Artists,Russell Rouse
Gabriele Muccino,Summertime,20th St and Church (3885 20th St),12 Distribution,Gabriele Muccino
Andrew Haigh,"Looking ""Special""",Van Ness and Market Street MUNI exit,HBO,Michael Lannan
John Guillermin,The Towering Inferno,"Fairmont Hotel (950 Mason Street, Nob Hill)",Twentieth Century - Fox,Stirling Silliphant
Rozann Dawson,Chance Season 2,Waller St between Masonic and Del Mar St,Hulu,Alexandra Cunningham
Barbet Schroeder,Desperate Measures,,TriStar Pictures,David Klass
Lenny Abrahamson,Chance - Season 1 Pilot,940 Powell St.,HULU,Alexandra Cunningham and Kem Nunn
Peter Elkoff and Victoria Morrow,Chance- Season 1 ep108,1000 Mason St.,HULU,Andrew Bernstein
David Miller,Sudden Fear,Brocklebank Apartments (1000 Mason Street),RKO Pictures,Lenore J. Coffee
Mel Brooks,High Crimes,Chase H & Q  (1 Bush Street at Sansome),Twentieth Century Fox Film Corporation,Mel Brooks
"Jamie Babbit, Amanda Brotchie, Steven K. Tsuchida, Christian Ditter, John Riggi",GirlBoss,Grant between California and Washington,Netflix,Kay Cannon
Scott Waugh,Need For Speed,Embarcadero from Broadway to Folsom,Walt Disney Studios Motion Pictures,George Gatins
Andrew Haigh,Looking,Folsom Street Fair on Folsom St.,Home Box Office (HBO),Michael Lannan
Michael Bay,The Rock,"Fairmont Hotel (950 Mason Street, Nob Hill)",Buena Vista Pictures,David Weisberg
Steven Bochcho,"Murder in the First, Season 3",Civic Center Plaza,Turner Network Television (TNT),Eric Lodal
Wayne Wang,Joy Luck Club,610 Rhode Island Street (Potrero Hill),National Broadcasting Company (NBC),Amy Tan
Betty Thomas,Doctor Dolittle,Larkin & Hyde Streets,Twentieth Century Fox Film Cooperation,Nat Mauldin
John Madden,Golden Gate,Ross Alley (Chinatown),The Samuel Goldwyn Company,David Henry Hwang
John Glen,A View to a Kill,Van Ness Avenue,MGM/UA Entertainment Company,Richard Maibaum
Betty Thomas,Doctor Dolittle,2100 Green Street,Twentieth Century Fox Film Cooperation,Nat Mauldin
Philip Kaufman,The Right Stuff,Financial District,The Ladd Company,Philip Kaufman
Luis Mandoki,When a Man Loves a Woman,"International Studies Academy (993 Vermont Street, Potrero Hill)",Buena Vista Pictures,Ronald Bass
Clint Eastwood,Sudden Impact,The Embarcadero/Ferry Building,Warner Bros. Pictures,Harry Julian Fink
Woody Allen,Blue Jasmine,330 Santa Clara Ave.,Sony Pictures Classics,Woody Allen
Sara Gran and Pete Begler,Chance- Season 1 ep109,850 Bryant- 6th floor County Jail,HULU,Dan Attias
Zachary Shedd,Americana,Treasure Island,,Zachary Shedd
Mark J. Kunerth,About a Boy,Powell from Bush and Sutter,National Broadcasting Company,Jason Katims
Brad Peyton,San Andreas,Vallejo Garage Roof (Vallejo at Powell),Warner Bros.,Allan Loeb 
John Byrum,Heart Beat,San Francisco Art Institute (800 Chestnut Street),Orion Pictures Corporation,John Byrum
Don Siegel,Dirty Harry,Holiday Inn Select Downtown Hotel (750 Kearney Street),Warner Brothers,Harry Julian Fink
Peter Weir,Fearless,Folsom Street & Embarcadero,Warner Bros. Pictures,Rafael Yglesias
Philip Kaufman,Invasion of the Body Snatchers,San Francisco Drydock (20th and Illinois Streets),United Artists,Jack Finney
Woody Allen,Blue Jasmine,Taylor & Green St.,Sony Pictures Classics,Woody Allen
H.P. Mendoza,Bitter Melon,298 11th St,"ABS-CBN, Gravitas Ventures",H.P. Mendoza
Philip Kaufman,Invasion of the Body Snatchers,"Department of Public Health (101 Grove Street at Polk, Civic Center)",United Artists,Jack Finney
Terry Zwigoff,"Budding Prospects, Pilot",40 Prentiss Street,Amazon,"Melissa Axelrod, T. C. Boyle (based on the book by)"
Noah Pritzker,Quitters,24 Hill St.,,Noah Pritzker
Nicholas Meyer,Time After Time,Marina Green (Marina District),Columbia Broadcasting System (CBS),Karl Alexander
Robert Iscove,Boys and Girls,Golden Gate Bridge,Dimension Films,The Drews
Francis Ford Coppola,The Conversation,"Cathedral Hill Hotel (1101 Van Ness Avenue, Civic Center)",Paramount Pictures,Francis Ford Coppola
Buddy Van Horn,The Dead Pool,McAllister & Scott Streets (Hayes Valley),Warner Bros. Pictures,Harry Julian Fink
Steven Conrad,The Pursuit of Happyness,Candlestick Park (602 Jamestown Ave.),Columbia Pictures,Gabriele Muccino
Philip Kaufman,Invasion of the Body Snatchers,Chinatown,United Artists,Jack Finney
Andrew Haigh,Looking Season 2 ep 210,Twin Peaks Park,HBO,Michael Lannan
Oded Binnun/ Michel Brezis,Etruscan Smile,3rd Street between Market & Harrison,TBD,"Sarah Bellwood, Michal Lali Kagan, Michael McGowan Amital Stern, Jose Luis Sampedro"
Peter Weir,Fearless,"San Francisco General Hospital Medical Center (1001 Potrero Avenue, Potrero Hill)",Warner Bros. Pictures,Rafael Yglesias
Nicholas Meyer,Time After Time,"SF General Hospital Center (1001 Potrero Avenue, Potrero Hill)",Columbia Broadcasting System (CBS),Karl Alexander
Alexandra Cunningham and Kem Nunn,Chance- Season 1 ep107,145 Barlett St.,HULU,Michael Lehmann
Lina Wertmuller,A Night Full of Rain,"Fairmont Hotel (950 Mason Street, Nob Hill)",Warner Bros. Pictures,Lina Wertmuller
Gabriele Muccino,Summertime,Duboce Park,13 Distribution,Gabriele Muccino
Peter Hyams,The Presidio,Ferry Building,Paramount Pictures,Larry Ferguson
Ron Howard,Edtv,"Center for the Arts, Yerba Buena Gardens (701 Mission Street)",MCA / Universal Pictures,Lowell Ganz
Gareth Edwards,Godzilla,Potrero &San Bruno,Warner Bros. Pictures,Max Borenstein
Philip Kaufman,Invasion of the Body Snatchers,32 Napier Lane,United Artists,Jack Finney
Annie Wang,Cardinal X,119 Utah,,Annie Wang
Alexandra Cunningham and Kem Nunn,Chance- Season 1 ep107,1958 Valencia St.,HULU,Michael Lehmann
John Schlesinger,Pacific Heights,Financial District,Twentieth Century Fox Film Corporation,Daniel Pyne
Alexandra Cunningham and Kem Nunn,Chance- Season 1 ep110,1901 Ocean Ave. at Ashton Ave.,HULU,Michael Lehmann
Rozann Dawson,Chance Season 2,Presidio Heights Neighborhood ,Hulu,Alexandra Cunningham
Vicky Funari,Live Nude Girls Unite,Lusty Lady Bar (North Beach),First Run Features,Vicky Funari
Tien-Lun Yeh,A Taiwanese Tale of Two Cities,700 Block of Grant Ave.,Netflix,"Ling-Hui Chen, Nancy Chen, Chih-Chi Fan, Chia-Hui Lin"
Vincent Ward,What Dreams May Come,Treasure Island,Polygram Filmed Entertainment,Ron Bass
Andrew Haigh,Looking Season 2 ep 209,8 Octavia Street,HBO,Michael Lannan
Alfred Hitchcock,Family Plot,"Fairmont Hotel (950 Mason Street, Nob Hill)",Universal Pictures,Ernest Lehman
Alfred Hitchcock,Vertigo,"Mission Dolores (3321 16th Street, Mission District)",Paramount Pictures,Alec Coppel
Buddy Van Horn,The Dead Pool,"KGO-TV ABC7 TV Studios (900 Front Street, Waterfront Historic District)",Warner Bros. Pictures,Harry Julian Fink
Lenny Abrahamson,Chance- Season 1 ep102,"YWCA, 940 Powell",HULU,Alexandra Cunningham 
Howard Deutch,Getting Even with Dad,"Neiman Marcus (150 Stockton Street, Union Square)",Metro-Goldwyn-Mayer (MGM),Tom S. Parker
Steven Bochcho,"Murder in the First, Season 1",AT&T Park,Turner Network Television (TNT),Eric Lodal
"Jamie Babbit, Amanda Brotchie, Steven K. Tsuchida, Christian Ditter, John Riggi",GirlBoss,Green and Divisadero,Netflix,Kay Cannon
H.P. Mendoza,Bitter Melon,66 Danton St,"ABS-CBN, Gravitas Ventures",H.P. Mendoza
Rozann Dawson,Chance Season 2,Sacramento between Mason and Taylor St,Hulu,Alexandra Cunningham
Andrew Haigh,"Looking ""Special""","Li Po Lounge, 916 Grant Avenue",HBO,Michael Lannan
Lenny Abrahamson,Chance - Season 1 Pilot,253 4th Ave.,HULU,Alexandra Cunningham and Kem Nunn
Andrew Haigh,Looking,Casa Lucas Market at 2934 24th St,Home Box Office (HBO),Michael Lannan
Joe Talbot,The Last Black Man in San Francisco,Nevada St btwn Cortland and Jarboe Ave,A25,"Joe Talbot, Jimmie Fails, Rob Richert"
Noah Pritzker,Quitters,Tank Hill Park,,Noah Pritzker
Carlo Caldana,"Smile Again, Jenny Lee",2100 Pacific Ave at Laguna St,,Linda Demetrick
Nahnatchka Khan,Always Be My Maybe,California Cable Car Line,Netflix,"Michael Golamco, Randall Park, Ali Wong"
Harold Ramis,Bedazzled,Vaillancourt Fountain (Justin Herman Plaza),Twentieth Century Fox Film Corp.,Harold Ramis
Emile Ardolino,Sister Act,"St. Paul's Church (Church Street, Noe Valley)",Buena Vista Pictures,Joseph Howard
Victoria Morrow,Chance - Season 1 ep105,"State Garage, 818 Leavenworth",HULU,Roxann Dawson
Peter Elkoff and Victoria Morrow,Chance- Season 1 ep108,Fairmont Hotel,HULU,Andrew Bernstein
Robert Iscove,Boys and Girls,628 Cole Street,Dimension Films,The Drews
Andrew Haigh,Looking,Golden Gate Park,Home Box Office (HBO),Michael Lannan
Ron Howard,Edtv,19 Green Street (North Beach),MCA / Universal Pictures,Lowell Ganz
Nicholas Meyer,Time After Time,California Academy of Sciences (Golden Gate Park),Columbia Broadcasting System (CBS),Karl Alexander
Thomas Schlamme,So I Married an Axe Murderer,City Light Bookstore (261 Columbus Avenue),TriStar Pictures,Robbie Fox
John Madden,Golden Gate,Bush Street (between Grant & Kearny Streets),The Samuel Goldwyn Company,David Henry Hwang
David Fincher,The Game,Presidio (Golden Gate National Recreation Area),Polygram Filmed Entertainment,John Brancato
Gus Van Sant,When We Rise,Buena Vista Park,Amercian Broadcasting Company,Dustin Lance Black
Delmer Daves,Susan Slade,"On Board the SS President Cleveland, docked at Pier 50",Warner Bros. Pictures,Delmer Daves
Rudolph Mate,D.O.A,Mark Hopkins Intercontinental Hotel (1 Nob Hill Circle),United Artists,Russell Rouse
Paul Verhoeven,Basic Instinct,2930 Vallejo Street,TriStar Pictures,Joe Eszterhas
Peter Yates,Bullitt,"Candlestick Park Exit, Highway 101",Warner Brothers,Alan R. Trustman
Steven Conrad,The Pursuit of Happyness,Golden Gate Park Children's Playground,Columbia Pictures,Gabriele Muccino
Jon Amiel,Copycat,82 & 67 Rico Way (Marina District),Warner Bros. Pictures,Ann Biderman
Adam Shankman,The Wedding Planner,Pleasant Street at Taylor,Sony Pictures Entertainment,Pamela Falk
Richard Marquand,Jagged Edge,Golden Gate Bridge,Columbia Pictures,Joe Eszterhas
Brad Peyton,San Andreas,AT&T Stadium,Warner Bros.,Allan Loeb 
Mel Brooks,High Crimes,Bank of America Building (555 California Street),Twentieth Century Fox Film Corporation,Mel Brooks
Tom Brown,Pushing Dead,Hayes Street between Ashbury and Shrader,TBD,Tom Brown
Peter Weir,Fearless,90 Gold Street,Warner Bros. Pictures,Rafael Yglesias
Nahnatchka Khan,Always Be My Maybe,717 Grant Ave,Netflix,"Michael Golamco, Randall Park, Ali Wong"
Andrew Haigh,Looking,BART from Civic Center to 24th St.,Home Box Office (HBO),Michael Lannan
Paul Aaron,Maxie,"Asian Art Museum (200 Larkin Street, Civic Center)",Orion Pictures Corporation,Patricia Resnick
Marielle Heller,The Diary of a Teenage Girl,Polk and Northpoint St.,Sony Pictures Classics,Marielle Heller
Alfred Hitchcock,Vertigo,"Mission Dolores (3321 16th Street, Mission District)",Paramount Pictures,Alec Coppel
Peyton Reed,Ant-Man,Intersection of California at Polk,Walt Disney Studios Motion Pictures,Gabriel Ferrari
George Nolfi ,Birth of the Dragon,California at Grant,Kylin Pictures,"Christopher Wilkinson, Stephen J. Rivele"
Michael Bay,The Rock,City Hall,Buena Vista Pictures,David Weisberg
Chris Columbus,Nine Months,Belli Building (722 Montgomery Street at Washington),Twentieth Century Fox Film Corp.,Chris Columbus
Charles Barton,Swingin' Along,Powell Street,Twentieth Century Fox Film Corporation,Jameson Brewer
Gabriele Muccino,Summertime,Stanyan & Belgrave,8 Distribution,Gabriele Muccino
Ron Howard,Edtv,Palace of Fine Arts (3301 Lyon Street),MCA / Universal Pictures,Lowell Ganz
Steve Carr,Dr. Dolittle 2,"Building 924, Presidio (Golden Gate National Recreation Area)",Twentieth Century Fox Film Corp.,Larry Levin
Phillip R. Ford,Vegas in Space,Corona Heights Park,MCA/Universal Home Video,Doris Fish
Herbert Ross,"Play it Again, Sam",Surf Theater (4520 Irving Street),Paramount Pictures,Woody Allen
Shawn Levy,The Internship,Grant Ave from Sacramento to Clay,Twentieth Century Fox Film Corporation,Vince Vaughn
Lenny Abrahamson,Chance- Season 1 ep102,Heron and Berwick Alleys,HULU,Alexandra Cunningham
Rozann Dawson,Chance Season 2,Heron @ Berwick (off 8th and Harrison St),Hulu,Alexandra Cunningham
Buddy Van Horn,The Dead Pool,"Silver Restaurant (737 Washington Street, Chinatown)",Warner Bros. Pictures,Harry Julian Fink
Nicholas Meyer,Star Trek II : The Wrath of Khan,Golden Gate Park,Paramount Pictures,Jack B. Sowards
John Glen,A View to a Kill,City Hall,MGM/UA Entertainment Company,Richard Maibaum
Buddy Van Horn,The Dead Pool,Portsmouth Square (Chinatown),Warner Bros. Pictures,Harry Julian Fink
Alfred Hitchcock,Vertigo,"California Palace of the Legion of Honor (34th Avenue & Clement, Lincoln Park)",Paramount Pictures,Alec Coppel
Woody Allen,Blue Jasmine,2178 Palou Ave.,Sony Pictures Classics,Woody Allen
Gareth Edwards,Godzilla,Sacramento & Front St.,Warner Bros. Pictures,Max Borenstein
Zachary Shedd,Americana,20th St and Illinois/Faxon St. and Kenwood/Glenbrook at Mt. Springs,,Zachary Shedd
Robert Gordon,It Came From Beneath the Sea,Chrissy Field,Columbia Pictures,George Worthing Yates
Carlo Caldana,"Smile Again, Jenny Lee",510 Noe Street & 18th St.,,Linda Demetrick
Albert Brooks,Mother,Golden Gate Bridge,Paramount Pictures,Albert Brooks
Howard Deutch,Golden Gate,University of California Hastings College of the Law,Metro-Goldwyn-Mayer (MGM),David Henry Hwang
Chris Columbus,Mrs. Doubtfire,Hancock School (940 Filbert Street),Twentieth Century Fox Film Corporation,Randi Mayem Singer
Andrew Haigh,"Looking ""Special""","Capital Restaurant, 839 Clay Street",HBO,Michael Lannan
Sam Weisman,George of the Jungle,755 Vallejo Street,Buena Vista Pictures,Jay Ward
Steven Conrad,The Pursuit of Happyness,Golden Gate Park Children's Playground ,Columbia Pictures,Gabriele Muccino
Tim Burton,Big Eyes,Harry's Bar on Fillmore,Weinstein Company,Scott Alexander
Rozann Dawson,Chance Season 2,Haight St at Ashbury St,Hulu,Alexandra Cunningham
Woody Allen,Blue Jasmine,Heald College,Sony Pictures Classics,Woody Allen
Chris Columbus,Mrs. Doubtfire,520-522A Green Street at Grant Street,Twentieth Century Fox Film Corporation,Randi Mayem Singer
Alon Aranya,Red Widow,York & 24th St.,American Broadcasting Company (ABC),Melissa Rosenberg
Alan Crosland,The Jazz Singer,Coffee Dan's (O'Farrell Street at Powell),Warner Bros. Pictures,Alfred A. Cohn
Terry Zwigoff,"Budding Prospects, Pilot",Gough Street & Clay Street,Amazon,"Melissa Axelrod, T. C. Boyle (based on the book by)"
Alon Aranya,Red Widow,Broadway & Taylor,American Broadcasting Company (ABC),Melissa Rosenberg
Steven Bochcho,"Murder in the First, Season 1",Dolores Park,Turner Network Television (TNT),Eric Lodal
Don Siegel,Dirty Harry,Dante Building (1606 Stockton Street at Union),Warner Brothers,Harry Julian Fink
Neil Jordan,Interview With The Vampire,6th Street On-ramp to Highway 280,Geffen Pictures,Anne Rice
Philip Kaufman,Twisted,Pier 24,Paramount Pictures,Sarah Thorp
Andrew Haigh,Looking,Mr. S Leather,Home Box Office (HBO),Michael Lannan
Lenny Abrahamson,Chance - Season 1 Pilot,"Ellis Food Center, 398 Ellis",HULU,Alexandra Cunningham and Kem Nunn
Paul Verhoeven,Basic Instinct,Raw Hide II (280 Seventh Street),TriStar Pictures,Joe Eszterhas
Thomas Schlamme,So I Married an Axe Murderer,Prudente's Italian Deli (1462 Grant Ave at Union),TriStar Pictures,Robbie Fox
Alon Aranya,Red Widow,Vallejo Street Garage,American Broadcasting Company (ABC),Melissa Rosenberg
Peter Bogdanovich,What's Up Doc?,Chinatown,Warner Bros. Pictures,Peter Bogdanovich & Buck Henry
Robert Wise,The House on Telegraph Hill,Market Street,Twentieth Century Fox Film Corp.,Elick Moll
Andrew Haigh,Looking Season 2 ep 207,770 Haight Street,HBO,Michael Lannan
Nicholas Meyer,Time After Time,2340 Francisco Street,Columbia Broadcasting System (CBS),Karl Alexander
Brad Peyton,San Andreas,Fort Baker,Warner Bros.,Allan Loeb
Robert Iscove,Boys and Girls,1122 Folsom Street,Dimension Films,The Drews
Peyton Reed,Ant-Man,Broadway between Powell and Davis,Walt Disney Studios Motion Pictures,Gabriel Ferrari
Brad Peyton,San Andreas,Jefferson St. at Powell St.,Warner Bros.,Allan Loeb
Alfred Hitchcock,Vertigo,Ernie's Restaurant (847 Montgomery Street),Paramount Pictures,Alec Coppel
Gus Van Sant,Milk,29th and Dolores Street,Focus Features,Dustin Lance Black
Brad Peyton,San Andreas,TransAmerica Pyramid (600 Montgomery Street),Warner Bros.,Allan Loeb 
Ruben Fleischer,Venom,"Epic Steakhouse, 369 Embarcadero","Columbia Pictures, Sony Pictures Releasing","Jeff Pinkner, Scott Rosenberg"
W.S. Van Dyke,After the Thin Man,Coit Tower,Metro-Goldwyn Mayer,Frances Goodrich
Andrew Haigh,Looking,2413 Harrison St.,Home Box Office (HBO),Michael Lannan
Terry Zwigoff,"Budding Prospects, Pilot",2007 Franklin Street,Amazon,"Melissa Axelrod, T. C. Boyle (based on the book by)"
Peter Weir,Fearless,90 Gold Street,Warner Bros. Pictures,Rafael Yglesias
Steven Bochcho,"Murder in the First, Season 2",372/374 Pennsylvania Avenue,Turner Network Television (TNT),Eric Lodal
Chris Columbus,Nine Months,Montgomery & Vallejo Streets,Twentieth Century Fox Film Corp.,Chris Columbus
Peter Hyams,The Presidio,900 Block of Grant Avenue (Chinatown),Paramount Pictures,Larry Ferguson
Peyton Reed,Ant-Man,601 Buena Vista Ave West at Java St.,Walt Disney Studios Motion Pictures,Gabriel Ferrari
Steven Bochcho,"Murder in the First, Season 1",50 California Street,Turner Network Television (TNT),Eric Lodal
"Alan Poul, Silas Howard, Stacie Passon",Tales of the City,Dolores Park,Netflix,"Armistead Maupin, Lauren Morelli, Hansol Jung, Marcus Gardley"
Oded Binnun/ Michel Brezis,Etruscan Smile,Treasure Island,TBD,"Sarah Bellwood, Michal Lali Kagan, Michael McGowan Amital Stern, Jose Luis Sampedro"
Steven Bochcho,"Murder in the First, Season 1",Ida B. Wells High School (1099 Hayes Street),Turner Network Television (TNT),Eric Lodal
Tom Shadyac,Patch Adams,Presidio (Golden Gate National Recreation Area),Universal Pictures,Steve Oedekerk
John Byrum,Heart Beat,Washington Square Bar & Grill (1707 Powell),Orion Pictures Corporation,John Byrum
Peter Yates,Bullitt,Filbert & Taylor Streets (Russian Hill),Warner Brothers,Alan R. Trustman
Justin Kelly,I Am Michael,4100 20th St,,Justin Kelly
Errol Morris,The Fog of War,,Sony Pictures Classics,
Niels Mueller,The Assassination of Richard Nixon,766 Sutter Street,THINKFilm,Niels Mueller & Kevin Kennedy
Peter Elkoff and Victoria Morrow,Chance- Season 1 ep108,St. Mary's Square Park,HULU,Andrew Bernstein
Thomas Schlamme,So I Married an Axe Murderer,Swedenborgian Church (2107 Lyon Street),TriStar Pictures,Robbie Fox
Zachary Shedd,Americana,Romolo Place @ Fresno St.,,Zachary Shedd
Steven Bochcho,"Murder in the First, Season 1",Hall of Justice (850 Bryant Street),Turner Network Television (TNT),Eric Lodal
Gus Van Sant,When We Rise,440 Castro St.,Amercian Broadcasting Company,Dustin Lance Black
Steven Bochcho,"Murder in the First, Season 2",Pennsylvania Avenue at 19th Street,Turner Network Television (TNT),Eric Lodal
Steven Bochcho,"Murder in the First, Season 1",504 Broadway,Turner Network Television (TNT),Eric Lodal
Gareth Edwards,Godzilla,California & Davis St,Warner Bros. Pictures,Max Borenstein
Gus Van Sant,When We Rise,426 Castro St.,Amercian Broadcasting Company,Dustin Lance Black
Woody Allen,Blue Jasmine,Aub Zam Zam Bar,Sony Pictures Classics,Woody Allen
Steve Carr,Dr. Dolittle 2,Hyde Street & Lombard Street,Twentieth Century Fox Film Corp.,Larry Levin
Carlo Caldana,"Smile Again, Jenny Lee",Mission Inn (5630 Mission St),,Linda Demetrick
Neil Jordan,Interview With The Vampire,Ferry Building,Geffen Pictures,Anne Rice
Paul Schrader,Patty Hearst,Bank of America (38th Street at Balboa Street),Atlantic Releasing Corporation,Nicholas Kazan
Howard Deutch,Getting Even with Dad,Transbay Terminal (Mission Street at 1st Street),Metro-Goldwyn-Mayer (MGM),Tom S. Parker
Andrew Haigh,Looking,Urban Flowers,Home Box Office (HBO),Michael Lannan
Victoria Morrow,Chance - Season 1 ep105,"The Drew School, 2901 California",HULU,Roxann Dawson
Rozann Dawson,Chance Season 2,Heron @ Berwick (off 8th and Harrison St),Hulu,Alexandra Cunningham
Carlo Caldana,"Smile Again, Jenny Lee",Greenwich St at Battery St,,Linda Demetrick
Alan Taylor,Terminator - Genisys,Pier 14,Paramount Pictures,James Cameron
James Fargo,The Enforcer,24th Street Mini Park (Mission District),Warner Bros. Pictures,Stirling Silliphant
Buddy Van Horn,The Dead Pool,Pierce & California Streets (Pacific Heights),Warner Bros. Pictures,Harry Julian Fink
Andrew Haigh,Looking Season 2 ep 205,534 Hyde Street,HBO,Michael Lannan
Peter Weir,Fearless,5th and Beale Streets,Warner Bros. Pictures,Rafael Yglesias
Woody Allen,Blue Jasmine,Motel Capri,Sony Pictures Classics,Woody Allen
Alan Taylor,Terminator - Genisys,Pine and Leavenworth,Paramount Pictures,James Cameron
Gabriele Muccino,Summertime,Montgomery between California and Pine,11 Distribution,Gabriele Muccino
David Miller,Sudden Fear,The Tamalpais Building (1201 Greenwich Street at Hyde),RKO Pictures,Lenore J. Coffee
Carlo Caldana,"Smile Again, Jenny Lee",510 Noe Street & 18th St.,,Linda Demetrick
Sara Gran,Chance- Season 1 ep106,Treasure Island,HULU,Dan Attias
Alfred Hitchcock,Family Plot,Nob Hill,Universal Pictures,Ernest Lehman
Steven Bochcho,"Murder in the First, Season 3",Pier 96,Turner Network Television (TNT),Eric Lodal
Chris Columbus,Nine Months,Pierce Street between Pacific & Green Streets,Twentieth Century Fox Film Corp.,Chris Columbus
Howard Deutch,Getting Even with Dad,"Neiman Marcus (150 Stockton Street, Union Square)",Metro-Goldwyn-Mayer (MGM),Tom S. Parker
Ted Post,Magnum Force,"Pacific Heights Towers (2200 Sacramento Street, Pacific Heights)",Warner Bros. Pictures,John Milius
Peter Yates,Bullitt,"SF General Hospital Center (1001 Potrero Avenue, Potrero Hill)",Warner Brothers,Alan R. Trustman
Blake Edwards,Days of Wine and Roses,,Warner Bros. Pictures,JP Miller
Paul Verhoeven,Basic Instinct,Kearney Street (Telegraph Hill),TriStar Pictures,Joe Eszterhas
Alexandra Cunningham and Kem Nunn,Chance- Season 1 ep110,18 Urbano,HULU,Michael Lehmann
Gabriele Muccino,Summertime,Alamo Square ,7 Distribution,Gabriele Muccino
Eric G. Johnson,Tweek City,,Maverick Entertainment Group,Eric G. Johnson
Hal Ashby,Harold and Maude,Sutro Baths (Point Lobos Avenue),Paramount Pictures,Colin Higgins
Philip Kaufman,Hemingway & Gelhorn,Muni Metro East (501 Cesar Chavez),Home Box Office (HBO),Jerry Stahl & Barbara Turner
Marielle Heller,The Diary of a Teenage Girl,700 Kansas St.,Sony Pictures Classics,Marielle Heller
Peyton Reed,Ant-Man,Market between Stuart and Van Ness,Walt Disney Studios Motion Pictures,Gabriel Ferrari 
Philip Kaufman,Invasion of the Body Snatchers,City Hall,United Artists,Jack Finney
Carlo Caldana,"Smile Again, Jenny Lee",411 Shrader St.,,Linda Demetrick
Phil Joanou,Final Analysis,"Westin St. Francis Hotel (335 Powell Street, Union Square)",Warner Bros. Pictures,Robert Berger
Blake Edwards,Experiment in Terror,1 Montgomery Street at Post,Columbia Pictures,The Gordons
James Fargo,The Enforcer,Balmy Street (Mission District),Warner Bros. Pictures,Stirling Silliphant
Albert Brooks,Mother,"Fairmont Hotel (950 Mason Street, Nob Hill)",Paramount Pictures,Albert Brooks
Chris Columbus,Bicentennial Man,Golden Gate Bridge,Buena Vista Pictures,Nicholas Kazan
Carlo Caldana,"Smile Again, Jenny Lee",Kansas St at 17th St.,,Linda Demetrick
Gene Wilder,The Woman In Red,Brocklebank Apartments (1000 Mason Street),MGM Home Entertainment,Jean Loup Dabadie & Yves Robert
Gabriele Muccino,Summertime,Broadway and Taylor St Intersection,3 Distribution,Gabriele Muccino
Buddy Van Horn,The Dead Pool,Pierce & California Streets (Pacific Heights),Warner Bros. Pictures,Harry Julian Fink
Tom Brown,Pushing Dead,"Double Happiness Health, 3380 20th Street",TBD,Tom Brown
J.J. Abrams,Alcatraz,Francisco St from Larkin to Polk,Warner Bros. Television,Steven Lilien
Rozann Dawson,Chance Season 2,Steiner St between Jackson and Clay St,Hulu,Alexandra Cunningham
Michael Lehmann,Chance- Season 1 ep103,Laguna Honda Hospital,HULU,Kem Nunn
Andrew Haigh,Looking Season 2 ep 202,Church @ Duboce Street,HBO,Michael Lannan
Andrew Haigh,Looking Season 2 ep 210,Mission Street @ 22nd Street,HBO,Michael Lannan
Gus Van Sant,Milk,Grace Cathedral Episcopal Church (1100 California Street),Focus Features,Dustin Lance Black
Andrew Haigh,Looking,Doc's Clock,Home Box Office (HBO),Michael Lannan
Robert Wise,The House on Telegraph Hill,Telegraph Hill,Twentieth Century Fox Film Corp.,Elick Moll
Colin Higgins,Foul Play,City Hall,Paramount Pictures,Colin Higgins
Peter Hyams,The Presidio,Market & 2nd Streets,Paramount Pictures,Larry Ferguson
Peter Bogdanovich,What's Up Doc?,"St. Peter & Paul's Church (666 Filbert Street, Washington Square)",Warner Bros. Pictures,Peter Bogdanovich & Buck Henry
Colin Higgins,Foul Play,"Asian Art Museum (200 Larkin Street, Civic Center)",Paramount Pictures,Colin Higgins
Philip Kaufman,Invasion of the Body Snatchers,720 Steiner Street (Hayes Valley),United Artists,Jack Finney
Terry Zwigoff,"Budding Prospects, Pilot",Lucky Street,Amazon,"Melissa Axelrod, T. C. Boyle (based on the book by)"
Ted Post,Magnum Force,280 Freeway at Pennsylvania and Mariposa Streets,Warner Bros. Pictures,John Milius
Robert Stevenson,The Love Bug,Golden Gate Bridge,Buena Vista Distribution,Bill Walsh
Walter Salles,On the Road,Sacramento & Montgomery Streets,IFC Films & Sundance Selects,Jack Kerouac & Jose Rivera
"Jamie Babbit, Amanda Brotchie, Steven K. Tsuchida, Christian Ditter, John Riggi",GirlBoss,"Clayton Post Office, 554 Clayton St.",Netflix,Kay Cannon
Buddy Van Horn,The Dead Pool,"Mirant Energy, LLC (1301 Illinois Street, The Dogpatch)",Warner Bros. Pictures,Harry Julian Fink
Kevin Rodney Sullivan,How Stella Got Her Groove Back,Marriot Hotel (55 4th Street at Market),Twentieth Century Fox Film Corporation,Terry McMillan
Andrew Haigh,Looking Season 2 ep 206,745 Treat Ave.,HBO,Michael Lannan
Keith Samples,A Smile Like Yours ,San Francisco International Airport,Paramount Pictures,Keith Samples & Kevin Meyer
H.P. Mendoza,Bitter Melon,33 Dearborn St,"ABS-CBN, Gravitas Ventures",H.P. Mendoza
Andrew Haigh,Looking,601 Buena Vista West,Home Box Office (HBO),Michael Lannan
Nancy Meyers,The Parent Trap,Administration Building (Treasure Island),Buena Vista Pictures,Nancy Meyers
David Fincher,The Game,City Club (155 Sansome Street),Polygram Filmed Entertainment,John Brancato
James Nguyen,Julie and Jack,,Echelon Entertainment,James Nguyen & Joe Bright
Alon Aranya,Red Widow,Pioneer Park at Coit Tower,American Broadcasting Company (ABC),Melissa Rosenberg
Jon Amiel,Copycat,Treasure Island,Warner Bros. Pictures,Ann Biderman
Oded Binnun/ Michel Brezis,Etruscan Smile,Pier 14 San Francisco,TBD,"Sarah Bellwood, Michal Lali Kagan, Michael McGowan Amital Stern, Jose Luis Sampedro"
Andrew Haigh,Looking,Orphan Andy's,Home Box Office (HBO),Michael Lannan
Buddy Van Horn,The Dead Pool,"Silver Restaurant (737 Washington Street, Chinatown)",Warner Bros. Pictures,Harry Julian Fink
J.J. Abrams,Alcatraz,Francisco St from Larkin to Polk,Warner Bros. Television,Steven Lilien
Zachary Shedd,Americana,20th St and Illinois/Faxon St. and Kenwood/Glenbrook at Mt. Springs,,Zachary Shedd
Buddy Van Horn,The Dead Pool,McAllister & Scott Streets (Hayes Valley),Warner Bros. Pictures,Harry Julian Fink
Danny Boyle,Steve Jobs,Jackson St. from Mason St. to Powell St.,Universal Pictures,Aaron Sorkin
"Jamie Babbit, Amanda Brotchie, Steven K. Tsuchida, Christian Ditter, John Riggi",GirlBoss,"La Taqueria, 2889 Mission St.",Netflix,Kay Cannon
"Jamie Babbit, Amanda Brotchie, Steven K. Tsuchida, Christian Ditter, John Riggi",GirlBoss,"Underground SF, 424 Haight St.",Netflix,Kay Cannon
David Fincher,The Game,Ritz-Carlton Hotel (600 Stockton Street),Polygram Filmed Entertainment,John Brancato
Joe Talbot,The Last Black Man in San Francisco,Forest Hill MUNI Station,A35,"Joe Talbot, Jimmie Fails, Rob Richert"
Andrew Haigh,Looking Season 2 ep 210,Twin Peaks Park,HBO,Michael Lannan
Andrew Haigh,Looking Season 2 ep 204,"Urban Flowers, 4029 18th Street",HBO,Michael Lannan
Peter Bogdanovich,What's Up Doc?,Chinatown,Warner Bros. Pictures,Peter Bogdanovich & Buck Henry
Peyton Reed,Ant-Man,"Treasure Island, Building #1, Ave of the Palms",Walt Disney Studios Motion Pictures,Gabriel Ferrari 
Noah Pritzker,Quitters,Wine Impression,,Noah Pritzker
Andrew Haigh,"Looking ""Special""",10th Street between Market & Mission ,HBO,Michael Lannan
Woody Allen,Blue Jasmine,2898 Broadway,Sony Pictures Classics,Woody Allen
Gary Sinyor,The Bachelor,Sutter-Stockton Garage (330 Sutter Street at Stockton),New Line Cinema,Steve Cohen
Brad Peyton,San Andreas,Fort Baker,Warner Bros.,Allan Loeb 
John Frankenheimer,Birdman of Alcatraz,Alcatraz Island,United Artists,Guy Trosper
George Nolfi,Birth of the Dragon,California at Mason,Kylin Pictures,"Christopher Wilkinson, Stephen J. Rivele"
Niels Mueller,The Assassination of Richard Nixon,"Tosca CafÃ© (242 Columbus Avenue, North Beach)",THINKFilm,Niels Mueller & Kevin Kennedy
Andrew Haigh,"Looking ""Special""",17th & Market Street,HBO,Michael Lannan
Thomas Carter,Metro,Bush Street at Jones,Buena Vista Pictures,Randy Feldman
Jon Amiel,Copycat,Sound Factory (1st and Harrison Streets),Warner Bros. Pictures,Ann Biderman
Robert Wise,The House on Telegraph Hill,Market Street,Twentieth Century Fox Film Corp.,Elick Moll
Alan Taylor,Terminator - Genisys,Embarcadero between Pier 2 and Harrison,Paramount Pictures,James Cameron
Chris Columbus,Nine Months,Pierce Street between Pacific & Green Streets,Twentieth Century Fox Film Corp.,Chris Columbus
James Fargo,The Enforcer,Hall of Justice,Warner Bros. Pictures,Stirling Silliphant
Andrew Haigh,Looking Season 2 ep 202,314 11th Street,HBO,Michael Lannan
Thomas Schlamme,So I Married an Axe Murderer,Swedenborgian Church (2107 Lyon Street),TriStar Pictures,Robbie Fox
Annie Wang,Cardinal X,Lyon at Chestnut St.,,Annie Wang
Joe Talbot,The Last Black Man in San Francisco,801 Innes Ave,A27,"Joe Talbot, Jimmie Fails, Rob Richert"
Buddy Van Horn,The Dead Pool,23rd & Iowa Streets (Dogpatch),Warner Bros. Pictures,Harry Julian Fink
Tom Brown,Pushing Dead,1069 Tennessee Street,TBD,Tom Brown
Nicholas Meyer,Time After Time,Lombard & Laguna Streets (Marina District),Columbia Broadcasting System (CBS),Karl Alexander
Robert Stevenson,Herbie Rides Again,Sheraton Palace Hotel (639 Market Street),Buena Vista Distribution,Bill Walsh
Philip Kaufman,Invasion of the Body Snatchers,"Bimbo's 365 Club (1025 Columbus Avenue, North Beach)",United Artists,Jack Finney
Colin Higgins,Foul Play,Flood Building (870 Market Street),Paramount Pictures,Colin Higgins
Zachary Shedd,Americana,Variety Preview Room (582 Market St.),,Zachary Shedd
Peter Yates,Bullitt,1153-57 Taylor Street,Warner Brothers,Alan R. Trustman
John Huston,The Maltese Falcon,"Burritt Alley (Off Bush Street, between Powell and Stockton Streets)",Warner Bros. Pictures,John Huston
Jacob Kornbluth,Love & Taxes,The Marsh Theatre (1062 Valencia Street),,Jacob Kornbluth
David Fincher,The Game,Bank of America Building (555 California Street),Polygram Filmed Entertainment,John Brancato
Bill Duke,Sister Act 2: Back in the Habit,"St. Peter & Paul's Church (666 Filbert Street, Washington Square)",Buena Vista Pictures,Joseph Howard
Harold Ramis,Bedazzled,Vaillancourt Fountain (Justin Herman Plaza),Twentieth Century Fox Film Corp.,Harold Ramis
Wachowski Siblings,Sense8 - Season 2,"Grace Cathedral, 1100 California St.",Netflix,"J. Michael Straczynski, Wachowiski Siblings"
Brad Peyton,San Andreas,Coit Tower,Warner Bros.,Allan Loeb 
Ang Lee,Hulk,Treasure Island,Universal Pictures,Stan Lee
Ted Post,Magnum Force,"Lefty O' Doul Drawbridge/ 3rd Street Bridge (3rd Street, China Basin)",Warner Bros. Pictures,John Milius
Steven Bochcho,"Murder in the First, Season 1",350 Union Street,Turner Network Television (TNT),Eric Lodal
Lenny Abrahamson,Chance - Season 1 Pilot,Ellis and Jones St.,HULU,Alexandra Cunningham and Kem Nunn
Chris Columbus,Nine Months,"San Francisco General Hospital Medical Center (1001 Potrero Avenue, Potrero Hill)",Twentieth Century Fox Film Corp.,Chris Columbus
Joe Talbot,The Last Black Man in San Francisco,Buena Vista East btwn Duboce and Haight,A53,"Joe Talbot, Jimmie Fails, Rob Richert"
Oded Binnun/ Michel Brezis,Etruscan Smile,San Francisco City Hall,TBD,"Sarah Bellwood, Michal Lali Kagan, Michael McGowan Amital Stern, Jose Luis Sampedro"
Alan Taylor,Terminator - Genisys,Mission at 1st and 2nd,Paramount Pictures,James Cameron
Nicholas Meyer,Time After Time,Golden Gate Park,Columbia Broadcasting System (CBS),Karl Alexander
Andrew Haigh,Looking,Orphan Andy's,Home Box Office (HBO),Michael Lannan
Oded Binnun/ Michel Brezis,Etruscan Smile,Pier 14 San Francisco,TBD,"Sarah Bellwood, Michal Lali Kagan, Michael McGowan Amital Stern, Jose Luis Sampedro"
Tom Brown,Pushing Dead,"Daniel's Pharmacy, 943 Geneva Ave",TBD,Tom Brown
Howard Deutch,Getting Even with Dad,Mason Street at Jackson,Metro-Goldwyn-Mayer (MGM),Tom S. Parker
Carl Franklin,Chance- Season 1 ep104,1018 Tennessee St.,HULU,Peter Elkoff
Luis Mandoki,When a Man Loves a Woman,1521 Masonic Avenue at Piedmont Street,Buena Vista Pictures,Ronald Bass
Gus Van Sant,Milk,424 Sansome Street,Focus Features,Dustin Lance Black
Philip Kaufman,Twisted,"Red's Java House (Pier 30-32, The Embarcadero)",Paramount Pictures,Sarah Thorp
Garry Marshall,The Princess Diaries,Cliff House (1090 Point Lobos Avenue),Buena Vista Pictures,Gina Wendkos
Michael Ritchie,The Candidate,"Westin St. Francis Hotel (335 Powell Street, Union Square)",Warner Bros. Pictures,Jeremy Larner
Tom Brown,Pushing Dead,"Mission Neibhrohood Health Cetner, 240 Shotweel Street",TBD,Tom Brown
Rozann Dawson,Chance Season 2,Filbert St at Stockton St,Hulu,Alexandra Cunningham
Nahnatchka Khan,Always Be My Maybe,Pier 7,Netflix,"Michael Golamco, Randall Park, Ali Wong"
Andrew Haigh,"Looking ""Special""","Encore Karaoke, 1550 California Street",HBO,Michael Lannan
Peyton Reed,Ant-Man,Pine between Kearney and Davis,Walt Disney Studios Motion Pictures,Gabriel Ferrari 
Clint Eastwood,Sudden Impact,"McDonald's Restaurant (701 3rd Street, SOMA)",Warner Bros. Pictures,Harry Julian Fink
Luis Mandoki,When a Man Loves a Woman,"Victor's Restaurant, The Westin St. Francis Hotel (335 Powell Street)",Buena Vista Pictures,Ronald Bass
Harold Ramis,Bedazzled,Montgomery & Market Streets,Twentieth Century Fox Film Corp.,Harold Ramis
Paul Schrader,Patty Hearst,Bank of America (38th Street at Balboa Street),Atlantic Releasing Corporation,Nicholas Kazan
Luis Mandoki,When a Man Loves a Woman,Spring Valley School (1451 Jackson Street),Buena Vista Pictures,Ronald Bass
Betty Thomas,Doctor Dolittle,2107 Union Street,Twentieth Century Fox Film Cooperation,Nat Mauldin
Gus Van Sant,When We Rise,City Hall,Amercian Broadcasting Company,Dustin Lance Black
Luis Mandoki,When a Man Loves a Woman,1521 Masonic Avenue at Piedmont Street,Buena Vista Pictures,Ronald Bass
Steve Carr,Dr. Dolittle 2,"West Chrissy Field (Presidio, Golden Gate National Recreation Area)",Twentieth Century Fox Film Corp.,Larry Levin
Hassan Zee,Night of Henna,,Illuminare Entertainment,Hassan Zee
Philip Kaufman,Invasion of the Body Snatchers,"Ramada Plaza Hotel Downtown (1231 Market Street, Civic Center)",United Artists,Jack Finney
Steven Bochcho,"Murder in the First, Season 1",Joice Street at Clay Street,Turner Network Television (TNT),Eric Lodal
George Sidney,Pal Joey,"Spreckels Mansion (2080 Washington Street, Pacific Heights)",Columbia Pictures,Dorothy Kingsley
Leonard Nimoy,Star Trek IV: The Voyage Home,Kearny & Pacific Streets,Paramount Pictures,Steve Meerson
John Glen,A View to a Kill,City Hall,MGM/UA Entertainment Company,Richard Maibaum
Andrew Haigh,Looking Season 2 ep 210,BART Station @ 16th Street & Mission Streets,HBO,Michael Lannan
Finn Taylor,Dream with the Fishes,Bay Bridge,Sony Pictures Classics,Finn Taylor & Jeffrey Brown
Alfred Hitchcock,Vertigo,Mission San Juan Bautista (2nd & Mariposa Streets),Paramount Pictures,Alec Coppel
George Stevens,I Remember Mama,Grant Avenue (North Beach),RKO Radio Pictures,DeWitt Bodeen
Jon Amiel,Copycat,"Java House (Pier 40, Embarcadero)",Warner Bros. Pictures,Ann Biderman
Sara Gran and Pete Begler,Chance- Season 1 ep109,850 Bryant- 6th floor County Jail,HULU,Dan Attias
Sara Gran and Pete Begler,Chance- Season 1 ep109,60 Leavenworth St.,HULU,Dan Attias
Mark J. Kunerth,About a Boy,Powell from Bush and Sutter,National Broadcasting Company,Jason Katims
Steven Bochcho,"Murder in the First, Season 1",AT&T Park,Turner Network Television (TNT),Eric Lodal
Buddy Van Horn,The Dead Pool,"Eber Electronics (2355 Market Street, Castro)",Warner Bros. Pictures,Harry Julian Fink
Finn Taylor,Dream with the Fishes,Pier 39,Sony Pictures Classics,Finn Taylor & Jeffrey Brown
Mark Waters,Just Like Heaven,,DreamWorks Distribution,Peter Tolan
Norman Foster,Woman on the Run,819 Mason Street at Pine,Universal Pictures,Norman Foster
Ruben Fleischer,Venom,California St btwn Drumm and Sansome,"Columbia Pictures, Sony Pictures Releasing","Jeff Pinkner, Scott Rosenberg"
Gary Sinyor,The Bachelor,Roof of Cable Car (California at Front Street),New Line Cinema,Steve Cohen
Gary Sinyor,The Bachelor,Stockton Tunnel (Stockton Street at Sutter Street),New Line Cinema,Steve Cohen
Ivan Reitman,Junior,722 Steiner Street,Universal Pictures,Kevin Wade
Peyton Reed,Ant-Man and the Wasp,California St btwn Mason and Leavenworth,Walt Disney Studios Motion Pictures,Chris McKenna
Scott Waugh,Need For Speed,Powell St. from Geary to Sacramento,Walt Disney Studios Motion Pictures,George Gatins
Steven Bochcho,"Murder in the First, Season 2",Grant Avenue between Clay and Washington Streets,Turner Network Television (TNT),Eric Lodal
Phil Alden Robinson,Sneakers,Hills Brothers Plaza (The Embarcadero at Harrison),Universal Pictures,Walter Parkes
Victoria Morrow,Chance - Season 1 ep105,60 Leavenworth St.,HULU,Roxann Dawson
David Fincher,The Game,1 Bush Street,Polygram Filmed Entertainment,John Brancato
Phillip R. Ford,Vegas in Space,544 Natoma (SOMA),MCA/Universal Home Video,Doris Fish
Irwin Winkler,The Net,Moscone Convention Center,Columbia Pictures,John Brancato
Joe Talbot,The Last Black Man in San Francisco,"Ford's Grocery Store, 1496 Oakdale Ave",A42,"Joe Talbot, Jimmie Fails, Rob Richert"
Colin Higgins,Foul Play,Sacramento & Hyde Streets (Nob Hill),Paramount Pictures,Colin Higgins
Alan Taylor,Terminator - Genisys,Van Ness between Fell and Lombard,Paramount Pictures,James Cameron
Scott Waugh,Need For Speed,California St from Taylor to Powell,Walt Disney Studios Motion Pictures,George Gatins
Luis Mandoki,When a Man Loves a Woman,Cybelle's Pizza (1000 Bush Street),Buena Vista Pictures,Ronald Bass
Tom Brown,Pushing Dead,Church Street MUNI Station,TBD,Tom Brown
Andrew Haigh,"Looking ""Special""","Capital Restaurant, 839 Clay Street",HBO,Michael Lannan
Harold Ramis,Bedazzled,City Hall,Twentieth Century Fox Film Corp.,Harold Ramis
Wayne Wang,Chan is Missing,"Li Po (916 Grant Avenue at Washington, Chinatown)",New Yorker Films,Wayne Wang
Wachowski Siblings,Sense8 - Season 2,"San Francisco City Hall, 1 Dr. Carlton B. Goodlett Pl.",Netflix,"J. Michael Straczynski, Wachowiski Siblings"
