Release Year,Distributor,Production Company,Writer,Title,Director,Locations
2013,Sony Pictures Classics,Perdido Productions,Woody Allen,Blue Jasmine,Woody Allen,5546 Geary Ave
2008,Focus Features,Focus Features,Dustin Lance Black,Milk,Gus Van Sant,Marine Fireman's Union Headquarters
1968,Warner Brothers,"Warner Brothers / Seven Arts
Seven Arts",Alan R. Trustman,Bullitt,Peter Yates,Bayshore Blvd near Cesar Chavez (Bayview)
2011,Home Box Office (HBO),"Attaboy Films, For Whom Productions, Home Box Office (HBO)",Jerry Stahl & Barbara Turner,Hemingway & Gelhorn,Philip Kaufman,Muni Metro East (501 Cesar Chavez)
1968,Warner Brothers,"Warner Brothers / Seven Arts
Seven Arts",Alan R. Trustman,Bullitt,Peter Yates,20th & Vermont Streets (Potrero Hill)
1973,Warner Bros. Pictures,The Malpaso Company,John Milius,Magnum Force,Ted Post,"Lefty O' Doul Drawbridge/ 3rd Street Bridge (3rd Street, China Basin)"
2015,HBO,"Mission Street Productions, LLC",Michael Lannan,Looking Season 2 ep 204,Andrew Haigh,"Esta Noche, 3079 16th Street"
1988,Paramount Pictures,Paramount Pictures,Larry Ferguson,The Presidio,Peter Hyams,Coit Tower
2015,,Carlo Caldana/Marguery Films,Linda Demetrick,"Smile Again, Jenny Lee",Carlo Caldana,"Fairmont Hotel (950 Mason Street, Nob Hill)"
1988,Warner Bros. Pictures,Warner Bros. Pictures,Harry Julian Fink,The Dead Pool,Buddy Van Horn,Fremont Street Exit of Bay Bridge
1935,United Artists,The Samuel Goldwyn Company,Ben Hecht,Barbary Coast,Howard Hawks,
1950,United Artists,Cardinal Pictures,Russell Rouse,D.O.A,Rudolph Mate,Union Square
2019,Netflix,"Isla Productions, LLC","Michael Golamco, Randall Park, Ali Wong",Always Be My Maybe,Nahnatchka Khan,19th Ave Home
2001,Twentieth Century Fox Film Corp.,Twentieth Century Fox Film Corp.,Larry Levin,Dr. Dolittle 2,Steve Carr,"West Chrissy Field (Presidio, Golden Gate National Recreation Area)"
1999,Buena Vista Pictures,1492 Pictures,Nicholas Kazan,Bicentennial Man,Chris Columbus,Golden Gate Bridge
1979,Columbia Broadcasting System (CBS),Orion Pictures Corp.,Karl Alexander,Time After Time,Nicholas Meyer,Lombard & Divisadero Streets (Marina District)
2018,"ABS-CBN, Gravitas Ventures",Bitter Melon Film LLC/Mammoth Pictures,H.P. Mendoza,Bitter Melon,H.P. Mendoza,3139 16th St
2016,Turner Network Television (TNT),Turner North Center Productions,Eric Lodal,"Murder in the First, Season 3",Steven Bochcho,500 Grove Street
1998,Warner brothers Pictures,Constant c Productions,Kurt Wimmer,Sphere,Barry Levinson,S.S. Jeremiah O'Brien
1950,Universal Pictures,Fidelity Pictures Corporation,Norman Foster,Woman on the Run,Norman Foster,835-865 Market Street at 5th Street
2013,Twentieth Century Fox Film Corporation,Twentieth Century Fox Film Corporation,Vince Vaughn,The Internship,Shawn Levy,Players Arcade at Pier 39
2008,Focus Features,Focus Features,Dustin Lance Black,Milk,Gus Van Sant,424 Sansome Street
1999,MCA / Universal Pictures,Imagine Entertainment,Lowell Ganz,Edtv,Ron Howard,North Beach Video (1398 Grant Avenue at Green)
2014,"NBC Universal Media, LLC","NBC Universal Media, LLC",Greg Daniels,Parks and Recreation,Dean Holland,Columbus and Green
2000,Twentieth Century Fox Film Corp.,Twentieth Century Fox Film Corp.,Harold Ramis,Bedazzled,Harold Ramis,City Hall
2016,HULU,TVM Productions,Alexandra Cunningham,Chance- Season 1 ep102,Lenny Abrahamson,Heron and Berwick Alleys
1979,Columbia Broadcasting System (CBS),Orion Pictures Corp.,Karl Alexander,Time After Time,Nicholas Meyer,One Embarcadero Center (Financial District)
1995,Twentieth Century Fox Film Corp.,1492 Pictures,Chris Columbus,Nine Months,Chris Columbus,The Malloch Apartment Building (1360 Montgomery Street)
2015,HBO,"Mission Street Productions, LLC",Michael Lannan,Looking Season 2 ep 207,Andrew Haigh,770 Haight Street
2017,Netflix,"Hippolyta Productions, LLC",Kay Cannon,GirlBoss,"Jamie Babbit, Amanda Brotchie, Steven K. Tsuchida, Christian Ditter, John Riggi","Musee Mecanique, Fisherman's Wharf"
1964,Universal Pictures,Universal Pictures,Jay Presson Allen,Marnie,Alfred Hitchcock,"On Board the SS President Cleveland, docked at Pier 50"
2015,,Thatâs Hollywood,Justin Kelly,I Am Michael,Justin Kelly,Sanchez/Cumberland steps and sidewalks
1961,Parmaount Pictures,Perlsea Company,Samuel A. Taylor,Pleasure of His Company,George Seaton,2700 Vallejo Street (Pacific Heights)
2014,Weinstein Company,Blink & Wink Productions,Scott Alexander,Big Eyes,Tim Burton,Pine St. & Grant
2019,Netflix,Lunar Mining LLC,"Zal Batmanglij, Brit Marling",The OA Part II,Zal Batmanglij,Pier 43
2015,Paramount Pictures,T5 Productions LLC,James Cameron,Terminator - Genisys,Alan Taylor,Howard St. from Embarcadero to 11 St.
1986,Facets Multimedia Distribution,Leger/Bashore,Juliet Bashore,Kamikaze Hearts,Juliet Bashore,Market Street Between Noe and Sanchez
2014,Twentieth Century Fox,"Fox Louisiana Productions, LLC",Rick Jaffa,Dawn of the Planet of the Apes,Matt Reeves,Filbert St. from Hyde to Leavenworth
2016,HULU,TVM Productions,Andrew Bernstein,Chance- Season 1 ep108,Peter Elkoff and Victoria Morrow,St. Mary's Square Park
2019,Netflix,Lunar Mining LLC,"Zal Batmanglij, Brit Marling",The OA Part II,Zal Batmanglij,Cameron House - 920 Sacramento St
2015,,"Frederick & Ashbury, LLC.",Noah Pritzker,Quitters,Noah Pritzker,21st St & Sanchez
2004,Paramount Pictures,Paramount Pictures,Sarah Thorp,Twisted,Philip Kaufman,Veterans' War Memorial Building (401 Van Ness Avenue)
1980,American Broadcasting Company (ABC),Columbia Pictures Corporation,Joel Oliansky,The Competition,Joel Oliansky,Pier 39
2015,,"Frederick & Ashbury, LLC.",Noah Pritzker,Quitters,Noah Pritzker,Tonga Room
1968,Warner Brothers,"Warner Brothers / Seven Arts
Seven Arts",Alan R. Trustman,Bullitt,Peter Yates,CafÃ© Cantata (2040 Union Street)
1997,Buena Vista Pictures,Walt Disney Pictures,Samuel W. Taylor,Flubber,Les Mayfield,Treasure Island
2001,Artistic License,Steakhaus Productions,Harriet Dodge & Silas Howard,By Hook or By Crook,Harriet Dodge & Silas Howard,"Department of Public Health (101 Grove Street at Polk, Civic Center)"
1992,TriStar Pictures,Carolco Pictures,Joe Eszterhas,Basic Instinct,Paul Verhoeven,Tosca CafÃ© (242 Columbus Avenue)
2016,Kylin Pictures,"BOTD U.S. Productions, Inc.","Christopher Wilkinson, Stephen J. Rivele",Birth of the Dragon,George Nolfi,Pier 45 - Jeremiah O'Brien Liberty Ship
2016,HULU,TVM Productions,Alexandra Cunningham,Chance- Season 1 ep102,Lenny Abrahamson,"Duboce St., Duboce CafÃ©"
1987,Warner Bros. Pictures,Amblin Entertainment,Chip Proser,Innerspace,Joe Dante,Telegraph Hill
2015,,Sutro Films LLC,Zachary Shedd,Americana,Zachary Shedd,Coi Restaurant (373 Broadway)
2013,American Broadcasting Company (ABC),Beyond Pix,Melissa Rosenberg,Red Widow,Alon Aranya,2nd St & Howard
1990,Buena Vista Pictures,Touchstone Pictures,J.F. Lawton,Pretty Woman,Garry Marshall,
2016,HBO,"Mission Street Productions, LLC",Michael Lannan,"Looking ""Special""",Andrew Haigh,"Philz Coffee, 1258 Minnesota Street"
1978,Paramount Pictures,Paramount Pictures,Colin Higgins,Foul Play,Colin Higgins,Sacramento & Hyde Streets (Nob Hill)
1968,Warner Brothers,"Warner Brothers / Seven Arts
Seven Arts",Alan R. Trustman,Bullitt,Peter Yates,Taylor & Vallejo Streets (Russian Hill)
2016,HBO,"Mission Street Productions, LLC",Michael Lannan,"Looking ""Special""",Andrew Haigh,"Orphan Andy's, 3991 17th Street"
1958,Paramount Pictures,Alfred J. Hitchcock Productions,Alec Coppel,Vertigo,Alfred Hitchcock,Park Hill Sanatorium (351 Buena Vista Avenue East)
1971,Warner Brothers,The Malpaso Company,Harry Julian Fink,Dirty Harry,Don Siegel,Bank of America Building (555 California Street)
2014,Home Box Office (HBO),"Mission Street Productions, LLC",Michael Lannan,Looking,Andrew Haigh,Presidio Church at 130 Fisher Loop
1950,United Artists,Cardinal Pictures,Russell Rouse,D.O.A,Rudolph Mate,Mark Hopkins Intercontinental Hotel (1 Nob Hill Circle)
1993,Warner Bros. Pictures,Spring Creek Productions,Rafael Yglesias,Fearless,Peter Weir,Folsom Street & Embarcadero
1985,MGM/UA Entertainment Company,Metro-Goldwyn Mayer,Richard Maibaum,A View to a Kill,John Glen,Taylor and Jefferson Streets (Fisherman's Wharf)
1952,RKO Pictures,Joseph Kaufmann Pictures,Lenore J. Coffee,Sudden Fear,David Miller,Lombard Street
2001,Twentieth Century Fox Film Corp.,Twentieth Century Fox Film Corp.,Larry Levin,Dr. Dolittle 2,Steve Carr,"West Chrissy Field (Presidio, Golden Gate National Recreation Area)"
1993,National Broadcasting Company (NBC),Hollywood Pictures,Amy Tan,Joy Luck Club,Wayne Wang,901 Union Street
2016,HULU,TVM Productions,Alexandra Cunningham,Chance- Season 1 ep102,Lenny Abrahamson,"YWCA, 940 Powell"
2015,Walt Disney Studios Motion Pictures,"PYM Particles Productions, LLC",Gabriel Ferrari ,Ant-Man,Peyton Reed,Columbus between Bay and Washington
2014,Twentieth Century Fox,"Fox Louisiana Productions, LLC",Rick Jaffa,Dawn of the Planet of the Apes,Matt Reeves,Columbus & Pacific Ave
1995,Warner Bros. Pictures,Regency Enterprises,Ann Biderman,Copycat,Jon Amiel,Alta Plaza Park
1979,Columbia Broadcasting System (CBS),Orion Pictures Corp.,Karl Alexander,Time After Time,Nicholas Meyer,"SF General Hospital Center (1001 Potrero Avenue, Potrero Hill)"
2015,Paramount Pictures,T5 Productions LLC,James Cameron,Terminator - Genisys,Alan Taylor,Powell St at Geary St
2015,HBO,"Mission Street Productions, LLC",Michael Lannan,Looking Season 2 ep 202,Andrew Haigh,601 Buena Vista Ave West
1958,Paramount Pictures,Alfred J. Hitchcock Productions,Alec Coppel,Vertigo,Alfred Hitchcock,Conservatory of Flowers (Golden Gate Park)
2013,Sony Pictures Classics,Perdido Productions,Woody Allen,Blue Jasmine,Woody Allen,Heald College
2015,Turner Network Television (TNT),Turner North Center Productions,Eric Lodal,"Murder in the First, Season 2",Steven Bochcho,901 Missouri Street
2019,Netflix,Lunar Mining LLC,"Zal Batmanglij, Brit Marling",The OA Part II,Zal Batmanglij,Broadway Tunnel
2015,HBO,"Mission Street Productions, LLC",Michael Lannan,Looking Season 2 ep 207,Andrew Haigh,"Sparky's Diner, 242 Church Street"
2015,HBO,"Mission Street Productions, LLC",Michael Lannan,Looking Season 2 ep 209,Andrew Haigh,"Mission Arts Center, 2450 Harrison Street"
2016,HULU,TVM Productions,Dan Attias,Chance- Season 1 ep106,Sara Gran,60 Leavenworth St.
1958,Paramount Pictures,Alfred J. Hitchcock Productions,Alec Coppel,Vertigo,Alfred Hitchcock,"California Palace of the Legion of Honor (34th Avenue & Clement, Lincoln Park)"
1983,The Ladd Company,The Ladd Company,Philip Kaufman,The Right Stuff,Philip Kaufman,City Hall
1957,Columbia Pictures,Columbia Pictures Corporation,Dorothy Kingsley,Pal Joey,George Sidney,"Spreckels Mansion (2080 Washington Street, Pacific Heights)"
2017,Netflix,"Hippolyta Productions, LLC",Kay Cannon,GirlBoss,"Jamie Babbit, Amanda Brotchie, Steven K. Tsuchida, Christian Ditter, John Riggi","Clayton Post Office, 554 Clayton St."
2016,HULU,TVM Productions,Roxann Dawson,Chance - Season 1 ep105,Victoria Morrow,Maiden Lane between Kearny and Grant
2015,Paramount Pictures,T5 Productions LLC,James Cameron,Terminator - Genisys,Alan Taylor,1 Market St. Landmark Building
2011,Home Box Office (HBO),"Attaboy Films, For Whom Productions, Home Box Office (HBO)",Jerry Stahl & Barbara Turner,Hemingway & Gelhorn,Philip Kaufman,Muni Metro East (501 Cesar Chavez)
1979,Columbia Broadcasting System (CBS),Orion Pictures Corp.,Karl Alexander,Time After Time,Nicholas Meyer,Lombard & Fillmore Streets (Marina District)
2015,HBO,"Mission Street Productions, LLC",Michael Lannan,Looking Season 2 ep 204,Andrew Haigh,"Larken Street Youth Services, 1138 Sutter Street"
1958,Paramount Pictures,Alfred J. Hitchcock Productions,Alec Coppel,Vertigo,Alfred Hitchcock,Park Hill Sanatorium (351 Buena Vista Avenue East)
2008,Focus Features,Focus Features,Dustin Lance Black,Milk,Gus Van Sant,Duboce Park
2019,A50,"LBMISF, LLC","Joe Talbot, Jimmie Fails, Rob Richert",The Last Black Man in San Francisco,Joe Talbot,California St and Gough btwn Geary and Jones
1962,Columbia Pictures,Columbia Pictures Corporation,The Gordons,Experiment in Terror,Blake Edwards,George Washington High School (600 32nd Avenue )
1958,Paramount Pictures,Alfred J. Hitchcock Productions,Alec Coppel,Vertigo,Alfred Hitchcock,Mission San Juan Bautista (2nd & Mariposa Streets)
1979,Columbia Broadcasting System (CBS),Orion Pictures Corp.,Karl Alexander,Time After Time,Nicholas Meyer,"Huntington Park (California & Taylor Streets, Nob Hill)"
1995,Twentieth Century Fox Film Corp.,1492 Pictures,Chris Columbus,Nine Months,Chris Columbus,Belli Building (722 Montgomery Street at Washington)
2001,Sony Pictures Entertainment,Columbia Pictures,Pamela Falk,The Wedding Planner,Adam Shankman,Pleasant Street at Taylor
1950,Universal Pictures,Fidelity Pictures Corporation,Norman Foster,Woman on the Run,Norman Foster,Cable Car Signal Box (California Street at Powell Street)
1978,Paramount Pictures,Paramount Pictures,Colin Higgins,Foul Play,Colin Higgins,War Memorial Opera House (401 Van Ness Avenue)
1993,Buena Vista Pictures,Touchstone Pictures,Joseph Howard,Sister Act 2: Back in the Habit,Bill Duke,"Maritime Museum, Building 201 (Fort Mason)"
2019,Netflix,Lunar Mining LLC,"Zal Batmanglij, Brit Marling",The OA Part II,Zal Batmanglij,Pier 7
1974,American Broadcasting Company (ABC),Warner Bros. Pictures,Robert Kaufman,Freebie and the Bean,Richard Rush,Nob Hill
1988,Paramount Pictures,Paramount Pictures,Larry Ferguson,The Presidio,Peter Hyams,Sansome Street (The Embarcadero)
1936,Metro-Goldwyn Mayer,Metro-Goldwyn Mayer,Anita Loos,San Francisco,W.S. Van Dyke,City Hall
2015,Paramount Pictures,T5 Productions LLC,James Cameron,Terminator - Genisys,Alan Taylor,Bush St. at Stockton St.
2015,Warner Bros.,"Upside Down Productions, Inc.",Allan Loeb,San Andreas,Brad Peyton,555 California
2017,Hulu,TVM Productions Inc.,Alexandra Cunningham,Chance Season 2,Rozann Dawson,Embarcadero at Lombard St.
1992,TriStar Pictures,Carolco Pictures,Joe Eszterhas,Basic Instinct,Paul Verhoeven,Transbay Terminal (Mission Street at 1st Street)
1981,Columbia Broadcasting System (CBS),Melvin Simon Productions,Barbara Dana,Chu Chu and the Philly Flash,David Lowell Rich,22nd and Carolina Streets (Potrero Hill)
1986,Paramount Pictures,Paramount Pictures,Steve Meerson,Star Trek IV: The Voyage Home,Leonard Nimoy,North Beach
1995,Paramount Pictures,Paramount Pictures,Joe Eszterhas,Jade,William Friedkin,Palace of Fine Arts
2015,Universal Pictures,RDF Productions LLC,Aaron Sorkin,Steve Jobs,Danny Boyle,War Memorial Opera House (401 Van Ness Avenue)
2014,Turner Network Television (TNT),Turner North Center Productions,Eric Lodal,"Murder in the First, Season 1",Steven Bochcho,1541 Grove Street
1962,Columbia Pictures,Columbia Pictures Corporation,The Gordons,Experiment in Terror,Blake Edwards,1 Montgomery Street at Post
2015,HBO,"Mission Street Productions, LLC",Michael Lannan,Looking Season 2 ep 209,Andrew Haigh,"SF Zoo, 2945 Sloat Blvd"
1994,Columbia TriStar Home Video,Alan Jacobs Productions,Alan Jacobs,Nina Takes a Lover,Alan Jacobs,
2000,Dimension Films,Punch 21 Productions,The Drews,Boys and Girls,Robert Iscove,Alcatraz Island
2017,Hulu,TVM Productions Inc.,Alexandra Cunningham,Chance Season 2,Rozann Dawson,Waller St between Masonic and Del Mar St
2015,,Carlo Caldana/Marguery Films,Linda Demetrick,"Smile Again, Jenny Lee",Carlo Caldana,City Hall
2019,A34,"LBMISF, LLC","Joe Talbot, Jimmie Fails, Rob Richert",The Last Black Man in San Francisco,Joe Talbot,4704 3rd St
2016,Turner Network Television (TNT),Turner North Center Productions,Eric Lodal,"Murder in the First, Season 3",Steven Bochcho,Civic Center Plaza
2015,,Carlo Caldana/Marguery Films,Linda Demetrick,"Smile Again, Jenny Lee",Carlo Caldana,Hyatt Hotel (555 North Point St.)
1989,Direct Cinema Limited,Home Box Office (HBO),Jeffrey Friedman,Common Threads: Stories From the Quilt,Rob Epstein,The Castro
1998,Twentieth Century Fox Film Cooperation,Twentieth Century Fox Film Cooperation,Nat Mauldin,Doctor Dolittle,Betty Thomas,Gabbiano's Restaurant (Ferry Building)
2015,Sony Pictures Classics,"Diary the Movie, LLC",Marielle Heller,The Diary of a Teenage Girl,Marielle Heller,Higher Grounds Coffee House
2015,HBO,"Mission Street Productions, LLC",Michael Lannan,Looking Season 2 ep 210,Andrew Haigh,SF City Hall Polk Street Steps
2015,,Thatâs Hollywood,Justin Kelly,I Am Michael,Justin Kelly,Ocean Beach @ Balboa
1993,Warner Bros. Pictures,Spring Creek Productions,Rafael Yglesias,Fearless,Peter Weir,Kohl Building (400 Montgomery Street)
1958,Columbia Pictures,Pajemer Productions,Stirling Silliphant,The Lineup,Don Siegel,Sutro Baths (Point Lobos Avenue)
2016,HBO,"Mission Street Productions, LLC",Michael Lannan,"Looking ""Special""",Andrew Haigh,Bernal Heights Neighborhood
1989,Columbia Pictures,Columbia Pictures Corporation,Wesley Strick,True Believer,Joseph Ruben,
2016,Turner Network Television (TNT),Turner North Center Productions,Eric Lodal,"Murder in the First, Season 3",Steven Bochcho,Pier 96
1992,Universal Pictures,Universal Pictures,Walter Parkes,Sneakers,Phil Alden Robinson,The Embarcadero
1961,Universal Pictures,Fields Productions,Joseph Fields,Flower Drum Song,Henry Koster,Golden Gate Bridge
2015,Paramount Pictures,T5 Productions LLC,James Cameron,Terminator - Genisys,Alan Taylor,Sutter Stockton Garage
1974,Twentieth Century - Fox,Irwin Allen Productions,Stirling Silliphant,The Towering Inferno,John Guillermin,"Bank of America Building (555 California Street, Financial District)"
2016,HULU,TVM Productions,Dan Attias,Chance- Season 1 ep106,Sara Gran,Treasure Island
1993,Warner Bros. Pictures,Spring Creek Productions,Rafael Yglesias,Fearless,Peter Weir,"San Francisco General Hospital Medical Center (1001 Potrero Avenue, Potrero Hill)"
2015,Turner Network Television (TNT),Turner North Center Productions,Eric Lodal,"Murder in the First, Season 2",Steven Bochcho,372/374 Pennsylvania Avenue
1978,United Artists,Solofilm,Jack Finney,Invasion of the Body Snatchers,Philip Kaufman,City Hall
2015,HBO,"Mission Street Productions, LLC",Michael Lannan,Looking Season 2 ep 209,Andrew Haigh,1890 Clay Street
1993,Buena Vista Pictures,Touchstone Pictures,Joseph Howard,Sister Act 2: Back in the Habit,Bill Duke,CCSF Alemany Campus 
2013,Sony Pictures Classics,Perdido Productions,Woody Allen,Blue Jasmine,Woody Allen,303-305 S. Van Ness
2018,"Columbia Pictures, Sony Pictures Releasing","L.O.Z. Productions, Inc.","Jeff Pinkner, Scott Rosenberg",Venom,Ruben Fleischer,"Epic Steakhouse, 369 Embarcadero"
2016,TBD,"Pushing Dead , LLC",Tom Brown,Pushing Dead,Tom Brown,42 Walter Street
2016,TBD,"Pushing Dead , LLC",Tom Brown,Pushing Dead,Tom Brown,Turk Street between Steiner and Scott Streets
1993,TriStar Pictures,TriStar Pictures,Robbie Fox,So I Married an Axe Murderer,Thomas Schlamme,CafÃ© Picaro 3120 16th Street
1952,RKO Pictures,Joseph Kaufmann Pictures,Lenore J. Coffee,Sudden Fear,David Miller,2800 Scott Street
1978,Paramount Pictures,Paramount Pictures,Colin Higgins,Foul Play,Colin Higgins,Flood Building (870 Market Street)
2015,,Carlo Caldana/Marguery Films,Linda Demetrick,"Smile Again, Jenny Lee",Carlo Caldana,475 Diamond St.
1924,Metro-Goldwyn-Mayer (MGM),Metro-Goldwyn-Mayer (MGM),Eric von Stroheim,Greed,Eric von Stroheim,Bush and Sutter Streets
2015,,Carlo Caldana/Marguery Films,Linda Demetrick,"Smile Again, Jenny Lee",Carlo Caldana,Unitarian Church (1187 Franklin St.)
1978,United Artists,Solofilm,Jack Finney,Invasion of the Body Snatchers,Philip Kaufman,United Nations Plaza (Civic Center)
2005,DreamWorks Distribution,DreamWorks SKG,Peter Tolan,Just Like Heaven,Mark Waters,
2016,Netflix,"Unpronounceable Productions, LLC","J. Michael Straczynski, Wachowiski Siblings",Sense8 - Season 2,Wachowski Siblings,Mission Creek Harbor along Channel St.
2001,Artistic License,Steakhaus Productions,Harriet Dodge & Silas Howard,By Hook or By Crook,Harriet Dodge & Silas Howard,"Royan Hotel (405 Valencia Street, Mission District)"
2015,,Thatâs Hollywood,Justin Kelly,I Am Michael,Justin Kelly,4100 20th St
1994,Metro-Goldwyn-Mayer (MGM),Metro-Goldwyn-Mayer (MGM),David Henry Hwang,Golden Gate,Howard Deutch,University of California Hastings College of the Law
2017,Amazon ,Picrow Streaming Inc.,"Melissa Axelrod, T. C. Boyle (based on the book by)","Budding Prospects, Pilot",Terry Zwigoff,Gough Street & Clay Street
2005,Fabrication Films,Parker Film Company,Jonathan Parker & Catherine DiNapoli,The Californians,Jonathan Parker,
1958,Paramount Pictures,Alfred J. Hitchcock Productions,Alec Coppel,Vertigo,Alfred Hitchcock,"Mission Dolores (3321 16th Street, Mission District)"
2016,HBO,"Mission Street Productions, LLC",Michael Lannan,"Looking ""Special""",Andrew Haigh,Van Ness and Market Street MUNI exit
2015,,"Frederick & Ashbury, LLC.",Noah Pritzker,Quitters,Noah Pritzker,Wine Impression
1969,Cinerama Releasing Corporation,American Broadcasting Company (ABC),Woody Allen,Take the Money and Run,Woody Allen,Bank of America (1455 Stockton Street)
2019,A33,"LBMISF, LLC","Joe Talbot, Jimmie Fails, Rob Richert",The Last Black Man in San Francisco,Joe Talbot,Innes and Arelious Walker
1995,Paramount Pictures,Paramount Pictures,Joe Eszterhas,Jade,William Friedkin,Sheraton Palace Hotel (639 Market Street)
2015,Walt Disney Studios Motion Pictures,"PYM Particles Productions, LLC",Gabriel Ferrari,Ant-Man,Peyton Reed,Pine between Kearney and Davis
1979,Columbia Broadcasting System (CBS),Orion Pictures Corp.,Karl Alexander,Time After Time,Nicholas Meyer,2340 Francisco Street
2001,Sony Pictures Entertainment,Columbia Pictures,Pamela Falk,The Wedding Planner,Adam Shankman,"Japanese Tea Garden (Hagiwara Tea Garden Drive, Golden Gate Park)"
1950,Universal Pictures,Fidelity Pictures Corporation,Norman Foster,Woman on the Run,Norman Foster,1801 Laguna at Bush
1978,United Artists,Solofilm,Jack Finney,Invasion of the Body Snatchers,Philip Kaufman,32 Napier Lane
1971,Paramount Pictures,Mildred Lewis and Colin Higgins Productions,Colin Higgins,Harold and Maude,Hal Ashby,Conservatory of Flowers (Golden Gate Park)
1987,Warner Bros. Pictures,Warner Bros. Pictures,Joseph Loeb III,Burglar,Hugh Wilson,1400 18th Street
1999,New Line Cinema,George Street Pictures,Steve Cohen,The Bachelor,Gary Sinyor,Nina M. Designs (52 2nd Street at Jessie)
1994,The Samuel Goldwyn Company,American Playhouse Theatrical Films,David Henry Hwang,Golden Gate,John Madden,Ross Alley (Chinatown)
2015,,Carlo Caldana/Marguery Films,Linda Demetrick,"Smile Again, Jenny Lee",Carlo Caldana,Mission Inn (5630 Mission St)
2017,Hulu,TVM Productions Inc.,Alexandra Cunningham,Chance Season 2,Rozann Dawson,20th St between Church and Dolores St
1954,Columbia Pictures,Stanley Kramer Productions,Stanley Roberts,The Caine Mutiny,Edward Dmytryk,Golden Gate Bridge
2001,Warner Bros. Pictures,Warner Bros. Pictures,Paul Yurick,Sweet November,Pat O'Connor,"Foote, Cone & Belding (733 Front Street at Pacific)"
2015,HBO,"Mission Street Productions, LLC",Michael Lannan,Looking Season 2 ep 209,Andrew Haigh,68 Division Street
1988,Atlantic Releasing Corporation,Atlantic Entertainment Group,Nicholas Kazan,Patty Hearst,Paul Schrader,Bank of America (38th Street at Balboa Street)
2015,HBO,"Mission Street Productions, LLC",Michael Lannan,Looking Season 2 ep 210,Andrew Haigh,"Mission Rec Center, 2450 Harrison Street"
2015,Sony Pictures Classics,"Diary the Movie, LLC",Marielle Heller,The Diary of a Teenage Girl,Marielle Heller,The Magazine at 920 Larkin
2015,Turner Network Television (TNT),Turner North Center Productions,Eric Lodal,"Murder in the First, Season 2",Steven Bochcho,Pennsylvania Avenue at 19th Street
2017,Amercian Broadcasting Company,Film 49 Productions,Dustin Lance Black,When We Rise,Gus Van Sant,Bay Bridge
1974,Paramount Pictures,American Zoetrope,Francis Ford Coppola,The Conversation,Francis Ford Coppola,"Westin St. Francis Hotel (335 Powell Street, Union Square)"
2000,Twentieth Century Fox Film Corp.,Twentieth Century Fox Film Corp.,Harold Ramis,Bedazzled,Harold Ramis,Montgomery & Market Streets
1971,Warner Brothers,The Malpaso Company,Harry Julian Fink,Dirty Harry,Don Siegel,Dante Building (1606 Stockton Street at Union)
1924,Metro-Goldwyn-Mayer (MGM),Metro-Goldwyn-Mayer (MGM),Eric von Stroheim ,Greed,Eric von Stroheim ,Hayes Street at Laguna
1997,Paramount Pictures,Paramount Pictures,Keith Samples & Kevin Meyer,A Smile Like Yours,Keith Samples,75 California Street
2016,HULU,TVM Productions,Peter Elkoff,Chance- Season 1 ep104,Carl Franklin,Palace of Fine Arts
2015,Netflix,"Unpronounceable Productions, LLC",The Wachowskis,Sense8,The Wachowskis,Vallejo Street Garage; 766 Vallejo St.
1991,Warner Bros. Pictures,Village Roadshow Pictures,Wim Wenders,Until the End of the World,Wim Wenders,"Tosca CafÃ© (242 Columbus Avenue, North Beach)"
2015,HBO,"Mission Street Productions, LLC",Michael Lannan,Looking Season 2 ep 206,Andrew Haigh,770 Haight Street
2014,Twentieth Century Fox,"Fox Louisiana Productions, LLC",Rick Jaffa,Dawn of the Planet of the Apes,Matt Reeves,Alioto Park
1999,Buena Vista Pictures,Mandeville Films,Garry Marshall,The Other Sister,Garry Marshall,Palace of Fine Arts (3301 Lyon Street)
1978,Paramount Pictures,Paramount Pictures,Colin Higgins,Foul Play,Colin Higgins,California & Larkin Streets (Nob Hill)
2002,Twentieth Century Fox Film Corporation,Twentieth Century Fox Film Corporation,Mel Brooks,High Crimes,Mel Brooks,Chase H & Q  (1 Bush Street at Sansome)
1999,MCA / Universal Pictures,Imagine Entertainment,Lowell Ganz,Edtv,Ron Howard,Moose's Restaurant (1652 Stockton)
2013,Sony Pictures Classics,Perdido Productions,Woody Allen,Blue Jasmine,Woody Allen,Motel Capri
1992,TriStar Pictures,Carolco Pictures,Joe Eszterhas,Basic Instinct,Paul Verhoeven,2930 Vallejo Street
1983,Warner Bros. Pictures,Warner Bros. Pictures,Harry Julian Fink,Sudden Impact,Clint Eastwood,The Embarcadero/Ferry Building
1976,Warner Bros. Pictures,Warner Bros. Pictures,Stirling Silliphant,The Enforcer,James Fargo,Hall of Justice
2014,Warner Bros. Pictures,"Nautilus Productions, LLC",Max Borenstein,Godzilla,Gareth Edwards,Pier 1
1979,Columbia Broadcasting System (CBS),Orion Pictures Corp.,Karl Alexander,Time After Time,Nicholas Meyer,Lombard & Laguna Streets (Marina District)
2014,Turner Network Television (TNT),Turner North Center Productions,Eric Lodal,"Murder in the First, Season 1",Steven Bochcho,13 Lucky Street
2000,Dimension Films,Punch 21 Productions,The Drews,Boys and Girls,Robert Iscove,Lombard Street
1993,Electric Parc,Universal Pictures,Tomas Gislason,Heart and Souls,Tomas Gislason,War Memorial Opera House (401 Van Ness Avenue)
2014,Turner Network Television (TNT),Turner North Center Productions,Eric Lodal,"Murder in the First, Season 1",Steven Bochcho,504 Broadway
2019,Netflix,Universal Television LLC,"Armistead Maupin, Lauren Morelli, Hansol Jung, Marcus Gardley",Tales of the City,"Alan Poul, Silas Howard, Stacie Passon",North Beach
2015,Netflix,"Unpronounceable Productions, LLC",The Wachowskis,Sense8,The Wachowskis,Clarion Alley between Valencia & Mission St.
1962,United Artists,Norma Productions,Guy Trosper,Birdman of Alcatraz,John Frankenheimer,Pier 43 1/2
2014,Warner Bros. Pictures,"Nautilus Productions, LLC",Max Borenstein,Godzilla,Gareth Edwards,Mission & Fremont St
2017,HBO,"Chori Perros Productions, LLC",Stephen Levinson,Ballers Season 3,Julian Farino,"Huntington Park (California & Taylor Streets, Nob Hill)"
1989,Paramount Pictures,Paramount Pictures,Jeffrey Boam,Indiana Jones and the Last Crusade,Steven Spielberg,Administration Building (Treasure Island)
2012,IFC Films & Sundance Selects,SPAD Films,Jack Kerouac & Jose Rivera,On the Road,Walter Salles,Sacramento & Montgomery Streets
1978,Paramount Pictures,Paramount Pictures,Colin Higgins,Foul Play,Colin Higgins,Flood Building (870 Market Street)
1968,Warner Brothers / Seven Arts,Warner Brothers / Seven Arts,Lawrence B. Marcus,Petulia,Richard Lester,2417 Franklin Street
2016,HULU,TVM Productions,Dan Attias,Chance- Season 1 ep109,Sara Gran and Pete Begler,"Cliffhouse, 1090 Point Lobos Ave."
2014,Weinstein Company,Blink & Wink Productions,Scott Alexander,Big Eyes,Tim Burton,Filbert St. & Leavenworth
1999,MCA / Universal Pictures,Imagine Entertainment,Lowell Ganz,Edtv,Ron Howard,"Center for the Arts, Yerba Buena Gardens (701 Mission Street)"
1978,Paramount Pictures,Paramount Pictures,Colin Higgins,Foul Play,Colin Higgins,"Fort Point, Presidio"
2019,Netflix,"Isla Productions, LLC","Michael Golamco, Randall Park, Ali Wong",Always Be My Maybe,Nahnatchka Khan,Contemporary Jewish Museum
1958,Columbia Pictures,Pajemer Productions,Stirling Silliphant,The Lineup,Don Siegel,2090 Jackson Street
2010,Warner Bros. Pictures,GT Films,Peter Morgan,Hereafter,Clint Eastwood,Hobart Building (582 Market Street)
1988,Warner Bros. Pictures,Warner Bros. Pictures,Harry Julian Fink,The Dead Pool,Buddy Van Horn,20th & De Haro Streets (Potrero Hill)
1958,Paramount Pictures,Alfred J. Hitchcock Productions,Alec Coppel,Vertigo,Alfred Hitchcock,Brocklebank Apartments (1000 Mason Street)
2017,TBD,"Po Valley Productions, LLC","Sarah Bellwood, Michal Lali Kagan, Michael McGowan Amital Stern, Jose Luis Sampedro",Etruscan Smile,Oded Binnun/ Michel Brezis,Turk Street between Mason & Leavenworth
1976,Warner Bros. Pictures,Warner Bros. Pictures,Stirling Silliphant,The Enforcer,James Fargo,Coit Tower
2013,Sony Pictures Classics,Perdido Productions,Woody Allen,Blue Jasmine,Woody Allen,Ocean Beach at Lincoln
1996,Paramount Pictures,Paramount Pictures,Albert Brooks,Mother,Albert Brooks,"Fairmont Hotel (950 Mason Street, Nob Hill)"
2016,Turner Network Television (TNT),Turner North Center Productions,Eric Lodal,"Murder in the First, Season 3",Steven Bochcho,Red's Java House (Pier 30)
2004,Samuel Goldwyn Films,Captured Light,William Arntz & Betsy Chasse,What the Bleep Do We Know,William Arntz,Golden Gate National Recreation Area
2012,Warner Bros. Television,Bonanza Productions Inc.,Steven Lilien,Alcatraz,J.J. Abrams,Broadway from Mason to Taylor
2015,Turner Network Television (TNT),Turner North Center Productions,Eric Lodal,"Murder in the First, Season 2",Steven Bochcho,Grant Avenue between Clay and Washington Streets
2012,IFC Films & Sundance Selects,SPAD Films,Jack Kerouac & Jose Rivera,On the Road,Walter Salles,Filbert & Leavenworth Streets
2016,Kylin Pictures,"BOTD U.S. Productions, Inc.","Christopher Wilkinson, Stephen J. Rivele",Birth of the Dragon,George Nolfi,Grant between Bush and Broadway
2003,Sony Pictures Classics,Sony Pictures Classics,,The Fog of War,Errol Morris,
1951,Twentieth Century Fox Film Corp.,Twentieth Century Fox Film Corp.,Elick Moll,The House on Telegraph Hill,Robert Wise,Market Street
2015,,Lionsgate / Sidney Kimmel Entertainment / Lakeshore Entertainment,J. Mills Goodloe,Age of Adaline,Lee Toland Krieger,Driving various SF Streets
1997,Buena Vista Pictures,Walt Disney Pictures,Jay Ward,George of the Jungle,Sam Weisman,"Neiman Marcus (150 Stockton Street, Union Square)"
1959,United Artists,Stanley Kramer Productions,John Paxton,On the Beach,Stanley Kramer,
2017,Hulu,TVM Productions Inc.,Alexandra Cunningham,Chance Season 2,Rozann Dawson,Coit Tower
1974,Twentieth Century - Fox,Irwin Allen Productions,Stirling Silliphant,The Towering Inferno,John Guillermin,2898 Vallejo Street
2019,Netflix,Lunar Mining LLC,"Zal Batmanglij, Brit Marling",The OA Part II,Zal Batmanglij,Washington at Taylor St - Jackson St
2015,HBO,"Mission Street Productions, LLC",Michael Lannan,Looking Season 2 ep 207,Andrew Haigh,Delores Park
1996,Buena Vista Pictures,Touchstone Pictures,Gerald Dipego,Phenomenon,Jon Turteltaub,Treasure Island
2008,Focus Features,Focus Features,Dustin Lance Black,Milk,Gus Van Sant,Market & Castro Street
2014,Turner Network Television (TNT),Turner North Center Productions,Eric Lodal,"Murder in the First, Season 1",Steven Bochcho,731 Grant Avenue
2016,Netflix,"Unpronounceable Productions, LLC","J. Michael Straczynski, Wachowiski Siblings",Sense8 - Season 2,Wachowski Siblings,"Marina Morrison Bridal, 30 Maiden Ln."
2015,Turner Network Television (TNT),Turner North Center Productions,Eric Lodal,"Murder in the First, Season 2",Steven Bochcho,1059 Texas Street
2001,Miramax Home Entertainment,Miramax Films,Marc Klein,Serendipity,Peter Chelsom,
2013,American Broadcasting Company (ABC),Beyond Pix,Melissa Rosenberg,Red Widow,Alon Aranya,Mason & Sacramento St
2017,TBD,"Po Valley Productions, LLC","Sarah Bellwood, Michal Lali Kagan, Michael McGowan Amital Stern, Jose Luis Sampedro",Etruscan Smile,Oded Binnun/ Michel Brezis,California Street between Sansome & Davis
2015,,Sutro Films LLC,Zachary Shedd,Americana,Zachary Shedd,20th St and Illinois/Faxon St. and Kenwood/Glenbrook at Mt. Springs
2016,HULU,TVM Productions,Peter Elkoff,Chance- Season 1 ep104,Carl Franklin,1018 Tennessee St.
1994,Buena Vista Pictures,Touchstone Pictures,Ronald Bass,When a Man Loves a Woman,Luis Mandoki,Cybelle's Pizza (1000 Bush Street)
2016,HBO,"Mission Street Productions, LLC",Michael Lannan,"Looking ""Special""",Andrew Haigh,"Philz Coffee, 1258 Minnesota Street"
1974,Paramount Pictures,American Zoetrope,Francis Ford Coppola,The Conversation,Francis Ford Coppola,"Westin St. Francis Hotel (335 Powell Street, Union Square)"
1961,Universal Pictures,Fields Productions,Joseph Fields,Flower Drum Song,Henry Koster,Chinatown
1948,RKO Radio Pictures,RKO Radio Pictures,DeWitt Bodeen,I Remember Mama,George Stevens,Grant Avenue (North Beach)
2017,HBO,"Chori Perros Productions, LLC",Stephen Levinson,Ballers Season 3,Julian Farino,Driving around Taylor/Pacific/Leavenworth
2014,Turner Network Television (TNT),Turner North Center Productions,Eric Lodal,"Murder in the First, Season 1",Steven Bochcho,Dolores Park
2015,Paramount Pictures,T5 Productions LLC,James Cameron,Terminator - Genisys,Alan Taylor,Pine and Leavenworth
2015,Walt Disney Studios Motion Pictures,"PYM Particles Productions, LLC",Gabriel Ferrari,Ant-Man,Peyton Reed,601 Buena Vista Ave West at Java St.
1943,Twentieth Century Fox Film Corporation,Twentieth Century Fox Film Corporation,Robert Ellis,"Hello Frisco, Hello",Bruce Humberstone,
1974,Buena Vista Distribution,Walt Disney Productions,Bill Walsh,Herbie Rides Again,Robert Stevenson,Sheraton Palace Hotel (639 Market Street)
2015,Warner Bros.,"Upside Down Productions, Inc.",Allan Loeb ,San Andreas,Brad Peyton,Washington Square
2014,Warner Bros. Pictures,"Nautilus Productions, LLC",Max Borenstein,Godzilla,Gareth Edwards,Bush & Kearny
2013,Sony Pictures Classics,Perdido Productions,Woody Allen,Blue Jasmine,Woody Allen,South Park
2003,Universal Pictures,Universal Pictures,Stan Lee,Hulk,Ang Lee,Treasure Island
1971,Paramount Pictures,Mildred Lewis and Colin Higgins Productions,Colin Higgins,Harold and Maude,Hal Ashby,Conservatory of Flowers (Golden Gate Park)
2014,Turner Network Television (TNT),Turner North Center Productions,Eric Lodal,"Murder in the First, Season 1",Steven Bochcho,24th Street between Folsom and Harrison Streets
1995,Twentieth Century Fox Film Corp.,1492 Pictures,Chris Columbus,Nine Months,Chris Columbus,60 Spear Street
1983,Warner Bros. Pictures,Warner Bros. Pictures,Harry Julian Fink,Sudden Impact,Clint Eastwood,"Pier 38-40, The Embarcadero"
2010,Focus Features,Canal+,Thomas Balmes,Babies,Thomas Balmes,
1994,Universal Pictures,Northern Lights Entertainment,Kevin Wade,Junior,Ivan Reitman,Hyatt Fisherman's Wharf (555 Northpoint Street)
2016,HBO,"Mission Street Productions, LLC",Michael Lannan,"Looking ""Special""",Andrew Haigh,Point Lobos Avenue
2013,Twentieth Century Fox Film Corporation,Twentieth Century Fox Film Corp.,Vince Vaughn,The Internship,Shawn Levy,Grant Ave from Sacramento to Clay
1999,New Line Cinema,George Street Pictures,Steve Cohen,The Bachelor,Gary Sinyor,Mama's Restaurant (1701 Stockton)
2014,Home Box Office (HBO),"Mission Street Productions, LLC",Michael Lannan,Looking,Andrew Haigh,Dolores Park
1988,Warner Bros. Pictures,Warner Bros. Pictures,Harry Julian Fink,The Dead Pool,Buddy Van Horn,Folsom & Essex Streets
2018,"Columbia Pictures, Sony Pictures Releasing","L.O.Z. Productions, Inc.","Jeff Pinkner, Scott Rosenberg",Venom,Ruben Fleischer,Edinburgh Castle (950 Geary Street)
2017,Hulu,TVM Productions Inc.,Alexandra Cunningham,Chance Season 2,Rozann Dawson,California between Mason and Taylor St
2014,Home Box Office (HBO),"Mission Street Productions, LLC",Michael Lannan,Looking,Andrew Haigh,Casa Lucas Market at 2934 24th St
1982,New Yorker Films,New Yorker Films,Wayne Wang,Chan is Missing,Wayne Wang,"Li Po (916 Grant Avenue at Washington, Chinatown)"
1988,Warner Bros. Pictures,Warner Bros. Pictures,Harry Julian Fink,The Dead Pool,Buddy Van Horn,"Silver Restaurant (737 Washington Street, Chinatown)"
1976,Universal Pictures,Universal Pictures,Ernest Lehman,Family Plot,Alfred Hitchcock,"Fairmont Hotel (950 Mason Street, Nob Hill)"
2017,TBD,"Po Valley Productions, LLC","Sarah Bellwood, Michal Lali Kagan, Michael McGowan Amital Stern, Jose Luis Sampedro",Etruscan Smile,Oded Binnun/ Michel Brezis,San Francisco City Hall
1995,Twentieth Century Fox Film Corp.,1492 Pictures,Chris Columbus,Nine Months,Chris Columbus,"San Francisco General Hospital Medical Center (1001 Potrero Avenue, Potrero Hill)"
1994,Paramount Pictures,Paramount Pictures,Eric Roth,Forrest Gump,Robert Zemeckis,Palace of Fine Arts (3301 Lyon Street)
1948,RKO Radio Pictures,RKO Radio Pictures,DeWitt Bodeen,I Remember Mama,George Stevens,"Fairmont Hotel (950 Mason Street, Nob Hill)"
2015,,Fire Horse Film Productions LLC,Annie Wang,Cardinal X,Annie Wang,3639 Taraval St
1993,National Broadcasting Company (NBC),Hollywood Pictures,Amy Tan,Joy Luck Club,Wayne Wang,Horace Mann School (3351 23rd Street)
2010,,Trismegistus Productions,Jon Poznanter,God is a Communist?* (show me heart universe),Jon Poznanter,Sacramento & Washington Streets
2018,"ABS-CBN, Gravitas Ventures",Bitter Melon Film LLC/Mammoth Pictures,H.P. Mendoza,Bitter Melon,H.P. Mendoza,"Pay and Save Grocery, 599 Guerrero St"
2017,Hulu,TVM Productions Inc.,Alexandra Cunningham,Chance Season 2,Rozann Dawson,Steiner St between Jackson and Clay St
2007,Paramount Pictures,Paramount Pictures,James Vanderbilt,Zodiac,David Fincher,SF Chronicle Building (901 Mission St)
2014,Warner Bros. Pictures,"Nautilus Productions, LLC",Max Borenstein,Godzilla,Gareth Edwards,Post & Jones St.
1997,Polygram Filmed Entertainment,Polygram Filmed Entertainment,John Brancato,The Game,David Fincher,1 Bush Street
2016,HULU,TVM Productions,Alexandra Cunningham and Kem Nunn,Chance - Season 1 Pilot,Lenny Abrahamson,940 Powell St.
2001,Buena Vista Pictures,Walt Disney Pictures,Gina Wendkos,The Princess Diaries,Garry Marshall,Fisherman's Wharf
2013,American Broadcasting Company (ABC),Beyond Pix,Melissa Rosenberg,Red Widow,Alon Aranya,York & 24th St.
2016,HULU,TVM Productions,Alexandra Cunningham ,Chance- Season 1 ep102,Lenny Abrahamson,John St. between Powell and Mason
1977,Twentieth Century Fox Film Corporation,Twentieth Century Fox Film Corporation,Mel Brooks,High Anxiety,Mel Brooks,"Conservatory of Flowers, Golden Gate Park"
2016,HULU,TVM Productions,Michael Lehmann,Chance- Season 1 ep107,Alexandra Cunningham and Kem Nunn,157 Commonwealth
1958,Paramount Pictures,Alfred J. Hitchcock Productions,Alec Coppel,Vertigo,Alfred Hitchcock,Ernie's Restaurant (847 Montgomery Street)
1988,Warner Bros. Pictures,Warner Bros. Pictures,Harry Julian Fink,The Dead Pool,Buddy Van Horn,"KGO-TV ABC7 TV Studios (900 Front Street, Waterfront Historic District)"
1974,Paramount Pictures,American Zoetrope,Francis Ford Coppola,The Conversation,Francis Ford Coppola,"Neiman Marcus (150 Stockton Street, Union Square)"
2016,HBO,"Mission Street Productions, LLC",Michael Lannan,"Looking ""Special""",Andrew Haigh,"The End Up, 401 6th Streeet"
2017,Netflix,"Hippolyta Productions, LLC",Kay Cannon,GirlBoss,"Jamie Babbit, Amanda Brotchie, Steven K. Tsuchida, Christian Ditter, John Riggi","Clayton Post Office, 554 Clayton St."
2015,Paramount Pictures,T5 Productions LLC,James Cameron,Terminator - Genisys,Alan Taylor,Sutter Stockton Garage
2018,Walt Disney Studios Motion Pictures,"PYM Particles Productions II, LLC",Chris McKenna,Ant-Man and the Wasp,Peyton Reed,Russian Hill
2014,Weinstein Company,Blink & Wink Productions,Scott Alexander,Big Eyes,Tim Burton,Caffe Trieste
2015,,Carlo Caldana/Marguery Films,Linda Demetrick,"Smile Again, Jenny Lee",Carlo Caldana,510 Noe Street & 18th St.
2006,IFC Films,Easy There Tiger Productions,,The Bridge,Eric Steel,Golden Gate Bridge
2012,IFC Films & Sundance Selects,SPAD Films,Jack Kerouac & Jose Rivera,On the Road,Walter Salles,Bay Bridge
2014,Walt Disney Studios Motion Pictures,"Need For Speed Productions, LLC",George Gatins,Need For Speed,Scott Waugh,Mason St from Pine to Sacramento
1973,Warner Bros. Pictures,The Malpaso Company,John Milius,Magnum Force,Ted Post,San Francisco International Airport
1992,Warner Bros. Pictures,Warner Bros. Pictures,Robert Berger,Final Analysis,Phil Joanou,City Hall
1980,Twentieth Century Fox Film Corporation,Twentieth Century Fox Film Corporation,Colin Higgins,Nine to Five,Colin Higgins,Albert S. Samuels Clock (856 Market Street between Powell and Stockton)
1997,Polygram Filmed Entertainment,Polygram Filmed Entertainment,John Brancato,The Game,David Fincher,301 Howard Street
1992,Buena Vista Pictures,Touchstone Pictures,Joseph Howard,Sister Act,Emile Ardolino,"St. Paul's Church (Church Street, Noe Valley)"
1999,Buena Vista Pictures,Mandeville Films,Garry Marshall,The Other Sister,Garry Marshall,Transbay Terminal (Mission Street at 1st Street)
1997,Buena Vista Pictures,Walt Disney Pictures,Jay Ward,George of the Jungle,Sam Weisman,The Tamalpais Building (1201 Greenwich Street at Hyde)
2001,Sony Pictures Entertainment,Columbia Pictures,Pamela Falk,The Wedding Planner,Adam Shankman,Pleasant Street at Taylor
2015,HBO,"Mission Street Productions, LLC",Michael Lannan,Looking Season 2 ep 205,Andrew Haigh,160 Church Street
1974,Twentieth Century - Fox,Irwin Allen Productions,Stirling Silliphant,The Towering Inferno,John Guillermin,2898 Vallejo Street
2019,A26,"LBMISF, LLC","Joe Talbot, Jimmie Fails, Rob Richert",The Last Black Man in San Francisco,Joe Talbot,900 Innes Ave
2015,,Thatâs Hollywood,Justin Kelly,I Am Michael,Justin Kelly,"Grove & Polk, thru Fulton & 6th, Masonic, 28th & 47th"
2015,,Sutro Films LLC,Zachary Shedd,Americana,Zachary Shedd,3232 Jackson Ave.
2017,TBD,"Po Valley Productions, LLC","Sarah Bellwood, Michal Lali Kagan, Michael McGowan Amital Stern, Jose Luis Sampedro",Etruscan Smile,Oded Binnun/ Michel Brezis,Broadway @ Jones Streets
1998,Ardustry Home Entertainment,Paradigm Studio,John Comerford,Around the Fire,John Jacobsen,Ocean Beach
2015,Paramount Pictures,T5 Productions LLC,James Cameron,Terminator - Genisys,Alan Taylor,"Mission St., Embarcadero, and Front between Clay and Market"
2017,HBO,"Brown Hill Productions, LLC",John Altschuler,Silicon Valley Season 4,Mike Judge,Howard St between 3rd and 4th St.
2016,HULU,TVM Productions,Michael Lehmann,Chance- Season 1 ep107,Alexandra Cunningham and Kem Nunn,1461 Page St.
1978,United Artists,Solofilm,Jack Finney,Invasion of the Body Snatchers,Philip Kaufman,"Postcard Row (Alamo Square, Hayes Valley)"
1995,Twentieth Century Fox Film Corp.,1492 Pictures,Chris Columbus,Nine Months,Chris Columbus,"St. Peter & Paul's Church (666 Filbert Street, Washington Square)"
2019,Netflix,"Isla Productions, LLC","Michael Golamco, Randall Park, Ali Wong",Always Be My Maybe,Nahnatchka Khan,California Cable Car Line
2015,,"Frederick & Ashbury, LLC.",Noah Pritzker,Quitters,Noah Pritzker,McLaren Lodge
2014,,Bad Company Films,Jacob Kornbluth,Love & Taxes,Jacob Kornbluth,The Marsh Theatre (1062 Valencia Street)
1995,Twentieth Century Fox Film Corp.,1492 Pictures,Chris Columbus,Nine Months,Chris Columbus,Alamo Square
2016,HULU,TVM Productions,Peter Elkoff,Chance- Season 1 ep104,Carl Franklin,"Bayview Police Station, 201 Williams Ave."
1994,The Samuel Goldwyn Company,American Playhouse Theatrical Films,David Henry Hwang,Golden Gate,John Madden,Bush Street (between Grant & Kearny Streets)
1985,MGM/UA Entertainment Company,Metro-Goldwyn Mayer,Richard Maibaum,A View to a Kill,John Glen,Potrero Hill
1976,Warner Bros. Pictures,Warner Bros. Pictures,Stirling Silliphant,The Enforcer,James Fargo,"Lefty O' Doul Drawbridge/ 3rd Street Bridge (3rd Street, China Basin)"
2015,Paramount Pictures,T5 Productions LLC,James Cameron,Terminator - Genisys,Alan Taylor,Union Square
2017,Hulu,TVM Productions Inc.,Alexandra Cunningham,Chance Season 2,Rozann Dawson,Haight between Central and Ashbury St
1988,Warner Bros. Pictures,Warner Bros. Pictures,Harry Julian Fink,The Dead Pool,Buddy Van Horn,550 El Camino Del Mar (Seacliff)
2016,HBO,"Mission Street Productions, LLC",Michael Lannan,"Looking ""Special""",Andrew Haigh,1246 Folsom Street
1967,Columbia Pictures,Columbia Pictures Corporation,William Rose,Guess Who's Coming to Dinner,Stanley Kramer,Mel's Drive-In (Corner South Van Ness & Mission St.)
2016,Netflix,"Unpronounceable Productions, LLC","J. Michael Straczynski, Wachowiski Siblings",Sense8 - Season 2,Wachowski Siblings,Spofford between Washington and Clay
2015,Sony Pictures Classics,"Diary the Movie, LLC",Marielle Heller,The Diary of a Teenage Girl,Marielle Heller,Geary St. from Polk to Larkin
2008,Focus Features,Focus Features,Dustin Lance Black,Milk,Gus Van Sant,City Hall
1974,Paramount Pictures,American Zoetrope,Francis Ford Coppola,The Conversation,Francis Ford Coppola,Alamo Square (Hayes Valley)
2014,Home Box Office (HBO),"Mission Street Productions, LLC",Michael Lannan,Looking,Andrew Haigh,2866 24th St.
1986,Paramount Pictures,Paramount Pictures,Steve Meerson,Star Trek IV: The Voyage Home,Leonard Nimoy,North Beach
2004,Paramount Pictures,Paramount Pictures,Sarah Thorp,Twisted,Philip Kaufman,Pier 39
2015,HBO,"Mission Street Productions, LLC",Michael Lannan,Looking Season 2 ep 208,Andrew Haigh,2450 Harrison Street
2004,,All Planet Studios,Brian Ging,American Yearbook,Brian Ging,
2016,HULU,TVM Productions,Michael Lehmann,Chance- Season 1 ep107,Alexandra Cunningham and Kem Nunn,Buena Vista betweeen Upper Terrace and Java St.
2004,Paramount Pictures,Paramount Pictures,Sarah Thorp,Twisted,Philip Kaufman,Mojito (1337-1339 Grant Avenue)
2014,Warner Bros. Pictures,"Nautilus Productions, LLC",Max Borenstein,Godzilla,Gareth Edwards,Stockton & Clay St
2015,HBO,"Mission Street Productions, LLC",Michael Lannan,Looking Season 2 ep 202,Andrew Haigh,Church @ Duboce Street
2014,Turner Network Television (TNT),Turner North Center Productions,Eric Lodal,"Murder in the First, Season 1",Steven Bochcho,1821 Alabama Street
2017,TBD,"Po Valley Productions, LLC","Sarah Bellwood, Michal Lali Kagan, Michael McGowan Amital Stern, Jose Luis Sampedro",Etruscan Smile,Oded Binnun/ Michel Brezis,Pier 39 San Francisco
2013,Sony Pictures Classics,Perdido Productions,Woody Allen,Blue Jasmine,Woody Allen,2915 16th St.
2019,A45,"LBMISF, LLC","Joe Talbot, Jimmie Fails, Rob Richert",The Last Black Man in San Francisco,Joe Talbot,Illinois St btwn Marin and Amador
2014,Home Box Office (HBO),"Mission Street Productions, LLC",Michael Lannan,Looking,Andrew Haigh,Bay Bridge
2015,Warner Bros.,"Upside Down Productions, Inc.",Allan Loeb ,San Andreas,Brad Peyton,"Asia Star Fantasy, 1126 Grant Ave."
2015,Netflix,"Unpronounceable Productions, LLC",The Wachowskis,Sense8,The Wachowskis,Romain St.
2016,HULU,TVM Productions,Alexandra Cunningham and Kem Nunn,Chance - Season 1 Pilot,Lenny Abrahamson,1055 Montgomery St.
2014,Twentieth Century Fox,"Fox Louisiana Productions, LLC",Rick Jaffa,Dawn of the Planet of the Apes,Matt Reeves,University Club
1997,Polygram Filmed Entertainment,Polygram Filmed Entertainment,John Brancato,The Game,David Fincher,Harrison Street (The Embarcadero)
2013,Eagle Films,Divisadero Pictures & Knife Fight,Bill Guttentag & Chris Lehane,Knife Fight,Bill Guttentag,City Hall
2017,Netflix,"Hippolyta Productions, LLC",Kay Cannon,GirlBoss,"Jamie Babbit, Amanda Brotchie, Steven K. Tsuchida, Christian Ditter, John Riggi","Musee Mecanique, Fisherman's Wharf"
1997,Polygram Filmed Entertainment,Polygram Filmed Entertainment,John Brancato,The Game,David Fincher,Ritz-Carlton Hotel (600 Stockton Street)
2015,Sony Pictures Classics,"Diary the Movie, LLC",Marielle Heller,The Diary of a Teenage Girl,Marielle Heller,Ocean Beach at Point Lobos
2017,Hulu,TVM Productions Inc.,Alexandra Cunningham,Chance Season 2,Rozann Dawson,Filbert St at Stockton St
2002,Twentieth Century Fox Film Corporation,Twentieth Century Fox Film Corporation,Mel Brooks,High Crimes,Mel Brooks,Union Square
1993,Twentieth Century Fox Film Corporation,Twentieth Century Fox Film Corporation,Randi Mayem Singer,Mrs. Doubtfire,Chris Columbus,Chrissy Field
2014,Home Box Office (HBO),"Mission Street Productions, LLC",Michael Lannan,Looking,Andrew Haigh,Mr. S Leather
2016,HULU,TVM Productions,Kem Nunn,Chance- Season 1 ep103,Michael Lehmann,San Bruno and Alameda
1951,Twentieth Century Fox Film Corp.,Twentieth Century Fox Film Corp.,Elick Moll,The House on Telegraph Hill,Robert Wise,Telegraph Hill
2015,Warner Bros.,"Upside Down Productions, Inc.",Allan Loeb ,San Andreas,Brad Peyton,Grant between Bush and Market
1977,Twentieth Century Fox Film Corporation,Twentieth Century Fox Film Corporation,Mel Brooks,High Anxiety,Mel Brooks,"Fort Point (Presidio, Golden Gate National Recreation Area)"
2001,Artistic License,Steakhaus Productions,Harriet Dodge & Silas Howard,By Hook or By Crook,Harriet Dodge & Silas Howard,"Department of Public Health (101 Grove Street at Polk, Civic Center)"
2017,TBD,"Po Valley Productions, LLC","Sarah Bellwood, Michal Lali Kagan, Michael McGowan Amital Stern, Jose Luis Sampedro",Etruscan Smile,Oded Binnun/ Michel Brezis,UCSF Mt Zion 1600 Divisadero
2001,Sony Pictures Entertainment,Columbia Pictures,Pamela Falk,The Wedding Planner,Adam Shankman,Montgomery Street at Union Street
2016,HBO,"Mission Street Productions, LLC",Michael Lannan,"Looking ""Special""",Andrew Haigh,Van Ness and Market Street MUNI exit
1978,Warner Bros. Pictures,Liberty Film,Lina Wertmuller,A Night Full of Rain,Lina Wertmuller,"Fairmont Hotel (950 Mason Street, Nob Hill)"
2018,"ABS-CBN, Gravitas Ventures",Bitter Melon Film LLC/Mammoth Pictures,H.P. Mendoza,Bitter Melon,H.P. Mendoza,68 Dublin St
1992,TriStar Pictures,Carolco Pictures,Joe Eszterhas,Basic Instinct,Paul Verhoeven,Yerba Buena Center for the Arts
2012,IFC Films & Sundance Selects,SPAD Films,Jack Kerouac & Jose Rivera,On the Road,Walter Salles,Bay Bridge
1995,Paramount Pictures,Paramount Pictures,Joe Eszterhas,Jade,William Friedkin,Washington Square (North Beach)
2019,Netflix,"Isla Productions, LLC","Michael Golamco, Randall Park, Ali Wong",Always Be My Maybe,Nahnatchka Khan,Fairmont Hotel - Penthouse Suite
1994,Metro-Goldwyn-Mayer (MGM),Metro-Goldwyn-Mayer (MGM),Tom S. Parker,Getting Even with Dad,Howard Deutch,"St. Peter & Paul's Church (666 Filbert Street, Washington Square)"
1955,Columbia Pictures,Clover Productions,George Worthing Yates,It Came From Beneath the Sea,Robert Gordon,Golden Gate Bridge
2015,HBO,"Mission Street Productions, LLC",Michael Lannan,Looking Season 2 ep 204,Andrew Haigh,"Bi-Rite Creamery, 3692 18th Stret"
2016,TBD,"Pushing Dead , LLC",Tom Brown,Pushing Dead,Tom Brown,"915 Naples, San Francisco"
2014,Warner Bros. Pictures,"Nautilus Productions, LLC",Max Borenstein,Godzilla,Gareth Edwards,Bush & Kearny
1993,TriStar Pictures,TriStar Pictures,Robbie Fox,So I Married an Axe Murderer,Thomas Schlamme,305 Hugo Street
1995,Warner Bros. Pictures,Regency Enterprises,Ann Biderman,Copycat,Jon Amiel,Alta Plaza Park
2016,HULU,TVM Productions,Kem Nunn,Chance- Season 1 ep103,Michael Lehmann,17th and Arkansas
1988,Warner Bros. Pictures,Warner Bros. Pictures,Harry Julian Fink,The Dead Pool,Buddy Van Horn,Pierce St. & Golden Gate Avenue (Hayes Valley)
2016,Kylin Pictures,"BOTD U.S. Productions, Inc.","Christopher Wilkinson, Stephen J. Rivele",Birth of the Dragon,George Nolfi,Hyde at Union
2016,Netflix,"Unpronounceable Productions, LLC","J. Michael Straczynski, Wachowiski Siblings",Sense8 - Season 2,Wachowski Siblings,Washington between Stockton and Kearny
1971,Warner Brothers,The Malpaso Company,Harry Julian Fink,Dirty Harry,Don Siegel,"Mt. Davidson Cross, Mt. Davidson"
1988,Warner Bros. Pictures,Warner Bros. Pictures,Harry Julian Fink,The Dead Pool,Buddy Van Horn,Pier 3 (The Embarcadero)
2015,HBO,"Mission Street Productions, LLC",Michael Lannan,Looking Season 2 ep 209,Andrew Haigh,"SF Zoo, 2945 Sloat Blvd"
1969,Cinerama Releasing Corporation,American Broadcasting Company (ABC),Woody Allen,Take the Money and Run,Woody Allen,Mission Street
1992,TriStar Pictures,Carolco Pictures,Joe Eszterhas,Basic Instinct,Paul Verhoeven,"Steinhart Aquarium (California Academy of Sciences, Golden Gate Park)"
1994,Buena Vista Pictures,Touchstone Pictures,Ronald Bass,When a Man Loves a Woman,Luis Mandoki,766 Vallejo Street at Stockton Street (North Beach)
2015,Warner Bros.,"Upside Down Productions, Inc.",Allan Loeb,San Andreas,Brad Peyton,Mission between 3rd and 4th St.
1992,TriStar Pictures,Carolco Pictures,Joe Eszterhas,Basic Instinct,Paul Verhoeven,Yerba Buena Center for the Arts
1978,United Artists,Solofilm,Jack Finney,Invasion of the Body Snatchers,Philip Kaufman,Lafayette Park (Pacific Heights)
2004,Paramount Pictures,Paramount Pictures,Sarah Thorp,Twisted,Philip Kaufman,Piers 30-32
2001,Warner Bros. Pictures,Warner Bros. Pictures,Paul Yurick,Sweet November,Pat O'Connor,Hotel Majestic (1500 Sutter Street)
2014,Home Box Office (HBO),"Mission Street Productions, LLC",Michael Lannan,Looking,Andrew Haigh,The Stud
1973,Warner Bros. Pictures,The Malpaso Company,John Milius,Magnum Force,Ted Post,2190 Washington Street (Pacific Heights)
2008,Focus Features,Focus Features,Dustin Lance Black,Milk,Gus Van Sant,City Hall
1941,Warner Bros. Pictures,Warner Bros. Pictures,John Huston,The Maltese Falcon,John Huston,"Burritt Alley (Off Bush Street, between Powell and Stockton Streets)"
2015,,Carlo Caldana/Marguery Films,Linda Demetrick,"Smile Again, Jenny Lee",Carlo Caldana,E Tutto Qua Restaurant (270 Columbus St.)
2015,,"Frederick & Ashbury, LLC.",Noah Pritzker,Quitters,Noah Pritzker,4015 21st St
1993,Twentieth Century Fox Film Corporation,Twentieth Century Fox Film Corporation,Randi Mayem Singer,Mrs. Doubtfire,Chris Columbus,100 Embarcadero Street
1974,American Broadcasting Company (ABC),Warner Bros. Pictures,Robert Kaufman,Freebie and the Bean,Richard Rush,Candlestick Park (602 Jamestown Ave.)
2015,Turner Network Television (TNT),Turner North Center Productions,Eric Lodal,"Murder in the First, Season 2",Steven Bochcho,Sue Bierman Park
2016,HULU,TVM Productions,Alexandra Cunningham and Kem Nunn,Chance - Season 1 Pilot,Lenny Abrahamson,"Ellis Food Center, 398 Ellis"
2004,Paramount Pictures,Paramount Pictures,Sarah Thorp,Twisted,Philip Kaufman,Vesuvio CafÃ© (255 Columbus Avenue)
2014,Home Box Office (HBO),"Mission Street Productions, LLC",Michael Lannan,Looking,Andrew Haigh,Castro St. from Market to 18th St.
2015,Warner Bros.,"Upside Down Productions, Inc.",Allan Loeb ,San Andreas,Brad Peyton,Grant St. at Bush St.
1980,Twentieth Century Fox Film Corporation,Twentieth Century Fox Film Corporation,Colin Higgins,Nine to Five,Colin Higgins,Albert S. Samuels Clock (856 Market Street between Powell and Stockton)
1978,Paramount Pictures,Paramount Pictures,Colin Higgins,Foul Play,Colin Higgins,Laguna & Sacramento Streets (Pacific Heights)
1985,MGM/UA Entertainment Company,Metro-Goldwyn Mayer,Richard Maibaum,A View to a Kill,John Glen,Port of San Francisco
1915,General Film Company,The Essanay Film Manufacturing Company,Charles Chaplin,A Jitney Elopement,Charles Chaplin,20th and Folsom Streets
1941,Warner Bros. Pictures,Warner Bros. Pictures,John Huston,The Maltese Falcon,John Huston,Golden Gate Bridge
1996,Buena Vista Pictures,Walt Disney Pictures,Sheila Burnford,Homeward Bound II: Lost in San Francisco,David R. Ellis,Pier 39 (Fisherman's Wharf)
2017,Hulu,TVM Productions Inc.,Alexandra Cunningham,Chance Season 2,Rozann Dawson,Union St at Leavenworth St
2018,Netflix,Envision Productions Inc.,"Ling-Hui Chen, Nancy Chen, Chih-Chi Fan, Chia-Hui Lin",A Taiwanese Tale of Two Cities,Tien-Lun Yeh,Fulton St at Larkin St
1963,Universal Pictures,Universal Pictures,Evan Hunter,The Birds,Alfred Hitchcock,Powell and Geary Streets (Union Square)
1988,Warner Bros. Pictures,Warner Bros. Pictures,Harry Julian Fink,The Dead Pool,Buddy Van Horn,"Mirant Energy, LLC (1301 Illinois Street, The Dogpatch)"
2016,HULU,TVM Productions,Alexandra Cunningham,Chance- Season 1 ep102,Lenny Abrahamson,Potomac and Waller
2015,Netflix,"Unpronounceable Productions, LLC",The Wachowskis,Sense8,The Wachowskis,Z Space Studios; 450 Florida St.
1985,Orion Classics,CIM,Terrel Seltzer,Dim Sum: A Little Bit of Heart,Wayne Wang,"Li Po (916 Grant Avenue at Washington, Chinatown)"
1979,Columbia Broadcasting System (CBS),Orion Pictures Corp.,Karl Alexander,Time After Time,Nicholas Meyer,Broadway at Osgood Street (North Beach)
2018,"ABS-CBN, Gravitas Ventures",Bitter Melon Film LLC/Mammoth Pictures,H.P. Mendoza,Bitter Melon,H.P. Mendoza,33 Dearborn St
2016,TBD,"Pushing Dead , LLC",Tom Brown,Pushing Dead,Tom Brown,"Matching Half CafÃ©, 1799 McAllister Street"
2017,Netflix,"Hippolyta Productions, LLC",Kay Cannon,GirlBoss,"Jamie Babbit, Amanda Brotchie, Steven K. Tsuchida, Christian Ditter, John Riggi","Mission Thrift, 2330 Mission St."
1995,Warner Bros. Pictures,Regency Enterprises,Ann Biderman,Copycat,Jon Amiel,Twin Peaks
1974,American Broadcasting Company (ABC),Warner Bros. Pictures,Robert Kaufman,Freebie and the Bean,Richard Rush,Potrero Hill
2015,,Sutro Films LLC,Zachary Shedd,Americana,Zachary Shedd,Variety Preview Room (582 Market St.)
2017,HBO,"Chori Perros Productions, LLC",Stephen Levinson,Ballers Season 3,Julian Farino,Embarcadero around Rincon Park
1991,Twentieth Century Fox Film Corp.,Interscope Communications,Carolyn Shelby,Class Action,Michael Apted,"Mission Dolores (3321 16th Street, Mission District)"
2017,TBD,"Po Valley Productions, LLC","Sarah Bellwood, Michal Lali Kagan, Michael McGowan Amital Stern, Jose Luis Sampedro",Etruscan Smile,Oded Binnun/ Michel Brezis,Pier 14 San Francisco
1999,New Line Cinema,George Street Pictures,Steve Cohen,The Bachelor,Gary Sinyor,Danilo's Bakery (Green Street & Bannam Place)
2005,Fox Searchlight Pictures,Bee Season Productions,David Siegel,Bee Season,Scott McGehee,
2015,HBO,"Mission Street Productions, LLC",Michael Lannan,Looking Season 2 ep 203,Andrew Haigh,"Mad Dog Bar, 530 Haight Street"
2002,Miramax Films,Miramax Films,Robert Perez,40 Days and 40 Nights,Michael Lehmann,"The Walden House, Buena Vista Park"
2017,Amazon,Picrow Streaming Inc.,"Melissa Axelrod, T. C. Boyle (based on the book by)","Budding Prospects, Pilot",Terry Zwigoff,1167 Alabama Street
2019,A40,"LBMISF, LLC","Joe Talbot, Jimmie Fails, Rob Richert",The Last Black Man in San Francisco,Joe Talbot,959 South Van Ness Ave
1973,Warner Bros. Pictures,The Malpaso Company,John Milius,Magnum Force,Ted Post,Cost Plus World Market (2552 Taylor Street)
2016,HBO,"Mission Street Productions, LLC",Michael Lannan,"Looking ""Special""",Andrew Haigh,1080 Natoma Street
2016,HULU,TVM Productions,Michael Lehmann,Chance- Season 1 ep110,Alexandra Cunningham and Kem Nunn,San Francisco General Hospital
2015,Paramount Pictures,T5 Productions LLC,James Cameron,Terminator - Genisys,Alan Taylor,1 Market St. Landmark Building
2018,Walt Disney Studios Motion Pictures,"PYM Particles Productions II, LLC",Chris McKenna,Ant-Man and the Wasp,Peyton Reed,Pier 27
1993,TriStar Pictures,TriStar Pictures,Robbie Fox,So I Married an Axe Murderer,Thomas Schlamme,Prudente's Italian Deli (1462 Grant Ave at Union)
2012,Warner Bros. Television,Bonanza Productions Inc.,Steven Lilien,Alcatraz,J.J. Abrams,Taylor St. from Broadway to Filbert
2017,TBD,"Po Valley Productions, LLC","Sarah Bellwood, Michal Lali Kagan, Michael McGowan Amital Stern, Jose Luis Sampedro",Etruscan Smile,Oded Binnun/ Michel Brezis,"Laguna Honda Hospital, 375 Laguna Honda Blvd."
2014,"NBC Universal Media, LLC","NBC Universal Media, LLC",Greg Daniels,Parks and Recreation,Dean Holland,Larkin & Fulton
1988,Warner Bros. Pictures,Warner Bros. Pictures,Harry Julian Fink,The Dead Pool,Buddy Van Horn,Pierce & California Streets (Pacific Heights)
1997,Polygram Filmed Entertainment,Polygram Filmed Entertainment,John Brancato,The Game,David Fincher,Bank of America Building (555 California Street)
1998,Universal Pictures,Bungalow 78 Productions,Steve Oedekerk,Patch Adams,Tom Shadyac,Treasure Island
2005,Columbia Pictures,Rent Productions LLC,Stephen Chbosky,Rent,Chris Columbus,Treasure Island
2015,Netflix,"Unpronounceable Productions, LLC",The Wachowskis,Sense8,The Wachowskis,Market St. overpass
2000,Twentieth Century Fox Film Corp.,Twentieth Century Fox Film Corp.,Harold Ramis,Bedazzled,Harold Ramis,"Washington Square Park (Filbert, between Stockton and Powell)"
1973,Warner Bros. Pictures,The Malpaso Company,John Milius,Magnum Force,Ted Post,280 Freeway at Pennsylvania and Mariposa Streets
2000,Sony Pictures Classics,415 Productions,Greg Harrison,Groove,Greg Harrison,435 23rd Street at Illinois
1958,Columbia Pictures,Pajemer Productions,Stirling Silliphant,The Lineup,Don Siegel,The Embarcadero
1993,TriStar Pictures,TriStar Pictures,Robbie Fox,So I Married an Axe Murderer,Thomas Schlamme,"Aladdin Terrace (off of Taylor Street, Between Filbert and Union)"
1980,American Broadcasting Company (ABC),Columbia Pictures Corporation,Joel Oliansky,The Competition,Joel Oliansky,California Academy of Sciences (Golden Gate Park)
1999,New Line Cinema,George Street Pictures,Steve Cohen,The Bachelor,Gary Sinyor,Mama's Restaurant (1701 Stockton)
1993,TriStar Pictures,TriStar Pictures,Robbie Fox,So I Married an Axe Murderer,Thomas Schlamme,San Francisco Chronicle (901 Mission Street at 15th Street)
2005,DreamWorks Distribution,DreamWorks SKG,Peter Tolan,Just Like Heaven,Mark Waters,
1974,Buena Vista Distribution,Walt Disney Productions,Bill Walsh,Herbie Rides Again,Robert Stevenson,Golden Gate Bridge
2016,HULU,TVM Productions,Kem Nunn,Chance- Season 1 ep103,Michael Lehmann,60 Leavenworth St.
1993,TriStar Pictures,TriStar Pictures,Robbie Fox,So I Married an Axe Murderer,Thomas Schlamme,Swedenborgian Church (2107 Lyon Street)
1988,Atlantic Releasing Corporation,Atlantic Entertainment Group,Nicholas Kazan,Patty Hearst,Paul Schrader,"Postcard Row (Alamo Square, Hayes Valley)"
2016,HULU,TVM Productions,Kem Nunn,Chance- Season 1 ep103,Michael Lehmann,"The Drew School, 2901 California"
2015,,Carlo Caldana/Marguery Films,Linda Demetrick,"Smile Again, Jenny Lee",Carlo Caldana,New Taraval CafÃ© (1054 Taraval St.)
1962,Columbia Pictures,Columbia Pictures Corporation,The Gordons,Experiment in Terror,Blake Edwards,"Wells Fargo Bank (1 California Street, Financial District)"
2013,American Broadcasting Company (ABC),Beyond Pix,Melissa Rosenberg,Red Widow,Alon Aranya,Mason & Sacramento St
2015,Universal Pictures,RDF Productions LLC,Aaron Sorkin,Steve Jobs,Danny Boyle,Castro St. between 21st an Hill St
2015,Netflix,"Unpronounceable Productions, LLC",The Wachowskis,Sense8,The Wachowskis,Van Ness and 12th St.
1978,Warner Bros. Pictures,Liberty Film,Lina Wertmuller,A Night Full of Rain,Lina Wertmuller,Broadway (North Beach)
2015,,Thatâs Hollywood,Justin Kelly,I Am Michael,Justin Kelly,"Grove & Polk, thru Fulton & 6th, Masonic, 28th & 47th"
1992,MCA/Universal Home Video,Troma Entertainment,Doris Fish,Vegas in Space,Phillip R. Ford,544 Natoma (SOMA)
1985,MGM/UA Entertainment Company,Metro-Goldwyn Mayer,Richard Maibaum,A View to a Kill,John Glen,Van Ness Avenue
2001,Sony Pictures Entertainment,Columbia Pictures,Pamela Falk,The Wedding Planner,Adam Shankman,Lincoln Park
2014,Weinstein Company,Blink & Wink Productions,Scott Alexander,Big Eyes,Tim Burton,Green St. & Grant Ave.
1995,Paramount Pictures,Paramount Pictures,Joe Eszterhas,Jade,William Friedkin,"Japanese Tea Garden (Hagiwara Tea Garden Drive, Golden Gate Park)"
2016,HULU,TVM Productions,Andrew Bernstein,Chance- Season 1 ep108,Peter Elkoff and Victoria Morrow,Huntington Park
1978,Warner Bros. Pictures,Liberty Film,Lina Wertmuller,A Night Full of Rain,Lina Wertmuller,Broadway (North Beach)
2014,Warner Bros. Pictures,"Nautilus Productions, LLC",Max Borenstein,Godzilla,Gareth Edwards,Pine St. & Davis St
2001,Buena Vista Pictures,Walt Disney Pictures,Gina Wendkos,The Princess Diaries,Garry Marshall,2601 Lyon Street
1993,Electric Parc,Universal Pictures,Tomas Gislason,Heart and Souls,Tomas Gislason,Stockton Tunnel (Stockton Street at Sutter Street)
2013,Sony Pictures Classics,Perdido Productions,Woody Allen,Blue Jasmine,Woody Allen,2898 Broadway
1991,Metro-Goldwyn-Mayer,Capella International,Wolfgang Petersen,Shattered,Wolfgang Petersen,
2016,Netflix,"Unpronounceable Productions, LLC","J. Michael Straczynski, Wachowiski Siblings",Sense8 - Season 2,Wachowski Siblings,"Westerfeld House, 1198 Fulton St."
2001,Buena Vista Pictures,Walt Disney Pictures,Gina Wendkos,The Princess Diaries,Garry Marshall,Broadway Tunnel (Broadway between Powell and Larkin)
1952,RKO Pictures,Joseph Kaufmann Pictures,Lenore J. Coffee,Sudden Fear,David Miller,2800 Scott Street
2017,TBD,"Po Valley Productions, LLC","Sarah Bellwood, Michal Lali Kagan, Michael McGowan Amital Stern, Jose Luis Sampedro",Etruscan Smile,Oded Binnun/ Michel Brezis,"Legion of Honor, 100 34th Ave"
2015,Paramount Pictures,T5 Productions LLC,James Cameron,Terminator - Genisys,Alan Taylor,Construction Site in front of 260 Stockton St. at Post St.
1998,Warner Bros. Pictures,Atlas Entertainment,Dana Stevens,City of Angels,Brad Silberling,San Francisco Public Library Main Branch (100 Larkin Street)
1986,Paramount Pictures,Paramount Pictures,Steve Meerson,Star Trek IV: The Voyage Home,Leonard Nimoy,Golden Gate Bridge
1999,Buena Vista Pictures,1492 Pictures,Nicholas Kazan,Bicentennial Man,Chris Columbus,Golden Gate Bridge
2014,Home Box Office (HBO),"Mission Street Productions, LLC",Michael Lannan,Looking,Andrew Haigh,Fort Funston
2015,Sony Pictures Classics,"Diary the Movie, LLC",Marielle Heller,The Diary of a Teenage Girl,Marielle Heller,Hamburger Haven
2014,Turner Network Television (TNT),Turner North Center Productions,Eric Lodal,"Murder in the First, Season 1",Steven Bochcho,Kearny Street between Broadway and Pacific Avenue
1979,Paramount Pictures,Paramount Pictures,Richard Tuggle,Escape From Alcatraz,Donald Siegel,Alcatraz Island
2013,American Broadcasting Company (ABC),Beyond Pix,Melissa Rosenberg,Red Widow,Alon Aranya,Vallejo Street Garage
2016,TBD,"Pushing Dead , LLC",Tom Brown,Pushing Dead,Tom Brown,1069 Tennessee Street
2018,"Columbia Pictures, Sony Pictures Releasing","L.O.Z. Productions, Inc.","Jeff Pinkner, Scott Rosenberg",Venom,Ruben Fleischer,O'Farrell between Leavenworth and Jones
1999,MCA / Universal Pictures,Imagine Entertainment,Lowell Ganz,Edtv,Ron Howard,Moose's Restaurant (1652 Stockton)
2019,Netflix,Universal Television LLC,"Armistead Maupin, Lauren Morelli, Hansol Jung, Marcus Gardley",Tales of the City,"Alan Poul, Silas Howard, Stacie Passon",766 Vallejo St
2017,HBO,"Chori Perros Productions, LLC",Stephen Levinson,Ballers Season 3,Julian Farino,Embarcadero around Rincon Park
1991,Twentieth Century Fox Film Corp.,Interscope Communications,Carolyn Shelby,Class Action,Michael Apted,City Hall
1995,Warner Bros. Pictures,Regency Enterprises,Ann Biderman,Copycat,Jon Amiel,"Java House (Pier 40, Embarcadero)"
2015,Warner Bros.,"Upside Down Productions, Inc.",Allan Loeb ,San Andreas,Brad Peyton,Intersection of Lombard and Hyde
1986,Paramount Pictures,Paramount Pictures,Steve Meerson,Star Trek IV: The Voyage Home,Leonard Nimoy,Intersection of Columbus & Mason Streets
1978,United Artists,Solofilm,Jack Finney,Invasion of the Body Snatchers,Philip Kaufman,Chinatown
2008,Focus Features,Focus Features,Dustin Lance Black,Milk,Gus Van Sant,Grace Cathedral Episcopal Church (1100 California Street)
1994,Metro-Goldwyn-Mayer (MGM),Metro-Goldwyn-Mayer (MGM),Tom S. Parker,Getting Even with Dad,Howard Deutch,"St. Peter & Paul's Church (666 Filbert Street, Washington Square)"
2018,Amazon Studios,Big Indie Pictures,Luke Davies,Beautiful Boy,Felix van Groeningen,"Olympic Flame CafÃ©, 555 Geary St"
2001,Sony Pictures Entertainment,Columbia Pictures,Pamela Falk,The Wedding Planner,Adam Shankman,Pier 7 (The Embarcadero)
1973,Warner Bros. Pictures,The Malpaso Company,John Milius,Magnum Force,Ted Post,San Francisco Drydock (20th and Illinois Streets)
1968,Warner Brothers / Seven Arts,Warner Brothers / Seven Arts,Lawrence B. Marcus,Petulia,Richard Lester,307 Filbert Street
1936,Metro-Goldwyn Mayer,Metro-Goldwyn Mayer,Frances Goodrich,After the Thin Man,W.S. Van Dyke,Coit Tower
2014,Home Box Office (HBO),"Mission Street Productions, LLC",Michael Lannan,Looking,Andrew Haigh,BART from Civic Center to 24th St.
1924,Metro-Goldwyn-Mayer (MGM),Metro-Goldwyn-Mayer (MGM),Eric von Stroheim ,Greed,Eric von Stroheim ,Bush and Sutter Streets
2012,Warner Bros. Television,Bonanza Productions Inc.,Steven Lilien,Alcatraz,J.J. Abrams,Chestnut St. from Larkin to Columbus
1996,Buena Vista Pictures,Hollywood Pictures,David Weisberg,The Rock,Michael Bay,Palace of Fine Arts (3301 Lyon Street)
1978,Paramount Pictures,Paramount Pictures,Colin Higgins,Foul Play,Colin Higgins,California & Larkin Streets (Nob Hill)
2016,TBD,"Pushing Dead , LLC",Tom Brown,Pushing Dead,Tom Brown,5th Ave @ Fulton Street in Golden Gate Park
2015,Warner Bros.,"Upside Down Productions, Inc.",Allan Loeb ,San Andreas,Brad Peyton,Hyde St. at Greenwich and Hyde St. at Lombard
1968,American International Pictures (AIP),Dick Clark Productions,Betty Tusher,Psych-Out,Richard Rush,
1924,Metro-Goldwyn-Mayer (MGM),Metro-Goldwyn-Mayer (MGM),Eric von Stroheim,Greed,Eric von Stroheim,Hayes Street at Laguna
2015,,Thatâs Hollywood,Justin Kelly,I Am Michael,Justin Kelly,Harvey Milk Plaza
2017,Netflix,"Hippolyta Productions, LLC",Kay Cannon,GirlBoss,"Jamie Babbit, Amanda Brotchie, Steven K. Tsuchida, Christian Ditter, John Riggi","Boulevard Restaurant, 1 Mission St."
1986,Paramount Pictures,Paramount Pictures,Steve Meerson,Star Trek IV: The Voyage Home,Leonard Nimoy,"Bessie Charmichael Elementary School (375 Seventh Street, SOMA)"
2015,HBO,"Mission Street Productions, LLC",Michael Lannan,Looking Season 2 ep 208,Andrew Haigh,950 Mason Street
1988,Warner Bros. Pictures,Warner Bros. Pictures,Harry Julian Fink,The Dead Pool,Buddy Van Horn,"Eber Electronics (2355 Market Street, Castro)"
1971,Warner Brothers,The Malpaso Company,Harry Julian Fink,Dirty Harry,Don Siegel,"Kezar Stadium, Golden Gate Park"
1978,United Artists,Solofilm,Jack Finney,Invasion of the Body Snatchers,Philip Kaufman,1227 Montgomery Street (Telegraph Hill)
1968,American International Pictures (AIP),Dick Clark Productions,Betty Tusher,Psych-Out,Richard Rush,
2019,A35,"LBMISF, LLC","Joe Talbot, Jimmie Fails, Rob Richert",The Last Black Man in San Francisco,Joe Talbot,Forest Hill MUNI Station
2015,,Carlo Caldana/Marguery Films,Linda Demetrick,"Smile Again, Jenny Lee",Carlo Caldana,Ocean Beach Motel (2690 46th Ave.)
2014,Walt Disney Studios Motion Pictures,"Need For Speed Productions, LLC",George Gatins,Need For Speed,Scott Waugh,Embarcadero from Broadway to Folsom
1974,Twentieth Century - Fox,Irwin Allen Productions,Stirling Silliphant,The Towering Inferno,John Guillermin,Grace Cathedral Episcopal Church (1100 California Street)
2014,Turner Network Television (TNT),Turner North Center Productions,Eric Lodal,"Murder in the First, Season 1",Steven Bochcho,373 Columbus Avenue
2003,Universal Pictures,Universal Pictures,Stan Lee,Hulk,Ang Lee,Golden Gate Bridge
1974,American Broadcasting Company (ABC),Warner Bros. Pictures,Robert Kaufman,Freebie and the Bean,Richard Rush,"Steinhart Aquarium (California Academy of Sciences, Golden Gate Park)"
1992,TriStar Pictures,Carolco Pictures,Joe Eszterhas,Basic Instinct,Paul Verhoeven,Gibb Street (Chinatown)
2015,6 Distribution,"Creative Monster Productions, Inc.",Gabriele Muccino,Summertime,Gabriele Muccino,Love Street Vintage (1506 Haight & adjacent Haight sidewalk_
1979,Columbia Broadcasting System (CBS),Orion Pictures Corp.,Karl Alexander,Time After Time,Nicholas Meyer,Golden Gate Park
2015,Paramount Pictures,T5 Productions LLC,James Cameron,Terminator - Genisys,Alan Taylor,California at Jones
1982,New Yorker Films,New Yorker Films,Wayne Wang,Chan is Missing,Wayne Wang,Golden Dragon Restaurant (816 Washington Street at Grant)
1978,Paramount Pictures,Paramount Pictures,Colin Higgins,Foul Play,Colin Higgins,430 Vallejo Street (Telegraph Hill)
2013,American Broadcasting Company (ABC),Beyond Pix,Melissa Rosenberg,Red Widow,Alon Aranya,Vallejo Street Garage
1967,Embassy Pictures Corporation,Embassy Pictures Corporation,Calder Willingham,The Graduate,Mike Nichols,Bay Bridge
2000,Dimension Films,Punch 21 Productions,The Drews,Boys and Girls,Robert Iscove,City Hall
1988,Paramount Pictures,Paramount Pictures,Larry Ferguson,The Presidio,Peter Hyams,"Fort Point (Presidio, Golden Gate National Recreation Area)"
2014,National Broadcasting Company,NBC Studios,Jason Katims,About a Boy,Mark J. Kunerth,Broderick from Fulton to McAlister
2017,Amercian Broadcasting Company,Film 49 Productions,Dustin Lance Black,When We Rise,Gus Van Sant,City Hall
1995,PolyGram Video,Gramercy Pictures,Mario Van Peebles,Panther,Mario Van Peebles,
2018,Netflix,Envision Productions Inc.,"Ling-Hui Chen, Nancy Chen, Chih-Chi Fan, Chia-Hui Lin",A Taiwanese Tale of Two Cities,Tien-Lun Yeh,"Castro Theatre, 429 Castro St."
1985,MGM/UA Entertainment Company,Metro-Goldwyn Mayer,Richard Maibaum,A View to a Kill,John Glen,Taylor and Jefferson Streets (Fisherman's Wharf)
1980,American Broadcasting Company (ABC),Columbia Pictures Corporation,Joel Oliansky,The Competition,Joel Oliansky,Pier 39
1999,MCA / Universal Pictures,Imagine Entertainment,Lowell Ganz,Edtv,Ron Howard,Mario's Bohemian Cigar Store (Washington Square)
1947,Warner Bros. Pictures,Warner Bros. Pictures,N. Richard Nash,Nora Prentiss,Vincent Sherman,Belgravia Apartments (795 Sutter Street at Jones)
2017,TBD,"Po Valley Productions, LLC","Sarah Bellwood, Michal Lali Kagan, Michael McGowan Amital Stern, Jose Luis Sampedro",Etruscan Smile,Oded Binnun/ Michel Brezis,San Francisco City Hall
1995,Columbia Pictures,Columbia Pictures Corp.,John Brancato,The Net,Irwin Winkler,Montgomery & Market Streets
2014,Home Box Office (HBO),"Mission Street Productions, LLC",Michael Lannan,Looking,Andrew Haigh,Treasure Island
2014,Home Box Office (HBO),"Mission Street Productions, LLC",Michael Lannan,Looking,Andrew Haigh,Treasure Island
1984,MGM Home Entertainment,Orion Pictures Corp.,Jean Loup Dabadie & Yves Robert,The Woman In Red,Gene Wilder,Montgomery Street at Union Street
1978,Warner Bros. Pictures,Liberty Film,Lina Wertmuller,A Night Full of Rain,Lina Wertmuller,"Fairmont Hotel (950 Mason Street, Nob Hill)"
2014,Turner Network Television (TNT),Turner North Center Productions,Eric Lodal,"Murder in the First, Season 1",Steven Bochcho,9 Calhoun Terrace
2015,,Carlo Caldana/Marguery Films,Linda Demetrick,"Smile Again, Jenny Lee",Carlo Caldana,87 Cervantes Blvd (beach)
1988,Warner Bros. Pictures,Warner Bros. Pictures,Harry Julian Fink,The Dead Pool,Buddy Van Horn,"Mirant Energy, LLC (1301 Illinois Street, The Dogpatch)"
1995,Warner Bros. Pictures,Regency Enterprises,Ann Biderman,Copycat,Jon Amiel,Treasure Island
1950,United Artists,Cardinal Pictures,Russell Rouse,D.O.A,Rudolph Mate,Union Square
1956,Paramount Pictures,Paramount Pictures,"Jesse L. Lasky, Jr.",The Ten Commandments,Cecil B. DeMille,"St. Peter & Paul's Church (666 Filbert Street, Washington Square)"
2015,HBO,"Mission Street Productions, LLC",Michael Lannan,Looking Season 2 ep 204,Andrew Haigh,"Bi-Rite Creamery, 3692 18th Stret"
1988,Warner Bros. Pictures,Warner Bros. Pictures,Harry Julian Fink,The Dead Pool,Buddy Van Horn,"The Cannery (281 Leavenworth Street, Fisherman's Wharf)"
2018,Walt Disney Studios Motion Pictures,"PYM Particles Productions II, LLC",Chris McKenna,Ant-Man and the Wasp,Peyton Reed,Little Embarcadero btwn Powell and Mason
2003,Columbia Pictures,Revolution Studios,Lawrence Konner,Mona Lisa Smile,Mike Newell,
2019,A39,"LBMISF, LLC","Joe Talbot, Jimmie Fails, Rob Richert",The Last Black Man in San Francisco,Joe Talbot,Oakdale btwn 3rd and Bayshore
2015,HBO,"Mission Street Productions, LLC",Michael Lannan,Looking Season 2 ep 209,Andrew Haigh,8 Octavia Street
2013,American Broadcasting Company (ABC),Beyond Pix,Melissa Rosenberg,Red Widow,Alon Aranya,Pioneer Park at Coit Tower
2014,Home Box Office (HBO),"Mission Street Productions, LLC",Michael Lannan,Looking,Andrew Haigh,Folsom Street Fair on Folsom St.
1999,New Line Cinema,George Street Pictures,Steve Cohen,The Bachelor,Gary Sinyor,Roof of Cable Car (California at Front Street)
1998,Twentieth Century Fox Film Cooperation,Twentieth Century Fox Film Cooperation,Nat Mauldin,Doctor Dolittle,Betty Thomas,Telegraph Hill Blvd (Telegraph Hill)
1994,Universal Pictures,Northern Lights Entertainment,Kevin Wade,Junior,Ivan Reitman,"Postcard Row (Alamo Square, Hayes Valley)"
1983,Warner Bros. Pictures,Warner Bros. Pictures,Harry Julian Fink,Sudden Impact,Clint Eastwood,Ferry Plaza
1996,Buena Vista Pictures,American Zoetrope,James DeMonaco,Jack,Francis Ford Coppola,
1994,Geffen Pictures,Geffen Pictures,Anne Rice,Interview With The Vampire,Neil Jordan,100 Market Street at 6th Street
1987,Warner Bros. Pictures,Amblin Entertainment,Chip Proser,Innerspace,Joe Dante,Golden Gate Bridge
1968,United Artists,Desilu Productions,"Bob Carroll, Jr.","Yours, Mine and Ours",Melville Shavelson,
2015,Sony Pictures Classics,"Diary the Movie, LLC",Marielle Heller,The Diary of a Teenage Girl,Marielle Heller,SPECS' Twelve Adler Museum CafÃ©
1994,Geffen Pictures,Geffen Pictures,Anne Rice,Interview With The Vampire,Neil Jordan,Golden Gate Bridge
1998,TriStar Pictures,Mandalay Entertainment,David Klass,Desperate Measures,Barbet Schroeder,
1978,Paramount Pictures,Paramount Pictures,Colin Higgins,Foul Play,Colin Higgins,War Memorial Opera House (401 Van Ness Avenue)
2004,Cinequest Distribution,The Digital Golem,Nicholas Tucker & Mark Hefti,Fandom,Nicholas Tucker,
2016,Kylin Pictures,"BOTD U.S. Productions, Inc.","Christopher Wilkinson, Stephen J. Rivele",Birth of the Dragon,George Nolfi,Twin Peaks Blvd.
1961,Paramount Pictures,Perlsea Company,Samuel A. Taylor,Pleasure of His Company,George Seaton,Grace Cathedral Episcopal Church (1100 California Street)
2014,Home Box Office (HBO),"Mission Street Productions, LLC",Michael Lannan,Looking,Andrew Haigh,1890 Clay St.
2017,Amazon,Picrow Streaming Inc.,"Melissa Axelrod, T. C. Boyle (based on the book by)","Budding Prospects, Pilot",Terry Zwigoff,1641 York Street
1992,Universal Pictures,Pacific Western,Brian DePalma,Raising Cain,Brian DePalma,
1967,Metro-Goldwyn Mayer,Metro-Goldwyn Mayer,Alexander Jacobs,Point Blank,John Boorman,Alcatraz Island
1971,Warner Brothers,The Malpaso Company,Harry Julian Fink,Dirty Harry,Don Siegel,"Washington Square, North Beach"
2018,Walt Disney Studios Motion Pictures,"PYM Particles Productions II, LLC",Chris McKenna,Ant-Man and the Wasp,Peyton Reed,Saint Louis Alley at Jackson
2015,,Sutro Films LLC,Zachary Shedd,Americana,Zachary Shedd,Variety Preview Room (582 Market St.)
1999,New Line Cinema,George Street Pictures,Steve Cohen,The Bachelor,Gary Sinyor,Sutter-Stockton Garage (330 Sutter Street at Stockton)
2017,Netflix,"Hippolyta Productions, LLC",Kay Cannon,GirlBoss,"Jamie Babbit, Amanda Brotchie, Steven K. Tsuchida, Christian Ditter, John Riggi","La Taqueria, 2889 Mission St."
2017,Amercian Broadcasting Company,Film 49 Productions,Dustin Lance Black,When We Rise,Gus Van Sant,United Nations Plaza
1992,Warner Bros. Pictures,Warner Bros. Pictures,Robert Berger,Final Analysis,Phil Joanou,"Presidio, Golden Gate National Recreation Area"
1998,Twentieth Century Fox Film Cooperation,Twentieth Century Fox Film Cooperation,Nat Mauldin,Doctor Dolittle,Betty Thomas,Coit Tower
1983,Warner Bros. Pictures,Warner Bros. Pictures,Harry Julian Fink,Sudden Impact,Clint Eastwood,Civic Center Plaza
2014,Warner Bros. Pictures,"Nautilus Productions, LLC",Max Borenstein,Godzilla,Gareth Edwards,Pier 7 (The Embarcadero)
2015,Paramount Pictures,T5 Productions LLC,James Cameron,Terminator - Genisys,Alan Taylor,16th and Utah
2015,HBO,"Mission Street Productions, LLC",Michael Lannan,Looking Season 2 ep 209,Andrew Haigh,"Tonga Room, Fairmont Hotel, 950 Mason Street"
2015,Netflix,"Unpronounceable Productions, LLC",The Wachowskis,Sense8,The Wachowskis,Z Space Studios; 450 Florida St.
2013,Sony Pictures Classics,Perdido Productions,Woody Allen,Blue Jasmine,Woody Allen,The Ramp Restaurant
2015,,Carlo Caldana/Marguery Films,Linda Demetrick,"Smile Again, Jenny Lee",Carlo Caldana,883 42nd Ave.
2014,Warner Bros. Pictures,"Nautilus Productions, LLC",Max Borenstein,Godzilla,Gareth Edwards,Embarcadero & Washington
2015,,"Frederick & Ashbury, LLC.",Noah Pritzker,Quitters,Noah Pritzker,Claire Lilienthal Elementary School
2017,Amercian Broadcasting Company,Film 49 Productions,Dustin Lance Black,When We Rise,Gus Van Sant,Powell St. at Market St.
2018,Netflix,Envision Productions Inc.,"Ling-Hui Chen, Nancy Chen, Chih-Chi Fan, Chia-Hui Lin",A Taiwanese Tale of Two Cities,Tien-Lun Yeh,Bernal Heights Park
1988,Warner Bros. Pictures,Warner Bros. Pictures,Harry Julian Fink,The Dead Pool,Buddy Van Horn,San Francisco Drydock (The Dogpatch)
2018,Walt Disney Studios Motion Pictures,"PYM Particles Productions II, LLC",Chris McKenna,Ant-Man and the Wasp,Peyton Reed,Montgomery btwn Green and Pacific
1999,MCA / Universal Pictures,Imagine Entertainment,Lowell Ganz,Edtv,Ron Howard,North Beach Video (1398 Grant Avenue at Green)
2014,Turner Network Television (TNT),Turner North Center Productions,Eric Lodal,"Murder in the First, Season 1",Steven Bochcho,Ida B. Wells High School (1099 Hayes Street)
1976,Universal Pictures,Universal Pictures,Ernest Lehman,Family Plot,Alfred Hitchcock,Nob Hill
2015,Paramount Pictures,T5 Productions LLC,James Cameron,Terminator - Genisys,Alan Taylor,Pine St. between Market and Montgomery
2014,National Broadcasting Company,NBC Studios,Jason Katims,About a Boy,Mark J. Kunerth,Crissy Field
2016,HULU,TVM Productions,Dan Attias,Chance- Season 1 ep106,Sara Gran,2 Rowland
1958,Paramount Pictures,Alfred J. Hitchcock Productions,Alec Coppel,Vertigo,Alfred Hitchcock,"Fort Point (Presidio, Golden Gate National Recreation Area)"
2019,A41,"LBMISF, LLC","Joe Talbot, Jimmie Fails, Rob Richert",The Last Black Man in San Francisco,Joe Talbot,Shotwell St btwn 20th and 21st St
2015,,"Frederick & Ashbury, LLC.",Noah Pritzker,Quitters,Noah Pritzker,Claire Lilienthal Elementary School
2016,HULU,TVM Productions,Kem Nunn,Chance- Season 1 ep103,Michael Lehmann,350 Santa Ana Ave.
1947,Columbia Pictures,Columbia Pictures Corp.,Orson Welles,The Lady from Shanghai,Orson Welles,"Steinhart Aquarium (California Academy of Sciences, Golden Gate Park)"
2013,Sony Pictures Classics,Perdido Productions,Woody Allen,Blue Jasmine,Woody Allen,3563 20th St.
1962,Columbia Pictures,Columbia Pictures Corporation,The Gordons,Experiment in Terror,Blake Edwards,"Wells Fargo Bank (1 California Street, Financial District)"
1999,Metro-Goldwyn Mayer Distributing,Metro-Goldwyn Mayer,Tom Lazarus,Stigmata,Rupert Wainwright,19th and Kansas St.
1981,Columbia Broadcasting System (CBS),Melvin Simon Productions,Barbara Dana,Chu Chu and the Philly Flash,David Lowell Rich,Transbay Terminal (Mission Street at 1st Street)
1994,Universal Pictures,Northern Lights Entertainment,Kevin Wade,Junior,Ivan Reitman,"Fairmont Hotel (950 Mason Street, Nob Hill)"
2017,TBD,"Po Valley Productions, LLC","Sarah Bellwood, Michal Lali Kagan, Michael McGowan Amital Stern, Jose Luis Sampedro",Etruscan Smile,Oded Binnun/ Michel Brezis,"Outpost Studios, 69 Green Street"
1995,Paramount Pictures,Paramount Pictures,Joe Eszterhas,Jade,William Friedkin,Lombard & Hyde Streets
1997,Buena Vista Pictures,Walt Disney Pictures,Jay Ward,George of the Jungle,Sam Weisman,Bay Bridge
1992,Warner Bros. Pictures,Warner Bros. Pictures,Robert Berger,Final Analysis,Phil Joanou,"Public Health Service Hospital (Presidio, Golden Gate National Recreation Area)"
2015,HBO,"Mission Street Productions, LLC",Michael Lannan,Looking Season 2 ep 204,Andrew Haigh,Castro Street @ 18th street
2015,,Lionsgate / Sidney Kimmel Entertainment / Lakeshore Entertainment,J. Mills Goodloe,Age of Adaline,Lee Toland Krieger,Pier 50- end of the pier
2016,HULU,TVM Productions,Alexandra Cunningham and Kem Nunn,Chance - Season 1 Pilot,Lenny Abrahamson,"Harvey Milk Rec Center, 50 Scott St."
1962,United Artists,Norma Productions,Guy Trosper,Birdman of Alcatraz,John Frankenheimer,Alcatraz Island
2011,,SPI Cinemas,"Umarji Anuradha, Jayendra, Aarthi Sriram, & Suba ",180,Jayendra,Epic Roasthouse (399 Embarcadero)
2015,Paramount Pictures,T5 Productions LLC,James Cameron,Terminator - Genisys,Alan Taylor,Market St. at Embarcadero area
2004,Paramount Pictures,Paramount Pictures,Sarah Thorp,Twisted,Philip Kaufman,Veterans' War Memorial Building (401 Van Ness Avenue)
2000,Dimension Films,Punch 21 Productions,The Drews,Boys and Girls,Robert Iscove,Fisherman's Wharf
2002,MGM Home Entertainment,Atlas Entertainment,William Harrison,Rollerball,John McTiernan,
1988,Paramount Pictures,Paramount Pictures,Larry Ferguson,The Presidio,Peter Hyams,Washington Street & Waverly Place (Chinatown)
2015,HBO,"Mission Street Productions, LLC",Michael Lannan,Looking Season 2 ep 204,Andrew Haigh,1890 Clay Street
1983,Warner Bros. Pictures,Warner Bros. Pictures,Harry Julian Fink,Sudden Impact,Clint Eastwood,Mt. Davidson
1997,Paramount Pictures,Paramount Pictures,Keith Samples & Kevin Meyer,A Smile Like Yours ,Keith Samples,San Francisco International Airport
1993,National Broadcasting Company (NBC),Hollywood Pictures,Amy Tan,Joy Luck Club,Wayne Wang,375 Laguna Honda Blvd.
1998,Warner brothers Pictures,Constant c Productions,Kurt Wimmer,Sphere,Barry Levinson,S.S. Jeremiah O'Brien
2016,Kylin Pictures,"BOTD U.S. Productions, Inc.","Christopher Wilkinson, Stephen J. Rivele",Birth of the Dragon,George Nolfi,Lands End Trail at Eagles Point/ Lincoln Park Golf Course
1992,TriStar Pictures,Carolco Pictures,Joe Eszterhas,Basic Instinct,Paul Verhoeven,Gibb Street (Chinatown)
2017,Amercian Broadcasting Company,Film 49 Productions,Dustin Lance Black,When We Rise,Gus Van Sant,520 Castro St.
2019,Netflix,Universal Television LLC,"Armistead Maupin, Lauren Morelli, Hansol Jung, Marcus Gardley",Tales of the City,"Alan Poul, Silas Howard, Stacie Passon",Valencia btwn Liberty and 21st St
2013,Twentieth Century Fox Film Corporation,Twentieth Century Fox Film Corporation,Vince Vaughn,The Internship,Shawn Levy,Epic Roasthouse
2017,Hulu,TVM Productions Inc.,Alexandra Cunningham,Chance Season 2,Rozann Dawson,California between Mason and Taylor St
1973,Warner Bros. Pictures,The Malpaso Company,John Milius,Magnum Force,Ted Post,"Pacific Heights Towers (2200 Sacramento Street, Pacific Heights)"
1994,Universal Pictures,Northern Lights Entertainment,Kevin Wade,Junior,Ivan Reitman,Chinatown Gate
1936,Metro-Goldwyn Mayer,Metro-Goldwyn Mayer,Anita Loos,San Francisco,W.S. Van Dyke,City Hall
1951,Twentieth Century Fox Film Corp.,Twentieth Century Fox Film Corp.,Elick Moll,The House on Telegraph Hill,Robert Wise,Coit Tower
2018,Walt Disney Studios Motion Pictures,"PYM Particles Productions II, LLC",Chris McKenna,Ant-Man and the Wasp,Peyton Reed,Geary St - Hyde St - Ellis St
2015,Walt Disney Studios Motion Pictures,"PYM Particles Productions, LLC",Gabriel Ferrari,Ant-Man,Peyton Reed,Market between Stuart and Van Ness
1999,Warner Bros. Pictures,Silver Pictures,The Wachowski Brothers,The Matrix,The Wachowski Brothers,skyline/ exterior scenes
2018,Netflix,Envision Productions Inc.,"Ling-Hui Chen, Nancy Chen, Chih-Chi Fan, Chia-Hui Lin",A Taiwanese Tale of Two Cities,Tien-Lun Yeh,1653 Haight and 1400-1500 blocks of Haight St
2018,Amazon Studios,Big Indie Pictures,Luke Davies,Beautiful Boy,Felix van Groeningen,Tenderloin Neighborhood
1979,Columbia Broadcasting System (CBS),Orion Pictures Corp.,Karl Alexander,Time After Time,Nicholas Meyer,Old St. Mary's Church (660 California Street at Grant)
2016,HULU,TVM Productions,Alexandra Cunningham and Kem Nunn,Chance - Season 1 Pilot,Lenny Abrahamson,"William Stout Architectural Books, 804 Montgomery St."
1993,Warner Bros. Pictures,Spring Creek Productions,Rafael Yglesias,Fearless,Peter Weir,5th and Beale Streets
1996,Columbia TriStar Home Video,Triton Productions,Tiffanie DeBartolo,Dream for an Insomniac,Tiffanie DeBartolo,Baker Beach
2015,Netflix,"Unpronounceable Productions, LLC",The Wachowskis,Sense8,The Wachowskis,22nd St.
1978,Paramount Pictures,Paramount Pictures,Colin Higgins,Foul Play,Colin Higgins,"Asian Art Museum (200 Larkin Street, Civic Center)"
1983,The Ladd Company,The Ladd Company,Philip Kaufman,The Right Stuff,Philip Kaufman,Financial District
2016,HULU,TVM Productions,Peter Elkoff,Chance- Season 1 ep104,Carl Franklin,15th St. between Vermont and Kansas
2014,Turner Network Television (TNT),Turner North Center Productions,Eric Lodal,"Murder in the First, Season 1",Steven Bochcho,Alamo Square Park
2015,Netflix,"Unpronounceable Productions, LLC",The Wachowskis,Sense8,The Wachowskis,"""Metzger's Apt"" 151 Alice B. Toklas Pl."
2006,Columbia Pictures,Columbia Pictures Corporation,Gabriele Muccino,The Pursuit of Happyness,Steven Conrad,Glen Park Subway Station
2001,Warner Bros. Pictures,Warner Bros. Pictures,Paul Yurick,Sweet November,Pat O'Connor,Chrissy Field
1961,Warner Bros. Pictures,Warner Bros. Pictures,Delmer Daves,Susan Slade,Delmer Daves,"On Board the SS President Cleveland, docked at Pier 50"
1971,Warner Brothers,The Malpaso Company,Harry Julian Fink,Dirty Harry,Don Siegel,Hall of Justice (850 Bryant Street)
1974,Paramount Pictures,American Zoetrope,Francis Ford Coppola,The Conversation,Francis Ford Coppola,"Cathedral Hill Hotel (1101 Van Ness Avenue, Civic Center)"
2015,Netflix,"Unpronounceable Productions, LLC",The Wachowskis,Sense8,The Wachowskis,Grand View Ave.
2000,Twentieth Century Fox Film Corp.,Twentieth Century Fox Film Corp.,Harold Ramis,Bedazzled,Harold Ramis,City Hall
2016,HULU,TVM Productions,Kem Nunn,Chance- Season 1 ep103,Michael Lehmann,"Blue Danube CafÃ©, 306 Clement"
1974,Twentieth Century - Fox,Irwin Allen Productions,Stirling Silliphant,The Towering Inferno,John Guillermin,Grace Cathedral Episcopal Church (1100 California Street)
1995,Warner Bros. Pictures,Regency Enterprises,Ann Biderman,Copycat,Jon Amiel,82 & 67 Rico Way (Marina District)
1941,Warner Bros. Pictures,Warner Bros. Pictures,John Huston,The Maltese Falcon,John Huston,Ferry Building
2015,Netflix,"Unpronounceable Productions, LLC",The Wachowskis,Sense8,The Wachowskis,Clarion Alley between Valencia & Mission St.
2015,,"Frederick & Ashbury, LLC.",Noah Pritzker,Quitters,Noah Pritzker,Clement St. from 5th and 7th Ave. 
2017,Netflix,"Hippolyta Productions, LLC",Kay Cannon,GirlBoss,"Jamie Babbit, Amanda Brotchie, Steven K. Tsuchida, Christian Ditter, John Riggi",1375 Haight St.
1993,Warner Bros. Pictures,Spring Creek Productions,Rafael Yglesias,Fearless,Peter Weir,Bank of America Building (555 California Street)
1968,Warner Brothers,"Warner Brothers / Seven Arts
Seven Arts",Alan R. Trustman,Bullitt,Peter Yates,Brocklebank Apartments (1000 Mason Street)
2000,Sony Pictures Classics,415 Productions,Greg Harrison,Groove,Greg Harrison,435 23rd Street at Illinois
2015,Sony Pictures Classics,"Diary the Movie, LLC",Marielle Heller,The Diary of a Teenage Girl,Marielle Heller,Victoria Theatre
2015,HBO,"Mission Street Productions, LLC",Michael Lannan,Looking Season 2 ep 203,Andrew Haigh,"Boxer Stadium, 166 Havelock Street"
2015,HBO,"Mission Street Productions, LLC",Michael Lannan,Looking Season 2 ep 208,Andrew Haigh,1246 Folsom Street
2016,HULU,TVM Productions,Alexandra Cunningham ,Chance- Season 1 ep102,Lenny Abrahamson,"YWCA, 940 Powell"
1963,Universal Pictures,Universal Pictures,Evan Hunter,The Birds,Alfred Hitchcock,Powell and Geary Streets (Union Square)
2014,Weinstein Company,Blink & Wink Productions,Scott Alexander,Big Eyes,Tim Burton,Palace of Fine Arts
2016,Kylin Pictures,"BOTD U.S. Productions, Inc.","Christopher Wilkinson, Stephen J. Rivele",Birth of the Dragon,George Nolfi,California at Grant
2014,Weinstein Company,Blink & Wink Productions,Scott Alexander,Big Eyes,Tim Burton,1101 Filbert St.
