Writer,Distributor,Director,Locations,Title
Michael Lannan,Home Box Office (HBO),Andrew Haigh,Jawbone at 99 Rhode Island St. ,Looking
Kathryn Scola,Twentieth Century Fox Film Corporation,Henry King,"Fairmont Hotel (950 Mason Street, Nob Hill)",Alexander's Ragtime Band
"Bob Carroll, Jr.",United Artists,Melville Shavelson,,"Yours, Mine and Ours"
Colin Higgins,Paramount Pictures,Colin Higgins,Fort Mason (Golden Gate National Recreation Area),Foul Play
John Milius,Warner Bros. Pictures,Ted Post,Cost Plus World Market (2552 Taylor Street),Magnum Force
Karl Alexander,Columbia Broadcasting System (CBS),Nicholas Meyer,California Academy of Sciences (Golden Gate Park),Time After Time
Alec Coppel,Paramount Pictures,Alfred Hitchcock,"California Palace of the Legion of Honor (34th Avenue & Clement, Lincoln Park)",Vertigo
"Christopher Wilkinson, Stephen J. Rivele",Kylin Pictures,George Nolfi ,Leavenworth at Green,Birth of the Dragon
Michael Lannan,HBO,Andrew Haigh,1890 Clay Street,Looking Season 2 ep 204
Michael Lannan,HBO,Andrew Haigh,1890 Clay Street,Looking Season 2 ep 209
Woody Allen,Sony Pictures Classics,Woody Allen,Marina Green,Blue Jasmine
The Drews,Dimension Films,Robert Iscove,"St. Peter & Paul's Church (666 Filbert Street, Washington Square)",Boys and Girls
David Henry Hwang,The Samuel Goldwyn Company,John Madden,Ross Alley (Chinatown),Golden Gate
Michael Lannan,HBO,Andrew Haigh,68 Division Street,Looking Season 2 ep 209
Jack Kerouac & Jose Rivera,IFC Films & Sundance Selects,Walter Salles,Sacramento & Montgomery Streets,On the Road
"J. Michael Straczynski, Wachowiski Siblings",Netflix,Wachowski Siblings,"Grace Cathedral, 1100 California St.",Sense8 - Season 2
Gabriel Ferrari ,Walt Disney Studios Motion Pictures,Peyton Reed,420 Jones St. at Ellis St.,Ant-Man
Allan Loeb,Warner Bros.,Brad Peyton,555 California,San Andreas
Woody Allen,Sony Pictures Classics,Woody Allen,Motel Capri,Blue Jasmine
Ann Biderman,Warner Bros. Pictures,Jon Amiel,Twin Peaks,Copycat
"Jeff Pinkner, Scott Rosenberg","Columbia Pictures, Sony Pictures Releasing",Ruben Fleischer,California St btwn Drumm and Sansome,Venom
Allan Loeb,Warner Bros.,Brad Peyton,2nd St. at Townsend St.,San Andreas
Jack Kerouac & Michael Polish,,Michael Polish,"Tosca CafÃ© (242 Columbus Avenue, North Beach)",Big Sur
Melissa Rosenberg,American Broadcasting Company (ABC),Alon Aranya,Geary & 27th Ave,Red Widow
Randi Mayem Singer,Twentieth Century Fox Film Corporation,Chris Columbus,Danilo's Bakery (Green Street & Bannam Place),Mrs. Doubtfire
Gabriele Muccino,5 Distribution,Gabriele Muccino,Buena Vista East & Duboce; Buena Vista East & Haight,Summertime
Russell Rouse,United Artists,Rudolph Mate,Market & Steuart Streets (Financial District),D.O.A
Alexandra Cunningham ,HULU,Lenny Abrahamson,Westin St. Francis,Chance- Season 1 ep102
Frances Goodrich,Metro-Goldwyn Mayer,W.S. Van Dyke,Coit Tower,After the Thin Man
Michael Lehmann,HULU,Alexandra Cunningham and Kem Nunn,60 Potomac,Chance- Season 1 ep107
Francis Ford Coppola,Paramount Pictures,Francis Ford Coppola,"American Roofing Co. Building (297 Kansas Street, Potrero Hill)",The Conversation
Linda Demetrick,,Carlo Caldana,333 Pacheco St at Lopez Ave.,"Smile Again, Jenny Lee"
Tom S. Parker,Metro-Goldwyn-Mayer (MGM),Howard Deutch,M.H. de Young Memorial Museum (Golden Gate Park),Getting Even with Dad
Stephen Levinson,HBO,Julian Farino,Driving around Taylor/Pacific/Leavenworth,Ballers Season 3
Michael Lannan,HBO,Andrew Haigh,1246 Folsom Street,Looking Season 2 ep 202
Michael Lannan,Home Box Office (HBO),Andrew Haigh,St. Francis Fountain,Looking
Michael Lannan,HBO,Andrew Haigh,Bernal Heights Neighborhood,"Looking ""Special"""
Gabriele Muccino,13 Distribution,Gabriele Muccino,Duboce Park,Summertime
Stirling Silliphant,Warner Bros. Pictures,James Fargo,Alcatraz Island,The Enforcer
Tom Brown,TBD,Tom Brown,"433 Baker Street, ",Pushing Dead
Alan R. Trustman,Warner Brothers,Peter Yates,Larkin & Francisco Streets (Russian Hill),Bullitt
The Wachowskis,Netflix,The Wachowskis,S. Van Ness,Sense8
Barbara Dana,Columbia Broadcasting System (CBS),David Lowell Rich,Transbay Terminal (Mission Street at 1st Street),Chu Chu and the Philly Flash
Larry Ferguson,Paramount Pictures,Peter Hyams,900 Block of Grant Avenue (Chinatown),The Presidio
David Siegel,Fox Searchlight Pictures,Scott McGehee,,Bee Season
Rob Epstein,TC Films International,Rob Epstein,The Castro,The Times of Harvey Milk
Lowell Ganz,MCA / Universal Pictures,Ron Howard,Moose's Restaurant (1652 Stockton),Edtv
Tom Brown,TBD,Tom Brown,"Blind Cat, 3050 24th Street, San Francisco",Pushing Dead
Patricia Resnick,Orion Pictures Corporation,Paul Aaron,"Asian Art Museum (200 Larkin Street, Civic Center)",Maxie
Ann Biderman,Warner Bros. Pictures,Jon Amiel,"Java House (Pier 40, Embarcadero)",Copycat
Allan Loeb ,Warner Bros.,Brad Peyton,TransAmerica Pyramid (600 Montgomery Street),San Andreas
Linda Demetrick,,Carlo Caldana,Clay St. at Sansome,"Smile Again, Jenny Lee"
"Sarah Bellwood, Michal Lali Kagan, Michael McGowan Amital Stern, Jose Luis Sampedro",TBD,Oded Binnun/ Michel Brezis,"Legion of Honor, 100 34th Ave",Etruscan Smile
Karl Alexander,Columbia Broadcasting System (CBS),Nicholas Meyer,"Ghirardelli Square (900 North Point Street, Fisherman's Wharf)",Time After Time
Joseph Howard,Buena Vista Pictures,Emile Ardolino,"St. Paul's Church (Church Street, Noe Valley)",Sister Act
Francis Ford Coppola,Paramount Pictures,Francis Ford Coppola,"Saks Fifth Avenue (384 Post Street, Union Square)",The Conversation
"Melissa Axelrod, T. C. Boyle (based on the book by)",Amazon,Terry Zwigoff,2007 Franklin Street,"Budding Prospects, Pilot"
Woody Allen,Sony Pictures Classics,Woody Allen,2179 48th Ave,Blue Jasmine
Robert Kaufman,American Broadcasting Company (ABC),Richard Rush,Nob Hill,Freebie and the Bean
,Zealot Pictures,Michael Ferris Gibson,,24 Hours on Craigslist
Harry Julian Fink,Warner Bros. Pictures,Buddy Van Horn,1954 Mason Street (North Beach),The Dead Pool
"Sarah Bellwood, Michal Lali Kagan, Michael McGowan Amital Stern, Jose Luis Sampedro",TBD,Oded Binnun/ Michel Brezis,"Marriott Marquis, 780 Mission Street",Etruscan Smile
John Brancato,Polygram Filmed Entertainment,David Fincher,Washington Street & Waverly Place (Chinatown),The Game
Aaron Sorkin,Universal Pictures,Danny Boyle,Davies Symphony Hall (201 Van Ness Ave.),Steve Jobs
Joseph Fields,Universal Pictures,Henry Koster,Golden Gate Bridge,Flower Drum Song
David Weisberg,Buena Vista Pictures,Michael Bay,The San Francisco Bay,The Rock
Michael Lannan,HBO,Andrew Haigh,1890 Clay Street,Looking Season 2 ep 206
Gabriele Muccino,10 Distribution,Gabriele Muccino,Chinatown (Stockton @ Jackson & Jackson toward Grant,Summertime
Roland Joffe,Paramount Pictures,Roland Joffe,"Postcard Row (Alamo Square, Hayes Valley)",Fat Man and Little Boy
Mel Brooks,Twentieth Century Fox Film Corporation,Mel Brooks,Condor Club (Columbus and Broadway),High Crimes
Harry Julian Fink,Warner Brothers,Don Siegel,Dante Building (1606 Stockton Street at Union),Dirty Harry
Joe Eszterhas,TriStar Pictures,Paul Verhoeven,Raw Hide II (280 Seventh Street),Basic Instinct
Nicholas Kazan,Buena Vista Pictures,Chris Columbus,Golden Gate Bridge,Bicentennial Man
Delmer Daves & David Goodis,Warner Bros. Pictures,Delmer Daves,"Filbert Steps, Filbert Street",Dark Passage
The Wachowski Brothers,Warner Bros. Pictures,The Wachowski Brothers,skyline/ exterior scenes,The Matrix
Michael Lannan,HBO,Andrew Haigh,"Mad Dog Bar, 530 Haight Street",Looking Season 2 ep 203
Paul Yurick,Warner Bros. Pictures,Pat O'Connor,Farley's CafÃ© (1315 18th Street Near Missouri),Sweet November
Gina Wendkos,Buena Vista Pictures,Garry Marshall,Baker Beach,The Princess Diaries
Pamela Falk,Sony Pictures Entertainment,Adam Shankman,Pleasant Street at Taylor,The Wedding Planner
Steve Cohen,New Line Cinema,Gary Sinyor,Danilo's Bakery (Green Street & Bannam Place),The Bachelor
Roxann Dawson,HULU,Victoria Morrow,"The Drew School, 2901 California",Chance - Season 1 ep105
"J. Michael Straczynski, Wachowiski Siblings",Netflix,Wachowski Siblings,Clay between Stockton and Grant,Sense8 - Season 2
"Sarah Bellwood, Michal Lali Kagan, Michael McGowan Amital Stern, Jose Luis Sampedro",TBD,Oded Binnun/ Michel Brezis,"Bentley Reserve, 301 Battery Street",Etruscan Smile
Chris Columbus,Twentieth Century Fox Film Corp.,Chris Columbus,"St. Peter & Paul's Church (666 Filbert Street, Washington Square)",Nine Months
John Huston,Warner Bros. Pictures,John Huston,Golden Gate Bridge,The Maltese Falcon
Allan Loeb ,Warner Bros.,Brad Peyton,Battery Spencer,San Andreas
Woody Allen,Sony Pictures Classics,Woody Allen,2934 24th St.,Blue Jasmine
Zachary Shedd,,Zachary Shedd,Jackson St. at Spruce,Americana
Alexandra Cunningham,Hulu,Rozann Dawson,20th St between Church and Dolores St,Chance Season 2
Allan Loeb ,Warner Bros.,Brad Peyton,Bay St. at Polk,San Andreas
"Melissa Axelrod, T. C. Boyle (based on the book by)",Amazon ,Terry Zwigoff,3050 24th Street,"Budding Prospects, Pilot"
Kay Cannon,Netflix,"Jamie Babbit, Amanda Brotchie, Steven K. Tsuchida, Christian Ditter, John Riggi",Fillmore between Haight and Waller,GirlBoss
Alan R. Trustman,Warner Brothers,Peter Yates,Bay Bridge,Bullitt
Sarah Thorp,Paramount Pictures,Philip Kaufman,The Saloon (1232 Grant Avenue),Twisted
William Rose,Columbia Pictures,Stanley Kramer,Mel's Drive-In (Corner South Van Ness & Mission St.),Guess Who's Coming to Dinner
Harry Julian Fink,Warner Brothers,Don Siegel,"Washington Square, North Beach",Dirty Harry
Lawrence B. Marcus,Warner Brothers / Seven Arts,Richard Lester,307 Filbert Street,Petulia
Eric von Stroheim,Metro-Goldwyn-Mayer (MGM),Eric von Stroheim,Hayes Street at Laguna,Greed
Allan Loeb,Warner Bros.,Brad Peyton,Clay St. at Taylor,San Andreas
Sarah Thorp,Paramount Pictures,Philip Kaufman,Pier 24,Twisted
Jack Kerouac & Jose Rivera,IFC Films & Sundance Selects,Walter Salles,Bay Bridge,On the Road
Michael Lannan,Home Box Office (HBO),Andrew Haigh,Eros,Looking
Greg Harrison,Sony Pictures Classics,Greg Harrison,435 23rd Street at Illinois,Groove
Colin Higgins,Paramount Pictures,Colin Higgins,Andrew S. Hallidie Plaza (Market & Powell Streets),Foul Play
Peter Bogdanovich & Buck Henry,Warner Bros. Pictures,Peter Bogdanovich,Alta Plaza Park (Steiner Street),What's Up Doc?
Harold Ramis,Twentieth Century Fox Film Corp.,Harold Ramis,1155 Filbert Street at Hyde,Bedazzled
Bill Walsh,Buena Vista Distribution,Robert Stevenson,100 Block of Lombard Street,The Love Bug
Eric Lodal,Turner Network Television (TNT),Steven Bochcho,372/374 Pennsylvania Avenue,"Murder in the First, Season 2"
Tom Brown,TBD,Tom Brown,Octavia at Grove Street,Pushing Dead
Mark Decena & Timothy Breitbach,Sundance Channel Home Entertainment,Mark Decena,"Fort Point (Presidio, Golden Gate National Recreation Area)",Dopamine
Michael Lannan,HBO,Andrew Haigh,"Larken Street Youth Services, 1138 Sutter Street",Looking Season 2 ep 204
Steve Cohen,New Line Cinema,Gary Sinyor,Mama's Restaurant (1701 Stockton),The Bachelor
Keith Samples & Kevin Meyer,Paramount Pictures,Keith Samples,Grace Cathedral Episcopal Church (1100 California Street),A Smile Like Yours 
Nancy Meyers,Buena Vista Pictures,Nancy Meyers,Administration Building (Treasure Island),The Parent Trap
Chris McKenna,Walt Disney Studios Motion Pictures,Peyton Reed,Geary St - Hyde St - Ellis St,Ant-Man and the Wasp
Woody Allen,Paramount Pictures,Herbert Ross,"The Music Concourse (Martin Luther King, Jr. Drive, Golden Gate Park)","Play it Again, Sam"
Kevin Wade,Universal Pictures,Ivan Reitman,"Postcard Row (Alamo Square, Hayes Valley)",Junior
Scott Alexander,Weinstein Company,Tim Burton,Pine St. & Grant,Big Eyes
Anne Rice,Geffen Pictures,Neil Jordan,Ferry Building,Interview With The Vampire
Allan Loeb,Warner Bros.,Brad Peyton,Bay St. at Polk,San Andreas
Luke Davies,Amazon Studios,Felix van Groeningen,Wisconsin between 19th and 20th St,Beautiful Boy
Steve Cohen,New Line Cinema,Gary Sinyor,Mama's Restaurant (1701 Stockton),The Bachelor
Jack Finney,United Artists,Philip Kaufman,"Ramada Plaza Hotel Downtown (1231 Market Street, Civic Center)",Invasion of the Body Snatchers
Annie Wang,,Annie Wang,3639 Taraval St,Cardinal X
Larry Levin,Twentieth Century Fox Film Corp.,Steve Carr,"West Chrissy Field (Presidio, Golden Gate National Recreation Area)",Dr. Dolittle 2
Nat Mauldin,Twentieth Century Fox Film Cooperation,Betty Thomas,Coit Tower,Doctor Dolittle
Ernest Lehman,Universal Pictures,Alfred Hitchcock,Grace Cathedral Episcopal Church (1100 California Street),Family Plot
Woody Allen,Sony Pictures Classics,Woody Allen,Grant & Washington St.,Blue Jasmine
Gina Wendkos,Buena Vista Pictures,Garry Marshall,Fisherman's Wharf,The Princess Diaries
Thomas Rickman,American Broadcasting Company (ABC),Stuart Rosenberg,,The Laughing Policeman
Sarah Thorp,Paramount Pictures,Philip Kaufman,La Bodega (1332 Grant Avenue at Vallejo),Twisted
Alec Coppel,Paramount Pictures,Alfred Hitchcock,"California Palace of the Legion of Honor (34th Avenue & Clement, Lincoln Park)",Vertigo
Zachary Shedd,,Zachary Shedd,Foreign Cinema (2534 Mission),Americana
"Umarji Anuradha, Jayendra, Aarthi Sriram, & Suba ",,Jayendra,Mason & California Streets (Nob Hill),180
"Sarah Bellwood, Michal Lali Kagan, Michael McGowan Amital Stern, Jose Luis Sampedro",TBD,Oded Binnun/ Michel Brezis,"Andronico's, 1200 Irving Street",Etruscan Smile
Finn Taylor & Jeffrey Brown,Sony Pictures Classics,Finn Taylor,Bay Bridge,Dream with the Fishes
Tomas Gislason,Electric Parc,Tomas Gislason,2810 Pacific Avenue,Heart and Souls
Michael Lannan,HBO,Andrew Haigh,BART Station @ 16th Street & Mission Streets,Looking Season 2 ep 210
Eric Lodal,Turner Network Television (TNT),Steven Bochcho,Ivy Street between Laguna and Gough Streets,"Murder in the First, Season 3"
Ron Bass,Polygram Filmed Entertainment,Vincent Ward,Treasure Island,What Dreams May Come
David Weisberg,Buena Vista Pictures,Michael Bay,Coit Tower,The Rock
Patricia Resnick,Orion Pictures Corporation,Paul Aaron,"722 Steiner Street (Postcard Row, Alamo Square, Hayes Valley)",Maxie
Larry Levin,Twentieth Century Fox Film Corp.,Steve Carr,Hyde Street & Lombard Street,Dr. Dolittle 2
Michael Lannan,HBO,Andrew Haigh,"Willy's Barber shop, 3227 22nd Street",Looking Season 2 ep 203
Melissa Rosenberg,American Broadcasting Company (ABC),Alon Aranya,Geary & 20th Ave,Red Widow
Kevin Wade,Universal Pictures,Ivan Reitman,Hyatt Fisherman's Wharf (555 Northpoint Street),Junior
Norman Foster,Universal Pictures,Norman Foster,1801 Laguna at Bush,Woman on the Run
The Wachowskis,Netflix,The Wachowskis,16th St.,Sense8
Alan R. Trustman,Warner Brothers,Peter Yates,"SF General Hospital Center (1001 Potrero Avenue, Potrero Hill)",Bullitt
Eric Lodal,Turner Network Television (TNT),Steven Bochcho,435 Broadway,"Murder in the First, Season 2"
Michael Lannan,Home Box Office (HBO),Andrew Haigh,Market & Church St.,Looking
Stirling Silliphant,Warner Bros. Pictures,James Fargo,Coit Tower,The Enforcer
"Zal Batmanglij, Brit Marling",Netflix,Zal Batmanglij,Cameron House - 920 Sacramento St,The OA Part II
Stephen Levinson,HBO,Julian Farino,Driving around Taylor/Pacific/Leavenworth,Ballers Season 3
Dustin Lance Black,Focus Features,Gus Van Sant,Market & Castro Street,Milk
Harry Julian Fink,Warner Brothers,Don Siegel,"St. Peter & Paul's Church (666 Filbert Street, Washington Square)",Dirty Harry
The Gordons,Columbia Pictures,Blake Edwards,The Sea Captain's Chest (Fisherman's Wharf),Experiment in Terror
Max Borenstein,Warner Bros. Pictures,Gareth Edwards,Eddy & Taylor St.,Godzilla
"Melissa Axelrod, T. C. Boyle (based on the book by)",Amazon ,Terry Zwigoff,1167 Alabama Street,"Budding Prospects, Pilot"
"Jeff Pinkner, Scott Rosenberg","Columbia Pictures, Sony Pictures Releasing",Ruben Fleischer,Embarcadero at Harrison St,Venom
Ernest Lehman,Universal Pictures,Alfred Hitchcock,Nob Hill,Family Plot
Aaron Sorkin,Universal Pictures,Danny Boyle,Sutter-Stockton Garage (444  Stockton),Steve Jobs
Scott Alexander,Weinstein Company,Tim Burton,Green St. & Grant Ave.,Big Eyes
Karl Alexander,Columbia Broadcasting System (CBS),Nicholas Meyer,Justin Herman Plaza,Time After Time
Nat Mauldin,Twentieth Century Fox Film Cooperation,Betty Thomas,Larkin & Hyde Streets,Doctor Dolittle
"Melissa Axelrod, T. C. Boyle (based on the book by)",Amazon ,Terry Zwigoff,Lucky Street,"Budding Prospects, Pilot"
Chris McKenna,Walt Disney Studios Motion Pictures,Peyton Reed,Pier 27,Ant-Man and the Wasp
"Joe Talbot, Jimmie Fails, Rob Richert",A46,Joe Talbot,"Portola Rose Garden, 598 Hamilton St at Woolsey St",The Last Black Man in San Francisco
Woody Allen,Sony Pictures Classics,Woody Allen,303-305 S. Van Ness,Blue Jasmine
Anne Rice,Geffen Pictures,Neil Jordan,Golden Gate Bridge,Interview With The Vampire
"Christopher Wilkinson, Stephen J. Rivele",Kylin Pictures,George Nolfi,California at Grant,Birth of the Dragon
Michael Lannan,HBO,Andrew Haigh,314 11th Street,Looking Season 2 ep 202
Keith Samples & Kevin Meyer,Paramount Pictures,Keith Samples,San Francisco International Airport,A Smile Like Yours
Tom S. Parker,Metro-Goldwyn-Mayer (MGM),Howard Deutch,"Neiman Marcus (150 Stockton Street, Union Square)",Getting Even with Dad
Lina Wertmuller,Warner Bros. Pictures,Lina Wertmuller,San Francisco Chronicle (901 Mission Street at 15th Street),A Night Full of Rain
Mel Brooks,Twentieth Century Fox Film Corporation,Mel Brooks,Chase H & Q  (1 Bush Street at Sansome),High Crimes
Hugh Wilson,Twentieth Century Fox Film Corp.,David S. Ward,,Down Periscope
Robert Berger,Warner Bros. Pictures,Phil Joanou,"Public Health Service Hospital (Presidio, Golden Gate National Recreation Area)",Final Analysis
Mark Decena & Timothy Breitbach,Sundance Channel Home Entertainment,Mark Decena,"Fort Point (Presidio, Golden Gate National Recreation Area)",Dopamine
Colin Higgins,Paramount Pictures,Colin Higgins,Octavia & Hayes Streets (Hayes Valley),Foul Play
Carolyn Shelby,Twentieth Century Fox Film Corp.,Michael Apted,Bix Restaurant (56 Gold Street),Class Action
Harry Julian Fink,Warner Bros. Pictures,Buddy Van Horn,Fremont Street Exit of Bay Bridge,The Dead Pool
Paul Yurick,Warner Bros. Pictures,Pat O'Connor,Mission Dolores Park (Mission District),Sweet November
Delmer Daves & David Goodis,Warner Bros. Pictures,Delmer Daves,"Filbert Steps, Filbert Street",Dark Passage
Max Borenstein,Warner Bros. Pictures,Gareth Edwards,Post & Jones St.,Godzilla
Allan Loeb ,Warner Bros.,Brad Peyton,Hyde St. at Greenwich and Hyde St. at Lombard,San Andreas
"Sarah Bellwood, Michal Lali Kagan, Michael McGowan Amital Stern, Jose Luis Sampedro",TBD,Oded Binnun/ Michel Brezis,343 Union Street,Etruscan Smile
"Joe Talbot, Jimmie Fails, Rob Richert",A43,Joe Talbot,"Hotel Metropolis, 25 Mason St",The Last Black Man in San Francisco
Jack Finney,United Artists,Philip Kaufman,Transamerica Building (600 Montgomery Street at Clay),Invasion of the Body Snatchers
"J. Michael Straczynski, Wachowiski Siblings",Netflix,Wachowski Siblings,Washington between Stockton and Kearny,Sense8 - Season 2
Joe Eszterhas,TriStar Pictures,Paul Verhoeven,Gibb Street (Chinatown),Basic Instinct
Joe Eszterhas,Paramount Pictures,William Friedkin,Palace of Fine Arts,Jade
Linda Demetrick,,Carlo Caldana,1328 Portola,"Smile Again, Jenny Lee"
Ronald Bass,Buena Vista Pictures,Luis Mandoki,766 Vallejo Street at Stockton Street (North Beach),When a Man Loves a Woman
Michael Lannan,HBO,Andrew Haigh,Grant Avenue between Sacramento and Washington,"Looking ""Special"""
Alexandra Cunningham and Kem Nunn,HULU,Lenny Abrahamson,1055 Montgomery St.,Chance - Season 1 Pilot
"Ling-Hui Chen, Nancy Chen, Chih-Chi Fan, Chia-Hui Lin",Netflix,Tien-Lun Yeh,2751 Mission St,A Taiwanese Tale of Two Cities
Alexandra Cunningham and Kem Nunn,HULU,Lenny Abrahamson,"Ellis Food Center, 398 Ellis",Chance - Season 1 Pilot
Tom Brown,TBD,Tom Brown,"Uva Enoteca, 568 Haight Street",Pushing Dead
Tim Herlihy,Universal Pictures,Dennis Dugan,,Happy Gilmore
Sarah Thorp,Paramount Pictures,Philip Kaufman,Pier 39,Twisted
John Milius,Warner Bros. Pictures,Ted Post,"Fairmont Hotel (950 Mason Street, Nob Hill)",Magnum Force
Pamela Falk,Sony Pictures Entertainment,Adam Shankman,Montgomery Street at Union Street,The Wedding Planner
Ronald Bass,Buena Vista Pictures,Luis Mandoki,Buena Vista CafÃ© (2765 Hyde Street),When a Man Loves a Woman
Robbie Fox,TriStar Pictures,Thomas Schlamme,Rocco's Corner (Columbus Street),So I Married an Axe Murderer
Annie Wang,,Annie Wang,119 Utah,Cardinal X
Marc Klein,Miramax Home Entertainment,Peter Chelsom,,Serendipity
Noah Pritzker,,Noah Pritzker,Tank Hill Park,Quitters
Steve Cohen,New Line Cinema,Gary Sinyor,Roof of Cable Car (California at Front Street),The Bachelor
Garry Marshall,Buena Vista Pictures,Garry Marshall,Palace of Fine Arts (3301 Lyon Street),The Other Sister
Peter Bogdanovich & Buck Henry,Warner Bros. Pictures,Peter Bogdanovich,Chinatown,What's Up Doc?
"Sarah Bellwood, Michal Lali Kagan, Michael McGowan Amital Stern, Jose Luis Sampedro",TBD,Oded Binnun/ Michel Brezis,"St Regis Hotel, 125 3rd Street",Etruscan Smile
Thomas Michael Donnelly,Columbia Pictures,Thomas Michael Donnelly,Pacific Stock Exchange,Quicksilver
Melissa Rosenberg,American Broadcasting Company (ABC),Alon Aranya,Geary & 20th Ave,Red Widow
Richard Maibaum,MGM/UA Entertainment Company,John Glen,"Burger Island (901 3rd Street, China Basin)",A View to a Kill
Larry Levin,Twentieth Century Fox Film Corp.,Steve Carr,Hyde Street & Lombard Street,Dr. Dolittle 2
Michael Lannan,Home Box Office (HBO),Andrew Haigh,Muddy Waters Coffee House,Looking
Eric Lodal,Turner Network Television (TNT),Steven Bochcho,Dolores Park,"Murder in the First, Season 1"
"Zal Batmanglij, Brit Marling",Netflix,Zal Batmanglij,Duncan St at Diamond Heights,The OA Part II
Allan Loeb,Warner Bros.,Brad Peyton,Grant between Bush and Market,San Andreas
Stirling Silliphant,Warner Bros. Pictures,James Fargo,23rd & Capp Streets (Mission District),The Enforcer
Steve Cohen,New Line Cinema,Gary Sinyor,Sutter-Stockton Garage (330 Sutter Street at Stockton),The Bachelor
Noah Pritzker,,Noah Pritzker,Clement St. from 5th and 7th Ave.,Quitters
John Brancato,Polygram Filmed Entertainment,David Fincher,Bay Bridge,The Game
Justin Kelly,,Justin Kelly,4100 20th St,I Am Michael
Sarah Thorp,Paramount Pictures,Philip Kaufman,Veterans' War Memorial Building (401 Van Ness Avenue),Twisted
Jacob Kornbluth,,Jacob Kornbluth,20 Hill Street,Love & Taxes
Steve Cohen,New Line Cinema,Gary Sinyor,Merchant Exchange (465 California Street at Leidesdorff),The Bachelor
Scott Alexander,Weinstein Company,Tim Burton,Harry's Bar on Fillmore,Big Eyes
Michael Lannan,HBO,Andrew Haigh,1246 Folsom Street,Looking Season 2 ep 202
Tom Lazarus,Metro-Goldwyn Mayer Distributing,Rupert Wainwright,19th and Kansas St.,Stigmata
,Sony Pictures Classics,Errol Morris,,The Fog of War
Steve Cohen,New Line Cinema,Gary Sinyor,Washington Square Park (North Beach),The Bachelor
Jack Finney,United Artists,Philip Kaufman,"Bimbo's 365 Club (1025 Columbus Avenue, North Beach)",Invasion of the Body Snatchers
Alec Coppel,Paramount Pictures,Alfred Hitchcock,Palace of Fine Arts (3301 Lyon Street),Vertigo
Vera Blasi,Fox Searchlight Pictures,Fina Torres,312 Fillmore Street,Woman on Top
Pamela Falk,Sony Pictures Entertainment,Adam Shankman,"The Music Concourse (Martin Luther King, Jr. Drive, Golden Gate Park)",The Wedding Planner
Keith Samples & Kevin Meyer,Paramount Pictures,Keith Samples,75 California Street,A Smile Like Yours
Woody Allen,Sony Pictures Classics,Woody Allen,1138 Alabama St,Blue Jasmine
Nicholas Kazan,Buena Vista Pictures,Chris Columbus,Golden Gate Bridge,Bicentennial Man
Eric Lodal,Turner Network Television (TNT),Steven Bochcho,50 California Street,"Murder in the First, Season 1"
Chris McKenna,Walt Disney Studios Motion Pictures,Peyton Reed,Saint Louis Alley at Jackson,Ant-Man and the Wasp
"Joe Talbot, Jimmie Fails, Rob Richert",A32,Joe Talbot,"Chateau Tivoli, 1057 Steiner St",The Last Black Man in San Francisco
Alan R. Trustman,Warner Brothers,Peter Yates,John Muir Drive (Lake Merced),Bullitt
Noah Pritzker,,Noah Pritzker,4015 21st St,Quitters
Eric Lodal,Turner Network Television (TNT),Steven Bochcho,2633 Vallejo Street,"Murder in the First, Season 3"
Amy Tan,National Broadcasting Company (NBC),Wayne Wang,610 Rhode Island Street (Potrero Hill),Joy Luck Club
John Milius,Warner Bros. Pictures,Ted Post,18th Street Overpass (Potrero Hill),Magnum Force
Annie Wang,,Annie Wang,100 Alemany Blvd.,Cardinal X
Noah Pritzker,,Noah Pritzker,Geary from 22nd Ave to Arguello,Quitters
William Harrison,MGM Home Entertainment,John McTiernan,,Rollerball
"Sarah Bellwood, Michal Lali Kagan, Michael McGowan Amital Stern, Jose Luis Sampedro",TBD,Oded Binnun/ Michel Brezis,San Francisco Airport,Etruscan Smile
Ann Biderman,Warner Bros. Pictures,Jon Amiel,82 & 67 Rico Way (Marina District),Copycat
Kevin Wade,Universal Pictures,Ivan Reitman,"Fairmont Hotel (950 Mason Street, Nob Hill)",Junior
Alexandra Cunningham and Kem Nunn,HULU,Lenny Abrahamson,1055 Montgomery St.,Chance - Season 1 Pilot
Chris McKenna,Walt Disney Studios Motion Pictures,Peyton Reed,Montgomery btwn Broadway and Pacific,Ant-Man and the Wasp
William Harrison,MGM Home Entertainment,John McTiernan,,Rollerball
Alexandra Cunningham and Kem Nunn,HULU,Lenny Abrahamson,UN Plaza/ Civic Center Bart steps,Chance - Season 1 Pilot
Michael Lannan,Home Box Office (HBO),Andrew Haigh,BART from Civic Center to 24th St.,Looking
Yuri Zeltser,Twentieth Century Fox Corporation,Carl Franklin,391 Pennsylvania Avenue at 19th Street,High Crimes
Eric von Stroheim ,Metro-Goldwyn-Mayer (MGM),Eric von Stroheim ,Bush and Sutter Streets,Greed
Dustin Lance Black,Amercian Broadcasting Company,Gus Van Sant,United Nations Plaza,When We Rise
John Milius,Warner Bros. Pictures,Ted Post,18th Street Overpass (Potrero Hill),Magnum Force
Nicholas Kazan,Buena Vista Pictures,Chris Columbus,Grace Cathedral Episcopal Church (1100 California Street),Bicentennial Man
Eric Lodal,Turner Network Television (TNT),Steven Bochcho,Kearny Street between Broadway and Pacific Avenue,"Murder in the First, Season 1"
The Wachowskis,Netflix,The Wachowskis,Irving St. at 9th Ave.,Sense8
Joseph Loeb III,Warner Bros. Pictures,Hugh Wilson,1627 Haight Street,Burglar
Alexandra Cunningham,Hulu,Rozann Dawson,"Taylor St, north of Jefferson St to end",Chance Season 2
Alexandra Cunningham and Kem Nunn,HULU,Lenny Abrahamson,Ellis and Jones St.,Chance - Season 1 Pilot
Dan Attias,HULU,Sara Gran and Pete Begler,"Cliffhouse, 1090 Point Lobos Ave.",Chance- Season 1 ep109
Michael Lannan,HBO,Andrew Haigh,BART Station @ 16th Street & Mission Streets,Looking Season 2 ep 210
Paul Yurick,Warner Bros. Pictures,Pat O'Connor,Mission Dolores Park (Mission District),Sweet November
Alexandra Cunningham,Hulu,Rozann Dawson,Columbus between Filbert and Lombard St,Chance Season 2
Joe Eszterhas,TriStar Pictures,Paul Verhoeven,Gibb Street (Chinatown),Basic Instinct
Wolfgang Petersen,Metro-Goldwyn-Mayer,Wolfgang Petersen,,Shattered
Chris Columbus,Twentieth Century Fox Film Corp.,Chris Columbus,Pierce Street between Pacific & Green Streets,Nine Months
Ronald Bass,Buena Vista Pictures,Luis Mandoki,Cybelle's Pizza (1000 Bush Street),When a Man Loves a Woman
Stirling Silliphant,Columbia Pictures,Don Siegel,2090 Jackson Street,The Lineup
Michael Lehmann,HULU,Alexandra Cunningham and Kem Nunn,145 Barlett St.,Chance- Season 1 ep107
Harry Julian Fink,Warner Brothers,Don Siegel,"Kezar Stadium, Golden Gate Park",Dirty Harry
Woody Allen,Sony Pictures Classics,Woody Allen,Trolley Car from Market and 11th,Blue Jasmine
Allan Loeb,Warner Bros.,Brad Peyton,Mission between 3rd and 4th St.,San Andreas
"Joe Talbot, Jimmie Fails, Rob Richert",A52,Joe Talbot,Haight and Belvedere,The Last Black Man in San Francisco
Harry Julian Fink,Warner Bros. Pictures,Clint Eastwood,The Embarcadero/Ferry Building,Sudden Impact
James Vanderbilt,Paramount Pictures,David Fincher,SF Chronicle Building (901 Mission St),Zodiac
Scott Alexander,Weinstein Company,Tim Burton,1101 Filbert St.,Big Eyes
George Worthing Yates,Columbia Pictures,Robert Gordon,Hunters Point,It Came From Beneath the Sea
Michael Lannan,HBO,Andrew Haigh,Van Ness and Market Street MUNI exit,"Looking ""Special"""
"J. Michael Straczynski, Wachowiski Siblings",Netflix,Wachowski Siblings,"Marina Morrison Bridal, 30 Maiden Ln.",Sense8 - Season 2
Patricia Resnick,Orion Pictures Corporation,Paul Aaron,Grace Cathedral Episcopal Church (1100 California Street),Maxie
Jon Poznanter,,Jon Poznanter,Sacramento & Washington Streets,God is a Communist?* (show me heart universe)
"Armistead Maupin, Lauren Morelli, Hansol Jung, Marcus Gardley",Netflix,"Alan Poul, Silas Howard, Stacie Passon",Market and Church St,Tales of the City
John Milius,Warner Bros. Pictures,Ted Post,2190 Washington Street (Pacific Heights),Magnum Force
Annie Wang,,Annie Wang,1559 Underwood Avenue between Lane and Keith,Cardinal X
Michael Lannan,HBO,Andrew Haigh,"Mission Rec Center, 2450 Harrison Street",Looking Season 2 ep 210
Michael Lannan,HBO,Andrew Haigh,8 Octavia Street,Looking Season 2 ep 210
Greg Daniels,"NBC Universal Media, LLC",Dean Holland,Filbert from Hyde to Leavenworth,Parks and Recreation
Jameson Brewer,Twentieth Century Fox Film Corporation,Charles Barton,Powell Street,Swingin' Along
"Sarah Bellwood, Michal Lali Kagan, Michael McGowan Amital Stern, Jose Luis Sampedro",TBD,Oded Binnun/ Michel Brezis,Jones @ Broadway,Etruscan Smile
Michael Lannan,HBO,Andrew Haigh,1111 California Street,Looking Season 2 ep 208
Dan Attias,HULU,Sara Gran,Montgomery between Pacific and Broadway,Chance- Season 1 ep106
Steve Cohen,New Line Cinema,Gary Sinyor,"St. Peter & Paul's Church (666 Filbert Street, Washington Square)",The Bachelor
Harry Julian Fink,Warner Bros. Pictures,Buddy Van Horn,22nd Bet. Carolina & Rhode Island Streets (Potrero Hill),The Dead Pool
Michael Lannan,Home Box Office (HBO),Andrew Haigh,Presidio Church at 130 Fisher Loop,Looking
The Wachowskis,Netflix,The Wachowskis,18th Street between Guerrero and Valencia Streets,Sense8
H.P. Mendoza,"ABS-CBN, Gravitas Ventures",H.P. Mendoza,"Pay and Save Grocery, 599 Guerrero St",Bitter Melon
Noah Pritzker,,Noah Pritzker,Yerba Buena Gardens,Quitters
Rick Jaffa,Twentieth Century Fox,Matt Reeves,City Hall,Dawn of the Planet of the Apes
Marielle Heller,Sony Pictures Classics,Marielle Heller,SPECS' Twelve Adler Museum CafÃ©,The Diary of a Teenage Girl
Kurt Wimmer,Warner brothers Pictures,Barry Levinson,S.S. Jeremiah O'Brien,Sphere
Jack Finney,United Artists,Philip Kaufman,City Hall,Invasion of the Body Snatchers
Roxann Dawson,HULU,Victoria Morrow,"State Garage, 818 Leavenworth",Chance - Season 1 ep105
"Michael Golamco, Randall Park, Ali Wong",Netflix,Nahnatchka Khan,Pier 7,Always Be My Maybe
Brian DePalma,Universal Pictures,Brian DePalma,,Raising Cain
"Ling-Hui Chen, Nancy Chen, Chih-Chi Fan, Chia-Hui Lin",Netflix,Tien-Lun Yeh,Dolores Park,A Taiwanese Tale of Two Cities
Jeremy Larner,Warner Bros. Pictures,Michael Ritchie,"Westin St. Francis Hotel (335 Powell Street, Union Square)",The Candidate
Brian Ging,,Brian Ging,,American Yearbook
Michael Lannan,Home Box Office (HBO),Andrew Haigh,Mission Arts Center,Looking
Thomas Balmes,Focus Features,Thomas Balmes,,Babies
Karl Alexander,Columbia Broadcasting System (CBS),Nicholas Meyer,Golden Gate Bridge,Time After Time
Eric von Stroheim ,Metro-Goldwyn-Mayer (MGM),Eric von Stroheim ,Cliff House (1090 Point Lobos Avenue),Greed
"Zal Batmanglij, Brit Marling",Netflix,Zal Batmanglij,SFPD Headquarters - 3rd St,The OA Part II
Paul Yurick,Warner Bros. Pictures,Pat O'Connor,Blooms Saloon (18th Street between Missouri and Texas Streets),Sweet November
Harold Ramis,Twentieth Century Fox Film Corp.,Harold Ramis,"Washington Square Park (Filbert, between Stockton and Powell)",Bedazzled
John Milius,Warner Bros. Pictures,Ted Post,Golden Gate Bridge,Magnum Force
Wayne Wang,New Yorker Films,Wayne Wang,"Li Po (916 Grant Avenue at Washington, Chinatown)",Chan is Missing
Dan Attias,HULU,Sara Gran and Pete Begler,Terry A. Francois Blvd.,Chance- Season 1 ep109
Chris Columbus,Twentieth Century Fox Film Corp.,Chris Columbus,Jack Kerouac Alley between Columbus & Grant Streets,Nine Months
"Sarah Bellwood, Michal Lali Kagan, Michael McGowan Amital Stern, Jose Luis Sampedro",TBD,Oded Binnun/ Michel Brezis,"Mudpie, 2185 Fillmore Street",Etruscan Smile
"Sarah Bellwood, Michal Lali Kagan, Michael McGowan Amital Stern, Jose Luis Sampedro",TBD,Oded Binnun/ Michel Brezis,Chaya / Perry's 132 Embarcadero,Etruscan Smile
Jason Katims,National Broadcasting Company,Mark J. Kunerth,Broderick from Fulton to McAlister,About a Boy
Stephen Levinson,HBO,Julian Farino,"Fairmont Hotel (950 Mason Street, Nob Hill)",Ballers Season 3
Woody Allen,Sony Pictures Classics,Woody Allen,South Park,Blue Jasmine
Stirling Silliphant,Warner Bros. Pictures,James Fargo,Balmy Street (Mission District),The Enforcer
Kay Cannon,Netflix,"Jamie Babbit, Amanda Brotchie, Steven K. Tsuchida, Christian Ditter, John Riggi",Various Haight St. Vintage Shops,GirlBoss
Jean Loup Dabadie & Yves Robert,MGM Home Entertainment,Gene Wilder,"Postcard Row (Alamo Square, Hayes Valley)",The Woman In Red
Michael Lannan,HBO,Andrew Haigh,10th Street between Market & Mission ,"Looking ""Special"""
"Melissa Axelrod, T. C. Boyle (based on the book by)",Amazon,Terry Zwigoff,40 Prentiss Street,"Budding Prospects, Pilot"
"Sarah Bellwood, Michal Lali Kagan, Michael McGowan Amital Stern, Jose Luis Sampedro",TBD,Oded Binnun/ Michel Brezis,3rd Street between Market & Harrison,Etruscan Smile
Jason Katims,National Broadcasting Company,Mark J. Kunerth,Powell from Bush and Sutter,About a Boy
Nicholas Tucker & Mark Hefti,Cinequest Distribution,Nicholas Tucker,,Fandom
Harry Julian Fink,Warner Brothers,Don Siegel,"Washington Square, North Beach",Dirty Harry
Frances Goodrich,Metro-Goldwyn Mayer,W.S. Van Dyke,Coit Tower,After the Thin Man
Mel Brooks,Twentieth Century Fox Film Corporation,Mel Brooks,Vesuvio CafÃ© (255 Columbus Avenue),High Crimes
Steve Meerson,Paramount Pictures,Leonard Nimoy,500 Block of Pacific Avenue (Chinatown),Star Trek IV: The Voyage Home
"Armistead Maupin, Lauren Morelli, Hansol Jung, Marcus Gardley",Netflix,"Alan Poul, Silas Howard, Stacie Passon",Mission District,Tales of the City
David Weisberg,Buena Vista Pictures,Michael Bay,City Hall,The Rock
James Cameron,Paramount Pictures,Alan Taylor,Union Square,Terminator - Genisys
Chip Proser,Warner Bros. Pictures,Joe Dante,Golden Gate Bridge,Innerspace
Colin Higgins,Paramount Pictures,Colin Higgins,Montgomery & Pine Streets (Financial District),Foul Play
"Ling-Hui Chen, Nancy Chen, Chih-Chi Fan, Chia-Hui Lin",Netflix,Tien-Lun Yeh,1653 Haight and 1400-1500 blocks of Haight St,A Taiwanese Tale of Two Cities
Alexandra Cunningham and Kem Nunn,HULU,Lenny Abrahamson,Jefferson Square Park,Chance - Season 1 Pilot
Jack Finney,United Artists,Philip Kaufman,San Francisco Drydock (20th and Illinois Streets),Invasion of the Body Snatchers
Jon Poznanter,,Jon Poznanter,Sacramento & Washington Streets,God is a Communist?* (show me heart universe)
Melissa Rosenberg,American Broadcasting Company (ABC),Alon Aranya,Vallejo Street Garage,Red Widow
Garry Marshall,Buena Vista Pictures,Garry Marshall,Transbay Terminal (Mission Street at 1st Street),The Other Sister
"Ling-Hui Chen, Nancy Chen, Chih-Chi Fan, Chia-Hui Lin",Netflix,Tien-Lun Yeh,Bernal Heights Park,A Taiwanese Tale of Two Cities
James Vanderbilt,Paramount Pictures,David Fincher,SF Chronicle Building (901 Mission St),Zodiac
Zachary Shedd,,Zachary Shedd,679 Madrid St,Americana
Stan Lee,Universal Pictures,Ang Lee,Telegraph Hill,Hulk
Alec Coppel,Paramount Pictures,Alfred Hitchcock,"Fort Point (Presidio, Golden Gate National Recreation Area)",Vertigo
Eric Lodal,Turner Network Television (TNT),Steven Bochcho,500 Grove Street,"Murder in the First, Season 3"
James Cameron,Paramount Pictures,Alan Taylor,Pine and Leavenworth,Terminator - Genisys
John Brancato,Polygram Filmed Entertainment,David Fincher,City Club (155 Sansome Street),The Game
Chris Columbus,Twentieth Century Fox Film Corp.,Chris Columbus,"101 Henry Adams Place, 4th Floor",Nine Months
Alexandra Cunningham,HULU,Lenny Abrahamson,Westin St. Francis,Chance- Season 1 ep102
Alec Coppel,Paramount Pictures,Alfred Hitchcock,Claude Lane at Bush Street,Vertigo
"Joe Talbot, Jimmie Fails, Rob Richert",A50,Joe Talbot,California St and Gough btwn Geary and Jones,The Last Black Man in San Francisco
"Sarah Bellwood, Michal Lali Kagan, Michael McGowan Amital Stern, Jose Luis Sampedro",TBD,Oded Binnun/ Michel Brezis,Mason Street @ Vallejo ,Etruscan Smile
Gabriel Ferrari,Walt Disney Studios Motion Pictures,Peyton Reed,Intersection of California at Polk,Ant-Man
Lowell Ganz,MCA / Universal Pictures,Ron Howard,20th & Connecticut Streets (Potrero Hill),Edtv
Eric Lodal,Turner Network Television (TNT),Steven Bochcho,1059 Texas Street,"Murder in the First, Season 2"
Vince Vaughn,Twentieth Century Fox Film Corporation,Shawn Levy,Montgomery and Union St.,The Internship
Steve Oedekerk,Universal Pictures,Tom Shadyac,Sheraton Palace Hotel (639 Market Street),Patch Adams
H.P. Mendoza,"ABS-CBN, Gravitas Ventures",H.P. Mendoza,386 4th Ave,Bitter Melon
Kay Cannon,Netflix,"Jamie Babbit, Amanda Brotchie, Steven K. Tsuchida, Christian Ditter, John Riggi",Grant between California and Washington,GirlBoss
Kay Cannon,Netflix,"Jamie Babbit, Amanda Brotchie, Steven K. Tsuchida, Christian Ditter, John Riggi",Filbert between Leavenworth and Hyde,GirlBoss
Marielle Heller,Sony Pictures Classics,Marielle Heller,Yerba Buena Island,The Diary of a Teenage Girl
Walter Parkes,Universal Pictures,Phil Alden Robinson,The Embarcadero,Sneakers
Sarah Thorp,Paramount Pictures,Philip Kaufman,,Twisted
Nat Mauldin,Twentieth Century Fox Film Cooperation,Betty Thomas,2100 Green Street,Doctor Dolittle
J. Mills Goodloe,,Lee Toland Krieger,Plate Shots SF streets various,Age of Adaline
Stirling Silliphant,Twentieth Century - Fox,John Guillermin,Grace Cathedral Episcopal Church (1100 California Street),The Towering Inferno
Joseph Loeb III,Warner Bros. Pictures,Hugh Wilson,California Academy of Sciences (Golden Gate Park),Burglar
James Cameron,Paramount Pictures,Alan Taylor,Powell St at Geary St,Terminator - Genisys
Stirling Silliphant,Columbia Pictures,Don Siegel,Pier 41,The Lineup
Dustin Lance Black,Amercian Broadcasting Company,Gus Van Sant,"Women's Building, 3543 18th St.",When We Rise
Annie Wang,,Annie Wang,100 Alemany Blvd.,Cardinal X
"Zal Batmanglij, Brit Marling",Netflix,Zal Batmanglij,Mission Rock at 3rd St,The OA Part II
Anne Rice,Geffen Pictures,Neil Jordan,Golden Gate Bridge,Interview With The Vampire
Michael Lannan,Home Box Office (HBO),Andrew Haigh,The Fairmont,Looking
Orson Welles,Columbia Pictures,Orson Welles,Mandarin Theatre (1021 Grant Avenue),The Lady from Shanghai
"Joe Talbot, Jimmie Fails, Rob Richert",A28,Joe Talbot,911 Innes Ave,The Last Black Man in San Francisco
Scott Alexander,Weinstein Company,Tim Burton,Nobles Alley,Big Eyes
Justin Kelly,,Justin Kelly,F Train,I Am Michael
John Norville,Warner Bros. Pictures,Ron Shelton,,Tin Cup
"J. Michael Straczynski, Wachowiski Siblings",Netflix,Wachowski Siblings,Filbert between Hyde and Jones,Sense8 - Season 2
Allan Loeb ,Warner Bros.,Brad Peyton,Pier 43,San Andreas
Linda Demetrick,,Carlo Caldana,New Taraval CafÃ© (1054 Taraval St.),"Smile Again, Jenny Lee"
Doris Fish,MCA/Universal Home Video,Phillip R. Ford,Under Highway 101 (near Potrero and Cesar Chavez Streets),Vegas in Space
George Gatins,Walt Disney Studios Motion Pictures,Scott Waugh,Mason St from Pine to Sacramento,Need For Speed
Michael Lehmann,HULU,Alexandra Cunningham and Kem Nunn,"Punjab CafÃ©, 838 24th St.",Chance- Season 1 ep107
Larry Ferguson,Paramount Pictures,Peter Hyams,Washington Street & Waverly Place (Chinatown),The Presidio
Dustin Lance Black,Amercian Broadcasting Company,Gus Van Sant,"Twin Peaks Bar, 401 Castro",When We Rise
Michael Lehmann,HULU,Alexandra Cunningham and Kem Nunn,1461 Page St.,Chance- Season 1 ep107
Robbie Fox,TriStar Pictures,Thomas Schlamme,Edinburgh Castle (950 Geary Street),So I Married an Axe Murderer
Joe Eszterhas,TriStar Pictures,Paul Verhoeven,Yerba Buena Center for the Arts,Basic Instinct
Peter Elkoff,HULU,Carl Franklin,901/909Tennessee St.,Chance- Season 1 ep104
Dorothy Kingsley,Columbia Pictures,George Sidney,Coit Tower,Pal Joey
Roxann Dawson,HULU,Victoria Morrow,60 Leavenworth St.,Chance - Season 1 ep105
The Wachowskis,Netflix,The Wachowskis,Market St. overpass,Sense8
Tom Brown,TBD,Tom Brown,Hayes Street between Ashbury and Shrader,Pushing Dead
"Zal Batmanglij, Brit Marling",Netflix,Zal Batmanglij,Pier 43,The OA Part II
Allan Loeb,Warner Bros.,Brad Peyton,Vallejo Garage Roof (Vallejo at Powell),San Andreas
Colin Higgins,Paramount Pictures,Colin Higgins,"Fiesta Laundromat (898 S. Van Ness Ave., Mission)",Foul Play
Eric Lodal,Turner Network Television (TNT),Steven Bochcho,Ida B. Wells High School (1099 Hayes Street),"Murder in the First, Season 1"
Eric Lodal,Turner Network Television (TNT),Steven Bochcho,Hall of Justice (850 Bryant Street),"Murder in the First, Season 1"
"Umarji Anuradha, Jayendra, Aarthi Sriram, & Suba",,Jayendra,City Hall,180
Dustin Lance Black,Amercian Broadcasting Company,Gus Van Sant,Haight St. at Central,When We Rise
Karl Alexander,Columbia Broadcasting System (CBS),Nicholas Meyer,One Embarcadero Center (Financial District),Time After Time
Rafael Yglesias,Warner Bros. Pictures,Peter Weir,5th and Beale Streets,Fearless
John Milius,Warner Bros. Pictures,Ted Post,"Lefty O' Doul Drawbridge/ 3rd Street Bridge (3rd Street, China Basin)",Magnum Force
Philip Kaufman,The Ladd Company,Philip Kaufman,City Hall,The Right Stuff
Tiffanie DeBartolo,Columbia TriStar Home Video,Tiffanie DeBartolo,Baker Beach,Dream for an Insomniac
Linda Demetrick,,Carlo Caldana,Ocean Beach Motel (2690 46th Ave.),"Smile Again, Jenny Lee"
Rafael Yglesias,Warner Bros. Pictures,Peter Weir,5th and Beale Streets,Fearless
Vincent Lawrence,Warner Bros. Pictures,Raoul Walsh,The Barbary Coast,Gentleman Jim
Michael Lannan,HBO,Andrew Haigh,770 Haight Street,Looking Season 2 ep 202
Lenore J. Coffee,RKO Pictures,David Miller,The Tamalpais Building (1201 Greenwich Street at Hyde),Sudden Fear
Brian Ging,,Brian Ging,,American Yearbook
Robbie Fox,TriStar Pictures,Thomas Schlamme,St. John's Presbyterian Church (25 Lake Street),So I Married an Axe Murderer
Michael Lannan,Home Box Office (HBO),Andrew Haigh,Punjab,Looking
Alexander Jacobs,Metro-Goldwyn Mayer,John Boorman,"Fort Point (Presidio, Golden Gate National Recreation Area)",Point Blank
Luke Davies,Amazon Studios,Felix van Groeningen,Wisconsin between 19th and 20th St,Beautiful Boy
Betty Tusher,American International Pictures (AIP),Richard Rush,,Psych-Out
Eric Lodal,Turner Network Television (TNT),Steven Bochcho,369 Embarcadero,"Murder in the First, Season 1"
Ronald Bass,Buena Vista Pictures,Luis Mandoki,Spring Valley School (1451 Jackson Street),When a Man Loves a Woman
John Brancato,Columbia Pictures,Irwin Winkler,Montgomery & Market Streets,The Net
Loren Marsh,,Loren Marsh,Mission Dolores Park (Mission District),Mission (aka City of Bars)
J. Mills Goodloe,,Lee Toland Krieger,Pier 50- end of the pier,Age of Adaline
Russell Rouse,United Artists,Rudolph Mate,Westin St. Francis Hotel (335 Powell Street),D.O.A
Alan R. Trustman,Warner Brothers,Peter Yates,Taylor & Vallejo Streets (Russian Hill),Bullitt
David Weisberg,Buena Vista Pictures,Michael Bay,Coit Tower,The Rock
Noah Pritzker,,Noah Pritzker,Clement St. from 6th to 7th Ave.,Quitters
Kay Cannon,Netflix,"Jamie Babbit, Amanda Brotchie, Steven K. Tsuchida, Christian Ditter, John Riggi",Taylor and Union,GirlBoss
Eric Lodal,Turner Network Television (TNT),Steven Bochcho,535 Octavia Street,"Murder in the First, Season 3"
Michael Lannan,HBO,Andrew Haigh,534 Hyde Street,Looking Season 2 ep 205
John Milius,Warner Bros. Pictures,Ted Post,"Pacific Heights Towers (2200 Sacramento Street, Pacific Heights)",Magnum Force
Melissa Rosenberg,American Broadcasting Company (ABC),Alon Aranya,California & Davis St,Red Widow
Anne Rice,Geffen Pictures,Neil Jordan,100 Market Street at 6th Street,Interview With The Vampire
Stirling Silliphant,Twentieth Century - Fox,John Guillermin,Grace Cathedral Episcopal Church (1100 California Street),The Towering Inferno
Joe Eszterhas,TriStar Pictures,Paul Verhoeven,Hall of Justice (850 Bryant Street),Basic Instinct
The Wachowskis,Netflix,The Wachowskis,Grand View Ave.,Sense8
Richard Tuggle,Paramount Pictures,Donald Siegel,Alcatraz Island,Escape From Alcatraz
John Brancato,Polygram Filmed Entertainment,David Fincher,Merchant Exchange Building (465 California Street),The Game
Alexandra Cunningham ,HULU,Lenny Abrahamson,"State Garage, 818 Leavenworth",Chance- Season 1 ep102
Dustin Lance Black,Focus Features,Gus Van Sant,Marine Fireman's Union Headquarters,Milk
James R. Webb,United Artists,Don Medford,,The Organization
Noah Pritzker,,Noah Pritzker,923 Vermont St.,Quitters
Peter Elkoff,HULU,Carl Franklin,"Agua Vista Park at Mission Rock, 817 Terry A Francois Blvd.",Chance- Season 1 ep104
Eric Lodal,Turner Network Television (TNT),Steven Bochcho,Pier 45,"Murder in the First, Season 1"
Peter Elkoff,HULU,Carl Franklin,Palace of Fine Arts,Chance- Season 1 ep104
Alan R. Trustman,Warner Brothers,Peter Yates,Filbert & Taylor Streets (Russian Hill),Bullitt
George Wing,Columbia Pictures,Peter Segal,Rainforest CafÃ© (145 Jefferson Street),50 First Dates
Michael Lannan,HBO,Andrew Haigh,"The End Up, 401 6th Streeet","Looking ""Special"""
"Jeff Pinkner, Scott Rosenberg","Columbia Pictures, Sony Pictures Releasing",Ruben Fleischer,Grant Ave btwn California and Clay,Venom
Alexandra Cunningham and Kem Nunn,HULU,Lenny Abrahamson,"Warren's Antiques, 375 9th St.",Chance - Season 1 Pilot
Richard Tuggle,Paramount Pictures,Donald Siegel,Alcatraz Island,Escape From Alcatraz
"Joe Talbot, Jimmie Fails, Rob Richert",A25,Joe Talbot,Nevada St btwn Cortland and Jarboe Ave,The Last Black Man in San Francisco
Albert Brooks,Paramount Pictures,Albert Brooks,Golden Gate Bridge,Mother
Larry Ferguson,Paramount Pictures,Peter Hyams,Battery Street (The Embarcadero),The Presidio
Richard Maibaum,MGM/UA Entertainment Company,John Glen,Port of San Francisco,A View to a Kill
Eric Lodal,Turner Network Television (TNT),Steven Bochcho,Potrero Hill Recreation Center (801 Arkansas Street),"Murder in the First, Season 2"
Alexandra Cunningham and Kem Nunn,HULU,Lenny Abrahamson,66 Potomac,Chance - Season 1 Pilot
Lina Wertmuller,Warner Bros. Pictures,Lina Wertmuller,Embarcadero Freeway,A Night Full of Rain
Alec Coppel,Paramount Pictures,Alfred Hitchcock,Brocklebank Apartments (1000 Mason Street),Vertigo
Alexandra Cunningham,Hulu,Rozann Dawson,Marina Blvd between Baker and Fillmore St,Chance Season 2
Peter Bogdanovich & Buck Henry,Warner Bros. Pictures,Peter Bogdanovich,San Francisco Hilton (333 O'Farrell Street),What's Up Doc?
Rick Jaffa,Twentieth Century Fox,Matt Reeves,Columbus & Pacific Ave,Dawn of the Planet of the Apes
Dustin Lance Black,Amercian Broadcasting Company,Gus Van Sant,Castro St. between 17th and 18th St.,When We Rise
Colin Higgins,Twentieth Century Fox Film Corporation,Colin Higgins,Albert S. Samuels Clock (856 Market Street between Powell and Stockton),Nine to Five
Joe Eszterhas,Paramount Pictures,William Friedkin,"Japanese Tea Garden (Hagiwara Tea Garden Drive, Golden Gate Park)",Jade
Woody Allen,Sony Pictures Classics,Woody Allen,2915 16th St.,Blue Jasmine
Allan Loeb ,Warner Bros.,Brad Peyton,Grant St. at Bush St.,San Andreas
Chris McKenna,Walt Disney Studios Motion Pictures,Peyton Reed,Jefferson St at Taylor St,Ant-Man and the Wasp
The Wachowskis,Netflix,The Wachowskis,Romain St.,Sense8
Michael Lannan,HBO,Andrew Haigh,Twin Peaks Park,Looking Season 2 ep 210
Max Borenstein,Warner Bros. Pictures,Gareth Edwards,Pine St. & Davis St,Godzilla
Kevin Wade,Universal Pictures,Ivan Reitman,722 Steiner Street,Junior
Michael Lannan,HBO,Andrew Haigh,"Citizens Band, 1198 Folsom Street",Looking Season 2 ep 208
Karl Alexander,Columbia Broadcasting System (CBS),Nicholas Meyer,Lombard & Laguna Streets (Marina District),Time After Time
Nicholas Kazan,Atlantic Releasing Corporation,Paul Schrader,Bank of America (38th Street at Balboa Street),Patty Hearst
Eric Lodal,Turner Network Television (TNT),Steven Bochcho,731 Grant Avenue,"Murder in the First, Season 1"
Russell Rouse,United Artists,Rudolph Mate,Chambord Apartments (1298 Sacramento Street at Jones),D.O.A
John Brancato,Polygram Filmed Entertainment,David Fincher,Sheraton Palace Hotel (639 Market Street),The Game
Bill Walsh,Buena Vista Distribution,Robert Stevenson,Sheraton Palace Hotel (639 Market Street),Herbie Rides Again
Nat Mauldin,Twentieth Century Fox Film Cooperation,Betty Thomas,Gabbiano's Restaurant (Ferry Building),Doctor Dolittle
Kathryn Scola,Twentieth Century Fox Film Corporation,Henry King,San Francisco Bay,Alexander's Ragtime Band
Karl Alexander,Columbia Broadcasting System (CBS),Nicholas Meyer,Marina Green (Marina District),Time After Time
Linda Demetrick,,Carlo Caldana,E Tutto Qua Restaurant (270 Columbus St.),"Smile Again, Jenny Lee"
Sarah Thorp,Paramount Pictures,Philip Kaufman,Vesuvio CafÃ© (255 Columbus Avenue),Twisted
Linda Demetrick,,Carlo Caldana,Greenwich St at Battery St,"Smile Again, Jenny Lee"
Larry Levin,Twentieth Century Fox Film Corp.,Steve Carr,"Sacramento St., Between Pierce & Broderick Streets",Dr. Dolittle 2
Michael Lannan,Home Box Office (HBO),Andrew Haigh,Punjab,Looking
Zachary Shedd,,Zachary Shedd,Palace of Fine Arts,Americana
Gina Wendkos,Buena Vista Pictures,Garry Marshall,2601 Lyon Street,The Princess Diaries
Eric Lodal,Turner Network Television (TNT),Steven Bochcho,Civic Center Plaza,"Murder in the First, Season 3"
Dorothy Kingsley,Columbia Pictures,George Sidney,Coit Tower,Pal Joey
The Wachowski Brothers,Warner Bros. Pictures,The Wachowski Brothers,skyline/ exterior scenes,The Matrix
Stirling Silliphant,Columbia Pictures,Don Siegel,"Mark Hopkins Intercontinental Hotel (1 Nob Hill Circle, Nob Hill)",The Lineup
Alexander Bulkley & Kelley Bulkeley,THINKFilm,Alexander Bulkley,,The Zodiac
Michael Lannan,Home Box Office (HBO),Andrew Haigh,Dolores Park,Looking
"Sarah Bellwood, Michal Lali Kagan, Michael McGowan Amital Stern, Jose Luis Sampedro",TBD,Oded Binnun/ Michel Brezis,Mason Street @ Vallejo,Etruscan Smile
David Henry Hwang,The Samuel Goldwyn Company,John Madden,Golden Gate Bridge,Golden Gate
Alec Coppel,Paramount Pictures,Alfred Hitchcock,Park Hill Sanatorium (351 Buena Vista Avenue East),Vertigo
Peter Elkoff,HULU,Carl Franklin,Miraloma Mall at Portola Frontage Road,Chance- Season 1 ep104
Michael Lannan,HBO,Andrew Haigh,"Boxer Stadium, 166 Havelock Street",Looking Season 2 ep 203
Rick Jaffa,Twentieth Century Fox,Matt Reeves,University Club,Dawn of the Planet of the Apes
Francis Ford Coppola,Paramount Pictures,Francis Ford Coppola,One Embarcadero Center (Financial District),The Conversation
Eric von Stroheim ,Metro-Goldwyn-Mayer (MGM),Eric von Stroheim ,Hayes Street at Laguna,Greed
Karl Alexander,Columbia Broadcasting System (CBS),Nicholas Meyer,Golden Gate Bridge,Time After Time
Colin Higgins,Paramount Pictures,Colin Higgins,430 Vallejo Street (Telegraph Hill),Foul Play
Robbie Fox,TriStar Pictures,Thomas Schlamme,"1462 Grant Avenue, at Union Street",So I Married an Axe Murderer
The Gordons,Columbia Pictures,Blake Edwards,George Washington High School (600 32nd Avenue ),Experiment in Terror
Dustin Lance Black,Focus Features,Gus Van Sant,424 Sansome Street,Milk
"Sarah Bellwood, Michal Lali Kagan, Michael McGowan Amital Stern, Jose Luis Sampedro",TBD,Oded Binnun/ Michel Brezis,"Outpost Studios, 69 Green Street",Etruscan Smile
"J. Michael Straczynski, Wachowiski Siblings",Netflix,Wachowski Siblings,Castle between Union and Green,Sense8 - Season 2
Stephen Levinson,HBO,Julian Farino,Embarcadero around Rincon Park,Ballers Season 3
Vadim Perelman,DreamWorks Distribution,Vadim Perelman,,House of Sand and Fog
Francis Ford Coppola,Paramount Pictures,Francis Ford Coppola,Alta Plaza Park (Steiner Street),The Conversation
Elick Moll,Twentieth Century Fox Film Corp.,Robert Wise,Coit Tower,The House on Telegraph Hill
Gerald Dipego,Buena Vista Pictures,Jon Turteltaub,Treasure Island,Phenomenon
John Comerford,Ardustry Home Entertainment,John Jacobsen,Ocean Beach,Around the Fire
Ernest Lehman,Universal Pictures,Alfred Hitchcock,Grace Cathedral Episcopal Church (1100 California Street),Family Plot
David Henry Hwang,The Samuel Goldwyn Company,John Madden,Ross Alley (Chinatown),Golden Gate
Larry Ferguson,Paramount Pictures,Peter Hyams,Sansome Street (The Embarcadero),The Presidio
Dan Attias,HULU,Sara Gran,Washington Square Park,Chance- Season 1 ep106
DeWitt Bodeen,RKO Radio Pictures,George Stevens,"Fairmont Hotel (950 Mason Street, Nob Hill)",I Remember Mama
Francis Ford Coppola,Paramount Pictures,Francis Ford Coppola,"Neiman Marcus (150 Stockton Street, Union Square)",The Conversation
Kay Cannon,Netflix,"Jamie Babbit, Amanda Brotchie, Steven K. Tsuchida, Christian Ditter, John Riggi",Various Haight St. Vintage Shops,GirlBoss
Rafael Yglesias,Warner Bros. Pictures,Peter Weir,Varennes Alley between Filbert and Union,Fearless
Harry Julian Fink,Warner Brothers,Don Siegel,"California Hall (625 Polk Street, Van Ness/Civic Center)",Dirty Harry
Max Borenstein,Warner Bros. Pictures,Gareth Edwards,Embarcadero & Washington,Godzilla
Gabriel Ferrari,Walt Disney Studios Motion Pictures,Peyton Reed,Intersection of Broadway at Kearney,Ant-Man
Martin Jay Sadoff,Evel Videos,Martin Jay Sadoff,,The Last of the Gladiators
Chris Columbus,Twentieth Century Fox Film Corp.,Chris Columbus,Montgomery & Vallejo Streets,Nine Months
Dustin Lance Black,Focus Features,Gus Van Sant,Grace Cathedral Episcopal Church (1100 California Street),Milk
Dustin Lance Black,Amercian Broadcasting Company,Gus Van Sant,24th St. between Florida and Alabama,When We Rise
Nancy M. Pimental,Columbia Pictures,Roger Kumble,Golden Gate National Recreation Area,The Sweetest Thing
Alexandra Cunningham,HULU,Lenny Abrahamson,"Duboce St., Duboce CafÃ©",Chance- Season 1 ep102
Marielle Heller,Sony Pictures Classics,Marielle Heller,The Royal Oak,The Diary of a Teenage Girl
Rafael Yglesias,Warner Bros. Pictures,Peter Weir,Folsom Street & Embarcadero,Fearless
"Joe Talbot, Jimmie Fails, Rob Richert",A47,Joe Talbot,Castro and Market,The Last Black Man in San Francisco
Alexandra Cunningham,Hulu,Rozann Dawson,Market St at Embarcadero,Chance Season 2
Marielle Heller,Sony Pictures Classics,Marielle Heller,Tank Hill Park,The Diary of a Teenage Girl
Gina Wendkos,Buena Vista Pictures,Garry Marshall,Firestation #3 (Brazil Avenue and Athens Street),The Princess Diaries
"Joe Talbot, Jimmie Fails, Rob Richert",A39,Joe Talbot,Oakdale btwn 3rd and Bayshore,The Last Black Man in San Francisco
Robert Ellis,Twentieth Century Fox Film Corporation,Bruce Humberstone,,"Hello Frisco, Hello"
Harry Julian Fink,Warner Brothers,Don Siegel,"Marina Green, Marina District",Dirty Harry
Michael Lehmann,HULU,Alexandra Cunningham and Kem Nunn,Buena Vista betweeen Upper Terrace and Java St.,Chance- Season 1 ep107
John Brancato,Polygram Filmed Entertainment,David Fincher,Bank of America Building (555 California Street),The Game
Karl Alexander,Columbia Broadcasting System (CBS),Nicholas Meyer,Merchant Exchange (465 California Street at Leidesdorff),Time After Time
James DeMonaco,Buena Vista Pictures,Francis Ford Coppola,,Jack
Alan R. Trustman,Warner Brothers,Peter Yates,Brocklebank Apartments (1000 Mason Street),Bullitt
Max Borenstein,Warner Bros. Pictures,Gareth Edwards,Bush & Kearny,Godzilla
Lawrence B. Marcus,Warner Brothers / Seven Arts,Richard Lester,"Fairmont Hotel (950 Mason Street, Nob Hill)",Petulia
Alec Coppel,Paramount Pictures,Alfred Hitchcock,Ernie's Restaurant (847 Montgomery Street),Vertigo
Anita Loos,Metro-Goldwyn Mayer,W.S. Van Dyke,City Hall,San Francisco
Amy Tan,National Broadcasting Company (NBC),Wayne Wang,Horace Mann School (3351 23rd Street),Joy Luck Club
Luke Davies,Amazon Studios,Felix van Groeningen,Divisadero between Broadway and Greenwich,Beautiful Boy
Alexandra Cunningham and Kem Nunn,HULU,Lenny Abrahamson,"Jonell's Bar, 401 Ellis",Chance - Season 1 Pilot
Karl Alexander,Columbia Broadcasting System (CBS),Nicholas Meyer,Broadway at Osgood Street (North Beach),Time After Time
"Umarji Anuradha, Jayendra, Aarthi Sriram, & Suba ",,Jayendra,Polk & Larkin Streets,180
Karl Alexander,Columbia Broadcasting System (CBS),Nicholas Meyer,Justin Herman Plaza,Time After Time
"Sarah Bellwood, Michal Lali Kagan, Michael McGowan Amital Stern, Jose Luis Sampedro",TBD,Oded Binnun/ Michel Brezis,"Marriott Marquis, 780 Mission Street",Etruscan Smile
Robert Kaufman,American Broadcasting Company (ABC),Richard Rush,Folsom Street (SOMA),Freebie and the Bean
Eric Lodal,Turner Network Television (TNT),Steven Bochcho,Patricia's Green,"Murder in the First, Season 3"
Robbie Fox,TriStar Pictures,Thomas Schlamme,Vesuvio CafÃ© (255 Columbus Avenue),So I Married an Axe Murderer
Patricia Resnick,Orion Pictures Corporation,Paul Aaron,"Asian Art Museum (200 Larkin Street, Civic Center)",Maxie
Allan Loeb,Warner Bros.,Brad Peyton,AT&T Stadium,San Andreas
Robert Berger,Warner Bros. Pictures,Phil Joanou,Bix Restaurant (56 Gold Street),Final Analysis
Annie Wang,,Annie Wang,Lyon at Chestnut St.,Cardinal X
Francis Ford Coppola,Paramount Pictures,Francis Ford Coppola,"Saks Fifth Avenue (384 Post Street, Union Square)",The Conversation
Justin Kelly,,Justin Kelly,"Grove & Polk, thru Fulton & 6th, Masonic, 28th & 47th",I Am Michael
Mario Van Peebles,PolyGram Video,Mario Van Peebles,,Panther
"Umarji Anuradha, Jayendra, Aarthi Sriram, & Suba",,Jayendra,Polk & Larkin Streets,180
James Cameron,Paramount Pictures,Alan Taylor,Front St. between Market and Clay,Terminator - Genisys
"Jeff Pinkner, Scott Rosenberg","Columbia Pictures, Sony Pictures Releasing",Ruben Fleischer,Potrero Hill: Rhode Island btwn 15th and 16th,Venom
Steve Oedekerk,Universal Pictures,Tom Shadyac,Treasure Island,Patch Adams
Harry Julian Fink,Warner Bros. Pictures,Clint Eastwood,Civic Center Plaza,Sudden Impact
Harry Julian Fink,Warner Brothers,Don Siegel,The Embarcadero,Dirty Harry
Colin Higgins,Paramount Pictures,Colin Higgins,War Memorial Opera House (401 Van Ness Avenue),Foul Play
"Christopher Wilkinson, Stephen J. Rivele",Kylin Pictures,George Nolfi ,California at Mason,Birth of the Dragon
Woody Allen,Sony Pictures Classics,Woody Allen,Pacific & Divisadero,Blue Jasmine
James Nguyen & Joe Bright,Echelon Entertainment,James Nguyen,,Julie and Jack
James Cameron,Paramount Pictures,Alan Taylor,Union Square,Terminator - Genisys
Dustin Lance Black,Amercian Broadcasting Company,Gus Van Sant,440 Castro St.,When We Rise
Dan Attias,HULU,Sara Gran,60 Leavenworth St.,Chance- Season 1 ep106
Peter Bogdanovich & Buck Henry,Warner Bros. Pictures,Peter Bogdanovich,Lombard Street between Hyde and Leavenworth,What's Up Doc?
Karl Alexander,Columbia Broadcasting System (CBS),Nicholas Meyer,Lombard & Fillmore Streets (Marina District),Time After Time
Luke Davies,Amazon Studios,Felix van Groeningen,Haight at Masonic,Beautiful Boy
Michael Lehmann,HULU,Alexandra Cunningham and Kem Nunn,1 Urbano,Chance- Season 1 ep110
John Brancato,Polygram Filmed Entertainment,David Fincher,Ritz-Carlton Hotel (600 Stockton Street),The Game
"Jeff Pinkner, Scott Rosenberg","Columbia Pictures, Sony Pictures Releasing",Ruben Fleischer,Washington Square Park - Filbert St at Stockton St,Venom
Harry Julian Fink,Warner Bros. Pictures,Buddy Van Horn,710 Steiner Street (Hayes Valley),The Dead Pool
"Armistead Maupin, Lauren Morelli, Hansol Jung, Marcus Gardley",Netflix,"Alan Poul, Silas Howard, Stacie Passon",Clarion Alley,Tales of the City
Alec Coppel,Paramount Pictures,Alfred Hitchcock,York Hotel (940 Sutter Street),Vertigo
Robert Caswell,Buena Vista Pictures,Randa Haines,,The Doctor
Annie Wang,,Annie Wang,1458 33rd Ave.,Cardinal X
Vincent Lawrence,Warner Bros. Pictures,Raoul Walsh,The Barbary Coast,Gentleman Jim
George Wing,Columbia Pictures,Peter Segal,Rainforest CafÃ© (145 Jefferson Street),50 First Dates
Justin Kelly,,Justin Kelly,Ocean Beach @ Balboa,I Am Michael
Tom Brown,TBD,Tom Brown,Turk Street between Steiner and Scott Streets,Pushing Dead
Alexandra Cunningham,Hulu,Rozann Dawson,Jefferson St at Taylor St,Chance Season 2
Robert Berger,Warner Bros. Pictures,Phil Joanou,"Westin St. Francis Hotel (335 Powell Street, Union Square)",Final Analysis
Michael Lannan,HBO,Andrew Haigh,Delores Park,Looking Season 2 ep 207
Richard Maibaum,MGM/UA Entertainment Company,John Glen,Golden Gate Bridge,A View to a Kill
Gabriel Ferrari ,Walt Disney Studios Motion Pictures,Peyton Reed,California between Kearney and Davis,Ant-Man
"Jeff Pinkner, Scott Rosenberg","Columbia Pictures, Sony Pictures Releasing",Ruben Fleischer,Larkin St btwn Post and Geary,Venom
George Gatins,Walt Disney Studios Motion Pictures,Scott Waugh,Embarcadero from Broadway to Folsom,Need For Speed
Karl Alexander,Columbia Broadcasting System (CBS),Nicholas Meyer,Chestnut & Divisadero Streets (Marina District),Time After Time
Michael Lannan,HBO,Andrew Haigh,1246 Folsom Street,Looking Season 2 ep 209
Michael Lehmann,HULU,Alexandra Cunningham and Kem Nunn,1901 Ocean Ave. at Ashton Ave.,Chance- Season 1 ep110
Tom Brown,TBD,Tom Brown,"915 Naples, San Francisco",Pushing Dead
Dustin Lance Black,Focus Features,Gus Van Sant,El Camino Del Mar,Milk
Michael Lannan,Home Box Office (HBO),Andrew Haigh,Casa Lucas Market at 2934 24th St,Looking
Alexandra Cunningham,Hulu,Rozann Dawson,Leavenworth at McAllister St,Chance Season 2
Joe Eszterhas,TriStar Pictures,Paul Verhoeven,Chinatown,Basic Instinct
Lawrence B. Marcus,Warner Brothers / Seven Arts,Richard Lester,Pier 43 1/2,Petulia
Steve Cohen,New Line Cinema,Gary Sinyor,Washington Square Park (North Beach),The Bachelor
Tom S. Parker,Metro-Goldwyn-Mayer (MGM),Howard Deutch,"Neiman Marcus (150 Stockton Street, Union Square)",Getting Even with Dad
Eric Lodal,Turner Network Television (TNT),Steven Bochcho,504 Broadway,"Murder in the First, Season 1"
Kay Cannon,Netflix,"Jamie Babbit, Amanda Brotchie, Steven K. Tsuchida, Christian Ditter, John Riggi",1375 Haight St.,GirlBoss
Karl Alexander,Columbia Broadcasting System (CBS),Nicholas Meyer,Golden Gate Park,Time After Time
Alexandra Cunningham,HULU,Lenny Abrahamson,John St. between Powell and Mason,Chance- Season 1 ep102
Dustin Lance Black,Amercian Broadcasting Company,Gus Van Sant,Buena Vista Park,When We Rise
Jean Loup Dabadie & Yves Robert,MGM Home Entertainment,Gene Wilder,Brocklebank Apartments (1000 Mason Street),The Woman In Red
"Sarah Bellwood, Michal Lali Kagan, Michael McGowan Amital Stern, Jose Luis Sampedro",TBD,Oded Binnun/ Michel Brezis,UCSF Mt Zion 1600 Divisadero,Etruscan Smile
Paul Yurick,Warner Bros. Pictures,Pat O'Connor,Christopher's Books (1400 18th Street),Sweet November
"J. Michael Straczynski, Wachowiski Siblings",Netflix,Wachowski Siblings,"The Castro Theater, 429 Castro St.",Sense8 - Season 2
Zachary Shedd,,Zachary Shedd,Romolo Place @ Fresno St.,Americana
Paul Thomas Anderson,Weinstein Company,Paul Thomas Anderson,Pier 7/ Embarcadero,The Master
Greg Harrison,Sony Pictures Classics,Greg Harrison,435 23rd Street at Illinois,Groove
Delmer Daves & David Goodis,Warner Bros. Pictures,Delmer Daves,The Malloch Apartment Building (1360 Montgomery Street),Dark Passage
Sheila Burnford,Buena Vista Pictures,David R. Ellis,Pier 39 (Fisherman's Wharf),Homeward Bound II: Lost in San Francisco
"Ling-Hui Chen, Nancy Chen, Chih-Chi Fan, Chia-Hui Lin",Netflix,Tien-Lun Yeh,Texas St at 19th St,A Taiwanese Tale of Two Cities
Tom S. Parker,Metro-Goldwyn-Mayer (MGM),Howard Dutch,California & Grant Streets,Getting Even with Dad
James Cameron,Paramount Pictures,Alan Taylor,Mission at 1st and 2nd,Terminator - Genisys
DeWitt Bodeen,RKO Radio Pictures,George Stevens,The Ferry Building,I Remember Mama
Stirling Silliphant,Columbia Pictures,Don Siegel,"Mark Hopkins Intercontinental Hotel (1 Nob Hill Circle, Nob Hill)",The Lineup
Gina Wendkos,Buena Vista Pictures,Garry Marshall,Firestation #3 (Brazil Avenue and Athens Street),The Princess Diaries
Eric Lodal,Turner Network Television (TNT),Steven Bochcho,Harriet Alley,"Murder in the First, Season 3"
Tom S. Parker,Metro-Goldwyn-Mayer (MGM),Howard Deutch,"St. Peter & Paul's Church (666 Filbert Street, Washington Square)",Getting Even with Dad
Joe Eszterhas,TriStar Pictures,Paul Verhoeven,"Steinhart Aquarium (California Academy of Sciences, Golden Gate Park)",Basic Instinct
Vince Vaughn,Twentieth Century Fox Film Corporation,Shawn Levy,Grant Ave from Sacramento to Clay,The Internship
Amy Tan,National Broadcasting Company (NBC),Wayne Wang,901 Union Street,Joy Luck Club
Vince Vaughn,Twentieth Century Fox Film Corporation,Shawn Levy,Epic Roasthouse,The Internship
Alexandra Cunningham,Hulu,Rozann Dawson,Coit Tower,Chance Season 2
Chris McKenna,Walt Disney Studios Motion Pictures,Peyton Reed,Laguna St btwn Jackson and Broadway,Ant-Man and the Wasp
Roxann Dawson,HULU,Victoria Morrow,Private alley along 20th St. between Tennessee and Minnesota,Chance - Season 1ep105
Scott Alexander,Weinstein Company,Tim Burton,Green St. & Grant Ave.,Big Eyes
J. Mills Goodloe,,Lee Toland Krieger,Pier 50- end of the pier,Age of Adaline
Max Borenstein,Warner Bros. Pictures,Gareth Edwards,Broadway & Columbus,Godzilla
N. Richard Nash,Warner Bros. Pictures,Vincent Sherman,Belgravia Apartments (795 Sutter Street at Jones),Nora Prentiss
Michael Lannan,HBO,Andrew Haigh,770 Haight Street,Looking Season 2 ep 203
"Christopher Wilkinson, Stephen J. Rivele",Kylin Pictures,George Nolfi,Grant between Bush and Broadway,Birth of the Dragon
Greg Harrison,Sony Pictures Classics,Greg Harrison,435 23rd Street at Illinois,Groove
Michael Lannan,HBO,Andrew Haigh,"Mission Rec Center, 2450 Harrison Street",Looking Season 2 ep 203
Michael Lannan,HBO,Andrew Haigh,"SF Zoo, 2945 Sloat Blvd",Looking Season 2 ep 209
Dustin Lance Black,Amercian Broadcasting Company,Gus Van Sant,Buena Vista Park,When We Rise
Harriet Dodge & Silas Howard,Artistic License,Harriet Dodge & Silas Howard,"Royan Hotel (405 Valencia Street, Mission District)",By Hook or By Crook
Michael Lannan,HBO,Andrew Haigh,770 Haight Street,Looking Season 2 ep 203
Michael Lannan,HBO,Andrew Haigh,"Esta Noche, 3079 16th Street",Looking Season 2 ep 204
The Gordons,Columbia Pictures,Blake Edwards,Candlestick Park,Experiment in Terror
Harry Julian Fink,Warner Bros. Pictures,Buddy Van Horn,550 El Camino Del Mar (Seacliff),The Dead Pool
Aaron Sorkin,Universal Pictures,Danny Boyle,Powell St. from California St. to Sutter St.,Steve Jobs
Joe Eszterhas,Paramount Pictures,William Friedkin,Fior d' Italia (601 Union Street at Stockton),Jade
Michael Lannan,Home Box Office (HBO),Andrew Haigh,Valencia St. from 16th to 17th,Looking
Harry Julian Fink,Warner Bros. Pictures,Clint Eastwood,Hall of Justice (850 Bryant Street),Sudden Impact
Michael Lannan,HBO,Andrew Haigh,Point Lobos Avenue,"Looking ""Special"""
Niels Mueller & Kevin Kennedy,THINKFilm,Niels Mueller,"Tosca CafÃ© (242 Columbus Avenue, North Beach)",The Assassination of Richard Nixon
Chris McKenna,Walt Disney Studios Motion Pictures,Peyton Reed,Lombard St btwn Polk and Leavenworth,Ant-Man and the Wasp
Dustin Lance Black,Focus Features,Gus Van Sant,29th and Dolores Street,Milk
Michael Lannan,HBO,Andrew Haigh,Mission Street @ 22nd Street,Looking Season 2 ep 210
Samuel A. Taylor,Paramount Pictures,George Seaton,Grace Cathedral Episcopal Church (1100 California Street),Pleasure of His Company
"Joe Talbot, Jimmie Fails, Rob Richert",A33,Joe Talbot,Innes and Arelious Walker,The Last Black Man in San Francisco
Robert Berger,Warner Bros. Pictures,Phil Joanou,"Public Health Service Hospital (Presidio, Golden Gate National Recreation Area)",Final Analysis
Robert Kaufman,American Broadcasting Company (ABC),Richard Rush,Broadway and Columbus Avenue (North Beach),Freebie and the Bean
Peter Elkoff,HULU,Carl Franklin,"Bayview Police Station, 201 Williams Ave.",Chance- Season 1 ep104
Bill Walsh,Buena Vista Distribution,Robert Stevenson,Golden Gate Bridge,The Love Bug
Steve Meerson,Paramount Pictures,Leonard Nimoy,"West Harbor, Marina District",Star Trek IV: The Voyage Home
Robbie Fox,TriStar Pictures,Thomas Schlamme,Fog City Diner (1300 Battery Street),So I Married an Axe Murderer
James Cameron,Paramount Pictures,Alan Taylor,1 Market St. Landmark Building,Terminator - Genisys
Max Borenstein,Warner Bros. Pictures,Gareth Edwards,Sacramento & Front St.,Godzilla
Linda Demetrick,,Carlo Caldana,New Taraval CafÃ© (1054 Taraval St.),"Smile Again, Jenny Lee"
Jack Finney,United Artists,Philip Kaufman,32 Napier Lane,Invasion of the Body Snatchers
Harry Julian Fink,Warner Bros. Pictures,Clint Eastwood,Ferry Plaza,Sudden Impact
Lowell Ganz,MCA / Universal Pictures,Ron Howard,19 Green Street (North Beach),Edtv
Kathryn Scola,Twentieth Century Fox Film Corporation,Henry King,Cliff House (1090 Point Lobos Avenue),Alexander's Ragtime Band
