Unnamed: 5,Unnamed: 12,Unnamed: 11,Unnamed: 15,Unnamed: 6,Unnamed: 14,Civil Service Grade (Headcount),Department,Basis for expenditure approval,Total approvals (Headcount),Date of approval,Unnamed: 13,Unnamed: 9,Civil Service Grade (FTE),Unnamed: 8,Total Approvals (FTE),Approval month,Unnamed: 7,Business Stream
EO,HEO,EO,SCS,HEO,Grade 6 / 7,AA/AO,,,,,SEO,SCS,AA/AO,Grade 6 / 7,,,SEO,
,,,,,1,,HMRC,Business critical IT FTA extension,1.0,02/10/2017,,,,1,1.0,October,,VOA
,,,,,1,,HMRC,Business critical IT FTA,1.0,02/10/2017,,,,1,1.0,October,,VOA
,,,,,1,,HMRC,Business critical frontline permanent appointment,1.0,04/10/2017,,,,1,1.0,October,,VOA
,2,,,2,,,HMRC,External Recruitment Campaigns Manager Social Media & Campaigns Manager Markerting,2.0,18/10/2017,,,,,2.0,October,,CPO Corporate Communications
,,,,,3,,HMRC,External Recruitment Lawyers,3.0,18/10/2017,,,,3,3.0,October,,Legal SOLs
,,,1,,5,,HMRC,Business critical IT FTA extension,8.0,20/10/2017,2,1,,5,8.0,October,2,VOA
,,,1,,5,,HMRC,Business critical IT FTA extension,8.0,20/10/2017,2,1,,5,8.0,October,2,VOA
,,,,,,35,HMRC,Business critical frontline FTA,35.0,23/10/2017,,,35,,35.0,October,,VOA
,,,,,1,,HMRC,External Recruitment Regional Head of Estates FM Services,1.0,27/10/2017,,,,1,1.0,October,,CFO Estates
10,130,10,,130,84,,HMRC,External Recruitment CDIO IT and Digital roles,596.0,27/10/2017,72,,,84,596.0,October,72,CDIO - Various
,,,1,,,,HMRC,External Recruitment - Deputy Director Learning Academy,1.0,31/10/2017,,1,,,1.0,October,,Corporate Services
,,,1,,,,HMRC,External Recruitment - Deputy Director Criminal & Benefits & Credits,1.0,31/10/2017,,1,,,1.0,October,,Corporate Services
,,,1,,,,HMRC,"External Recruitment - HR Director, Customer Services",1.0,31/10/2017,,1,,,1.0,October,,Corporate Services
,,,1,,,,HMRC,"External Recruitment - Deputy Director, Wales, Midlands & South East England",1.0,31/10/2017,,1,,,1.0,October,,Customer Services
,,,1,,,,HMRC,External Recruitment - Deputy Director Indirect Tax,1.0,31/10/2017,,1,,,1.0,October,,CS & TD
,,,1,,,,HMRC,"External Recruitment - HR Director, Customer Compliance Group",1.0,31/10/2017,,1,,,1.0,October,,Customer Compliance
,,,,,,25,HMRC,Business critical frontline FTA extension,25.0,03/11/2017,,,25,,25.0,November,,VOA
,,,,,,2,HMRC,Business critical business support FTA,2.0,03/11/2017,,,2,,2.0,November,,VOA
,,,,,1,,HMRC,Business critical IT FTA,1.0,06/11/2017,,,,1,1.0,November,,VOA
,,,,,2,,HMRC,External Recruitment HUBs Project Lead,2.0,08/11/2017,,,,2,2.0,November,,CFO Estates
1,,1,,,,,HMRC,CSC Band O FLM (Re-appointment),1.0,09/11/2017,,,,,1.0,November,,CSG B&C
,,,,,,,HMRC,Business critical frontline permanent appointment,2.0,15/11/2017,2,,,,2.0,November,2,VOA
,,,,,,,HMRC,Business critical IT permanent appointment,1.0,16/11/2017,1,,,,1.0,November,1,VOA
,,,1,,,,HMRC,"External Recruitment - Assistant Director, Large Business",1.0,30/11/2017,,1,,,1.0,November,,Customer Compliance
,,,1,,,,HMRC,External Recruitment - Deputy Director Performance & Risk,1.0,30/11/2017,,1,,,1.0,November,,Chief Finance Office
,,,1,,,,HMRC,External Recruitment - Director Debt Management,1.0,30/11/2017,,1,,,1.0,November,,Customer Services
,,,1,,,,HMRC,External Recruitment - KAI Director,1.0,30/11/2017,,1,,,1.0,November,,CS & TD
,,,1,,,,HMRC,"External Recruitment - Deputy Director Operations, Strategy & Transformation",1.0,30/11/2017,,1,,,1.0,November,,CS & TD
,,,1,,,,HMRC,External Recruitment - Director Business Tax & Customs,1.0,30/11/2017,,1,,,1.0,November,,Customer Services
,,,1,,,,HMRC,"External Recruitment - Deputy Director, Internal Audit",1.0,30/11/2017,,1,,,1.0,November,,Corporate Services
,,,1,,,,HMRC,External Recruitment - Director Operational Excellence,1.0,30/11/2017,,1,,,1.0,November,,Customer Services
,,,,,2,,HMRC,External Recruitment Senior OD&D Consultant,2.0,01/12/2017,,,,2,2.0,December,,CPO Organisational Development and Design 
,,,,,2,,HMRC,External Recruitment OD&D Consultant,2.0,01/12/2017,,,,2,2.0,December,,CPO Organisational Development and Design 
,,,,,,,HMRC,External Recruitment Senior Auditor,3.0,04/12/2017,3,,,,3.0,December,3,CFO Internal Audit
,1,,,1,,,HMRC,Business critical IT permanent appointment,1.0,06/12/2017,,,,,1.0,December,,VOA
,,,,,,2,HMRC,Business critical IT FTA,2.0,06/12/2017,,,2,,2.0,December,,VOA
,,,,,2,,HMRC,External Recruitment Deputy Head of WSO & WSO Programme Support,2.0,07/12/2017,,,,2,2.0,December,,CFO Estates Transformation
,,,,,,,HMRC,"External Recruitment Access control Area Manager, National Archive Service Manager & Furniture, Fitting and Equipment",4.0,07/12/2017,4,,,,4.0,December,4,CFO Estates
,9,,,9,,,HMRC,External Recruitment Regional Lead Facilities Management & Facilities Management Delivery Manager ,11.0,08/12/2017,2,,,,11.0,December,2,CFO Estates
,2,,,2,,,HMRC,"External Recruitment Building manager, Health and Safety Manager & BCP manager ",3.0,08/12/2017,1,,,,3.0,December,1,CFO Estates
,12,,,12,,,HMRC,Business critical frontline permanent appointment,12.0,13/12/2017,,,,,12.0,December,,VOA
,,,,,1,,HMRC,External Recruitment Working Environment lead,1.0,15/12/2017,,,,1,1.0,December,,CFO Estates
,,,1,,5,,HMRC,Business critical IT FTA extension,8.0,15/12/2017,2,1,,5,8.0,December,2,VOA
,,,,,2,,HMRC,External Recruitment Finance Systems Accountant,2.0,18/12/2017,,,,2,2.0,December,,CFO Financial Operations
1,,1,,,,,HMRC,External Recruitment Accounts Officer,1.0,19/12/2017,,,,,1.0,December,,CFO Corporate Finance
,30,,,30,,,HMRC,External Recruitment Senior Continuous Improvement Consultant & Continuous Improvement Consultant,36.0,20/12/2017,6,,,,36.0,December,6,CFO Change Assurance and Investment
,,,1,,,,HMRC,External Recruitment - Deputy Director Personal Tax Litigation Team,1.0,20/12/2017,,1,,,1.0,December,,Corporate Services
,,,,,,1,HMRC,Business critical frontline FTA,1.0,22/12/2017,,,1,,1.0,December,,VOA
,,,,,,,,,,,,,,,,,,
