HMRC OFFICIALS' MEETINGS WITH TOBACCO STAKEHOLDERS,Unnamed: 1,Unnamed: 2,Unnamed: 4,Unnamed: 3
,,,,
From 1 January 2020 to 31 March 2020,,,,
,,,,
Meetings with Tobacco Manufacturers/Importers and Trade Associations,,,,
,,,,
Date of meeting,HMRC officials,Organisation,Issues discussed,Industry officials titles
29/01/2020,Excise and Environmental Taxes Design Policy officials,Japan Tobacco International,Track and Trace  Preparations for sequence validation in the EU repository system,Trade Managers
29/01/2020,Excise and Environmental Taxes Design Policy officials,Imperial Tobacco Limited,Track and Trace  Preparations for sequence validation in the EU repository system,Trade Managers
30/01/2020,Excise and Environmental Taxes Design Policy officials,British American Tobacco ,Track and Trace  Preparations for sequence validation in the EU repository system,Trade Managers
31/01/2020,Excise and Environmental Taxes Design Policy officials,Philip Morris International,Track and Trace  Preparations for sequence validation in the EU repository system,Trade Managers
05/02/2020,Excise and Environmental Taxes Design Policy officials,British American Tobacco ,Track and Trace,Trade Managers
,,Bull Brand,,
,,Gawith Hoggarth & Co Ltd,,
,,Imperial Tobacco Limited,,
,,Imported Tobacco Products Advisory Council,,
,,Japan Tobacco International ,,
,,Karelia UK,,
,,Philip Morris International,,
,,Tobacco Manufacturers Association,,
27/02/2020,Excise and Environmental Taxes Design Policy officials,British American Tobacco ,Track and Trace,Trade Managers
,,Bull Brand,,
,,Chancellor Tobacco (UK) Ltd,,
,,Gawith Hoggarth & Co Ltd,,
,,Imperial Tobacco Limited,,
,,Imported Tobacco Products Advisory Council,,
,,Japan Tobacco International ,,
,,Karelia UK,,
,,Philip Morris International,,
,,Tobacco Manufacturers Association,,
23/03/2020,Excise and Environmental Taxes Design Policy officials,British American Tobacco ,Track and Trace Sequence validation in the EU repository system,Trade Managers
,,Imperial Tobacco Limited,,
,,Japan Tobacco International,,
,,Philip Morris International,,
,,Tobacco Manufacturers Association,,
30/03/2020,Excise and Environmental Taxes Design Policy officials,British American Tobacco,Track and Trace Sequence validation in the EU repository system,Trade Managers
,,Imperial Tobacco Limited,,
,,Japan Tobacco International,,
,,Philip Morris International,,
,,Tobacco Manufacturers Association,,
,,,,
Meetings with other Tobacco Stakeholders,,,,
,,,,
Date of meeting,HMRC officials,Organisation,Issues discussed,Industry officials titles
28/01/2020,Excise and Environmental Taxes Design Policy officials,Co-operative Group Limited,Track and Trace,Project Team
09/03/2020,Excise and Environmental Taxes Design Policy officials,Asda Stores Ltd,Track and Trace,Tax Manager
,,,,Project Team
