Unnamed: 1,Unnamed: 4,Unnamed: 2,Unnamed: 3,HMRC OFFICIALS' MEETINGS WITH TOBACCO STAKEHOLDERS
,,,,
,,,,From 1 April 2018 to 30 June 2018  
,,,,
,,,,Meetings with Tobacco Manufacturers/Importers and Trade Associations
,,,,
HMRC officials,Issues discussed,Organisation,Industry officials titles,Date of meeting
"Tobacco Policy Officials, Large Business Compliance Officials",Policy and strategy update,"Tobacco Manufacturers Association, Importers Tobacco Products Advisory Council, British American Tobacco, Japan Tobacco International, Imperial Tobacco Limited, Phillip Morris International, Davidoff, Gawith Hoggarth, Hunters & Frankau, Scandinavian Tobacco Group UK, Tor Imports",Anti-illicit trade managers,15/05/2018
,Track & Trace overview, ,,
"Tobacco Policy Officials, Large Business Compliance Officials ",Track & Trace overview,"Association of Convenience Stores, Federation of Wholesale Distributors, Co-op Group",Trade Managers,18/05/2018
Tobacco Policy Officials,Policy and strategy update,Tobacco Manufacturers Association ,Anti-illicit trade managers,05/06/2018
,, ,,
,,,,
,,,,
,,,,Meetings with other Tobacco Stakeholders
,,,,
HMRC officials,Issues discussed,Organisation,Industry officials titles,Date of meeting
