Unnamed: 9,Unnamed: 39,Unnamed: 38,Unnamed: 37,Unnamed: 16,Unnamed: 1,Unnamed: 23,Unnamed: 41,Unnamed: 3,Unnamed: 8,Unnamed: 31,Unnamed: 21,Unnamed: 32,Unnamed: 17,Unnamed: 33,Unnamed: 15,Unnamed: 7,Unnamed: 36,Mar-15,Unnamed: 5,Unnamed: 27,Unnamed: 20,Unnamed: 30,Unnamed: 35,Unnamed: 28,Unnamed: 13,Unnamed: 4,Unnamed: 14,Unnamed: 2,Unnamed: 25,Unnamed: 40,Unnamed: 18,Unnamed: 12,Unnamed: 11,Unnamed: 10,Unnamed: 29,Unnamed: 19,Unnamed: 34,Unnamed: 24,Unnamed: 22,Unnamed: 26,Unnamed: 6
,,,,,,,,,,,,,,,,,,,,,,,,,,,,,,,,,,,,,,,,,
,Grand Total paybill/staffing (payroll and non-payroll) costs,,,,"Organisation 
type",,,Payroll staff,,,,,Number of non-payroll staff (contingent labour and consultants/consultancy),,,,Non-Payroll staff (contingent labour/consultancy) costs,Organisation name,,"Grand Total 
(workforce numbers)",,,,,,,,"Main, parent or 
sponsoring department: ",,"Comments
(NB: These will be published alongside your row of information)",,,,,Payroll staff costs,,,,,,
Grade 6/7,,Total non-payroll (CCL) staff costs,"Total monthly cost of consultants/
consultancy",,,Consultants/consultancy,,AO/AA,,Non-consolidated performance payments,Specialist Contractors,Overtime,"Agency staff 
(clerical/admin)",Employer pension contributions,"Total
Employees",SEO/HEO,"Total monthly cost of contingent labour: agency (clerical and admin) staff, interim managers and specialist contractors",,EO,,,Allowances,Total paybill for payroll staff,,"Other, unknown, or unspecified",,,,Total,,,,SCS,,Salary,Interim managers,Employer national insurance contributions,,,,
Headcount,,,,"Full-time 
equivalent",,Headcount,,Headcount,"Full-time 
equivalent",,Headcount,,Headcount,,Headcount,Headcount,,,Headcount,Headcount,"Full-time 
equivalent",,,"Full-time 
equivalent",Headcount,"Full-time 
equivalent","Full-time 
equivalent",,Headcount,,"Full-time 
equivalent","Full-time 
equivalent",Headcount,"Full-time 
equivalent",,Headcount,,"Full-time 
equivalent","Full-time 
equivalent","Full-time 
equivalent","Full-time 
equivalent"
4287,"£170,187,619.00","£687,619.00",£0.00,"57,138",Non-Ministerial Department,0,,28980,13500.34,"£500,000.00",,"£5,000,000.00",18,"£24,100,000.00","64,288",14420,"£687,619.00",HM Revenue and Customs,15072,"64,419",,"£700,000.00","£169,500,000.00","57,138",1224,24499.97,1222.26,HM Revenue and Customs,131,,,299.06,305,4072.64,"£129,500,000.00",113,"£9,700,000.00",,,0,13543.97
403,"£12,712,894.12","£380,588.12","£13,510.12","3,475",Executive Agency,0,,1173,1190.12,"£10,022.00",24,"£210,736.00",21,"£1,584,127.00","3,759",1267,"£367,078.00",Valuation Office,896,"3,805",1,"£995,867.00","£12,332,306.00","3,513",0,1036.37,0,HM Revenue and Customs,46,,17.69,20,20,385.65,"£8,860,284.00",1,"£671,270.00",0,19.98,38.67,842.64
,,,,,,,,,,,,,,,,,,,,,,,,,,,,,,,,,,,,,,,,,
,,,,,,,,,,,,,,,,,,,,,,,,,,,,,,,,,,,,,,,,,
,,,,,,,,,,,,,,,,,,,,,,,,,,,,,,,,,,,,,,,,,
,,,,,,,,,,,,,,,,,,,,,,,,,,,,,,,,,,,,,,,,,
,,,,,,,,,,,,,,,,,,,,,,,,,,,,,,,,,,,,,,,,,
,,,,,,,,,,,,,,,,,,,,,,,,,,,,,,,,,,,,,,,,,
,,,,,,,,,,,,,,,,,,,,,,,,,,,,,,,,,,,,,,,,,
,,,,,,,,,,,,,,,,,,,,,,,,,,,,,,,,,,,,,,,,,
,,,,,,,,,,,,,,,,,,,,,,,,,,,,,,,,,,,,,,,,,
,,,,,,,,,,,,,,,,,,,,,,,,,,,,,,,,,,,,,,,,,
,,,,,,,,,,,,,,,,,,,,,,,,,,,,,,,,,,,,,,,,,
,,,,,,,,,,,,,,,,,,,,,,,,,,,,,,,,,,,,,,,,,
,,,,,,,,,,,,,,,,,,,,,,,,,,,,,,,,,,,,,,,,,
,,,,,,,,,,,,,,,,,,,,,,,,,,,,,,,,,,,,,,,,,
,,,,,,,,,,,,,,,,,,,,,,,,,,,,,,,,,,,,,,,,,
,,,,,,,,,,,,,,,,,,,,,,,,,,,,,,,,,,,,,,,,,
,,,,,,,,,,,,,,,,,,,,,,,,,,,,,,,,,,,,,,,,,
,,,,,,,,,,,,,,,,,,,,,,,,,,,,,,,,,,,,,,,,,
,,,,,,,,,,,,,,,,,,,,,,,,,,,,,,,,,,,,,,,,,
,,,,,,,,,,,,,,,,,,,,,,,,,,,,,,,,,,,,,,,,,
,,,,,,,,,,,,,,,,,,,,,,,,,,,,,,,,,,,,,,,,,
,,,,,,,,,,,,,,,,,,,,,,,,,,,,,,,,,,,,,,,,,
,,,,,,,,,,,,,,,,,,,,,,,,,,,,,,,,,,,,,,,,,
,,,,,,,,,,,,,,,,,,,,,,,,,,,,,,,,,,,,,,,,,
,,,,,,,,,,,,,,,,,,,,,,,,,,,,,,,,,,,,,,,,,
,,,,,,,,,,,,,,,,,,,,,,,,,,,,,,,,,,,,,,,,,
,,,,,,,,,,,,,,,,,,,,,,,,,,,,,,,,,,,,,,,,,
,,,,,,,,,,,,,,,,,,,,,,,,,,,,,,,,,,,,,,,,,
,,,,,,,,,,,,,,,,,,,,,,,,,,,,,,,,,,,,,,,,,
,,,,,,,,,,,,,,,,,,,,,,,,,,,,,,,,,,,,,,,,,
,,,,,,,,,,,,,,,,,,,,,,,,,,,,,,,,,,,,,,,,,
,,,,,,,,,,,,,,,,,,,,,,,,,,,,,,,,,,,,,,,,,
,,,,,,,,,,,,,,,,,,,,,,,,,,,,,,,,,,,,,,,,,
,,,,,,,,,,,,,,,,,,,,,,,,,,,,,,,,,,,,,,,,,
,,,,,,,,,,,,,,,,,,,,,,,,,,,,,,,,,,,,,,,,,
,,,,,,,,,,,,,,,,,,,,,,,,,,,,,,,,,,,,,,,,,
,,,,,,,,,,,,,,,,,,,,,,,,,,,,,,,,,,,,,,,,,
,,,,,,,,,,,,,,,,,,,,,,,,,,,,,,,,,,,,,,,,,
,,,,,,,,,,,,,,,,,,,,,,,,,,,,,,,,,,,,,,,,,
,,,,,,,,,,,,,,,,,,,,,,,,,,,,,,,,,,,,,,,,,
,,,,,,,,,,,,,,,,,,,,,,,,,,,,,,,,,,,,,,,,,
,,,,,,,,,,,,,,,,,,,,,,,,,,,,,,,,,,,,,,,,,
,,,,,,,,,,,,,,,,,,,,,,,,,,,,,,,,,,,,,,,,,
,,,,,,,,,,,,,,,,,,,,,,,,,,,,,,,,,,,,,,,,,
