Unnamed: 12,Unnamed: 4,Unnamed: 34,Unnamed: 17,Unnamed: 3,Unnamed: 33,Unnamed: 21,Unnamed: 19,Unnamed: 35,Unnamed: 31,Unnamed: 25,Unnamed: 36,Unnamed: 29,Unnamed: 11,May-16,Unnamed: 23,Unnamed: 38,Unnamed: 28,Unnamed: 20,Unnamed: 5,Unnamed: 13,Unnamed: 7,Unnamed: 9,Unnamed: 16,Unnamed: 14,Unnamed: 30,Unnamed: 40,Unnamed: 10,Unnamed: 18,Unnamed: 15,Unnamed: 1,Unnamed: 24,Unnamed: 26,Unnamed: 39,Unnamed: 22,Unnamed: 32,Unnamed: 8,Unnamed: 2,Unnamed: 6,Unnamed: 37,Unnamed: 41,Unnamed: 27
,,,,,,,,,,,,,,,,,,,,,,,,,,,,,,,,,,,,,,,,,
,,,Number of non-payroll staff (contingent labour and consultants/consultancy),Payroll staff,,,,,,,Non-Payroll staff (contingent labour/consultancy) costs,Payroll staff costs,,Organisation name,,,,,,,,,,,,"Comments
(NB: These will be published alongside your row of information)",,,,"Organisation 
type",,,Grand Total paybill/staffing (payroll and non-payroll) costs,,,,"Main, parent or 
sponsoring department: ",,,,"Grand Total 
(workforce numbers)"
,,Employer national insurance contributions,"Agency staff 
(clerical/admin)",AO/AA,Employer pension contributions,Specialist Contractors,Interim managers,Total paybill for payroll staff,Non-consolidated performance payments,Total,"Total monthly cost of contingent labour: agency (clerical and admin) staff, interim managers and specialist contractors",Salary,SCS,,Consultants/consultancy,Total non-payroll (CCL) staff costs,,,EO,"Other, unknown, or unspecified",SEO/HEO,Grade 6/7,,,Allowances,,,,"Total
Employees",,,,,,Overtime,,,,"Total monthly cost of consultants/
consultancy",,
"Full-time 
equivalent","Full-time 
equivalent",,Headcount,Headcount,,Headcount,Headcount,,,Headcount,,,Headcount,,Headcount,,"Full-time 
equivalent","Full-time 
equivalent",Headcount,Headcount,Headcount,Headcount,"Full-time 
equivalent","Full-time 
equivalent",,,"Full-time 
equivalent","Full-time 
equivalent",Headcount,,"Full-time 
equivalent","Full-time 
equivalent",,"Full-time 
equivalent",,"Full-time 
equivalent",,"Full-time 
equivalent",,,Headcount
321.98,24538.74,"£13,200,000.00",47,28659,"£28,500,000.00",,161,"£182,600,000.00","£200,000.00",213,"£1,268,730.00","£136,200,000.00",329,HM Revenue and Customs ,5,"£1,321,957.00","59,589",,15615,1718,15323,4688,"59,589","1,716.06","£800,000.00",,"4,470.76",,"66,332",Non-Ministerial Department,,0,"£183,921,957.00",,"£3,700,000.00","14,409.76",HM Revenue and Customs,"14,131.84","£53,227.00",,"66,545"
21,985.96,"£899,594.89",24,1117,"£1,765,444.52",13,0,"£12,036,056.13","£27,610.00",37,"£203,779.72","£9,251,499.72",21,Valuation Office,0,"£203,779.72","3,576",0,936,0,1330,422,"3,541",0,"£48,328.77",,404.58,22.02,"3,826",Executive Agency,0,34.47,"£12,239,835.85",12.45,"£43,578.24",1248.94,HM Revenue and Customs,880.94,£0.00,,"3,863"
,,,,,,,,,,,,,,,,,,,,,,,,,,,,,,,,,,,,,,,,,
,,,,,,,,,,,,,,,,,,,,,,,,,,,,,,,,,,,,,,,,,
,,,,,,,,,,,,,,,,,,,,,,,,,,,,,,,,,,,,,,,,,
,,,,,,,,,,,,,,,,,,,,,,,,,,,,,,,,,,,,,,,,,
,,,,,,,,,,,,,,,,,,,,,,,,,,,,,,,,,,,,,,,,,
,,,,,,,,,,,,,,,,,,,,,,,,,,,,,,,,,,,,,,,,,
,,,,,,,,,,,,,,,,,,,,,,,,,,,,,,,,,,,,,,,,,
,,,,,,,,,,,,,,,,,,,,,,,,,,,,,,,,,,,,,,,,,
,,,,,,,,,,,,,,,,,,,,,,,,,,,,,,,,,,,,,,,,,
,,,,,,,,,,,,,,,,,,,,,,,,,,,,,,,,,,,,,,,,,
,,,,,,,,,,,,,,,,,,,,,,,,,,,,,,,,,,,,,,,,,
,,,,,,,,,,,,,,,,,,,,,,,,,,,,,,,,,,,,,,,,,
,,,,,,,,,,,,,,,,,,,,,,,,,,,,,,,,,,,,,,,,,
,,,,,,,,,,,,,,,,,,,,,,,,,,,,,,,,,,,,,,,,,
,,,,,,,,,,,,,,,,,,,,,,,,,,,,,,,,,,,,,,,,,
,,,,,,,,,,,,,,,,,,,,,,,,,,,,,,,,,,,,,,,,,
,,,,,,,,,,,,,,,,,,,,,,,,,,,,,,,,,,,,,,,,,
,,,,,,,,,,,,,,,,,,,,,,,,,,,,,,,,,,,,,,,,,
,,,,,,,,,,,,,,,,,,,,,,,,,,,,,,,,,,,,,,,,,
,,,,,,,,,,,,,,,,,,,,,,,,,,,,,,,,,,,,,,,,,
,,,,,,,,,,,,,,,,,,,,,,,,,,,,,,,,,,,,,,,,,
,,,,,,,,,,,,,,,,,,,,,,,,,,,,,,,,,,,,,,,,,
,,,,,,,,,,,,,,,,,,,,,,,,,,,,,,,,,,,,,,,,,
,,,,,,,,,,,,,,,,,,,,,,,,,,,,,,,,,,,,,,,,,
,,,,,,,,,,,,,,,,,,,,,,,,,,,,,,,,,,,,,,,,,
,,,,,,,,,,,,,,,,,,,,,,,,,,,,,,,,,,,,,,,,,
,,,,,,,,,,,,,,,,,,,,,,,,,,,,,,,,,,,,,,,,,
,,,,,,,,,,,,,,,,,,,,,,,,,,,,,,,,,,,,,,,,,
,,,,,,,,,,,,,,,,,,,,,,,,,,,,,,,,,,,,,,,,,
,,,,,,,,,,,,,,,,,,,,,,,,,,,,,,,,,,,,,,,,,
,,,,,,,,,,,,,,,,,,,,,,,,,,,,,,,,,,,,,,,,,
,,,,,,,,,,,,,,,,,,,,,,,,,,,,,,,,,,,,,,,,,
,,,,,,,,,,,,,,,,,,,,,,,,,,,,,,,,,,,,,,,,,
,,,,,,,,,,,,,,,,,,,,,,,,,,,,,,,,,,,,,,,,,
,,,,,,,,,,,,,,,,,,,,,,,,,,,,,,,,,,,,,,,,,
,,,,,,,,,,,,,,,,,,,,,,,,,,,,,,,,,,,,,,,,,
,,,,,,,,,,,,,,,,,,,,,,,,,,,,,,,,,,,,,,,,,
,,,,,,,,,,,,,,,,,,,,,,,,,,,,,,,,,,,,,,,,,
,,,,,,,,,,,,,,,,,,,,,,,,,,,,,,,,,,,,,,,,,
,,,,,,,,,,,,,,,,,,,,,,,,,,,,,,,,,,,,,,,,,
,,,,,,,,,,,,,,,,,,,,,,,,,,,,,,,,,,,,,,,,,
,,,,,,,,,,,,,,,,,,,,,,,,,,,,,,,,,,,,,,,,,
,,,,,,,,,,,,,,,,,,,,,,,,,,,,,,,,,,,,,,,,,
,,,,,,,,,,,,,,,,,,,,,,,,,,,,,,,,,,,,,,,,,
