Post Unique Reference,Reports to Senior Post,Parent Department,Job Title,Unit,Professional/Occupational Group,Contact Phone,Actual Pay Floor (Â£),Grade (or equivalent),Salary Cost of Reports (Â£),Valid?,FTE,Contact E-mail,Organisation,Notes,Name,Job/Team Function,Actual Pay Ceiling (Â£),Unnamed: 15
TH01,XX,Department for Transport,Executive Chairman,Chief Executive,Policy,020 7481 6900 (Trinity House Tower Hill Reception),115000,SCS2,1368410,,1.0,Deputy.Master@thls.org,Trinity House,,Captain Ian McNaught,"Corporate responsibility for the strategic and operational leadership of Trinity House. Maintains an ongoing overview of all Service activities to ensure that the service meets its corporate goals. Line Management responsibility for Legal and Risk, Health and Safety, Management Systems and PR",119999,
TH02,TH01,Department for Transport,Director of Navigational Requirements,Navigation Directorate,Operational Research,020 7481 6900 (Trinity House Tower Hill Reception),85000,SCS1,447584,,1.0,Roger.Barker@thls.org,Trinity House,,Captain R Barker,"Provides leadership, guidance and advice to the Executive Chairman and the Lighthouse Board and the Department for Transport, and senior colleagues and managers on all aspects of Aids to Navigation policy, development and performance, to ensure that the Serviceâs statutory duty and forward planning responsibilities are effectively met as a Lighthouse Authority and the safety of the mariner around the coasts of England and Wales is maximized.",89999,
TH03,TH01,Department for Transport,Director of Operations,Operations Directorate,Operational Delivery,020 7481 6900 (Trinity House Tower Hill Reception),90000,SCS1,7170546,,1.0,Jim.scorer@thls.org,Trinity House,,Cmdr J Scorer,"Provides, maintains and operates the serviceâs Aids to Navigation around the coast of England and Wales in support of the Corporationâs statutory obligations, including lighthouses, light vessels, support vessels, buoys and GPS services. Oversees Planning, Engineering and Operations and Marine Operations.",94999,
TH04,TH01,Department for Transport,Director of Finance & Support Services,Finance & Support Services,Finance,01255 245000 (Trinity House Harwich Reception),90000,SCS1,1838291,,1.0,Jerry.Wedge@thls.org,Trinity House,,Mr J Wedge,"Provides leadership, guidance and advice on all support services including Finance, HR, IT, Facilities and Procurement to the Board, Executive Chairman,Operational Senior Managers and staff. Exercises control over all the Serviceâs financial affairs, accounts and ledgers including the Treasury function, payroll services, and light dues collection (for all 3 GLAs).",94999,
