Payscale Minimum (Â£),Unit,Reporting Senior Post,Organisation,Parent Department,Professional/Occupational Group,Payscale Maximum (Â£),Generic Job Title,Grade,Number of Posts in FTE
57538,Operations Directorate,TH03,Trinity House,Department for Transport,Operational Delivery,62319,Captain,Captain,4.0
53080,Operations Directorate,TH03,Trinity House,Department for Transport,Operational Delivery,57839,Chief Engineer,Chief Engineer,4.0
46043,Operations Directorate,TH03,Trinity House,Department for Transport,Operational Delivery,49595,Commander - RIV,Commander - RIV,2.0
45086,Operations Directorate,TH03,Trinity House,Department for Transport,Operational Delivery,48636,Engineering Officer - RIV,Engineering Officer - RIV,2.0
42854,Operations Directorate,TH03,Trinity House,Department for Transport,Operational Delivery,46405,Electronic Technical Officer,Electronic Technical Officer,6.0
42854,Operations Directorate,TH03,Trinity House,Department for Transport,Operational Delivery,46405,First Officer,First Officer,4.0
42854,Operations Directorate,TH03,Trinity House,Department for Transport,Operational Delivery,46405,Second Engineer,Second Engineer,6.0
36845,Operations Directorate,TH03,Trinity House,Department for Transport,Operational Delivery,41542,Second Officer,Second Officer,10.0
38092,Operations Directorate,TH03,Trinity House,Department for Transport,Operational Delivery,42785,Second Officer - RIV,Second Officer - RIV,4.0
36845,Operations Directorate,TH03,Trinity House,Department for Transport,Operational Delivery,41542,Third Engineer,Third Engineer,2.0
34467,Operations Directorate,TH03,Trinity House,Department for Transport,Operational Delivery,37676,Boatswain,Boatswain,4.0
32102,Operations Directorate,TH03,Trinity House,Department for Transport,Operational Delivery,34033,Catering Manager,Catering Manager,4.0
30964,Operations Directorate,TH03,Trinity House,Department for Transport,Operational Delivery,34033,Engine Room Assistant,Engine Room Assistant,4.0
30964,Operations Directorate,TH03,Trinity House,Department for Transport,Operational Delivery,31850,Petty Officer Deck,Petty Officer Deck,4.0
30964,Operations Directorate,TH03,Trinity House,Department for Transport,Operational Delivery,31850,Cook,Cook,4.0
31494,Operations Directorate,TH03,Trinity House,Department for Transport,Operational Delivery,31494,Mechanic AB,Mechanic AB,4.0
26211,Operations Directorate,TH03,Trinity House,Department for Transport,Operational Delivery,30042,Seaman,Seaman,22.0
33040,Operations Directorate,TH03,Trinity House,Department for Transport,Operational Delivery,34041,Third Officer,Third Officer,4.0
23208,Chief Executive,TH01,Trinity House,Department for Transport,Operational Delivery,27245,Administrator,C,1.0
27246,Chief Executive,TH01,Trinity House,Department for Transport,Operational Delivery,33737,Assistant to Health & Safety Manager,D,0.65
44952,Chief Executive,TH01,Trinity House,Department for Transport,Operational Delivery,52589,Audit & Performance Manager,F,1.0
33738,Chief Executive,TH01,Trinity House,Department for Transport,Operational Delivery,44951,Estates and Property Manager,E,1.0
61170,Chief Executive,TH01,Trinity House,Department for Transport,Operational Delivery,75000,Head of Secretariat,SM2,1.0
27246,Chief Executive,TH01,Trinity House,Department for Transport,Operational Delivery,33737,Health & Safety Assistant,D,1.0
52590,Chief Executive,TH01,Trinity House,Department for Transport,Operational Delivery,61169,Health & Safety Manager,SM1,1.0
33738,Chief Executive,TH01,Trinity House,Department for Transport,Operational Delivery,44951,Legal & Support Team Leader,E,1.0
52590,Chief Executive,TH01,Trinity House,Department for Transport,Operational Delivery,61169,Legal Advisor,SM1,1.0
19188,Chief Executive,TH01,Trinity House,Department for Transport,Operational Delivery,20951,Performance Administrator,A,1.0
27246,Chief Executive,TH01,Trinity House,Department for Transport,Operational Delivery,33737,Personal Assistant to Executive Chairman,D,1.0
27246,Chief Executive,TH01,Trinity House,Department for Transport,Operational Delivery,33737,Public Relations & Records Assistant,D,0.6
33738,Chief Executive,TH01,Trinity House,Department for Transport,Operational Delivery,44951,Public Relations & Records Manager,E,1.0
23208,Chief Executive,TH01,Trinity House,Department for Transport,Operational Delivery,27245,Receptionist,C,1.0
44952,Chief Executive,TH01,Trinity House,Department for Transport,Operational Delivery,52589,Risk Manager,F,1.0
27246,Chief Executive,TH01,Trinity House,Department for Transport,Operational Delivery,33737,Secretary to L&R Manager & PA to the Dir of R&RN,D,1.0
27246,Navigation Directorate,TH02,Trinity House,Department for Transport,Other,33737,Hydrography & Charting Officer,D,1.0
52590,Navigation Directorate,TH02,Trinity House,Department for Transport,Other,61169,Inspector of Seamarks,SM1,1.0
27246,Navigation Directorate,TH02,Trinity House,Department for Transport,Other,33737,Local Aids To Navigation Officer,D,1.0
52590,Navigation Directorate,TH02,Trinity House,Department for Transport,Other,61169,Local AtoN Manager,SM1,1.0
23208,Navigation Directorate,TH02,Trinity House,Department for Transport,Other,27245,Navigation Department Administrator,C,1.0
61170,Navigation Directorate,TH02,Trinity House,Department for Transport,Other,75000,Navigation Manager,SM2,1.0
33738,Navigation Directorate,TH02,Trinity House,Department for Transport,Other,44951,Navigation Services Officer,E,1.0
33738,Navigation Directorate,TH02,Trinity House,Department for Transport,Other,44951,Navigation Support Officer,E,1.0
23208,Operations Directorate,TH03,Trinity House,Department for Transport,Operational Delivery,27245,Assistant to Field Operations Manager,C,1.0
19188,Operations Directorate,TH03,Trinity House,Department for Transport,Operational Delivery,20951,Assistant to Planning & Commercial Manager,A,0.81
27246,Operations Directorate,TH03,Trinity House,Department for Transport,Operational Delivery,33737,Building Services and Site Support Technician,D,1.0
27246,Operations Directorate,TH03,Trinity House,Department for Transport,Operational Delivery,33737,Buoy Support Technician,D,1.0
23208,Operations Directorate,TH03,Trinity House,Department for Transport,Operational Delivery,27245,Buoy Yard Electrical Technician,C,2.0
23208,Operations Directorate,TH03,Trinity House,Department for Transport,Operational Delivery,27245,Buoy Yard Senior Team Leader,C,2.0
20952,Operations Directorate,TH03,Trinity House,Department for Transport,Operational Delivery,23207,Buoy Yard Senior Team Member,B,1.0
27246,Operations Directorate,TH03,Trinity House,Department for Transport,Operational Delivery,33737,Buoy Yard Supervisor,D,2.0
19188,Operations Directorate,TH03,Trinity House,Department for Transport,Operational Delivery,20951,Buoy Yard Team Member,A,8.0
23208,Operations Directorate,TH03,Trinity House,Department for Transport,Operational Delivery,27245,Buoy Yard Team Member - Craft,C,2.0
19188,Operations Directorate,TH03,Trinity House,Department for Transport,Operational Delivery,20951,Commercial Administrator,A,2.0
44952,Operations Directorate,TH03,Trinity House,Department for Transport,Operational Delivery,52589,Commercial Manager,F,1.0
27246,Operations Directorate,TH03,Trinity House,Department for Transport,Operational Delivery,33737,Commercial Team Leader,D,1.0
52590,Operations Directorate,TH03,Trinity House,Department for Transport,Operational Delivery,61169,Deputy Marine Superintendent,SM1,1.0
33738,Operations Directorate,TH03,Trinity House,Department for Transport,Operational Delivery,44951,Design & Support Engineer,E,1.0
33738,Operations Directorate,TH03,Trinity House,Department for Transport,Operational Delivery,44951,Design Manager,E,1.0
27246,Operations Directorate,TH03,Trinity House,Department for Transport,Operational Delivery,33737,Design Technician,D,4.0
52590,Operations Directorate,TH03,Trinity House,Department for Transport,Operational Delivery,61169,Engineering Manager,SM1,1.0
52590,Operations Directorate,TH03,Trinity House,Department for Transport,Operational Delivery,61169,Engineering Superintendent,SM1,1.0
19188,Operations Directorate,TH03,Trinity House,Department for Transport,Operational Delivery,20951,Field Operations Administrator,A,3.0
61170,Operations Directorate,TH03,Trinity House,Department for Transport,Operational Delivery,75000,Head of Engineering & Operations,SM2,1.0
61170,Operations Directorate,TH03,Trinity House,Department for Transport,Operational Delivery,75000,Head of Planning & Commercial,SM2,1.0
33738,Operations Directorate,TH03,Trinity House,Department for Transport,Operational Delivery,44951,Installation Supervisor,E,1.0
52590,Operations Directorate,TH03,Trinity House,Department for Transport,Operational Delivery,61169,Lighthouse Manager,SM1,1.0
19188,Operations Directorate,TH03,Trinity House,Department for Transport,Operational Delivery,20951,Lighthouse Support Team Member,A,2.0
23208,Operations Directorate,TH03,Trinity House,Department for Transport,Operational Delivery,27245,Lighthouse Technican,C,16.0
27246,Operations Directorate,TH03,Trinity House,Department for Transport,Operational Delivery,33737,Lighthouse Technican (Civil),D,1.0
19188,Operations Directorate,TH03,Trinity House,Department for Transport,Operational Delivery,20951,Marine Support Administrator,A,0.5
23208,Operations Directorate,TH03,Trinity House,Department for Transport,Operational Delivery,27245,Marine Support Assistant,C,1.0
27246,Operations Directorate,TH03,Trinity House,Department for Transport,Operational Delivery,33737,MMIS System Planner,D,1.0
33738,Operations Directorate,TH03,Trinity House,Department for Transport,Operational Delivery,44951,Operations Officer,E,5.0
33738,Operations Directorate,TH03,Trinity House,Department for Transport,Operational Delivery,44951,Operations Officer Team Leader,E,1.0
33738,Operations Directorate,TH03,Trinity House,Department for Transport,Operational Delivery,44951,Operations Systems Manager,E,1.0
23208,Operations Directorate,TH03,Trinity House,Department for Transport,Operational Delivery,27245,PA to Director of Operations & Director of Business Services,C,0.68
52590,Operations Directorate,TH03,Trinity House,Department for Transport,Operational Delivery,61169,Programme Manager,SM1,1.0
33738,Operations Directorate,TH03,Trinity House,Department for Transport,Operational Delivery,44951,Project Engineer,E,3.0
23208,Operations Directorate,TH03,Trinity House,Department for Transport,Operational Delivery,27245,Project Support Officer,C,1.0
61170,Operations Directorate,TH03,Trinity House,Department for Transport,Operational Delivery,75000,Senior Marine Superintendent,SM2,1.0
44952,Operations Directorate,TH03,Trinity House,Department for Transport,Operational Delivery,52589,Senior Planner,F,1.0
44952,Operations Directorate,TH03,Trinity House,Department for Transport,Operational Delivery,52589,Senior Project Engineer,F,3.0
52590,Operations Directorate,TH03,Trinity House,Department for Transport,Operational Delivery,61169,Senior Support Engineer,SM1,1.0
33738,Operations Directorate,TH03,Trinity House,Department for Transport,Operational Delivery,44951,Senior Technican (Civil),E,3.0
33738,Operations Directorate,TH03,Trinity House,Department for Transport,Operational Delivery,44951,Senior Technician,E,6.0
33738,Operations Directorate,TH03,Trinity House,Department for Transport,Operational Delivery,44951,Support Engineer,E,3.0
33738,Operations Directorate,TH03,Trinity House,Department for Transport,Operational Delivery,44951,Technical Manager,E,3.0
52590,Operations Directorate,TH03,Trinity House,Department for Transport,Operational Delivery,61169,Technical Services Manager,SM1,1.0
52590,Operations Directorate,TH03,Trinity House,Department for Transport,Operational Delivery,61169,Technical Superintendent,SM1,1.0
19188,Operations Directorate,TH03,Trinity House,Department for Transport,Operational Delivery,20951,Technical Support Administrator,A,1.0
27246,Operations Directorate,TH03,Trinity House,Department for Transport,Operational Delivery,33737,Technician (Civil) Building Maintenance,D,1.0
27246,Business Services,TH04,Trinity House,Department for Transport,Finance,33737,Assistant Accountant,D,1.81
27246,Business Services,TH04,Trinity House,Department for Transport,Finance,33737,Buyer,D,1.0
33738,Business Services,TH04,Trinity House,Department for Transport,Finance,44951,Compensation & Benefits Co-ordinator,E,1.0
19188,Business Services,TH04,Trinity House,Department for Transport,Finance,20951,Expenses & Training Assistant,A,1.0
19188,Business Services,TH04,Trinity House,Department for Transport,Finance,20951,Finance Administrator,A,4.0
52590,Business Services,TH04,Trinity House,Department for Transport,Finance,61169,Financial Controller,SM1,1.0
61170,Business Services,TH04,Trinity House,Department for Transport,Finance,75000,Head of Finance & Procurement,SM2,1.0
61170,Business Services,TH04,Trinity House,Department for Transport,Finance,75000,Head of HR,SM2,1.0
61170,Business Services,TH04,Trinity House,Department for Transport,Finance,75000,Head of IT,SM2,1.0
27246,Business Services,TH04,Trinity House,Department for Transport,Finance,33737,HR Advisor,D,1.0
19188,Business Services,TH04,Trinity House,Department for Transport,Finance,20951,HR Assistant,A,0.61
52590,Business Services,TH04,Trinity House,Department for Transport,Finance,61169,HR Operations Manager,SM1,0.86
19188,Business Services,TH04,Trinity House,Department for Transport,Finance,20951,IT Help Desk Administrator,A,1.0
23208,Business Services,TH04,Trinity House,Department for Transport,Finance,27245,IT Junior Support Officer,C,1.0
44952,Business Services,TH04,Trinity House,Department for Transport,Finance,52589,IT Network & Security Manager,F,1.0
33738,Business Services,TH04,Trinity House,Department for Transport,Finance,44951,IT Network & Support Analyst,E,1.0
33738,Business Services,TH04,Trinity House,Department for Transport,Finance,44951,IT Project & Support Engineer,E,1.0
44952,Business Services,TH04,Trinity House,Department for Transport,Finance,52589,IT Project Manager,F,1.0
33738,Business Services,TH04,Trinity House,Department for Transport,Finance,44951,IT Support Analyst,E,1.0
44952,Business Services,TH04,Trinity House,Department for Transport,Finance,52589,IT Support Manager,F,1.0
44952,Business Services,TH04,Trinity House,Department for Transport,Finance,52589,Payroll & HR System Manager,F,1.0
19188,Business Services,TH04,Trinity House,Department for Transport,Finance,20951,Payroll Officer,A,1.0
19188,Business Services,TH04,Trinity House,Department for Transport,Finance,20951,Purchasing Administrator,A,3.0
19188,Business Services,TH04,Trinity House,Department for Transport,Finance,20951,Receptionist,A,1.0
33738,Business Services,TH04,Trinity House,Department for Transport,Finance,44951,Senior Buyer,E,1.0
27246,Business Services,TH04,Trinity House,Department for Transport,Finance,33737,Senior Procurement Administrator,D,1.0
33738,Business Services,TH04,Trinity House,Department for Transport,Finance,44951,Supplies Manager,E,1.0
19188,Business Services,TH04,Trinity House,Department for Transport,Finance,20951,Supplies Officer,A,5.0
23208,Business Services,TH04,Trinity House,Department for Transport,Finance,27245,Supplies Supervisor,C,1.0
44952,Business Services,TH04,Trinity House,Department for Transport,Finance,52589,Supply Chain Manager,F,1.0
20952,Business Services,TH04,Trinity House,Department for Transport,Finance,23207,Trainee Buyer,B,2.0
33738,Business Services,TH04,Trinity House,Department for Transport,Finance,44951,Training Co-ordinator,E,1.0
61170,Navigation Directorate,TH02,Trinity House,Department for Transport,Other,75000,Head of Research,SM2,1.0
52590,Navigation Directorate,TH02,Trinity House,Department for Transport,Other,61169,Principal Radionavigation Engineer,SM1,1.0
52590,Navigation Directorate,TH02,Trinity House,Department for Transport,Other,61169,Principal Research & Development Engineer,SM1,1.0
52590,Navigation Directorate,TH02,Trinity House,Department for Transport,Other,61169,Principal Systems Engineer,SM1,1.0
52590,Navigation Directorate,TH02,Trinity House,Department for Transport,Other,61169,Principal Visual Signalling Engineer,SM1,1.0
23208,Navigation Directorate,TH02,Trinity House,Department for Transport,Other,27245,Project Support Officer,C,1.0
33738,Navigation Directorate,TH02,Trinity House,Department for Transport,Other,44951,Research & Innovation Engineer (Computer Systems),E,1.0
33738,Navigation Directorate,TH02,Trinity House,Department for Transport,Other,44951,Research & Innovation Engineer (Lights),E,1.0
33738,Navigation Directorate,TH02,Trinity House,Department for Transport,Other,44951,Research & Innovation Engineer (RNAV),E,3.0
20952,Navigation Directorate,TH02,Trinity House,Department for Transport,Other,23207,Research & Innovation Techinician (Lights),B,1.0
52590,Business Services,TH04,Trinity House,Department for Transport,Finance,61169,GLF Accountant,SM1,1.0
27246,Business Services,TH04,Trinity House,Department for Transport,Finance,33737,Light Dues Team Leader,D,1.0
19188,Business Services,TH04,Trinity House,Department for Transport,Finance,20951,Lightdues Administrator,A,5.0
