Generic Job Title,Parent Department,Payscale Maximum (Â£),Professional/Occupational Group,Organisation,Unit,Number of Posts in FTE,Grade,Payscale Minimum (Â£),Reporting Senior Post
Captain,Department for Transport,55886,Operational delivery,Trinity House Lighthouse Service,Operations Directorate,4.0,Captain,47339,TH03
Chief Engineer,Department for Transport,51869,Operational delivery,Trinity House Lighthouse Service,Operations Directorate,4.0,Chief Engineer,43736,TH03
Commander,Department for Transport,44476,Operational delivery,Trinity House Lighthouse Service,Operations Directorate,2.0,Commander,41292,TH03
Engineering Officer - RIV,Department for Transport,43616,Operational delivery,Trinity House Lighthouse Service,Operations Directorate,2.0,Engineering Officer - RIV,40432,TH03
Electronic Technical Officer,Department for Transport,41615,Operational delivery,Trinity House Lighthouse Service,Operations Directorate,4.0,Electronic Technical Officer,38430,TH03
First Officer,Department for Transport,41615,Operational delivery,Trinity House Lighthouse Service,Operations Directorate,4.0,First Officer,38430,TH03
Second Engineer,Department for Transport,41615,Operational delivery,Trinity House Lighthouse Service,Operations Directorate,4.0,Second Engineer,38430,TH03
Second Officer,Department for Transport,37254,Operational delivery,Trinity House Lighthouse Service,Operations Directorate,10.0,Second Officer,33042,TH03
Second Officer - RIV,Department for Transport,38370,Operational delivery,Trinity House Lighthouse Service,Operations Directorate,4.0,Second Officer - RIV,34160,TH03
Third Engineer,Department for Transport,37254,Operational delivery,Trinity House Lighthouse Service,Operations Directorate,2.0,Third Engineer,33042,TH03
Boatswain,Department for Transport,30520,Operational delivery,Trinity House Lighthouse Service,Operations Directorate,4.0,Boatswain,28789,TH03
Chief Steward,Department for Transport,30520,Operational delivery,Trinity House Lighthouse Service,Operations Directorate,4.0,Chief Steward,28789,TH03
Engine Room Assistant,Department for Transport,30520,Operational delivery,Trinity House Lighthouse Service,Operations Directorate,4.0,Engine Room Assistant,28789,TH03
Boatswain Mate,Department for Transport,27768,Operational delivery,Trinity House Lighthouse Service,Operations Directorate,2.0,Boatswain Mate,26940,TH03
Carpenter,Department for Transport,27768,Operational delivery,Trinity House Lighthouse Service,Operations Directorate,2.0,Carpenter,26940,TH03
Petty Officer Deck,Department for Transport,27768,Operational delivery,Trinity House Lighthouse Service,Operations Directorate,2.0,Petty Officer Deck,26940,TH03
Cook,Department for Transport,28561,Operational delivery,Trinity House Lighthouse Service,Operations Directorate,4.0,Cook,26516,TH03
Catering Rating,Department for Transport,26940,Operational delivery,Trinity House Lighthouse Service,Operations Directorate,2.0,Catering Rating,23505,TH03
Mechanic AB,Department for Transport,28244,Operational delivery,Trinity House Lighthouse Service,Operations Directorate,4.0,Mechanic AB,28244,TH03
Seaman,Department for Transport,26940,Operational delivery,Trinity House Lighthouse Service,Operations Directorate,24.0,Seaman,23505,TH03
Legal & Risk Manager,Department for Transport,64032,Policy,Trinity House Lighthouse Service,Operations Directorate,1.0,SM2,44820,TH01
Research Director,Department for Transport,64032,Policy,Trinity House Lighthouse Service,Operations Directorate,1.0,SM2,44820,TH01
RRNAV Manager,Department for Transport,64032,Policy,Trinity House Lighthouse Service,Operations Directorate,1.0,SM2,44820,TH01
Principal Development Engineer,Department for Transport,55044,Policy,Trinity House Lighthouse Service,Operations Directorate,3.0,SM1,38532,TH01
Legal Advisor,Department for Transport,55044,Policy,Trinity House Lighthouse Service,Operations Directorate,1.0,SM1,38532,TH01
Principal Development Engineer (Systems),Department for Transport,47040,Policy,Trinity House Lighthouse Service,Operations Directorate,1.0,F,32928,TH01
Health & Safety Manager,Department for Transport,47040,Policy,Trinity House Lighthouse Service,Operations Directorate,1.0,F,32928,TH01
Estates & Property Manager,Department for Transport,47040,Policy,Trinity House Lighthouse Service,Operations Directorate,1.0,F,32928,TH01
Project Manager,Department for Transport,47040,Policy,Trinity House Lighthouse Service,Operations Directorate,1.0,F,32928,TH01
Risk Mgmt & Claim Co-ordinator,Department for Transport,47040,Policy,Trinity House Lighthouse Service,Operations Directorate,1.0,F,32928,TH01
Research & Development Engineer,Department for Transport,47040,Policy,Trinity House Lighthouse Service,Operations Directorate,2.0,F,32928,TH01
Public Relations Manager,Department for Transport,47040,Policy,Trinity House Lighthouse Service,Operations Directorate,1.0,F,32928,TH01
Performance Manager,Department for Transport,35316,Policy,Trinity House Lighthouse Service,Operations Directorate,1.0,E,26484,TH01
PA to Executive Chairman,Department for Transport,35316,Policy,Trinity House Lighthouse Service,Operations Directorate,1.0,E,26484,TH01
Legal & Support Team Leader,Department for Transport,35316,Policy,Trinity House Lighthouse Service,Operations Directorate,1.0,E,26484,TH01
Development Engineer,Department for Transport,35316,Policy,Trinity House Lighthouse Service,Operations Directorate,1.0,E,26484,TH01
Records Manager,Department for Transport,35316,Policy,Trinity House Lighthouse Service,Operations Directorate,1.0,E,26484,TH01
Secretary and PA,Department for Transport,28524,Policy,Trinity House Lighthouse Service,Operations Directorate,0.76,D,21396,TH01
Team Administrator,Department for Transport,28524,Policy,Trinity House Lighthouse Service,Operations Directorate,1.0,D,21396,TH01
Assistant to Health & Safety Manager,Department for Transport,28524,Policy,Trinity House Lighthouse Service,Operations Directorate,1.6,D,21396,TH01
Lights Techinician,Department for Transport,25272,Policy,Trinity House Lighthouse Service,Operations Directorate,1.0,C,18906,TH01
Receptionist/Administrator,Department for Transport,25272,Policy,Trinity House Lighthouse Service,Operations Directorate,2.0,C,18906,TH01
Management Systems Support Officer,Department for Transport,25272,Policy,Trinity House Lighthouse Service,Operations Directorate,1.0,C,18906,TH01
Navigation Manager,Department for Transport,64032,Other,Trinity House Lighthouse Service,Operations Directorate,1.0,SM2,44820,TH02
Inspector of Seamarks,Department for Transport,64032,Other,Trinity House Lighthouse Service,Operations Directorate,1.0,SM2,44820,TH02
Local Seamarks Auditor,Department for Transport,47040,Other,Trinity House Lighthouse Service,Operations Directorate,1.0,F,32928,TH02
Navigation Services Officer,Department for Transport,35316,Other,Trinity House Lighthouse Service,Operations Directorate,1.0,E,26484,TH02
Local Aids To Navigation Officer,Department for Transport,35316,Other,Trinity House Lighthouse Service,Operations Directorate,1.0,E,26484,TH02
Navigation Support Officer,Department for Transport,35316,Other,Trinity House Lighthouse Service,Operations Directorate,1.0,E,26484,TH02
Hydrography & Charting Officer,Department for Transport,35316,Other,Trinity House Lighthouse Service,Operations Directorate,1.0,E,26484,TH02
Planning & Performance Manager,Department for Transport,64032,Operational delivery,Trinity House Lighthouse Service,Operations Directorate,1.0,SM2,44820,TH03
Engineering & Operations Manager,Department for Transport,64032,Operational delivery,Trinity House Lighthouse Service,Operations Directorate,1.0,SM2,44820,TH03
Marine Operations Manager,Department for Transport,64032,Operational delivery,Trinity House Lighthouse Service,Operations Directorate,1.0,SM2,44820,TH03
Engineering & Project Delivery Manager,Department for Transport,64032,Operational delivery,Trinity House Lighthouse Service,Operations Directorate,1.0,SM2,44820,TH03
Engineering Officer (SVS),Department for Transport,55044,Operational delivery,Trinity House Lighthouse Service,Operations Directorate,1.0,SM1,38532,TH03
Programme Manager,Department for Transport,55044,Operational delivery,Trinity House Lighthouse Service,Operations Directorate,1.0,SM1,38532,TH03
Engineering Manager,Department for Transport,55044,Operational delivery,Trinity House Lighthouse Service,Operations Directorate,1.0,SM1,38532,TH03
Technical Superintendent,Department for Transport,55044,Operational delivery,Trinity House Lighthouse Service,Operations Directorate,1.0,SM1,38532,TH03
Planning Manager,Department for Transport,55044,Operational delivery,Trinity House Lighthouse Service,Operations Directorate,1.0,SM1,38532,TH03
Principal Engineer,Department for Transport,55044,Operational delivery,Trinity House Lighthouse Service,Operations Directorate,3.0,SM1,38532,TH03
Buoy Manager,Department for Transport,55044,Operational delivery,Trinity House Lighthouse Service,Operations Directorate,1.0,SM1,38532,TH03
Lighthouse Manager,Department for Transport,55044,Operational delivery,Trinity House Lighthouse Service,Operations Directorate,1.0,SM1,38532,TH03
Engineering Superintendent,Department for Transport,55044,Operational delivery,Trinity House Lighthouse Service,Operations Directorate,1.0,SM1,38532,TH03
Marine Superintendent,Department for Transport,55044,Operational delivery,Trinity House Lighthouse Service,Operations Directorate,1.0,SM1,38532,TH03
Senior Design Engineer,Department for Transport,55044,Operational delivery,Trinity House Lighthouse Service,Operations Directorate,3.0,SM1,38532,TH03
Project Manager,Department for Transport,55044,Operational delivery,Trinity House Lighthouse Service,Operations Directorate,1.0,SM1,38532,TH03
Commercial Manager,Department for Transport,47040,Operational delivery,Trinity House Lighthouse Service,Operations Directorate,1.0,F,32928,TH03
Estates Development Manager,Department for Transport,47040,Operational delivery,Trinity House Lighthouse Service,Operations Directorate,1.0,F,32928,TH03
Operations Systems Manager,Department for Transport,47040,Operational delivery,Trinity House Lighthouse Service,Operations Directorate,1.0,F,32928,TH03
Design & Support Engineer,Department for Transport,47040,Operational delivery,Trinity House Lighthouse Service,Operations Directorate,1.0,F,32928,TH03
Design Engineer,Department for Transport,47040,Operational delivery,Trinity House Lighthouse Service,Operations Directorate,6.0,F,32928,TH03
Technical Manager,Department for Transport,47040,Operational delivery,Trinity House Lighthouse Service,Operations Directorate,3.0,F,32928,TH03
CDM Co-ordinator & Installation Supervisor,Department for Transport,47040,Operational delivery,Trinity House Lighthouse Service,Operations Directorate,1.0,F,32928,TH03
Senior Planner,Department for Transport,47040,Operational delivery,Trinity House Lighthouse Service,Operations Directorate,1.0,F,32928,TH03
Senior Operations Officer,Department for Transport,35316,Operational delivery,Trinity House Lighthouse Service,Operations Directorate,2.0,E,26484,TH03
Operations Officer,Department for Transport,35316,Operational delivery,Trinity House Lighthouse Service,Operations Directorate,4.0,E,26484,TH03
Lead Project Technican,Department for Transport,35316,Operational delivery,Trinity House Lighthouse Service,Operations Directorate,1.0,E,26484,TH03
Assistant Design Engineer,Department for Transport,35316,Operational delivery,Trinity House Lighthouse Service,Operations Directorate,1.0,E,26484,TH03
Senior Technician,Department for Transport,35316,Operational delivery,Trinity House Lighthouse Service,Operations Directorate,7.0,E,26484,TH03
Light House Support Team Leader,Department for Transport,35316,Operational delivery,Trinity House Lighthouse Service,Operations Directorate,1.0,E,26484,TH03
Buoy Yard Supervisor,Department for Transport,35316,Operational delivery,Trinity House Lighthouse Service,Operations Directorate,2.0,E,26484,TH03
Planning Assistant,Department for Transport,35316,Operational delivery,Trinity House Lighthouse Service,Operations Directorate,1.0,E,26484,TH03
Technical Officer,Department for Transport,28524,Operational delivery,Trinity House Lighthouse Service,Operations Directorate,1.0,D,21396,TH03
PA to Director of Operations & Finance,Department for Transport,28524,Operational delivery,Trinity House Lighthouse Service,Operations Directorate,0.81,D,21396,TH03
Commercial Team Leader,Department for Transport,28524,Operational delivery,Trinity House Lighthouse Service,Operations Directorate,1.0,D,21396,TH03
Assistant to Engineer & Operations Manager,Department for Transport,25272,Operational delivery,Trinity House Lighthouse Service,Operations Directorate,1.0,C,18906,TH03
Project Technican,Department for Transport,25272,Operational delivery,Trinity House Lighthouse Service,Operations Directorate,4.0,C,18906,TH03
Lighthouse Technican,Department for Transport,25272,Operational delivery,Trinity House Lighthouse Service,Operations Directorate,20.0,C,18906,TH03
Buoy Yard Team Member Craft,Department for Transport,25272,Operational delivery,Trinity House Lighthouse Service,Operations Directorate,6.0,C,18906,TH03
Senior Buoy Yard Team Member,Department for Transport,25272,Operational delivery,Trinity House Lighthouse Service,Operations Directorate,4.0,C,18906,TH03
Project Assistant,Department for Transport,25272,Operational delivery,Trinity House Lighthouse Service,Operations Directorate,1.0,C,18906,TH03
Engineering Administrator,Department for Transport,25272,Operational delivery,Trinity House Lighthouse Service,Operations Directorate,0.5,C,18906,TH03
Buoy Yard Team Member,Department for Transport,25272,Operational delivery,Trinity House Lighthouse Service,Operations Directorate,13.0,C,18906,TH03
Light House Support Team Member,Department for Transport,25272,Operational delivery,Trinity House Lighthouse Service,Operations Directorate,3.0,C,18906,TH03
Fops Administrator,Department for Transport,25272,Operational delivery,Trinity House Lighthouse Service,Operations Directorate,3.0,C,18906,TH03
Marine Support Assistant,Department for Transport,25272,Operational delivery,Trinity House Lighthouse Service,Operations Directorate,1.0,C,18906,TH03
Commercial Administrator,Department for Transport,25272,Operational delivery,Trinity House Lighthouse Service,Operations Directorate,1.6,C,18906,TH03
Assistant Planner,Department for Transport,25272,Operational delivery,Trinity House Lighthouse Service,Operations Directorate,1.0,C,18906,TH03
HR Manager,Department for Transport,64032,Finance,Trinity House Lighthouse Service,Operations Directorate,1.0,SM2,44820,TH04
Financial Manager,Department for Transport,64032,Finance,Trinity House Lighthouse Service,Operations Directorate,0.8,SM2,44820,TH04
Procurement & Inventory Manager,Department for Transport,64032,Finance,Trinity House Lighthouse Service,Operations Directorate,1.0,SM2,44820,TH04
IT Manager,Department for Transport,64032,Finance,Trinity House Lighthouse Service,Operations Directorate,1.0,SM2,44820,TH04
Management Accountant,Department for Transport,47040,Finance,Trinity House Lighthouse Service,Operations Directorate,1.0,F,32928,TH04
Financial Accountant,Department for Transport,47040,Finance,Trinity House Lighthouse Service,Operations Directorate,1.0,F,32928,TH04
Employee Relations & Communications Manager,Department for Transport,47040,Finance,Trinity House Lighthouse Service,Operations Directorate,0.68,F,32928,TH04
Personnel Administration Manager,Department for Transport,47040,Finance,Trinity House Lighthouse Service,Operations Directorate,1.0,F,32928,TH04
IT Support Manager,Department for Transport,47040,Finance,Trinity House Lighthouse Service,Operations Directorate,1.0,F,32928,TH04
IT Project Manager,Department for Transport,47040,Finance,Trinity House Lighthouse Service,Operations Directorate,1.0,F,32928,TH04
Purchasing Manager,Department for Transport,47040,Finance,Trinity House Lighthouse Service,Operations Directorate,1.0,F,32928,TH04
Senior IT Support Officer,Department for Transport,47040,Finance,Trinity House Lighthouse Service,Operations Directorate,1.0,F,32928,TH04
IT Network Engineer,Department for Transport,35316,Finance,Trinity House Lighthouse Service,Operations Directorate,1.0,E,26484,TH04
IT Project Co-ordinator,Department for Transport,35316,Finance,Trinity House Lighthouse Service,Operations Directorate,1.0,E,26484,TH04
Supplies Manager,Department for Transport,35316,Finance,Trinity House Lighthouse Service,Operations Directorate,1.0,E,26484,TH04
Pension&Benefits Co-ordinator,Department for Transport,35316,Finance,Trinity House Lighthouse Service,Operations Directorate,1.0,E,26484,TH04
Training Co-ordinator,Department for Transport,35316,Finance,Trinity House Lighthouse Service,Operations Directorate,1.0,E,26484,TH04
Communications Officer,Department for Transport,35316,Finance,Trinity House Lighthouse Service,Operations Directorate,1.0,E,26484,TH04
IT Support Officer,Department for Transport,35316,Finance,Trinity House Lighthouse Service,Operations Directorate,3.0,E,26484,TH04
Assistant Financial Accountant,Department for Transport,28524,Finance,Trinity House Lighthouse Service,Operations Directorate,0.81,D,21396,TH04
Light Dues Team Leader,Department for Transport,28524,Finance,Trinity House Lighthouse Service,Operations Directorate,1.0,D,21396,TH04
Assistant Mangement Accountant,Department for Transport,28524,Finance,Trinity House Lighthouse Service,Operations Directorate,1.0,D,21396,TH04
HR Officer,Department for Transport,28524,Finance,Trinity House Lighthouse Service,Operations Directorate,1.0,D,21396,TH04
Buyer,Department for Transport,25272,Finance,Trinity House Lighthouse Service,Operations Directorate,2.4,C,18906,TH04
Supplies Supervisor,Department for Transport,25272,Finance,Trinity House Lighthouse Service,Operations Directorate,1.0,C,18906,TH04
Finance Administrator,Department for Transport,25272,Finance,Trinity House Lighthouse Service,Operations Directorate,4.0,C,18906,TH04
Trainee Accountant,Department for Transport,25272,Finance,Trinity House Lighthouse Service,Operations Directorate,1.0,C,18906,TH04
HR Administrator,Department for Transport,25272,Finance,Trinity House Lighthouse Service,Operations Directorate,3.4,C,18906,TH04
IT Help Desk Administrator,Department for Transport,25272,Finance,Trinity House Lighthouse Service,Operations Directorate,1.0,C,18906,TH04
Supplies Officer,Department for Transport,25272,Finance,Trinity House Lighthouse Service,Operations Directorate,6.0,C,18906,TH04
Purchasing Administrator,Department for Transport,25272,Finance,Trinity House Lighthouse Service,Operations Directorate,2.5,C,18906,TH04
Receptionist,Department for Transport,25272,Finance,Trinity House Lighthouse Service,Operations Directorate,1.0,C,18906,TH04
Light Dues Administrator,Department for Transport,25272,Finance,Trinity House Lighthouse Service,Operations Directorate,4.4,C,18906,TH04
