Organisation,Valid?,Salary Cost of Reports (Â£),FTE,Actual Pay Floor (Â£),Notes,Unit,Actual Pay Ceiling (Â£),Job/Team Function,Unnamed: 15,Job Title,Contact Phone,Name,Post Unique Reference,Professional/Occupational Group,Parent Department,Reports to Senior Post,Grade (or equivalent),Contact E-mail
Trinity House,1,737108,1.0,115000,,Chief Executive,119999,"Corporate responsibility for the strategic and operational leadership of Trinity House. Maintains an ongoing overview of all Service activities to ensure that the service meets its corporate goals. Line Management responsibility for Legal and Risk, Health and Safety, Management Systems and PR",,Executive Chairman,020 7481 6900 (Trinity House Tower Hill Reception),Captain Ian McNaught,TH01,Policy,Department for Transport,XX,SCS2,Deputy.Master@thls.org
Trinity House,1,1136640,1.0,85000,,Navigation Directorate,89999,"Provides leadership, guidance and advice to the Executive Chairman and the Lighthouse Board and the Department for Transport, and senior colleagues and managers on all aspects of Aids to Navigation policy, development and performance, to ensure that the Serviceâs statutory duty and forward planning responsibilities are effectively met as a Lighthouse Authority and the safety of the mariner around the coasts of England and Wales is maximized.",,Director of Navigational Requirements,020 7481 6900 (Trinity House Tower Hill Reception),Captain R Barker,TH02,Operational Research,Department for Transport,TH01,SCS1,Roger.Barker@thls.org
Trinity House,1,8200983,1.0,85000,,Operations Directorate,89999,"Provides, maintains and operates the serviceâs Aids to Navigation around the coast of England and Wales in support of the Corporationâs statutory obligations, including lighthouses, light vessels, support vessels, buoys and GPS services. Oversees Planning, Engineering and Operations and Marine Operations.",,Director of Operations,020 7481 6900 (Trinity House Tower Hill Reception),Vacant Position,TH03,Operational Delivery,Department for Transport,TH01,SCS1,Jerry.Wedge@thls.org
Trinity House,1,1952240,1.0,90000,,Finance & Support Service,94999,"Provides leadership, guidance and advice on all support services including Finance, HR, IT, Facilities and Procurement to the Board, Executive Chairman,Operational Senior Managers and staff. Exercises control over all the Serviceâs financial affairs, accounts and ledgers including the Treasury function, payroll services, and light dues collection (for all 3 GLAs).",,Director of Finance & Support Services,01255 245000 (Trinity House Harwich Reception),Mr J Wedge,TH04,Finance,Department for Transport,TH01,SCS1,Jerry.Wedge@thls.org
