Parent Department,Unit,Organisation,Reporting Senior Post,Number of Posts in FTE,Professional/Occupational Group,Payscale Maximum (Â£),Grade,Generic Job Title,Payscale Minimum (Â£)
Department for Transport,Operations Directorate,Trinity House,TH03,4.0,Operational Delivery,57856,Captain,Captain,53418
Department for Transport,Operations Directorate,Trinity House,TH03,4.0,Operational Delivery,53698,Chief Engineer,Chief Engineer,45277
Department for Transport,Operations Directorate,Trinity House,TH03,2.0,Operational Delivery,46044,Commander - RIV,Commander,42747
Department for Transport,Operations Directorate,Trinity House,TH03,2.0,Operational Delivery,45153,Engineering Officer - RIV,Engineering Officer - RIV,41857
Department for Transport,Operations Directorate,Trinity House,TH03,4.0,Operational Delivery,43082,Electronic Technical Officer,Electronic Technical Officer,39785
Department for Transport,Operations Directorate,Trinity House,TH03,4.0,Operational Delivery,46082,First Officer,First Officer,39785
Department for Transport,Operations Directorate,Trinity House,TH03,6.0,Operational Delivery,43082,Second Engineer,Second Engineer,39785
Department for Transport,Operations Directorate,Trinity House,TH03,12.0,Operational Delivery,38567,Second Officer,Second Officer,34207
Department for Transport,Operations Directorate,Trinity House,TH03,4.0,Operational Delivery,39722,Second Officer - RIV,Second Officer - RIV,35364
Department for Transport,Operations Directorate,Trinity House,TH03,2.0,Operational Delivery,38567,Third Engineer,Third Engineer,34207
Department for Transport,Operations Directorate,Trinity House,TH03,4.0,Operational Delivery,34978,Boatswain,Boatswain,32000
Department for Transport,Operations Directorate,Trinity House,TH03,4.0,Operational Delivery,31596,Catering Manager,Catering Manager,30958
Department for Transport,Operations Directorate,Trinity House,TH03,4.0,Operational Delivery,31596,Engine Room Assistant,Engine Room Assistant,28747
Department for Transport,Operations Directorate,Trinity House,TH03,2.0,Operational Delivery,29568,Carpenter,Carpenter,28747
Department for Transport,Operations Directorate,Trinity House,TH03,2.0,Operational Delivery,29568,Petty Officer Deck,Petty Officer Deck,28747
Department for Transport,Operations Directorate,Trinity House,TH03,4.0,Operational Delivery,29568,Cook,Cook,28747
Department for Transport,Operations Directorate,Trinity House,TH03,4.0,Operational Delivery,29240,Mechanic AB,Mechanic AB,29240
Department for Transport,Operations Directorate,Trinity House,TH03,20.0,Operational Delivery,27890,Seaman,Seaman,24334
Department for Transport,Operations Directorate,Trinity House,TH03,2.0,Operational Delivery,38567,Second Officer - Auxiliary,Second Officer - Auxiliary,34207
Department for Transport,Operations Directorate,Trinity House,TH03,2.0,Operational Delivery,27890,Seaman - Auxiliary,Seaman - Auxiliary,24334
Department for Transport,Operations Directorate,Trinity House,TH03,2.0,Operational Delivery,43082,Electronic Technical Officer - Auxiliary,Electronic Technical Officer - Auxiliary,39785
Department for Transport,Operations Directorate,Trinity House,TH03,2.0,Operational Delivery,31604,Third Officer - Auxiliary,Third Officer - Auxiliary,30674
Department for Transport,Finance & Support Service,Trinity House,TH04,3.6,Finance,26035,C,Finance Administrator,19541
Department for Transport,Finance & Support Service,Trinity House,TH04,2.6,Finance,26035,C,HR Administrator,19541
Department for Transport,Finance & Support Service,Trinity House,TH04,1.0,Finance,26035,C,IT Help Desk Administrator,19541
Department for Transport,Finance & Support Service,Trinity House,TH04,5.0,Finance,26035,C,Supplies Officer,19541
Department for Transport,Finance & Support Service,Trinity House,TH04,3.0,Finance,26035,C,Purchasing Administrator,19541
Department for Transport,Finance & Support Service,Trinity House,TH04,1.0,Finance,26035,C,Receptionist,19541
Department for Transport,Finance & Support Service,Trinity House,TH04,5.0,Finance,26035,C,Light Dues Administrator,19541
Department for Transport,Finance & Support Service,Trinity House,TH04,1.0,Finance,29097,D,Light Dues Team Leader,21826
Department for Transport,Finance & Support Service,Trinity House,TH04,1.0,Finance,29097,D,HR Officer,21826
Department for Transport,Finance & Support Service,Trinity House,TH04,1.0,Finance,29097,D,Supplies Supervisor,21826
Department for Transport,Finance & Support Service,Trinity House,TH04,1.8,Finance,36026,E,Assistant Accountant,27016
Department for Transport,Finance & Support Service,Trinity House,TH04,1.0,Finance,36026,E,Supplies Manager,27016
Department for Transport,Finance & Support Service,Trinity House,TH04,1.0,Finance,36026,E,Pension&Benefits Co-ordinator,27016
Department for Transport,Finance & Support Service,Trinity House,TH04,1.0,Finance,36026,E,Training Co-ordinator,27016
Department for Transport,Finance & Support Service,Trinity House,TH04,2.0,Finance,36026,E,IT Support Officer,27016
Department for Transport,Finance & Support Service,Trinity House,TH04,2.0,Finance,36026,E,Buyer,27016
Department for Transport,Finance & Support Service,Trinity House,TH04,1.0,Finance,47985,F,Personnel Administration Manager,33590
Department for Transport,Finance & Support Service,Trinity House,TH04,1.0,Finance,47985,F,IT Support Manager,33590
Department for Transport,Finance & Support Service,Trinity House,TH04,1.0,Finance,47985,F,IT Project Manager,33590
Department for Transport,Finance & Support Service,Trinity House,TH04,1.0,Finance,47985,F,Purchasing Manager,33590
Department for Transport,Finance & Support Service,Trinity House,TH04,1.0,Finance,47985,F,Senior IT Support Officer,33590
Department for Transport,Finance & Support Service,Trinity House,TH04,1.0,Finance,47985,F,IT Network Engineer,33590
Department for Transport,Finance & Support Service,Trinity House,TH04,1.0,Finance,47985,F,IT Project Co-ordinator,33590
Department for Transport,Finance & Support Service,Trinity House,TH04,1.0,Finance,47985,F,Communications Officer,33590
Department for Transport,Finance & Support Service,Trinity House,TH04,0.86,Finance,56150,SM1,Employee Relations & Communications Manager,39306
Department for Transport,Finance & Support Service,Trinity House,TH04,1.0,Finance,56150,SM1,GLF Accountant,39306
Department for Transport,Finance & Support Service,Trinity House,TH04,1.0,Finance,56150,SM1,IT Manager,39306
Department for Transport,Finance & Support Service,Trinity House,TH04,1.0,Finance,56150,SM1,Management Accountant,39306
Department for Transport,Finance & Support Service,Trinity House,TH04,1.0,Finance,56150,SM1,Financial Accountant,39306
Department for Transport,Finance & Support Service,Trinity House,TH04,1.0,Finance,70000,SM2,HR & Planning Manager,45721
Department for Transport,Finance & Support Service,Trinity House,TH04,1.0,Finance,70000,SM2,Financial Manager,45721
Department for Transport,Operations Directorate,Trinity House,TH03,1.0,Operational Delivery,26035,C,Assistant to Engineer & Operations Manager,19541
Department for Transport,Operations Directorate,Trinity House,TH03,17.0,Operational Delivery,26035,C,Lighthouse Technican,19541
Department for Transport,Operations Directorate,Trinity House,TH03,3.0,Operational Delivery,26035,C,Buoy Yard Team Member Craft,19541
Department for Transport,Operations Directorate,Trinity House,TH03,3.0,Operational Delivery,26035,C,Senior Buoy Yard Team Member,19541
Department for Transport,Operations Directorate,Trinity House,TH03,1.0,Operational Delivery,26035,C,Project Assistant,19541
Department for Transport,Operations Directorate,Trinity House,TH03,1.0,Operational Delivery,26035,C,Engineering Administrator,19541
Department for Transport,Operations Directorate,Trinity House,TH03,8.0,Operational Delivery,26035,C,Buoy Yard Team Member,19541
Department for Transport,Operations Directorate,Trinity House,TH03,3.0,Operational Delivery,26035,C,Light House Support Team Member,19541
Department for Transport,Operations Directorate,Trinity House,TH03,3.0,Operational Delivery,26035,C,Fops Administrator,19541
Department for Transport,Operations Directorate,Trinity House,TH03,1.0,Operational Delivery,26035,C,Marine Support Assistant,19541
Department for Transport,Operations Directorate,Trinity House,TH03,2.0,Operational Delivery,26035,C,Commercial Administrator,19541
Department for Transport,Operations Directorate,Trinity House,TH03,3.0,Operational Delivery,29097,D,Design Technican,21826
Department for Transport,Operations Directorate,Trinity House,TH03,1.0,Operational Delivery,29097,D,Assistant Planner,21826
Department for Transport,Operations Directorate,Trinity House,TH03,0.81,Operational Delivery,29097,D,PA to Director of Operations & Finance,21826
Department for Transport,Operations Directorate,Trinity House,TH03,1.0,Operational Delivery,29097,D,Commercial Team Leader,21826
Department for Transport,Operations Directorate,Trinity House,TH03,6.0,Operational Delivery,36026,E,Operations Officer,27016
Department for Transport,Operations Directorate,Trinity House,TH03,1.0,Operational Delivery,36026,E,Design Manager,27016
Department for Transport,Operations Directorate,Trinity House,TH03,1.0,Operational Delivery,36026,E,Assistant Design Engineer,27016
Department for Transport,Operations Directorate,Trinity House,TH03,7.0,Operational Delivery,36026,E,Senior Technician,27016
Department for Transport,Operations Directorate,Trinity House,TH03,1.0,Operational Delivery,36026,E,Light House Support Team Leader,27016
Department for Transport,Operations Directorate,Trinity House,TH03,2.0,Operational Delivery,36026,E,Buoy Yard Supervisor,27016
Department for Transport,Operations Directorate,Trinity House,TH03,1.0,Operational Delivery,36026,E,Planning Assistant,27016
Department for Transport,Operations Directorate,Trinity House,TH03,4.0,Operational Delivery,47985,F,Senior Project Engineer,33590
Department for Transport,Operations Directorate,Trinity House,TH03,1.0,Operational Delivery,47985,F,Project Manager,33590
Department for Transport,Operations Directorate,Trinity House,TH03,1.0,Operational Delivery,47985,F,Operations Systems Manager,33590
Department for Transport,Operations Directorate,Trinity House,TH03,1.0,Operational Delivery,47985,F,Design & Support Engineer,33590
Department for Transport,Operations Directorate,Trinity House,TH03,5.0,Operational Delivery,47985,F,Project Engineer,33590
Department for Transport,Operations Directorate,Trinity House,TH03,3.0,Operational Delivery,47985,F,Technical Manager,33590
Department for Transport,Operations Directorate,Trinity House,TH03,1.0,Operational Delivery,47985,F,CDM Co-ordinator & Installation Supervisor,33590
Department for Transport,Operations Directorate,Trinity House,TH03,1.0,Operational Delivery,47985,F,Senior Planner,33590
Department for Transport,Operations Directorate,Trinity House,TH03,1.0,Operational Delivery,56150,SM1,Commercial Manager,39306
Department for Transport,Operations Directorate,Trinity House,TH03,1.0,Operational Delivery,56150,SM1,Programme Manager,39306
Department for Transport,Operations Directorate,Trinity House,TH03,1.0,Operational Delivery,56150,SM1,Engineering Manager,39306
Department for Transport,Operations Directorate,Trinity House,TH03,1.0,Operational Delivery,56150,SM1,Technical Superintendent,39306
Department for Transport,Operations Directorate,Trinity House,TH03,1.0,Operational Delivery,56150,SM1,Technical Services Manager,39306
Department for Transport,Operations Directorate,Trinity House,TH03,1.0,Operational Delivery,56150,SM1,Lighthouse Manager,39306
Department for Transport,Operations Directorate,Trinity House,TH03,1.0,Operational Delivery,56150,SM1,Engineering Superintendent,39306
Department for Transport,Operations Directorate,Trinity House,TH03,1.0,Operational Delivery,56150,SM1,Marine Superintendent,39306
Department for Transport,Operations Directorate,Trinity House,TH03,1.0,Operational Delivery,70000,SM2,Engineering & Operations Manager,45721
Department for Transport,Operations Directorate,Trinity House,TH03,1.0,Operational Delivery,70000,SM2,Marine Operations Manager,45721
Department for Transport,Operations Directorate,Trinity House,TH03,1.0,Operational Delivery,70000,SM2,Engineering & Project Delivery Manager,45721
Department for Transport,Navigation Directorate,Trinity House,TH02,1.0,Other,36026,E,Local Aids To Navigation Officer,27016
Department for Transport,Navigation Directorate,Trinity House,TH02,1.0,Other,36026,E,Navigation Support Officer,27016
Department for Transport,Navigation Directorate,Trinity House,TH02,1.0,Other,36026,E,Hydrography & Charting Officer,27016
Department for Transport,Navigation Directorate,Trinity House,TH02,1.0,Other,47985,F,Local Seamarks Auditor,33590
Department for Transport,Navigation Directorate,Trinity House,TH02,1.0,Other,47985,F,Navigation Services Officer,33590
Department for Transport,Navigation Directorate,Trinity House,TH02,1.0,Other,56150,SM1,Inspector of Seamarks,39306
Department for Transport,Navigation Directorate,Trinity House,TH02,1.0,Other,70000,SM2,Navigation Manager,45721
Department for Transport,Chief Executive,Trinity House,TH01,1.0,Policy,26035,C,Lights Techinician,19541
Department for Transport,Chief Executive,Trinity House,TH01,2.0,Policy,26035,C,Receptionist/Administrator,19541
Department for Transport,Chief Executive,Trinity House,TH01,1.0,Policy,26035,C,Management Systems Support Officer,19541
Department for Transport,Chief Executive,Trinity House,TH01,0.5,Policy,26035,C,Public Relations & Records Assistant,19541
Department for Transport,Chief Executive,Trinity House,TH01,0.76,Policy,29097,D,Secretary and PA,21826
Department for Transport,Chief Executive,Trinity House,TH01,1.0,Policy,29097,D,Team Administrator,21826
Department for Transport,Chief Executive,Trinity House,TH01,1.5,Policy,29097,D,Assistant to Health & Safety Manager,21826
Department for Transport,Chief Executive,Trinity House,TH01,1.0,Policy,36026,E,PA to Executive Chairman,27016
Department for Transport,Chief Executive,Trinity House,TH01,1.0,Policy,36026,E,Legal & Support Team Leader,27016
Department for Transport,Chief Executive,Trinity House,TH01,1.0,Policy,36026,E,Development Engineer,27016
Department for Transport,Chief Executive,Trinity House,TH01,1.0,Policy,47985,F,Principal Development Engineer (Systems),33590
Department for Transport,Chief Executive,Trinity House,TH01,1.0,Policy,47985,F,Health & Safety Manager,33590
Department for Transport,Chief Executive,Trinity House,TH01,1.0,Policy,47985,F,Estates & Property Manager,33590
Department for Transport,Chief Executive,Trinity House,TH01,1.0,Policy,47985,F,Project Manager,33590
Department for Transport,Chief Executive,Trinity House,TH01,2.0,Policy,47985,F,Research & Development Engineer,33590
Department for Transport,Chief Executive,Trinity House,TH01,1.0,Policy,47985,F,Public Relations & Records Manager,33590
Department for Transport,Chief Executive,Trinity House,TH01,1.0,Policy,47985,F,Audit & Performance Manager,33590
Department for Transport,Chief Executive,Trinity House,TH01,3.0,Policy,56150,SM1,Principal Development Engineer,39306
Department for Transport,Chief Executive,Trinity House,TH01,1.0,Policy,56150,SM1,Legal Advisor,39306
Department for Transport,Chief Executive,Trinity House,TH01,1.0,Policy,56150,SM1,Risk Manager,39306
Department for Transport,Chief Executive,Trinity House,TH01,1.0,Policy,70000,SM2,Legal & Risk Manager,45721
Department for Transport,Chief Executive,Trinity House,TH01,0.5,Policy,70000,SM2,Research Director,45721
Department for Transport,Chief Executive,Trinity House,TH01,1.0,Policy,70000,SM2,RRNAV Manager,45721
Department for Transport,Operations Directorate,Trinity House,TH03,0.5,Operational Delivery,19646,B,Travel Administrator,15765
Department for Transport,Finance & Support Service,Trinity House,TH04,1.0,Finance,26035,C,Senior Procurement Administrator,19541
Department for Transport,Operations Directorate,Trinity House,TH03,2.0,Operational Delivery,26035,C,Buoy Yard Electrical Technician,19541
