Reporting Senior Post,Generic Job Title,Parent Department,Payscale Maximum (Â£),Payscale Minimum (Â£),Unit,Number of Posts in FTE,Organisation,Professional/Occupational Group,Grade
TH03,Captain,Department for Transport,57283,48522,Operations Directorate,4.0,Trinity House,Operational Delivery,Captain
TH03,Chief Engineer,Department for Transport,53166,44829,Operations Directorate,4.0,Trinity House,Operational Delivery,Chief Engineer
TH03,Commander,Department for Transport,45588,42324,Operations Directorate,2.0,Trinity House,Operational Delivery,Commander
TH03,Engineering Officer - RIV,Department for Transport,44706,41443,Operations Directorate,2.0,Trinity House,Operational Delivery,Engineering Officer - RIV
TH03,Electronic Technical Officer,Department for Transport,42655,39391,Operations Directorate,4.0,Trinity House,Operational Delivery,Electronic Technical Officer
TH03,First Officer,Department for Transport,42655,39391,Operations Directorate,4.0,Trinity House,Operational Delivery,First Officer
TH03,Second Engineer,Department for Transport,42655,39391,Operations Directorate,4.0,Trinity House,Operational Delivery,Second Engineer
TH03,Second Officer,Department for Transport,38185,33868,Operations Directorate,10.0,Trinity House,Operational Delivery,Second Officer
TH03,Second Officer - RIV,Department for Transport,39329,35014,Operations Directorate,4.0,Trinity House,Operational Delivery,Second Officer - RIV
TH03,Third Engineer,Department for Transport,38185,33868,Operations Directorate,2.0,Trinity House,Operational Delivery,Third Engineer
TH03,Boatswain,Department for Transport,31283,29509,Operations Directorate,4.0,Trinity House,Operational Delivery,Boatswain
TH03,Catering Manager,Department for Transport,31283,29509,Operations Directorate,4.0,Trinity House,Operational Delivery,Catering Manager
TH03,Engine Room Assistant,Department for Transport,31283,29509,Operations Directorate,4.0,Trinity House,Operational Delivery,Engine Room Assistant
TH03,Boatswain Mate,Department for Transport,29275,28462,Operations Directorate,2.0,Trinity House,Operational Delivery,Boatswain Mate
TH03,Carpenter,Department for Transport,29275,28462,Operations Directorate,2.0,Trinity House,Operational Delivery,Carpenter
TH03,Petty Officer Deck,Department for Transport,29275,28462,Operations Directorate,2.0,Trinity House,Operational Delivery,Petty Officer Deck
TH03,Cook,Department for Transport,29275,28462,Operations Directorate,4.0,Trinity House,Operational Delivery,Cook
TH03,Catering Rating,Department for Transport,27614,24093,Operations Directorate,2.0,Trinity House,Operational Delivery,Catering Rating
TH03,Mechanic AB,Department for Transport,28950,28950,Operations Directorate,4.0,Trinity House,Operational Delivery,Mechanic AB
TH03,Seaman,Department for Transport,27614,24093,Operations Directorate,24.0,Trinity House,Operational Delivery,Seaman
TH01,Legal & Risk Manager,Department for Transport,64672,45268,Chief Executive,1.0,Trinity House,Policy,SM2
TH01,Research Director,Department for Transport,64672,45268,Chief Executive,1.0,Trinity House,Policy,SM2
TH01,RRNAV Manager,Department for Transport,64672,45268,Chief Executive,1.0,Trinity House,Policy,SM2
TH01,Principal Development Engineer,Department for Transport,55594,38917,Chief Executive,3.0,Trinity House,Policy,SM1
TH01,Legal Advisor,Department for Transport,55594,38917,Chief Executive,1.0,Trinity House,Policy,SM1
TH01,Principal Development Engineer (Systems),Department for Transport,47510,33257,Chief Executive,1.0,Trinity House,Policy,F
TH01,Health & Safety Manager,Department for Transport,47510,33257,Chief Executive,1.0,Trinity House,Policy,F
TH01,Estates & Property Manager,Department for Transport,47510,33257,Chief Executive,1.0,Trinity House,Policy,F
TH01,Project Manager,Department for Transport,47510,33257,Chief Executive,1.0,Trinity House,Policy,F
TH01,Risk Manager,Department for Transport,55594,38917,Chief Executive,1.0,Trinity House,Policy,SM1
TH01,Research & Development Engineer,Department for Transport,47510,33257,Chief Executive,2.0,Trinity House,Policy,F
TH01,Public Relations Manager,Department for Transport,47510,33257,Chief Executive,1.0,Trinity House,Policy,F
TH01,Audit & Performance Manager,Department for Transport,47510,33257,Chief Executive,1.0,Trinity House,Policy,F
TH01,PA to Executive Chairman,Department for Transport,35669,26749,Chief Executive,1.0,Trinity House,Policy,E
TH01,Legal & Support Team Leader,Department for Transport,35669,26749,Chief Executive,1.0,Trinity House,Policy,E
TH01,Development Engineer,Department for Transport,35669,26749,Chief Executive,1.0,Trinity House,Policy,E
TH01,Records Manager,Department for Transport,35669,26749,Chief Executive,1.0,Trinity House,Policy,E
TH01,Secretary and PA,Department for Transport,28809,21610,Chief Executive,0.76,Trinity House,Policy,D
TH01,Team Administrator,Department for Transport,28809,21610,Chief Executive,1.0,Trinity House,Policy,D
TH01,Assistant to Health & Safety Manager,Department for Transport,28809,21610,Chief Executive,1.6,Trinity House,Policy,D
TH01,Lights Techinician,Department for Transport,25777,19348,Chief Executive,1.0,Trinity House,Policy,C
TH01,Receptionist/Administrator,Department for Transport,25777,19348,Chief Executive,2.0,Trinity House,Policy,C
TH01,Management Systems Support Officer,Department for Transport,25777,19348,Chief Executive,1.0,Trinity House,Policy,C
TH02,Navigation Manager,Department for Transport,64672,45268,Navigation Directorate,1.0,Trinity House,Other,SM2
TH02,Inspector of Seamarks,Department for Transport,55594,38917,Navigation Directorate,1.0,Trinity House,Other,SM1
TH02,Local Seamarks Auditor,Department for Transport,47510,33257,Navigation Directorate,1.0,Trinity House,Other,F
TH02,Navigation Services Officer,Department for Transport,47510,33257,Navigation Directorate,1.0,Trinity House,Other,F
TH02,Local Aids To Navigation Officer,Department for Transport,35669,26749,Navigation Directorate,1.0,Trinity House,Other,E
TH02,Navigation Support Officer,Department for Transport,35669,26749,Navigation Directorate,1.0,Trinity House,Other,E
TH02,Hydrography & Charting Officer,Department for Transport,35669,26749,Navigation Directorate,1.0,Trinity House,Other,E
TH03,Planning & Performance Manager,Department for Transport,64672,45268,Operations Directorate,1.0,Trinity House,Operational Delivery,SM2
TH03,Engineering & Operations Manager,Department for Transport,64672,45268,Operations Directorate,1.0,Trinity House,Operational Delivery,SM2
TH03,Marine Operations Manager,Department for Transport,64672,45268,Operations Directorate,1.0,Trinity House,Operational Delivery,SM2
TH03,Engineering & Project Delivery Manager,Department for Transport,64672,45268,Operations Directorate,1.0,Trinity House,Operational Delivery,SM2
TH03,Engineering Officer (SVS),Department for Transport,55594,38917,Operations Directorate,1.0,Trinity House,Operational Delivery,SM1
TH03,Programme Manager,Department for Transport,55594,38917,Operations Directorate,1.0,Trinity House,Operational Delivery,SM1
TH03,Engineering Manager,Department for Transport,55594,38917,Operations Directorate,1.0,Trinity House,Operational Delivery,SM1
TH03,Technical Superintendent,Department for Transport,55594,38917,Operations Directorate,1.0,Trinity House,Operational Delivery,SM1
TH03,Planning Manager,Department for Transport,55594,38917,Operations Directorate,1.0,Trinity House,Operational Delivery,SM1
TH03,Technical Services Manager,Department for Transport,55594,38917,Operations Directorate,1.0,Trinity House,Operational Delivery,SM1
TH03,Buoy Operations Manager,Department for Transport,55594,38917,Operations Directorate,1.0,Trinity House,Operational Delivery,SM1
TH03,Lighthouse Manager,Department for Transport,55594,38917,Operations Directorate,1.0,Trinity House,Operational Delivery,SM1
TH03,Engineering Superintendent,Department for Transport,55594,38917,Operations Directorate,1.0,Trinity House,Operational Delivery,SM1
TH03,Marine Superintendent,Department for Transport,55594,38917,Operations Directorate,1.0,Trinity House,Operational Delivery,SM1
TH03,Senior Project Engineer,Department for Transport,47510,33257,Operations Directorate,4.0,Trinity House,Operational Delivery,F
TH03,Project Manager,Department for Transport,47510,33257,Operations Directorate,1.0,Trinity House,Operational Delivery,F
TH03,Commercial Manager,Department for Transport,47510,33257,Operations Directorate,1.0,Trinity House,Operational Delivery,F
TH03,Operations Systems Manager,Department for Transport,47510,33257,Operations Directorate,1.0,Trinity House,Operational Delivery,F
TH03,Design & Support Engineer,Department for Transport,47510,33257,Operations Directorate,1.0,Trinity House,Operational Delivery,F
TH03,Project Engineer,Department for Transport,47510,33257,Operations Directorate,6.0,Trinity House,Operational Delivery,F
TH03,Technical Manager,Department for Transport,47510,33257,Operations Directorate,3.0,Trinity House,Operational Delivery,F
TH03,CDM Co-ordinator & Installation Supervisor,Department for Transport,47510,33257,Operations Directorate,1.0,Trinity House,Operational Delivery,F
TH03,Senior Planner,Department for Transport,47510,33257,Operations Directorate,1.0,Trinity House,Operational Delivery,F
TH03,Operations Officer,Department for Transport,35669,26749,Operations Directorate,6.0,Trinity House,Operational Delivery,E
TH03,Design Manager,Department for Transport,35669,26749,Operations Directorate,1.0,Trinity House,Operational Delivery,E
TH03,Assistant Design Engineer,Department for Transport,35669,26749,Operations Directorate,1.0,Trinity House,Operational Delivery,E
TH03,Senior Technician,Department for Transport,35669,26749,Operations Directorate,7.0,Trinity House,Operational Delivery,E
TH03,Light House Support Team Leader,Department for Transport,35669,26749,Operations Directorate,1.0,Trinity House,Operational Delivery,E
TH03,Buoy Yard Supervisor,Department for Transport,35669,26749,Operations Directorate,2.0,Trinity House,Operational Delivery,E
TH03,Planning Assistant,Department for Transport,35669,26749,Operations Directorate,1.0,Trinity House,Operational Delivery,E
TH03,PA to Director of Operations & Finance,Department for Transport,28809,21610,Operations Directorate,0.81,Trinity House,Operational Delivery,D
TH03,Commercial Team Leader,Department for Transport,28809,21610,Operations Directorate,1.0,Trinity House,Operational Delivery,D
TH03,Assistant to Engineer & Operations Manager,Department for Transport,25777,19348,Operations Directorate,1.0,Trinity House,Operational Delivery,C
TH03,Design Technican,Department for Transport,25777,19348,Operations Directorate,4.0,Trinity House,Operational Delivery,C
TH03,Lighthouse Technican,Department for Transport,25777,19348,Operations Directorate,19.0,Trinity House,Operational Delivery,C
TH03,Buoy Yard Team Member Craft,Department for Transport,25777,19348,Operations Directorate,6.0,Trinity House,Operational Delivery,C
TH03,Senior Buoy Yard Team Member,Department for Transport,25777,19348,Operations Directorate,4.0,Trinity House,Operational Delivery,C
TH03,Project Assistant,Department for Transport,25777,19348,Operations Directorate,1.0,Trinity House,Operational Delivery,C
TH03,Engineering Administrator,Department for Transport,25777,19348,Operations Directorate,1.0,Trinity House,Operational Delivery,C
TH03,Buoy Yard Team Member,Department for Transport,25777,19348,Operations Directorate,13.0,Trinity House,Operational Delivery,C
TH03,Light House Support Team Member,Department for Transport,25777,19348,Operations Directorate,3.0,Trinity House,Operational Delivery,C
TH03,Fops Administrator,Department for Transport,25777,19348,Operations Directorate,3.0,Trinity House,Operational Delivery,C
TH03,Marine Support Assistant,Department for Transport,25777,19348,Operations Directorate,1.0,Trinity House,Operational Delivery,C
TH03,Commercial Administrator,Department for Transport,25777,19348,Operations Directorate,2.0,Trinity House,Operational Delivery,C
TH03,Assistant Planner,Department for Transport,25777,19348,Operations Directorate,1.0,Trinity House,Operational Delivery,C
TH04,GLF Accountant,Department for Transport,55594,38917,Finance & Support Service,1.0,Trinity House,Finance,SM1
TH04,HR Manager,Department for Transport,64672,45268,Finance & Support Service,1.0,Trinity House,Finance,SM2
TH04,Financial Manager,Department for Transport,64672,45268,Finance & Support Service,1.0,Trinity House,Finance,SM2
TH04,Procurement & Inventory Manager,Department for Transport,55594,38917,Finance & Support Service,1.0,Trinity House,Finance,SM1
TH04,IT Manager,Department for Transport,55594,38917,Finance & Support Service,1.0,Trinity House,Finance,SM1
TH04,Management Accountant,Department for Transport,55594,38917,Finance & Support Service,1.0,Trinity House,Finance,SM1
TH04,Financial Accountant,Department for Transport,55594,38917,Finance & Support Service,1.0,Trinity House,Finance,SM1
TH04,Employee Relations & Communications Manager,Department for Transport,47510,33257,Finance & Support Service,0.86,Trinity House,Finance,F
TH04,Personnel Administration Manager,Department for Transport,47510,33257,Finance & Support Service,1.0,Trinity House,Finance,F
TH04,IT Support Manager,Department for Transport,47510,33257,Finance & Support Service,1.0,Trinity House,Finance,F
TH04,IT Project Manager,Department for Transport,47510,33257,Finance & Support Service,1.0,Trinity House,Finance,F
TH04,Purchasing Manager,Department for Transport,47510,33257,Finance & Support Service,1.0,Trinity House,Finance,F
TH04,Senior IT Support Officer,Department for Transport,47510,33257,Finance & Support Service,1.0,Trinity House,Finance,F
TH04,IT Network Engineer,Department for Transport,47510,33257,Finance & Support Service,1.0,Trinity House,Finance,F
TH04,IT Project Co-ordinator,Department for Transport,47510,33257,Finance & Support Service,1.0,Trinity House,Finance,F
TH04,Supplies Manager,Department for Transport,35669,26749,Finance & Support Service,1.0,Trinity House,Finance,E
TH04,Pension&Benefits Co-ordinator,Department for Transport,35669,26749,Finance & Support Service,1.0,Trinity House,Finance,E
TH04,Training Co-ordinator,Department for Transport,35669,26749,Finance & Support Service,1.0,Trinity House,Finance,E
TH04,Communications Officer,Department for Transport,47510,33257,Finance & Support Service,1.0,Trinity House,Finance,F
TH04,IT Support Officer,Department for Transport,35669,26749,Finance & Support Service,2.0,Trinity House,Finance,E
TH04,Assistant Financial Accountant,Department for Transport,28809,21610,Finance & Support Service,0.81,Trinity House,Finance,D
TH04,Light Dues Team Leader,Department for Transport,28809,21610,Finance & Support Service,1.0,Trinity House,Finance,D
TH04,Assistant Mangement Accountant,Department for Transport,28809,21610,Finance & Support Service,1.0,Trinity House,Finance,D
TH04,HR Officer,Department for Transport,28809,21610,Finance & Support Service,1.0,Trinity House,Finance,D
TH04,Buyer,Department for Transport,35669,26749,Finance & Support Service,1.8,Trinity House,Finance,E
TH04,Supplies Supervisor,Department for Transport,25777,19348,Finance & Support Service,1.0,Trinity House,Finance,C
TH04,Finance Administrator,Department for Transport,25777,19348,Finance & Support Service,4.0,Trinity House,Finance,C
TH04,Trainee Accountant,Department for Transport,25777,19348,Finance & Support Service,1.0,Trinity House,Finance,C
TH04,HR Administrator,Department for Transport,25777,19348,Finance & Support Service,3.6,Trinity House,Finance,C
TH04,IT Help Desk Administrator,Department for Transport,25777,19348,Finance & Support Service,1.0,Trinity House,Finance,C
TH04,Supplies Officer,Department for Transport,25777,19348,Finance & Support Service,6.0,Trinity House,Finance,C
TH04,Purchasing Administrator,Department for Transport,25777,19348,Finance & Support Service,2.0,Trinity House,Finance,C
TH04,Receptionist,Department for Transport,25777,19348,Finance & Support Service,1.0,Trinity House,Finance,C
TH04,Light Dues Administrator,Department for Transport,25777,19348,Finance & Support Service,5.0,Trinity House,Finance,C
