Parent Department,Generic Job Title,Payscale Maximum (ÃÂ£),Number of Posts in FTE,Unit,Payscale Minimum (ÃÂ£),Reporting Senior Post,Professional/Occupational Group,Grade,Organisation
Department for Transport,Captain,55886,4.0,Operations Directorate,46356,TH03,Operational Delivery,Captain,Trinity House
Department for Transport,Chief Engineer,51869,4.0,Operations Directorate,41964,TH03,Operational Delivery,Chief Engineer,Trinity House
Department for Transport,Commander,44476,2.0,Operations Directorate,41292,TH03,Operational Delivery,Commander,Trinity House
Department for Transport,Engineering Officer - RIV,43616,2.0,Operations Directorate,40432,TH03,Operational Delivery,Engineering Officer - RIV,Trinity House
Department for Transport,Electronic Technical Officer,41615,4.0,Operations Directorate,36996,TH03,Operational Delivery,Electronic Technical Officer,Trinity House
Department for Transport,First Officer,41615,4.0,Operations Directorate,36996,TH03,Operational Delivery,First Officer,Trinity House
Department for Transport,Second Engineer,41615,4.0,Operations Directorate,36996,TH03,Operational Delivery,Second Engineer,Trinity House
Department for Transport,Second Officer,37254,10.0,Operations Directorate,32496,TH03,Operational Delivery,Second Officer,Trinity House
Department for Transport,Second Officer - RIV,38370,4.0,Operations Directorate,34160,TH03,Operational Delivery,Second Officer - RIV,Trinity House
Department for Transport,Third Engineer,37254,2.0,Operations Directorate,33042,TH03,Operational Delivery,Third Engineer,Trinity House
Department for Transport,Boatswain,30520,4.0,Operations Directorate,27216,TH03,Operational Delivery,Boatswain,Trinity House
Department for Transport,Chief Steward,30520,4.0,Operations Directorate,27216,TH03,Operational Delivery,Chief Steward,Trinity House
Department for Transport,Engine Room Assistant,30520,4.0,Operations Directorate,27216,TH03,Operational Delivery,Engine Room Assistant,Trinity House
Department for Transport,Boatswain Mate,27768,2.0,Operations Directorate,26940,TH03,Operational Delivery,Boatswain Mate,Trinity House
Department for Transport,Carpenter,27768,2.0,Operations Directorate,26940,TH03,Operational Delivery,Carpenter,Trinity House
Department for Transport,Petty Officer Deck,28524,2.0,Operations Directorate,26940,TH03,Operational Delivery,Petty Officer Deck,Trinity House
Department for Transport,Cook,28524,4.0,Operations Directorate,27216,TH03,Operational Delivery,Cook,Trinity House
Department for Transport,Catering Rating,26940,2.0,Operations Directorate,23505,TH03,Operational Delivery,Catering Rating,Trinity House
Department for Transport,Mechanic AB,28244,4.0,Operations Directorate,28244,TH03,Operational Delivery,Mechanic AB,Trinity House
Department for Transport,Seaman,27036,24.0,Operations Directorate,21840,TH03,Operational Delivery,Seaman,Trinity House
Department for Transport,Legal & Risk Manager,64032,1.0,Operations Directorate,44820,TH01,Policy,SM2,Trinity House
Department for Transport,Research Director,64032,1.0,Operations Directorate,44820,TH01,Policy,SM2,Trinity House
Department for Transport,RRNAV Manager,64032,1.0,Operations Directorate,44820,TH01,Policy,SM2,Trinity House
Department for Transport,Principal Development Engineer,55044,3.0,Operations Directorate,38532,TH01,Policy,SM1,Trinity House
Department for Transport,Legal Advisor,55044,1.0,Operations Directorate,38532,TH01,Policy,SM1,Trinity House
Department for Transport,Principal Development Engineer (Systems),47040,1.0,Operations Directorate,32928,TH01,Policy,F,Trinity House
Department for Transport,Health & Safety Manager,47040,1.0,Operations Directorate,32928,TH01,Policy,F,Trinity House
Department for Transport,Estates & Property Manager,47040,1.0,Operations Directorate,32928,TH01,Policy,F,Trinity House
Department for Transport,Risk Mgmt & Claim Co-ordinator,47040,1.0,Operations Directorate,32928,TH01,Policy,F,Trinity House
Department for Transport,Research & Development Engineer,47040,2.0,Operations Directorate,32928,TH01,Policy,F,Trinity House
Department for Transport,Public Relations Manager,47040,1.0,Operations Directorate,32928,TH01,Policy,F,Trinity House
Department for Transport,Performance Manager,35316,1.0,Operations Directorate,26484,TH01,Policy,E,Trinity House
Department for Transport,PA to Executive Chairman,35316,1.0,Operations Directorate,26484,TH01,Policy,E,Trinity House
Department for Transport,Legal & Support Team Leader,35316,1.0,Operations Directorate,26484,TH01,Policy,E,Trinity House
Department for Transport,Development Engineer,35316,1.0,Operations Directorate,26484,TH01,Policy,E,Trinity House
Department for Transport,Records Manager,35316,1.0,Operations Directorate,26484,TH01,Policy,E,Trinity House
Department for Transport,Secretary and PA,28524,0.76,Operations Directorate,21396,TH01,Policy,D,Trinity House
Department for Transport,Team Administrator,28524,1.0,Operations Directorate,21396,TH01,Policy,D,Trinity House
Department for Transport,Assistant to Health & Safety Manager,28524,1.6,Operations Directorate,21396,TH01,Policy,D,Trinity House
Department for Transport,Lights Techinician,25272,1.0,Operations Directorate,20220,TH01,Policy,C,Trinity House
Department for Transport,Receptionist/Administrator,25272,2.0,Operations Directorate,20220,TH01,Policy,C,Trinity House
Department for Transport,Management Systems Support Officer,19260,1.0,Operations Directorate,15456,TH01,Policy,B,Trinity House
Department for Transport,Navigation Manager,64032,1.0,Operations Directorate,44820,TH02,Other,SM2,Trinity House
Department for Transport,Inspector of Seamarks,55044,1.0,Operations Directorate,38532,TH02,Other,SM1,Trinity House
Department for Transport,Local Seamarks Auditor,47040,1.0,Operations Directorate,32928,TH02,Other,F,Trinity House
Department for Transport,Navigation Services Officer,35316,1.0,Operations Directorate,26484,TH02,Other,E,Trinity House
Department for Transport,Local Aids To Navigation Officer,35316,1.0,Operations Directorate,26484,TH02,Other,E,Trinity House
Department for Transport,Navigation Support Officer,35316,1.0,Operations Directorate,26484,TH02,Other,E,Trinity House
Department for Transport,Hydrography & Charting Officer,35316,1.0,Operations Directorate,26484,TH02,Other,E,Trinity House
Department for Transport,Planning & Performance Manager,64032,1.0,Operations Directorate,44820,TH03,Operational Delivery,SM2,Trinity House
Department for Transport,Engineering & Operations Manager,64032,1.0,Operations Directorate,44820,TH03,Operational Delivery,SM2,Trinity House
Department for Transport,Marine Operations Manager,64032,1.0,Operations Directorate,44820,TH03,Operational Delivery,SM2,Trinity House
Department for Transport,Engineering & Project Delivery Manager,64032,1.0,Operations Directorate,44820,TH03,Operational Delivery,SM2,Trinity House
Department for Transport,Engineering Officer (SVS),55044,1.0,Operations Directorate,38532,TH03,Operational Delivery,SM1,Trinity House
Department for Transport,Programme Manager,55044,1.0,Operations Directorate,38532,TH03,Operational Delivery,SM1,Trinity House
Department for Transport,Technical Superintendent,55044,1.0,Operations Directorate,38532,TH03,Operational Delivery,SM1,Trinity House
Department for Transport,Planning Manager,55044,1.0,Operations Directorate,38532,TH03,Operational Delivery,SM1,Trinity House
Department for Transport,Principal Engineer,55044,3.0,Operations Directorate,38532,TH03,Operational Delivery,SM1,Trinity House
Department for Transport,Buoy Manager,55044,1.0,Operations Directorate,38532,TH03,Operational Delivery,SM1,Trinity House
Department for Transport,Lighthouse Manager,55044,1.0,Operations Directorate,38532,TH03,Operational Delivery,SM1,Trinity House
Department for Transport,Engineering Superintendent,55044,1.0,Operations Directorate,38532,TH03,Operational Delivery,SM1,Trinity House
Department for Transport,Marine Superintendent,55044,1.0,Operations Directorate,38532,TH03,Operational Delivery,SM1,Trinity House
Department for Transport,Senior Design Engineer,47040,3.0,Operations Directorate,32928,TH03,Operational Delivery,F,Trinity House
Department for Transport,Project Manager,47040,1.0,Operations Directorate,32928,TH03,Operational Delivery,F,Trinity House
Department for Transport,Commercial Manager,47040,1.0,Operations Directorate,32928,TH03,Operational Delivery,F,Trinity House
Department for Transport,Estates Development Manager,47040,1.0,Operations Directorate,32928,TH03,Operational Delivery,F,Trinity House
Department for Transport,Operations Systems Manager,47040,1.0,Operations Directorate,32928,TH03,Operational Delivery,F,Trinity House
Department for Transport,Design & Support Engineer,47040,1.0,Operations Directorate,32928,TH03,Operational Delivery,F,Trinity House
Department for Transport,Design Engineer,47040,6.0,Operations Directorate,32928,TH03,Operational Delivery,F,Trinity House
Department for Transport,Technical Manager,47040,3.0,Operations Directorate,32928,TH03,Operational Delivery,F,Trinity House
Department for Transport,CDM Co-ordinator & Installation Supervisor,47040,1.0,Operations Directorate,32928,TH03,Operational Delivery,F,Trinity House
Department for Transport,Senior Planner,47040,1.0,Operations Directorate,32928,TH03,Operational Delivery,F,Trinity House
Department for Transport,Senior Operations Officer,35316,2.0,Operations Directorate,26484,TH03,Operational Delivery,E,Trinity House
Department for Transport,Operations Officer,35316,4.0,Operations Directorate,26484,TH03,Operational Delivery,E,Trinity House
Department for Transport,Lead Project Technican,35316,1.0,Operations Directorate,26484,TH03,Operational Delivery,E,Trinity House
Department for Transport,Assistant Design Engineer,35316,1.0,Operations Directorate,26484,TH03,Operational Delivery,E,Trinity House
Department for Transport,Senior Technician,35316,7.0,Operations Directorate,26484,TH03,Operational Delivery,E,Trinity House
Department for Transport,Light House Support Team Leader,35316,1.0,Operations Directorate,26484,TH03,Operational Delivery,E,Trinity House
Department for Transport,Buoy Yard Supervisor,35316,2.0,Operations Directorate,26484,TH03,Operational Delivery,E,Trinity House
Department for Transport,Planning Assistant,35316,1.0,Operations Directorate,26484,TH03,Operational Delivery,E,Trinity House
Department for Transport,Technical Officer,28524,1.0,Operations Directorate,21396,TH03,Operational Delivery,D,Trinity House
Department for Transport,PA to Director of Operations & Finance,28524,0.81,Operations Directorate,21396,TH03,Operational Delivery,D,Trinity House
Department for Transport,Commercial Team Leader,28524,1.0,Operations Directorate,21396,TH03,Operational Delivery,D,Trinity House
Department for Transport,Assistant to Engineer & Operations Manager,25272,1.0,Operations Directorate,20220,TH03,Operational Delivery,C,Trinity House
Department for Transport,Project Technican,25272,4.0,Operations Directorate,20220,TH03,Operational Delivery,C,Trinity House
Department for Transport,Lighthouse Technican,25272,20.0,Operations Directorate,20220,TH03,Operational Delivery,C,Trinity House
Department for Transport,Buoy Yard Team Member Craft,25272,6.0,Operations Directorate,20220,TH03,Operational Delivery,C,Trinity House
Department for Transport,Senior Buoy Yard Team Member,25272,4.0,Operations Directorate,20220,TH03,Operational Delivery,C,Trinity House
Department for Transport,Project Assistant,25272,1.0,Operations Directorate,20220,TH03,Operational Delivery,C,Trinity House
Department for Transport,Engineering Administrator,19260,0.5,Operations Directorate,15456,TH03,Operational Delivery,B,Trinity House
Department for Transport,Buoy Yard Team Member,19260,10.0,Operations Directorate,15456,TH03,Operational Delivery,B,Trinity House
Department for Transport,Light House Support Team Member,19260,3.0,Operations Directorate,15456,TH03,Operational Delivery,B,Trinity House
Department for Transport,Fops Administrator,19260,3.0,Operations Directorate,15456,TH03,Operational Delivery,B,Trinity House
Department for Transport,Marine Support Assistant,19260,1.0,Operations Directorate,15456,TH03,Operational Delivery,B,Trinity House
Department for Transport,Commercial Administrator,19260,1.6,Operations Directorate,15456,TH03,Operational Delivery,B,Trinity House
Department for Transport,Assistant Planner,19260,1.0,Operations Directorate,15456,TH03,Operational Delivery,B,Trinity House
Department for Transport,HR Manager,64032,1.0,Operations Directorate,44820,TH04,Finance,SM2,Trinity House
Department for Transport,Financial Manager,64032,0.8,Operations Directorate,44820,TH04,Finance,SM2,Trinity House
Department for Transport,Procurement & Inventory Manager,55044,1.0,Operations Directorate,38532,TH04,Finance,SM1,Trinity House
Department for Transport,IT Manager,55044,1.0,Operations Directorate,38532,TH04,Finance,SM1,Trinity House
Department for Transport,Management Accountant,47040,1.0,Operations Directorate,32928,TH04,Finance,F,Trinity House
Department for Transport,Financial Accountant,47040,1.0,Operations Directorate,32928,TH04,Finance,F,Trinity House
Department for Transport,Employee Relations & Communications Manager,47040,0.68,Operations Directorate,32928,TH04,Finance,F,Trinity House
Department for Transport,Personnel Administration Manager,47040,1.0,Operations Directorate,32928,TH04,Finance,F,Trinity House
Department for Transport,IT Support Manager,47040,1.0,Operations Directorate,32928,TH04,Finance,F,Trinity House
Department for Transport,IT Project Manager,47040,1.0,Operations Directorate,32928,TH04,Finance,F,Trinity House
Department for Transport,Purchasing Manager,47040,1.0,Operations Directorate,32928,TH04,Finance,F,Trinity House
Department for Transport,Senior IT Support Officer,47040,1.0,Operations Directorate,32928,TH04,Finance,F,Trinity House
Department for Transport,IT Network Engineer,35316,1.0,Operations Directorate,26484,TH04,Finance,E,Trinity House
Department for Transport,IT Project Co-ordinator,35316,1.0,Operations Directorate,26484,TH04,Finance,E,Trinity House
Department for Transport,Supplies Manager,35316,1.0,Operations Directorate,26484,TH04,Finance,E,Trinity House
Department for Transport,Pension&Benefits Co-ordinator,35316,1.0,Operations Directorate,26484,TH04,Finance,E,Trinity House
Department for Transport,Training Co-ordinator,35316,1.0,Operations Directorate,26484,TH04,Finance,E,Trinity House
Department for Transport,Communications Officer,35316,1.0,Operations Directorate,26484,TH04,Finance,E,Trinity House
Department for Transport,IT Support Officer,35316,3.0,Operations Directorate,26484,TH04,Finance,E,Trinity House
Department for Transport,Assistant Financial Accountant,28524,0.81,Operations Directorate,21396,TH04,Finance,D,Trinity House
Department for Transport,Light Dues Team Leader,28524,1.0,Operations Directorate,21396,TH04,Finance,D,Trinity House
Department for Transport,Assistant Mangement Accountant,28524,1.0,Operations Directorate,21396,TH04,Finance,D,Trinity House
Department for Transport,HR Officer,28524,1.0,Operations Directorate,21396,TH04,Finance,D,Trinity House
Department for Transport,Buyer,25272,2.4,Operations Directorate,20220,TH04,Finance,C,Trinity House
Department for Transport,Supplies Supervisor,25272,1.0,Operations Directorate,20220,TH04,Finance,C,Trinity House
Department for Transport,Finance Administrator,25272,4.0,Operations Directorate,20220,TH04,Finance,C,Trinity House
Department for Transport,Trainee Accountant,25272,1.0,Operations Directorate,20220,TH04,Finance,C,Trinity House
Department for Transport,HR Administrator,19260,3.4,Operations Directorate,15456,TH04,Finance,B,Trinity House
Department for Transport,IT Help Desk Administrator,19260,1.0,Operations Directorate,15456,TH04,Finance,B,Trinity House
Department for Transport,Supplies Officer,19260,6.0,Operations Directorate,15456,TH04,Finance,B,Trinity House
Department for Transport,Purchasing Administrator,19260,2.5,Operations Directorate,15456,TH04,Finance,B,Trinity House
Department for Transport,Receptionist,19260,1.0,Operations Directorate,15456,TH04,Finance,B,Trinity House
Department for Transport,Light Dues Administrator,19260,5.0,Operations Directorate,15456,TH04,Finance,B,Trinity House
