Name,Job/Team Function,Organisation,Reports to Senior Post,Valid?,Notes,Actual Pay Ceiling (Â£),Unnamed: 15,Grade (or equivalent),Unit,Parent Department,Actual Pay Floor (Â£),FTE,Professional/Occupational Group,Job Title,Contact Phone,Post Unique Reference,Salary Cost of Reports (Â£),Contact E-mail
Captain Ian McNaught,"Corporate responsibility for the strategic and operational leadership of Trinity House. Maintains an ongoing overview of all Service activities to ensure that the service meets its corporate goals. Line Management responsibility for Legal and Risk, Health and Safety, Management Systems and PR",Trinity House,XX,1,,119999,,SCS2,Chief Executive,Department for Transport,115000,1.0,Policy,Executive Chairman,020 7481 6900 (Trinity House Tower Hill Reception),TH01,1210256,Deputy.Master@thls.org
Captain R Barker,"Provides leadership, guidance and advice to the Executive Chairman and the Lighthouse Board and the Department for Transport, and senior colleagues and managers on all aspects of Aids to Navigation policy, development and performance, to ensure that the Serviceâs statutory duty and forward planning responsibilities are effectively met as a Lighthouse Authority and the safety of the mariner around the coasts of England and Wales is maximized.",Trinity House,TH01,1,,79999,,SCS1,Navigation Directorate,Department for Transport,75000,1.0,Operational Research,Director of Navigational Requirements,020 7481 6900 (Trinity House Tower Hill Reception),TH02,280742,Roger.Barker@thls.org
Cmdr J Scorer,"Provides, maintains and operates the serviceâs Aids to Navigation around the coast of England and Wales in support of the Corporationâs statutory obligations, including lighthouses, light vessels, support vessels, buoys and GPS services. Oversees Planning, Engineering and Operations and Marine Operations.",Trinity House,TH01,1,,94999,,SCS1,Operations Directorate,Department for Transport,90000,1.0,Operational Delivery,Director of Operations,01255 245000 (Trinity House Harwich Reception),TH03,6844277,Jim.scorer@thls.org
Mr J Wedge,"Provides leadership, guidance and advice on all support services including Finance, HR, IT, Facilities and Procurement to the Board, Executive Chairman,Operational Senior Managers and staff. Exercises control over all the Serviceâs financial affairs, accounts and ledgers including the Treasury function, payroll services, and light dues collection (for all 3 GLAs).",Trinity House,TH01,1,,94999,,SCS1,Finance & Support Services,Department for Transport,90000,1.0,Finance,Director of Finance & Support Services,01255 245000 (Trinity House Harwich Reception),TH04,1716619,Jerry.Wedge@thls.org
