Generic Job Title,Organisation,Payscale Minimum (ÃÂ£),Payscale Maximum (ÃÂ£),Professional/Occupational Group,Number of Posts in FTE,Parent Department,Reporting Senior Post,Grade,Unit
Captain,Trinity House,46356,55886,Operational Delivery,4.0,Department for Transport,TH03,Captain,Operations Directorate
Chief Engineer,Trinity House,41964,51869,Operational Delivery,4.0,Department for Transport,TH03,Chief Engineer,Operations Directorate
Commander,Trinity House,41292,44476,Operational Delivery,2.0,Department for Transport,TH03,Commander,Operations Directorate
Engineering Officer - RIV,Trinity House,40432,43616,Operational Delivery,2.0,Department for Transport,TH03,Engineering Officer - RIV,Operations Directorate
Electronic Technical Officer,Trinity House,36996,41615,Operational Delivery,4.0,Department for Transport,TH03,Electronic Technical Officer,Operations Directorate
First Officer,Trinity House,36996,41615,Operational Delivery,4.0,Department for Transport,TH03,First Officer,Operations Directorate
Second Engineer,Trinity House,36996,41615,Operational Delivery,4.0,Department for Transport,TH03,Second Engineer,Operations Directorate
Second Officer,Trinity House,32496,37254,Operational Delivery,10.0,Department for Transport,TH03,Second Officer,Operations Directorate
Second Officer - RIV,Trinity House,34160,38370,Operational Delivery,4.0,Department for Transport,TH03,Second Officer - RIV,Operations Directorate
Third Engineer,Trinity House,33042,37254,Operational Delivery,2.0,Department for Transport,TH03,Third Engineer,Operations Directorate
Boatswain,Trinity House,27216,30520,Operational Delivery,4.0,Department for Transport,TH03,Boatswain,Operations Directorate
Chief Steward,Trinity House,27216,30520,Operational Delivery,4.0,Department for Transport,TH03,Chief Steward,Operations Directorate
Engine Room Assistant,Trinity House,27216,30520,Operational Delivery,4.0,Department for Transport,TH03,Engine Room Assistant,Operations Directorate
Boatswain Mate,Trinity House,26940,27768,Operational Delivery,2.0,Department for Transport,TH03,Boatswain Mate,Operations Directorate
Carpenter,Trinity House,26940,27768,Operational Delivery,2.0,Department for Transport,TH03,Carpenter,Operations Directorate
Petty Officer Deck,Trinity House,26940,28524,Operational Delivery,2.0,Department for Transport,TH03,Petty Officer Deck,Operations Directorate
Cook,Trinity House,27216,28524,Operational Delivery,4.0,Department for Transport,TH03,Cook,Operations Directorate
Catering Rating,Trinity House,23505,26940,Operational Delivery,2.0,Department for Transport,TH03,Catering Rating,Operations Directorate
Mechanic AB,Trinity House,28244,28244,Operational Delivery,4.0,Department for Transport,TH03,Mechanic AB,Operations Directorate
Seaman,Trinity House,21840,27036,Operational Delivery,24.0,Department for Transport,TH03,Seaman,Operations Directorate
Legal & Risk Manager,Trinity House,44820,64032,Policy,1.0,Department for Transport,TH01,SM2,Operations Directorate
Research Director,Trinity House,44820,64032,Policy,1.0,Department for Transport,TH01,SM2,Operations Directorate
RRNAV Manager,Trinity House,44820,64032,Policy,1.0,Department for Transport,TH01,SM2,Operations Directorate
Principal Development Engineer,Trinity House,38532,55044,Policy,3.0,Department for Transport,TH01,SM1,Operations Directorate
Legal Advisor,Trinity House,38532,55044,Policy,1.0,Department for Transport,TH01,SM1,Operations Directorate
Principal Development Engineer (Systems),Trinity House,32928,47040,Policy,1.0,Department for Transport,TH01,F,Operations Directorate
Health & Safety Manager,Trinity House,32928,47040,Policy,1.0,Department for Transport,TH01,F,Operations Directorate
Estates & Property Manager,Trinity House,32928,47040,Policy,1.0,Department for Transport,TH01,F,Operations Directorate
Risk Mgmt & Claim Co-ordinator,Trinity House,32928,47040,Policy,1.0,Department for Transport,TH01,F,Operations Directorate
Research & Development Engineer,Trinity House,32928,47040,Policy,2.0,Department for Transport,TH01,F,Operations Directorate
Public Relations Manager,Trinity House,32928,47040,Policy,1.0,Department for Transport,TH01,F,Operations Directorate
Performance Manager,Trinity House,26484,35316,Policy,1.0,Department for Transport,TH01,E,Operations Directorate
PA to Executive Chairman,Trinity House,26484,35316,Policy,1.0,Department for Transport,TH01,E,Operations Directorate
Legal & Support Team Leader,Trinity House,26484,35316,Policy,1.0,Department for Transport,TH01,E,Operations Directorate
Development Engineer,Trinity House,26484,35316,Policy,1.0,Department for Transport,TH01,E,Operations Directorate
Records Manager,Trinity House,26484,35316,Policy,1.0,Department for Transport,TH01,E,Operations Directorate
Secretary and PA,Trinity House,21396,28524,Policy,0.76,Department for Transport,TH01,D,Operations Directorate
Team Administrator,Trinity House,21396,28524,Policy,1.0,Department for Transport,TH01,D,Operations Directorate
Assistant to Health & Safety Manager,Trinity House,21396,28524,Policy,1.6,Department for Transport,TH01,D,Operations Directorate
Lights Techinician,Trinity House,20220,25272,Policy,1.0,Department for Transport,TH01,C,Operations Directorate
Receptionist/Administrator,Trinity House,20220,25272,Policy,2.0,Department for Transport,TH01,C,Operations Directorate
Management Systems Support Officer,Trinity House,15456,19260,Policy,1.0,Department for Transport,TH01,B,Operations Directorate
Navigation Manager,Trinity House,44820,64032,Other,1.0,Department for Transport,TH02,SM2,Operations Directorate
Inspector of Seamarks,Trinity House,38532,55044,Other,1.0,Department for Transport,TH02,SM1,Operations Directorate
Local Seamarks Auditor,Trinity House,32928,47040,Other,1.0,Department for Transport,TH02,F,Operations Directorate
Navigation Services Officer,Trinity House,26484,35316,Other,1.0,Department for Transport,TH02,E,Operations Directorate
Local Aids To Navigation Officer,Trinity House,26484,35316,Other,1.0,Department for Transport,TH02,E,Operations Directorate
Navigation Support Officer,Trinity House,26484,35316,Other,1.0,Department for Transport,TH02,E,Operations Directorate
Hydrography & Charting Officer,Trinity House,26484,35316,Other,1.0,Department for Transport,TH02,E,Operations Directorate
Planning & Performance Manager,Trinity House,44820,64032,Operational Delivery,1.0,Department for Transport,TH03,SM2,Operations Directorate
Engineering & Operations Manager,Trinity House,44820,64032,Operational Delivery,1.0,Department for Transport,TH03,SM2,Operations Directorate
Marine Operations Manager,Trinity House,44820,64032,Operational Delivery,1.0,Department for Transport,TH03,SM2,Operations Directorate
Engineering & Project Delivery Manager,Trinity House,44820,64032,Operational Delivery,1.0,Department for Transport,TH03,SM2,Operations Directorate
Engineering Officer (SVS),Trinity House,38532,55044,Operational Delivery,1.0,Department for Transport,TH03,SM1,Operations Directorate
Programme Manager,Trinity House,38532,55044,Operational Delivery,1.0,Department for Transport,TH03,SM1,Operations Directorate
Technical Superintendent,Trinity House,38532,55044,Operational Delivery,1.0,Department for Transport,TH03,SM1,Operations Directorate
Planning Manager,Trinity House,38532,55044,Operational Delivery,1.0,Department for Transport,TH03,SM1,Operations Directorate
Principal Engineer,Trinity House,38532,55044,Operational Delivery,3.0,Department for Transport,TH03,SM1,Operations Directorate
Buoy Manager,Trinity House,38532,55044,Operational Delivery,1.0,Department for Transport,TH03,SM1,Operations Directorate
Lighthouse Manager,Trinity House,38532,55044,Operational Delivery,1.0,Department for Transport,TH03,SM1,Operations Directorate
Engineering Superintendent,Trinity House,38532,55044,Operational Delivery,1.0,Department for Transport,TH03,SM1,Operations Directorate
Marine Superintendent,Trinity House,38532,55044,Operational Delivery,1.0,Department for Transport,TH03,SM1,Operations Directorate
Senior Design Engineer,Trinity House,32928,47040,Operational Delivery,3.0,Department for Transport,TH03,F,Operations Directorate
Project Manager,Trinity House,32928,47040,Operational Delivery,1.0,Department for Transport,TH03,F,Operations Directorate
Commercial Manager,Trinity House,32928,47040,Operational Delivery,1.0,Department for Transport,TH03,F,Operations Directorate
Estates Development Manager,Trinity House,32928,47040,Operational Delivery,1.0,Department for Transport,TH03,F,Operations Directorate
Operations Systems Manager,Trinity House,32928,47040,Operational Delivery,1.0,Department for Transport,TH03,F,Operations Directorate
Design & Support Engineer,Trinity House,32928,47040,Operational Delivery,1.0,Department for Transport,TH03,F,Operations Directorate
Design Engineer,Trinity House,32928,47040,Operational Delivery,6.0,Department for Transport,TH03,F,Operations Directorate
Technical Manager,Trinity House,32928,47040,Operational Delivery,3.0,Department for Transport,TH03,F,Operations Directorate
CDM Co-ordinator & Installation Supervisor,Trinity House,32928,47040,Operational Delivery,1.0,Department for Transport,TH03,F,Operations Directorate
Senior Planner,Trinity House,32928,47040,Operational Delivery,1.0,Department for Transport,TH03,F,Operations Directorate
Senior Operations Officer,Trinity House,26484,35316,Operational Delivery,2.0,Department for Transport,TH03,E,Operations Directorate
Operations Officer,Trinity House,26484,35316,Operational Delivery,4.0,Department for Transport,TH03,E,Operations Directorate
Lead Project Technican,Trinity House,26484,35316,Operational Delivery,1.0,Department for Transport,TH03,E,Operations Directorate
Assistant Design Engineer,Trinity House,26484,35316,Operational Delivery,1.0,Department for Transport,TH03,E,Operations Directorate
Senior Technician,Trinity House,26484,35316,Operational Delivery,7.0,Department for Transport,TH03,E,Operations Directorate
Light House Support Team Leader,Trinity House,26484,35316,Operational Delivery,1.0,Department for Transport,TH03,E,Operations Directorate
Buoy Yard Supervisor,Trinity House,26484,35316,Operational Delivery,2.0,Department for Transport,TH03,E,Operations Directorate
Planning Assistant,Trinity House,26484,35316,Operational Delivery,1.0,Department for Transport,TH03,E,Operations Directorate
Technical Officer,Trinity House,21396,28524,Operational Delivery,1.0,Department for Transport,TH03,D,Operations Directorate
PA to Director of Operations & Finance,Trinity House,21396,28524,Operational Delivery,0.81,Department for Transport,TH03,D,Operations Directorate
Commercial Team Leader,Trinity House,21396,28524,Operational Delivery,1.0,Department for Transport,TH03,D,Operations Directorate
Assistant to Engineer & Operations Manager,Trinity House,20220,25272,Operational Delivery,1.0,Department for Transport,TH03,C,Operations Directorate
Project Technican,Trinity House,20220,25272,Operational Delivery,4.0,Department for Transport,TH03,C,Operations Directorate
Lighthouse Technican,Trinity House,20220,25272,Operational Delivery,20.0,Department for Transport,TH03,C,Operations Directorate
Buoy Yard Team Member Craft,Trinity House,20220,25272,Operational Delivery,6.0,Department for Transport,TH03,C,Operations Directorate
Senior Buoy Yard Team Member,Trinity House,20220,25272,Operational Delivery,4.0,Department for Transport,TH03,C,Operations Directorate
Project Assistant,Trinity House,20220,25272,Operational Delivery,1.0,Department for Transport,TH03,C,Operations Directorate
Engineering Administrator,Trinity House,15456,19260,Operational Delivery,0.5,Department for Transport,TH03,B,Operations Directorate
Buoy Yard Team Member,Trinity House,15456,19260,Operational Delivery,10.0,Department for Transport,TH03,B,Operations Directorate
Light House Support Team Member,Trinity House,15456,19260,Operational Delivery,3.0,Department for Transport,TH03,B,Operations Directorate
Fops Administrator,Trinity House,15456,19260,Operational Delivery,3.0,Department for Transport,TH03,B,Operations Directorate
Marine Support Assistant,Trinity House,15456,19260,Operational Delivery,1.0,Department for Transport,TH03,B,Operations Directorate
Commercial Administrator,Trinity House,15456,19260,Operational Delivery,1.6,Department for Transport,TH03,B,Operations Directorate
Assistant Planner,Trinity House,15456,19260,Operational Delivery,1.0,Department for Transport,TH03,B,Operations Directorate
HR Manager,Trinity House,44820,64032,Finance,1.0,Department for Transport,TH04,SM2,Operations Directorate
Financial Manager,Trinity House,44820,64032,Finance,0.8,Department for Transport,TH04,SM2,Operations Directorate
Procurement & Inventory Manager,Trinity House,38532,55044,Finance,1.0,Department for Transport,TH04,SM1,Operations Directorate
IT Manager,Trinity House,38532,55044,Finance,1.0,Department for Transport,TH04,SM1,Operations Directorate
Management Accountant,Trinity House,32928,47040,Finance,1.0,Department for Transport,TH04,F,Operations Directorate
Financial Accountant,Trinity House,32928,47040,Finance,1.0,Department for Transport,TH04,F,Operations Directorate
Employee Relations & Communications Manager,Trinity House,32928,47040,Finance,0.68,Department for Transport,TH04,F,Operations Directorate
Personnel Administration Manager,Trinity House,32928,47040,Finance,1.0,Department for Transport,TH04,F,Operations Directorate
IT Support Manager,Trinity House,32928,47040,Finance,1.0,Department for Transport,TH04,F,Operations Directorate
IT Project Manager,Trinity House,32928,47040,Finance,1.0,Department for Transport,TH04,F,Operations Directorate
Purchasing Manager,Trinity House,32928,47040,Finance,1.0,Department for Transport,TH04,F,Operations Directorate
Senior IT Support Officer,Trinity House,32928,47040,Finance,1.0,Department for Transport,TH04,F,Operations Directorate
IT Network Engineer,Trinity House,26484,35316,Finance,1.0,Department for Transport,TH04,E,Operations Directorate
IT Project Co-ordinator,Trinity House,26484,35316,Finance,1.0,Department for Transport,TH04,E,Operations Directorate
Supplies Manager,Trinity House,26484,35316,Finance,1.0,Department for Transport,TH04,E,Operations Directorate
Pension&Benefits Co-ordinator,Trinity House,26484,35316,Finance,1.0,Department for Transport,TH04,E,Operations Directorate
Training Co-ordinator,Trinity House,26484,35316,Finance,1.0,Department for Transport,TH04,E,Operations Directorate
Communications Officer,Trinity House,26484,35316,Finance,1.0,Department for Transport,TH04,E,Operations Directorate
IT Support Officer,Trinity House,26484,35316,Finance,3.0,Department for Transport,TH04,E,Operations Directorate
Assistant Financial Accountant,Trinity House,21396,28524,Finance,0.81,Department for Transport,TH04,D,Operations Directorate
Light Dues Team Leader,Trinity House,21396,28524,Finance,1.0,Department for Transport,TH04,D,Operations Directorate
Assistant Mangement Accountant,Trinity House,21396,28524,Finance,1.0,Department for Transport,TH04,D,Operations Directorate
HR Officer,Trinity House,21396,28524,Finance,1.0,Department for Transport,TH04,D,Operations Directorate
Buyer,Trinity House,20220,25272,Finance,2.4,Department for Transport,TH04,C,Operations Directorate
Supplies Supervisor,Trinity House,20220,25272,Finance,1.0,Department for Transport,TH04,C,Operations Directorate
Finance Administrator,Trinity House,20220,25272,Finance,4.0,Department for Transport,TH04,C,Operations Directorate
Trainee Accountant,Trinity House,20220,25272,Finance,1.0,Department for Transport,TH04,C,Operations Directorate
HR Administrator,Trinity House,15456,19260,Finance,3.4,Department for Transport,TH04,B,Operations Directorate
IT Help Desk Administrator,Trinity House,15456,19260,Finance,1.0,Department for Transport,TH04,B,Operations Directorate
Supplies Officer,Trinity House,15456,19260,Finance,6.0,Department for Transport,TH04,B,Operations Directorate
Purchasing Administrator,Trinity House,15456,19260,Finance,2.5,Department for Transport,TH04,B,Operations Directorate
Receptionist,Trinity House,15456,19260,Finance,1.0,Department for Transport,TH04,B,Operations Directorate
Light Dues Administrator,Trinity House,15456,19260,Finance,5.0,Department for Transport,TH04,B,Operations Directorate
