ï»¿FSCL_YR,DepartmentNumber-NumÃ©ro-de-MinistÃ¨re,MINC,AMOUNT,MINE,HLDR_TRST_ENG_NM,DEPT_EN_DESC,PYMNT_TYP_ENG_TXT,PAYEE_ENG_NM
2013/2014,130,3,125,Canada Revenue Agency,,Canada Revenue Agency,Relief payments for heating expenses,Glen J
2013/2014,130,3,125,Canada Revenue Agency,,Canada Revenue Agency,Relief payments for heating expenses,Juhasz G
2013/2014,130,3,250,Canada Revenue Agency,,Canada Revenue Agency,Relief payments for heating expenses,Taylor M M
2013/2014,130,3,250,Canada Revenue Agency,,Canada Revenue Agency,Relief payments for heating expenses,Thorsteinsson A K
2013/2014,130,3,250,Canada Revenue Agency,,Canada Revenue Agency,Relief payments for heating expenses,Wong P K
2013/2014,135,4,450,Canadian Heritage,,Canadian Heritage,Payment resulting from the closure of the Kelowna Office,Perrier S
2013/2014,135,4,100000,Canadian Heritage,,Canadian Heritage,"PC 2013-1153, November 7, 2013, His Excellency the Governor General in Council authorized a one-time payment on behalf of His Royal Highness Prince George of Cambridge",Canadian Centre for Child Protection
2013/2014,50,5,31551,Citizenship and Immigration,,Citizenship and Immigration,Reimbursement of non-eligible costs to Interim Federal Health Program as a result of a miscommunication of the implementation of new order-in-council,International Organization for Migration
2013/2014,50,5,759,Citizenship and Immigration,,Citizenship and Immigration,Reimbursement on compassionate grounds of travel expenses related to an employee's accident,Smith L-M
2013/2014,50,5,983,Citizenship and Immigration,,Citizenship and Immigration,Reimbursement on compassionate grounds of travel expenses related to an employee's accident,Taylor R
2013/2014,50,5,9230,Citizenship and Immigration,,Citizenship and Immigration,Reimbursement on compassionate grounds of travel expenses related to an employee's death,Desloges M & Raizenne Desloges M
2013/2014,124,6,1736,Environment,,Parks Canada Agency,Compensation for damage to a vehicle,Fortier B
2013/2014,124,6,530,Environment,,Parks Canada Agency,Compensation for lost glasses,Boilard R
2013/2014,5,9,83305,"Foreign Affairs, Trade and Development",,"Foreign Affairs, Trade and Development",Compensation for a contractual dispute,Name withheld
2013/2014,5,9,42844,"Foreign Affairs, Trade and Development",,"Foreign Affairs, Trade and Development",Compensation for expenses incurred due to a change in trustee,Prince's Charities Canada
2013/2014,5,9,1000,"Foreign Affairs, Trade and Development",,"Foreign Affairs, Trade and Development",Compensation for relocation,Bouare O
2013/2014,14,12,545,Employment and Social Development,,Employment and Social Development,Payments under $100 (12),
2013/2014,14,12,130,Employment and Social Development,,Employment and Social Development,Reimbursement of costs for the replacement of a damaged document,Stevenant C
2013/2014,42,13,56,Indian Affairs and Northern Development,,Indian Affairs and Northern Development,Payments under $100 (3),
2013/2014,51,15,497,Justice,,Commissioner for Federal Judicial Affairs,Refund of union dues,LeBel A
2013/2014,51,15,338,Justice,,Commissioner for Federal Judicial Affairs,Refund of union dues,Sewdat H
2013/2014,18,16,727,National Defence,,National Defence,Compensation for legal costs,Langlois Kronstrom Desjardins
2013/2014,18,16,249,National Defence,,National Defence,Compensation for loss of personal effects,HÃ©bert J
2013/2014,18,16,79000,National Defence,,National Defence,"Compensation for missed financial opportunities, pay, incentives and pension",Estate of Robillard R A
2013/2014,18,16,39722,National Defence,,National Defence,Compensation for personal injuries,Thomson R
2013/2014,18,16,21422,National Defence,,National Defence,Payments relating to damages and losses in Afghanistan,"Names withheld - 15 payments to recipients @ $85 to $9,750"
2013/2014,18,16,75,National Defence,,National Defence,Payments under $100 (2),
2013/2014,15,19,40,Privy Council Office,,Office of the Chief Electoral Officer,Payments under $100 (1),
2013/2014,15,19,312,Privy Council Office,,Office of the Chief Electoral Officer,Settlement of a claim with a revising agent,Name withheld
2013/2014,30,21,169,Public Safety and Emergency Preparedness,,Royal Canadian Mounted Police,Compensation for damage to a personal vehicle,Choi J
2013/2014,30,21,2520,Public Safety and Emergency Preparedness,,Royal Canadian Mounted Police,Compensation for damage to personal property,Elliott M
2013/2014,30,21,399,Public Safety and Emergency Preparedness,,Royal Canadian Mounted Police,Compensation for damage to personal property,Mahboubi F
2013/2014,30,21,162,Public Safety and Emergency Preparedness,,Royal Canadian Mounted Police,Compensation for damage to personal property,Storozuk T
2013/2014,30,21,1195,Public Safety and Emergency Preparedness,,Royal Canadian Mounted Police,Compensation for damage to personal property,Hobah Apartments
2013/2014,85,21,117,Public Safety and Emergency Preparedness,,Canada Border Services Agency,Compensation for lost passport,Travis D
2013/2014,85,21,233,Public Safety and Emergency Preparedness,,Canada Border Services Agency,Compensation for transportation fees,Kloss I
2013/2014,85,21,149,Public Safety and Emergency Preparedness,,Canada Border Services Agency,Payments under $100 (3),
2013/2014,85,21,8724748,Public Safety and Emergency Preparedness,,Canada Border Services Agency,"P.C. 2012-0539, April 26,2012, His Excellency the Governor General in Council authorizes the International Organization for Migration to make payments for rejected refugee claimants",International Organization for Migration
2013/2014,34,22,19866,Transport,,Transport,Reimbursement of funeral costs related to a helicopter accident,Name withheld
2013/2014,52,23,50,Treasury Board,,Canada School of Public Service,Payment under $100 (1),
2013/2014,21,24,50000,Veterans Affairs,,Veterans Affairs,Special Benefit payments to Merchant Navy Veterans,"4 names withheld @ $10,000 to $20,000"
