PAYEE_ENG_NM,DEPT_EN_DESC,MINC,DepartmentNumber-NumÃ©ro-de-MinistÃ¨re,ï»¿FSCL_YR,AMOUNT,HLDR_TRST_ENG_NM,MINE,PYMNT_TYP_ENG_TXT
Morneau C,Agriculture and Agri-Food,2,1,2012/2013,165,,Agriculture and Agri-Food,Damage to personal effect
,Agriculture and Agri-Food,2,1,2012/2013,112,,Agriculture and Agri-Food,Payments under $100(2)
Kelly B,Public Safety and Emergency Preparedness,21,88,2012/2013,5000,,Public Safety and Emergency Preparedness,Compensation for leave reimbursement
Neville D,Public Safety and Emergency Preparedness,21,88,2012/2013,1626,,Public Safety and Emergency Preparedness,Compensation paid to employee for loss suffered by the employee
"286 names withheld @ $8,000 to $24,000",Public Safety and Emergency Preparedness,21,88,2012/2013,6600000,,Public Safety and Emergency Preparedness,Air India Flight 182
Simpson A,Canada Border Services Agency,21,85,2012/2013,1603,,Public Safety and Emergency Preparedness,Compensation for transportation fees
International Organization for Migration,Canada Border Services Agency,21,85,2012/2013,5282520,,Public Safety and Emergency Preparedness,"PC 2012-0539 on April 26, 2012, His Excellency the Governor General in Council authorizes the International Organization for Migration to make payments for rejected refugee claimants"
,Canada Border Services Agency,21,85,2012/2013,122,,Public Safety and Emergency Preparedness,Payments under $100 (4)
Bowcock T,Canada Border Services Agency,21,85,2012/2013,1603,,Public Safety and Emergency Preparedness,Compensation for transportation fees
George S,Canada Border Services Agency,21,85,2012/2013,1602,,Public Safety and Emergency Preparedness,Compensation for transportation fees
Bowcock J,Canada Border Services Agency,21,85,2012/2013,1602,,Public Safety and Emergency Preparedness,Compensation for transportation fees
Bouchard G,Canada Border Services Agency,21,85,2012/2013,1000,,Public Safety and Emergency Preparedness,Compensation for damage to camera
Berchie P,Canada Border Services Agency,21,85,2012/2013,136,,Public Safety and Emergency Preparedness,Compensation for lost passport
Kwaku Adom-Domfeh A,Canada Border Services Agency,21,85,2012/2013,12185,,Public Safety and Emergency Preparedness,Compensation for transportation and legal fees
Lokan A,Courts Administration Service,15,144,2012/2013,50000,,Justice,Payment for the fees related to the review of Federal Court Prothonotaries? compensation
Canadian Youth Business Foundation,Canadian Heritage,4,135,2012/2013,100000,,Canadian Heritage,"PC 2012-1144 on September 27, 2012, His Excellency the Governor General in Council authorized a one-time payment on behalf of Their Royal Highnesses the Prince of Wales and the Duchess of Cornwall"
Mounted Police Foundation,Canadian Heritage,4,135,2012/2013,50000,,Canadian Heritage,"PC 2012-1015 on August 20, 2012, His Excellency the Governor General in Council authorized a one-time payment on behalf of Their Royal Highnesses the Prince of Wales and the Duchess of Cornwall"
Glegg S,Parks Canada Agency,6,124,2012/2013,385,,Environment,Compensation for a stolen mixer
Lecours G,Parks Canada Agency,6,124,2012/2013,186,,Environment,Reimbursement for a camper's tent
,Parks Canada Agency,6,124,2012/2013,146,,Environment,Payments under $ 100 (2)
O'Leary N,Parks Canada Agency,6,124,2012/2013,108,,Environment,Compensation for damage to a vehicle
Hodges C,Parks Canada Agency,6,124,2012/2013,400,,Environment,Compensation for damage to a boat
Kashari S,Human Resources and Skills Development,12,14,2012/2013,231,,Human Resources and Skills Development,Reimbursement of costs for the replacement of documents lost by the departement
East Y,Human Resources and Skills Development,12,14,2012/2013,116,,Human Resources and Skills Development,Reimbursement of bank charges incurred due to an administrative error
,Human Resources and Skills Development,12,14,2012/2013,231,,Human Resources and Skills Development,Payments under $100 (8)
Bernard A,Human Resources and Skills Development,12,14,2012/2013,175,,Human Resources and Skills Development,Reimbursement of taxes payable due to an administrative error
,Royal Canadian Mounted Police,21,30,2012/2013,241,,Public Safety and Emergency Preparedness,Payments under $100 (3)
Rutherford B,Royal Canadian Mounted Police,21,30,2012/2013,598,,Public Safety and Emergency Preparedness,Damage to glasses
Schidlowski K,Royal Canadian Mounted Police,21,30,2012/2013,625,,Public Safety and Emergency Preparedness,Damage to glasses
Esso T,Royal Canadian Mounted Police,21,30,2012/2013,629,,Public Safety and Emergency Preparedness,Damage to personal property
Lau S,Royal Canadian Mounted Police,21,30,2012/2013,1462,,Public Safety and Emergency Preparedness,Damage to personal property
Name withheld,Royal Canadian Mounted Police,21,30,2012/2013,1400,,Public Safety and Emergency Preparedness,Loss of personal item
Perossa M,Royal Canadian Mounted Police,21,30,2012/2013,115,,Public Safety and Emergency Preparedness,Reimbursement of towing expenses
KinVillage Care Home,Veterans Affairs,24,21,2012/2013,162000,,Veterans Affairs,Long term care fees
Antenbring N,Veterans Affairs,24,21,2012/2013,293308,,Veterans Affairs,Payment in recognition of service-related death
Lightfoot B,Veterans Affairs,24,21,2012/2013,293309,,Veterans Affairs,Payment in recognition of service-related death
Larocque J,Veterans Affairs,24,21,2012/2013,293308,,Veterans Affairs,Payment in recognition of service-related death
Bourassa R,Veterans Affairs,24,21,2012/2013,23940,,Veterans Affairs,Compensation for prisoners of war
Military Judges Compensation Committee,National Defence,16,18,2012/2013,90245,Langlois Kronstrom Desjardins,National Defence,"Compensation for missed financial opportunities, pay, incentives and pension"
Names withheld (2),National Defence,16,18,2012/2013,1001,,National Defence,Payments relating to damages and losses in Afghanistan
Baker J,National Defence,16,18,2012/2013,10000,,National Defence,Compensation for personal injuries
Wright Y,National Defence,16,18,2012/2013,390,,National Defence,Compensation for loss of personal effects
Emilio Trans Ltd,National Defence,16,18,2012/2013,1068,,National Defence,Compensation for loss of personal effects
Thomson R,National Defence,16,18,2012/2013,38703,,National Defence,Compensation for personal injuries
London R,National Research Council of Canada,14,35,2012/2013,350,,Industry,Compensation for damages to vehicle
St-Georges A,Foreign Affairs and International Trade,9,5,2012/2013,200,,Foreign Affairs and International Trade,Honorarium for ceremonial blessing
Paese Ristorante King Street Limited,Foreign Affairs and International Trade,9,5,2012/2013,367,"Steven F Troster, Barrister and Solicitor",Foreign Affairs and International Trade,Compensation for lost revenue due to the G8 or G20 summit
Derzko C,Foreign Affairs and International Trade,9,5,2012/2013,1188,,Foreign Affairs and International Trade,Compensation following disagreement with a participant to an International Medical Commission
Chedid E,Foreign Affairs and International Trade,9,5,2012/2013,5914,,Foreign Affairs and International Trade,Compensation for loss of revenue following the closure of the Honorary Consulate in Aleppo
Kujtan P,Foreign Affairs and International Trade,9,5,2012/2013,2751,,Foreign Affairs and International Trade,Reimbursement of consultation costs
Names withheld (4),Foreign Affairs and International Trade,9,5,2012/2013,17425,,Foreign Affairs and International Trade,Compensation for lost revenue due to the G8 or G20 summit
,Foreign Affairs and International Trade,9,5,2012/2013,224,,Foreign Affairs and International Trade,Payments under 100 (3)
Aviva Canada Inc,Indian Affairs and Northern Development,13,42,2012/2013,3612,,Indian Affairs and Northern Development,Compensation for damages to an automobile
Radecki S,Indian Affairs and Northern Development,13,42,2012/2013,160,,Indian Affairs and Northern Development,Compensation for loss of money due to a theft
Attawapiskat Band,Indian Affairs and Northern Development,13,42,2012/2013,136132,,Indian Affairs and Northern Development,Payment to First Nation to repay third-party management costs
M Thorpe & Associate Inc,Indian Affairs and Northern Development,13,42,2012/2013,1500,,Indian Affairs and Northern Development,Compensation for fees incurred due to an administrative error
,Citizenship and Immigration,5,50,2012/2013,35,,Citizenship and Immigration,Payment under $100 (1)
