Registered_Patients,Address2,Address3,PracticeName,PracNo,Address1,LCG,Postcode
6758,WESTMINSTER AVENUE,BELFAST,Dr. IRWIN & PARTNERS                ,1,HARLAND MEDICAL PRACTICE,Belfast,BT4 1NS
7134,2ND FLOOR THE ARCHES CENTRE,WESTMINSTER AVENUE NORTH,Dr. MCCUTCHEON & PARTNERS           ,3,GREENWAY PRACTICE,Belfast,BT4 1NS
11320,HILLSBOROUGH ROAD,CARRYDUFF BELFAST,Dr. SHARKEY & PARTNERS              ,6,CARRYDUFF SURGERY,Belfast,BT8 8HR
2479,225 ALBERTBRIDGE ROAD,BELFAST,Dr. WILSON & PARTNER                ,10,TEMPLEMORE MEDICAL CENTRE,Belfast,BT5 4PX
3253,225 ALBERTBRIDGE ROAD,BELFAST,Dr. COOGAN                          ,13,TEMPLEMORE MEDICAL CENTRE,Belfast,BT5 4PX
8274,169 UPPER NEWTOWNARDS ROAD,BELFAST,Dr. COULTER & PARTNERS              ,14,KERRSLAND SURGERY,Belfast,BT4 3HZ
5647,BELFAST,,Dr. MCGARRITY & PARTNERS            ,15,54 HOLYWOOD ROAD,Belfast,BT4 1NT
6042,423B UPPER NEWTOWNARDS ROAD,BELFAST,Dr. ROSS & PARTNERS                 ,16,KNOCK MEDICAL CENTRE,Belfast,BT4 3LH
5541,WESTMINSTER AVENUE,BELFAST,Dr. SCOTT & PARTNERS                ,17,HOLYWOOD ARCHES HEALTH CENTRE,Belfast,BT4 1NS
7046,2-6 BRYSON STREET,BELFAST,Dr. KELLY & PARTNERS                ,18,BRIDGES FAMILY PRACTICE,Belfast,BT5 4ES
4089,336 BEERSBRIDGE ROAD,BELFAST,Dr. MITCHELL & PARTNERS             ,19,LINEN COURT SURGERY,Belfast,BT5 5DY
4149,THE ARCHES CENTRE,WESTMINSTER AVENUE NORTH,Dr. LUA & PARTNERS                  ,20,LEWIS SQUARE PRACTICE,Belfast,BT4 1NS
4341,50 CASTLEREAGH STREET,BELFAST,Dr. MCCLOSKEY & PARTNERS            ,24,THE MOUNT GROUP PRACTICE,Belfast,BT5 4NH
3372,HOLYWOOD ARCHES HEALTH CENTRE,"WESTMINSTER AVENUE, BELFAST",Dr. GALLAGHER & PARTNERS            ,28,THE VICTORIA PRACTICE,Belfast,BT4 1NS
4983,21 BALLYGOWAN ROAD,BELFAST,Dr. SAVAGE & PARTNERS               ,29,CASTLEREAGH MEDICAL CENTRE,Belfast,BT5 7LH
2849,56 TEMPLEMORE AVENUE,BELFAST,Dr. THOMPSON & PARTNERS             ,30,EASTSIDE SURGERY,Belfast,BT5 4FT
7388,16 CHURCH ROAD,"DUNDONALD, BELFAST",Dr. COOKE & PARTNERS                ,31,DUNDONALD MEDICAL CENTRE,Belfast,BT16 2LN
4029,50/52 CASTLEREAGH ROAD,BELFAST,Dr. KELLY & PARTNERS                ,32,WILLOWFIELD SURGERY,Belfast,BT5 5FP
4918,BELFAST,,Dr. RODGERS & PARTNERS              ,33,222 WOODSTOCK ROAD,Belfast,BT6 9DL
6555,KINGS SQUARE,BELFAST,Dr. MONCRIEFF & PARTNERS            ,37,CHERRYVALLEY HEALTH CENTRE,Belfast,BT5 7BP
1982,KINGS SQUARE,BELFAST,Dr. ABERNETHY                       ,38,CHERRYVALLEY HEALTH CENTRE,Belfast,BT5 7BP
2780,CRUMLIN ROAD,BELFAST,Dr. SAVAGE & PARTNER                ,52,16 MCCANDLESS STREET,Belfast,BT13 1RU
3105,BELFAST,,Dr. COLGAN                          ,53,463 FALLS ROAD,Belfast,BT12 6DD
1197,94-100 CRUMLIN ROAD,BELFAST,Dr. O'KANE                          ,55,THE HEALTH CENTRE,Belfast,BT14 6AR
5221,106 ALBERT STREET,BELFAST,Dr. CAMPBELL & PARTNER              ,57,"THE MAUREEN SHEEHAN CENTRE, BUILDING 2",Belfast,BT12 4HL
5801,257 NORTH QUEEN STREET,BELFAST,Dr. FARNAN & PARTNERS               ,58,THE GROUP SURGERY,Belfast,BT15 1HS
3336,BELFAST,CO ANTRIM,Dr. BURNS & PARTNERS                ,60,165 DUNCAIRN GARDENS,Belfast,BT15 2GE
9495,1 CARRICK HILL,BELFAST,Dr. CROSSIN & PARTNERS              ,61,THE CARRICK HILL MEDICAL CENTRE,Belfast,BT1 2JR
1313,CRUMLIN ROAD HEALTH CENTRE,"100 CRUMLIN ROAD, BELFAST",Dr. GARDINER & PARTNER              ,62,GARDINER FAMILY PRACTICE,Belfast,BT14 6AR
3072,155 ANDERSONSTOWN ROAD,BELFAST,Dr. O'DONNELL & PARTNER             ,63,WILLOW MEDICAL PRACTICE,Belfast,BT11 9EA
4267,309 GROSVENOR ROAD,BELFAST,Dr. DONAGHY & PARTNERS              ,64,DUNVILLE HEALTH CENTRE,Belfast,BT12 4LP
7115,120 YORK ROAD,BELFAST,Dr. DURKAN & PARTNERS               ,66,"GROVE WELLBEING CENTRE, PARKSIDE SURGERY",Belfast,BT15 3HF
2553,BELFAST,,Dr. CARDWELL & PARTNERS             ,68,136-138 SHANKILL ROAD,Belfast,BT13 2BD
3031,ARDOYNE AVENUE,BELFAST,Dr. TAN & PARTNER                   ,69,FLAX CENTRE,Belfast,BT14 7DA
5554,156-158 BALLYSILLAN ROAD,BELFAST,Dr. CHAMBERS & PARTNERS             ,70,BALLYSILLAN GROUP PRACTICE,Belfast,BT14 7QR
6477,BELFAST,,Dr. LEAVY & PARTNERS                ,71,463 SPRINGFIELD ROAD,Belfast,BT12 7DP
1895,585 CRUMLIN ROAD,BELFAST,Dr. AGAHI & PARTNERS                ,72,MOUNTAINVIEW SURGERY,Belfast,BT14 7GB
2188,CRUMLIN ROAD HEALTH CENTRE,"94-100 CRUMLIN ROAD, BELFAST",Dr. CLULOW & PARTNER                ,73,CRUMLIN ROAD FAMILY PRACTICE,Belfast,BT14 6AR
2727,NORTHGATE FAMILY PRACTICE,"36 DUNCAIRN GARDENS, BELFAST",Dr. BEATTIE & PARTNER               ,74,DR SIMPSON & DR BEATTIE,Belfast,BT15 2GH
9980,216 GROSVENOR ROAD,BELFAST,Dr. MCCLOSKEY & PARTNERS            ,75,GROSVENOR ROAD SURGERY,Belfast,BT12 5LT
9167,BELFAST,CO ANTRIM,Dr. O'NEILL & PARTNERS              ,79,70 SPRINGFIELD ROAD,Belfast,BT12 7AH
4822,BELFAST,,Dr. CONWAY & PARTNERS               ,80,460 OLDPARK ROAD,Belfast,BT14 6QG
7339,BELFAST,,Dr. MCHUGH & PARTNERS               ,81,46 SPRINGFIELD ROAD,Belfast,BT12 7AH
5804,120 YORK ROAD,BELFAST,Dr. PATTON & PARTNERS               ,83,"GROVE WELLBEING CENTRE, GROVE MEDICAL PRACTICE",Belfast,BT15 3HF
3673,BELFAST,,Dr. SALTERS & PARTNERS              ,84,186 FALLS ROAD,Belfast,BT12 6AG
5137,BELFAST,,Dr. MACSORLEY & PARTNER             ,85,515 ANTRIM ROAD,Belfast,BT15 3BS
11032,474 ANTRIM ROAD,BELFAST,Dr. LOUGHREY & PARTNERS             ,86,SALISBURY MEDICAL CENTRE,Belfast,BT15 5GF
5125,179 ANDERSONSTOWN ROAD,BELFAST,Dr. MCFERRAN & PARTNERS             ,92,BALLYOWEN HEALTH CENTRE,Belfast,BT11 9EA
5642,BELFAST,,Dr. CLARKE & PARTNERS               ,93,61 CLIFTONVILLE ROAD,Belfast,BT14 6JN
7255,BELFAST,,Dr. CUMMINGS & PARTNER              ,94,115 FALLS ROAD,Belfast,BT12 6AA
5277,69 SHANKILL ROAD,BELFAST,Dr. MAGENIS & PARTNERS              ,96,MALVERN FAMILY PRACTICE,Belfast,BT13 1FD
3927,74A LIGONIEL ROAD,BELFAST,Dr. GILMORE & PARTNERS              ,98,THE LIGONIEL HEALTH CENTRE,Belfast,BT14 8BY
4410,BELFAST,CO ANTRIM,Dr. KELLY & PARTNERS                ,101,132-136 SANDY ROW,Belfast,BT12 5EY
8996,BELFAST,,Dr. MAGUIRE & PARTNERS              ,103,15/17 CLIFTON STREET,Belfast,BT13 1AD
7973,BELFAST,,Dr. HUTCHINSON & PARTNERS           ,104,17 BALLYGOMARTIN ROAD,Belfast,BT13 3BW
5037,69 SHANKILL ROAD,BELFAST,Dr. DOGGART & PARTNERS              ,105,CHURCH VIEW MEDICAL PRACTICE,Belfast,BT13 1FD
2897,BELFAST,CO ANTRIM,Dr. MCKENNA                         ,111,2 THAMES STREET,Belfast,BT12 6AP
4431,BELFAST,,Dr. DUGAN                           ,113,173 ANDERSONSTOWN ROAD,Belfast,BT11 9EA
7112,BELFAST,,Dr. BONNAR & PARTNERS               ,114,33 STEWARTSTOWN ROAD,Belfast,BT11 9FZ
4443,1 CROCUS STREET,BELFAST,Dr. DORAN & PARTNERS                ,116,CROCUS STREET SURGERY,Belfast,BT12 7AP
6219,1 DUNLUCE AVENUE,BELFAST,Dr. MCGLADE & PARTNERS              ,132,DUNLUCE FAMILY PRACTICE,Belfast,BT9 7HR
7530,KNOCKBREDA WTC,"110 SAINTFIELD ROAD, BELFAST",Dr. HAIGNEY & PARTNERS              ,136,MOUNT ORIEL MEDICAL PRACTICE,Belfast,BT8 6GR
9006,1 DUNLUCE AVENUE,BELFAST,Dr. CONNOLLY & PARTNERS             ,140,THE HEALTH CENTRE,Belfast,BT9 7HR
5533,1 DUNLUCE AVENUE,BELFAST,Dr. SHERWOOD & PARTNERS             ,143,THE ROWAN TREE FAMILY PRACTICE,Belfast,BT9 7HR
8420,BELFAST,,Dr. KILLINER & PARTNERS             ,145,15A DONEGALL ROAD,Belfast,BT12 5JJ
4160,436 LISBURN ROAD,BELFAST,Dr. HUGHES                          ,146,BALMORAL SURGERY,Belfast,BT9 6GR
7685,BELFAST,,Dr. CHEYNE & PARTNERS               ,147,281 ORMEAU ROAD,Belfast,BT7 3GG
9077,370/372 CREGAGH ROAD,BELFAST,Dr. TONER & PARTNERS                ,148,SOUTH EAST FAMILY PRACTICE,Belfast,BT6 9EY
13244,13/25 FINAGHY ROAD SOUTH,BELFAST,Dr. MCAULEY & PARTNERS              ,151,THE HEALTH CENTRE,Belfast,BT10 0BX
9576,120 ORMEAU ROAD,BELFAST,Dr. O'HARE & PARTNERS               ,153,ORMEAU ROAD HEALTH CENTRE,Belfast,BT7 2EB
5265,BELFAST,,Dr. MCCAULEY & PARTNERS             ,154,142 - 144 UNIVERSITY STREET,Belfast,BT7 1HH
9499,179 ANDERSONSTOWN ROAD,BELFAST,Dr. COLTON & PARTNERS               ,156,BALLYOWEN HEALTH CENTRE,Belfast,BT11 9EA
10203,ELMWOOD MANSE,"7 UNIVERSITY TERRACE, BELFAST",Dr. FAIR & PARTNERS                 ,157,UNIVERSITY HEALTH CENTRE AT QUEENS,Belfast,BT7 1NP
5921,BELFAST,,Dr. BELL & PARTNERS                 ,159,485 ORMEAU ROAD,Belfast,BT7 3GR
3638,36 MONTGOMERY ROAD,BELFAST,Dr. MURDOCK & PARTNER               ,164,CREGAGH SURGERY,Belfast,BT6 9HL
8845,BELFAST,,Dr. KEANE & PARTNERS                ,165,6 NORTH PARADE,Belfast,BT7 2GG
3286,51 BOTANIC AVENUE,BELFAST,Dr. CULLEN & PARTNER                ,166,BOTANIC MEDICAL CENTRE,Belfast,BT7 1JL
9797,2 DROMORE ROAD,BALLYNAHINCH,Dr. FERGUSON & PARTNERS             ,191,THE MONTALTO MEDICAL CENTRE,South Eastern,BT24 8AY
4948,14 DOWNPATRICK ROAD,"KILLYLEAGH, DOWNPATRICK",Dr. MCGILL & PARTNERS               ,192,KILLYLEAGH SURGERY,South Eastern,BT30 9RG
10374,1 CASTLEWELLAN ROAD,CLOUGH,Dr. GREER & PARTNERS                ,193,CLOUGH SURGERY,South Eastern,BT30 8RD
2072,CAUSEWAY PLACE,NEWCASTLE,Dr. HYLAND & PARTNER                ,194,THE SURGERY,South Eastern,BT33 0DN
1749,CAUSEWAY PLACE,NEWCASTLE,Dr. GILPIN                          ,195,THE SURGERY,South Eastern,BT33 0DN
3290,DOWNPATRICK ROAD,ARDGLASS,Dr. MURPHY & PARTNER                ,196,THE HEALTH CENTRE,South Eastern,BT30 7SF
9152,FAIRVIEW,"SAINTFIELD, BALLYNAHINCH",Dr. ROSS & PARTNERS                 ,198,THE HEALTH CENTRE,South Eastern,BT24 7AD
11858,56 MAIN STREET,"NEWCASTLE, CO DOWN",Dr. LEGGETT & PARTNERS              ,201,DONARD FAMILY PRACTICE,South Eastern,BT33 0AE
3946,"FIRST FLOOR, DOWN HOSPITAL","STRUELL WELLS ROAD, DOWNPATRICK",Dr. SMALL & PARTNER                 ,202,GP & PRIMARY CARE CENTRE,South Eastern,BT30 6RL
4974,12 THE GREEN,"IRISH STREET, DOWNPATRICK",Dr. BOYLE & PARTNERS                ,204,THE SURGERY,South Eastern,BT30 6BE
4662,JAMES STREET,"CROSSGAR, DOWNPATRICK",Dr. TRAINOR & PARTNERS              ,205,THE SURGERY,South Eastern,BT30 9JU
5002,"FIRST FLOOR, DOWN HOSPITAL","STRUELL WELLS ROAD, DOWNPATRICK",Dr. SHEVLIN & PARTNERS              ,206,GP & PRIMARY CARE CENTRE,South Eastern,BT30 6RL
5012,40 STREAM STREET,DOWNPATRICK,Dr. CREANEY & PARTNER               ,207,STREAM STREET SURGERY,South Eastern,BT30 6DE
10154,BALLYNAHINCH ST,HILLSBOROUGH,Dr. HALL & PARTNERS                 ,221,HEALTH CENTRE,South Eastern,BT26 6AW
9227,STEWARTSTOWN ROAD,DUNMURRY BELFAST,Dr. MULHOLLAND & PARTNERS           ,222,WOODBROOK MEDICAL PRACTICE,South Eastern,BT17 0FB
3983,THE HEALTH CENTRE,LINENHALL STREET,Dr. CUPPLES & PARTNER               ,223,LISBURN CITY PRACTICE,South Eastern,BT28 1LU
7314,LINENHALL STREET,LISBURN,Dr. CAIRNS & PARTNERS               ,224,THE HEALTH CENTRE,South Eastern,BT28 1LU
8423,BEGNEY HILL ROAD,DROMARA,Dr. HICKS & PARTNERS                ,226,THE SURGERY,South Eastern,BT25 2AT
12334,LINENHALL STREET,LISBURN,Dr. CURRY & PARTNERS                ,227,THE HEALTH CENTRE,South Eastern,BT28 1LU
4395,"LISBURN HEALTH CENTRE, LINENHALL STREET",LISBURN,Dr. FORDE & PARTNERS                ,228,LAGANVIEW MEDICAL PRACTICE,South Eastern,BT28 1LU
8914,LINENHALL STREET,LISBURN,Dr. RUDDELL & PARTNERS              ,229,THE HEALTH CENTRE,South Eastern,BT28 1LU
5123,LINENHALL STREET,LISBURN,Dr. RYAN & PARTNERS                 ,230,THE HEALTH CENTRE,South Eastern,BT28 1LU
9648,LINENHALL STREET,LISBURN,Dr. PALMER & PARTNERS               ,231,THE HEALTH CENTRE,South Eastern,BT28 1LU
7931,DUNMURRY,BELFAST,Dr. DICK & PARTNERS                 ,232,192 KINGSWAY,South Eastern,BT17 9AL
4399,47 MAIN STREET,"GLENAVY, CRUMLIN",Dr. GALLAGHER & PARTNER             ,233,GLENAVY FAMILY PRACTICE,South Eastern,BT29 4LN
1883,LINENHALL STREET,LISBURN,Dr. PATTERSON                       ,234,THE HEALTH CENTRE,South Eastern,BT28 1LU
14834,26 HIGH STREET,HOLYWOOD,Dr. LAWSON & PARTNERS               ,252,PRIORY SURGERY,South Eastern,BT18 9AD
7710,NEWTOWNARDS ROAD,BANGOR,Dr. REID & PARTNERS                 ,253,THE HEALTH CENTRE,South Eastern,BT20 4LD
4220,LISBANE,NEWTOWNARDS,Dr. MARSHALL & PARTNER              ,254,24 LISBARNETT ROAD,South Eastern,BT23 6AW
5439,NEWTOWNARDS ROAD,BANGOR,Dr. KENNY & PARTNERS                ,255,THE HEALTH CENTRE,South Eastern,BT20 4LD
5840,BANGOR,CO DOWN,Dr. CRAIG & PARTNER                 ,256,140 GROOMSPORT ROAD,South Eastern,BT20 5PE
8280,BROOK STREET,HOLYWOOD,Dr. MCCREERY & PARTNERS             ,257,THE SURGERY,South Eastern,BT18 9DA
4953,BANGOR HEALTH CENTRE,NEWTOWNARDS ROAD,Dr. MANSON & PARTNERS               ,258,CASTLE PARK PRACTICE,South Eastern,BT20 4LD
3888,44 HIGH STREET,"PORTAFERRY, NEWTOWNARDS",Dr. DOYLE & PARTNERS                ,259,CUAN FAMILY PRACTICE,South Eastern,BT22 1QT
7389,THE HEALTH CENTRE,NEWTOWNARDS ROAD,Dr. DORAN & PARTNERS                ,260,CHURCH VIEW FAMILY PRACTICE,South Eastern,BT20 4LD
6026,2A FREDERICK STREET,NEWTOWNARDS,Dr. NEOH & PARTNERS                 ,261,KILLYNETHER PRACTICE,South Eastern,BT23 4LR
2703,39A SILVERBIRCH ROAD,BANGOR,Dr. KINNEAR & PARTNER               ,264,SILVERBIRCH MEDICAL PRACTICE,South Eastern,BT19 6EU
7177,1 CHURCH STREET,NEWTOWNARDS,Dr. HYLAND & PARTNERS               ,265,THE SURGERY,South Eastern,BT23 4FH
10874,CHURCH STREET,NEWTOWNARDS,Dr. GREER & PARTNERS                ,271,OLD MILL SURGERY,South Eastern,BT23 4AS
6770,COMBER,NEWTOWNARDS,Dr. MCKEOWN & PARTNERS              ,272,16 A THE SQUARE,South Eastern,BT23 5DT
7538,5 NEWTOWNARDS ROAD,"COMBER, NEWTOWNARDS",Dr. WHITESIDE & PARTNERS            ,273,THE HEALTH CENTRE,South Eastern,BT23 5BA
10365,95 BLOOMFIELD ROAD,BANGOR,Dr. MCNUTT & PARTNERS               ,274,BLOOMFIELD SURGERY,South Eastern,BT20 4XA
4859,2A FREDERICK STREET,NEWTOWNARDS,Dr. WEBB & PARTNERS                 ,275,REGENCY MEDICAL CENTRE,South Eastern,BT23 4LR
9342,3 KILLAUGHEY ROAD,DONAGHADEE,Dr. HISCOCKS & PARTNERS             ,276,DONAGHADEE HEALTH CENTRE,South Eastern,BT21 0BU
4397,1 CHURCH STREET,NEWTOWNARDS,Dr. MCCANCE & PARTNERS              ,278,THE SURGERY,South Eastern,BT23 4FH
2440,44 HIGH STREET,"PORTAFERRY, NEWTOWNARDS",Dr. COULTER & PARTNER               ,279,WINDMILL SURGERY,South Eastern,BT22 1QT
5280,BANGOR HEALTH CENTRE,NEWTOWNARDS ROAD,Dr. SIMPSON & PARTNERS              ,280,ABBEY FAMILY PRACTICE,South Eastern,BT20 4LD
6030,2 CLELAND PARK,BANGOR,Dr. ABRAHAM & PARTNERS              ,281,CLELAND PARK SURGERY,South Eastern,BT20 3EB
5929,FOWLER WAY,"BALLYWALTER, NEWTOWNARDS",Dr. HUGHES & PARTNERS               ,282,THE HEALTH CENTRE,South Eastern,BT22 2PY
5766,2 MAIN STREET,"KIRCUBBIN, NEWTOWNARDS",Dr. BAILIE & PARTNERS               ,283,LOUGH VIEW SURGERY,South Eastern,BT22 2SP
4253,5 GREEN ROAD,"CONLIG, NEWTOWNARDS",Dr. JACKSON & PARTNER               ,285,GREEN ROAD MEDICAL CENTRE,South Eastern,BT23 7PZ
9467,80 CASTLETON,"TEMPLEPATRICK, BALLYCLARE",Dr. HUEY & PARTNERS                 ,302,THE SURGERY,Northern,BT39 0AZ
8097,CRUMLIN,CO ANTRIM,Dr. HYNDMAN & PARTNERS              ,303,1 GLENAVY ROAD,Northern,BT29 4LA
5145,THE OLD MEETING HOUSE,2 STRAID RD,Dr. BUTLER & PARTNERS               ,304,MAINE MEDICAL PRACTICE,Northern,BT42 2PB
3689,BALLYMENA HEALTH & CARE CENTRE,"86 CUSHENDALL ROAD, BALLYMENA",Dr. DICK & PARTNERS                 ,305,BERNAGHMORE MEDICAL PRACTICE,Northern,BT43 6HB
7957,32A STATION ROAD,ANTRIM,Dr. FIELD & PARTNERS                ,307,ANTRIM CASTLE SURGERY,Northern,BT41 4BS
6127,31 ORIEL ROAD,ANTRIM,Dr. HUNTER & PARTNERS               ,308,ORIEL SURGERY,Northern,BT41 4HR
7504,TOBER PARK,"CULLYBACKEY, BALLYMENA",Dr. MCKELVEY & PARTNERS             ,310,CULLYBACKEY HEALTH CENTRE,Northern,BT42 1NW
2485,77 GALGORM ROAD,BALLYMENA,Dr. MAGOWAN & PARTNER               ,311,THE SURGERY,Northern,BT42 1AA
2546,Ballymena Health & Care Centre,"86 Cushendall Road, Ballymena",Dr. HALL & PARTNER                  ,312,Slemish View Medical Practice,Northern,BT43 6HB
4043,45 WAVENEY ROAD,BALLYMENA,Dr. RUSSELL & PARTNERS              ,313,THE GABLES,Northern,BT43 5BA
4644,BALLYMENA HEALTH & CARE CENTRE,"86 CUSHENDALL ROAD, BALLYMENA",Dr. DUNDEE & PARTNERS               ,314,WAVENEY MEDICAL PRACTICE,Northern,BT43 6HB
3271,BALLYMENA HEALTH & CARE CENTRE,"86 CUSHENDALL ROAD, BALLYMENA",Dr. WRIGHT                          ,315,BALLYMENA FAMILY PRACTICE,Northern,BT43 6HB
6883,76 MAIN STREET,BROUGHSHANE BALLYMENA,Dr. REDMOND & PARTNERS              ,317,THE HEALTH CENTRE,Northern,BT42 4JA
6686,17 TOWNHILL ROAD,"PORTGLENONE, BALLYMENA",Dr. MCCUSKER & PARTNERS             ,319,PORTGLENONE HEALTH CENTRE,Northern,BT44 8AD
4422,BALLYMENA HEALTH & CARE CENTRE,"86 CUSHENDALL ROAD, BALLYMENA",Dr. MCQUILLAN & PARTNERS            ,321,SEVEN TOWERS PRACTICE,Northern,BT43 6HB
2734,7 SMITHFIELD PLACE,"GALGORM ROAD, BALLYMENA",Dr. BROWN & PARTNER                 ,323,SMITHFIELD MEDICAL CENTRE,Northern,BT43 5HB
3847,36 CHURCH ROAD,"KELLS, BALLYMENA",Dr. BILL & PARTNERS                 ,325,KELLS & CONNOR MEDICAL CENTRE,Northern,BT42 3JU
5879,THE HEALTH CENTRE,"STATION ROAD, ANTRIM",Dr. MCCUSKER & PARTNERS             ,326,THE FAMILY PRACTICE,Northern,BT41 4BS
3623,STATION ROAD,ANTRIM,Dr. KIDD & PARTNERS                 ,327,THE HEALTH CENTRE,Northern,BT41 4BS
5031,"OLD MILL PARK, MAIN STREET","CULLYBACKEY, BALLYMENA",Dr. JOHNSTON & PARTNERS             ,328,MAINE MEDICAL PRACTICE,Northern,BT42 1GP
4798,STATION ROAD,ANTRIM,Dr. MCKENNA & PARTNERS              ,330,THE HEALTH CENTRE,Northern,BT41 4BS
4309,BALLYMENA HEALTH & CARE CENTRE,"86 CUSHENDALL ROAD, BALLYMENA",Dr. KHANNA & PARTNERS               ,331,BRAID FAMILY PRACTICE,Northern,BT43 6HB
3754,"TOOME HOUSE, 55 MAIN STREET","TOOMEBRIDGE, ANTRIM",Dr. JOHNSTON & PARTNER              ,333,THE SURGERY,Northern,BT41 3TF
10382,5 NEILLSBROOK ROAD,"RANDALSTOWN, ANTRIM",Dr. MCILROY & PARTNERS              ,334,THE HEALTH CENTRE,Northern,BT41 3AE
9029,NEWTOWNABBEY,,Dr. MCCLEERY & PARTNERS             ,336,2 MALLUSK ROAD,Northern,BT36 4PP
8772,324 ANTRIM ROAD,NEWTOWNABBEY,Dr. DAVISON & PARTNERS              ,337,GLENGORMLEY PRACTICE,Northern,BT36 5EQ
4868,CASTLEROCK ROAD,COLERAINE,Dr. MAXWELL & PARTNERS              ,341,THE HEALTH CENTRE,Northern,BT51 3HP
5856,CASTLEROCK ROAD,COLERAINE,Dr. TRACEY & PARTNERS               ,344,KILLOWEN MEDICAL CENTRE,Northern,BT51 3HP
12695,BALLYMONEY HEALTH CENTRE,"21B NEWAL ROAD, BALLYMONEY",Dr. JOHNSTON & PARTNERS             ,345,BALLYMONEY FAMILY PRACTICE,Northern,BT53 6HB
10137,20 LODGE MANOR,COLERAINE,Dr. WALLACE & PARTNERS              ,346,LODGE HEALTH,Northern,BT52 1JX
6186,122 BALLINLEA ROAD,"ARMOY, BALLYMONEY",Dr. STERNE & PARTNERS               ,349,THE COUNTRY MEDICAL PRACTICE,Northern,BT53 8TY
3029,BUSHMILLS,,Dr. CROOKS & PARTNERS               ,350,6 PRIESTLAND ROAD,Northern,BT57 8QP
7402,17 DUNLUCE AVENUE,PORTRUSH,Dr. BAILIE & PARTNERS               ,351,PORTRUSH MEDICAL CENTRE,Northern,BT56 8DW
5978,110 MAIN STREET,"GARVAGH, COLERAINE",Dr. CONNOR & PARTNERS               ,352,GARVAGH HEALTH CENTRE,Northern,BT51 5AE
3354,6 LEVER ROAD,PORTSTEWART,Dr. HARLEY & PARTNERS               ,354,THE FAMILY PRACTICE,Northern,BT55 7EF
6754,36 GARVAGH ROAD,"KILREA, COLERAINE",Dr. MCCORMACK & PARTNERS            ,355,THE HEALTH CENTRE,Northern,BT51 5QP
11330,COLERAINE,CO LONDONDERRY,Dr. BONNAR & PARTNERS               ,356,4 MOUNTSANDEL ROAD,Northern,BT52 1JB
6425,2 GORTACLEE ROAD,"CUSHENDALL, BALLYMENA",Dr. MCSPARRAN & PARTNERS            ,357,GLENS OF ANTRIM MEDICAL CENTRE,Northern,BT44 0TE
2742,69 SEA ROAD,"CASTLEROCK, COLERAINE",Dr. WHITE                           ,358,LIFFOCK,Northern,BT51 4TW
4454,10 MONEYLECK ROAD,"RASHARKIN, BALLYMENA",Dr. HENDERSON & PARTNERS            ,360,THE HEALTH CENTRE,Northern,BT44 8QB
5406,ROBINSON MEMORIAL HOSPITAL,BALLYMONEY,Dr. FANNIN & PARTNERS               ,361,THE HEALTH CENTRE,Northern,BT53 6HH
4161,1A COLERAINE ROAD,BALLYCASTLE,Dr. MCLISTER & PARTNERS             ,366,DALRIADA FAMILY PRACTICE,Northern,BT54 6BA
4811,56 MAIN STREET,"CLOUGHMILLS, BALLYMENA",Dr. MCCURDY & PARTNERS              ,367,THE FROCESS MEDICAL CENTRE,Northern,BT44 9LF
4809,1A COLERAINE ROAD,BALLYCASTLE,Dr. HEGARTY & PARTNERS              ,368,BALLYCASTLE MEDICAL PRACTICE,Northern,BT54 6BA
4187,MILL ROAD,PORTSTEWART,Dr. TOPPING & PARTNERS              ,369,PORTSTEWART MEDICAL CENTRE,Northern,BT55 7SW
9105,SLAUGHTERFORD ROAD,"WHITEHEAD, CARRICKFERGUS",Dr. GORMAN & PARTNERS               ,382,MEADOWBRIDGE SURGERY,Northern,BT38 9TG
10815,54 STATION ROAD,"GREENISLAND, CARRICKFERGUS",Dr. KERNOHAN & PARTNERS             ,385,OLD SCHOOL SURGERY,Northern,BT38 8TP
7276,TAYLORS AVENUE,CARRICKFERGUS,Dr. BAIRD & PARTNERS                ,387,THE HEALTH CENTRE,Northern,BT38 7HT
5192,MOYLE MEDICAL CENTRE,"OLD GLENARM ROAD, LARNE",Dr. SHEPHERD & PARTNERS             ,388,INVER SURGERY,Northern,BT40 1XH
7965,MOYLE MEDICAL CENTRE,"OLD GLENARM ROAD, LARNE",Dr. MCILROY & PARTNERS              ,389,CORRAN SURGERY,Northern,BT40 1XH
14803,TAYLORS AVENUE,CARRICKFERGUS,Dr. MCALLISTER & PARTNERS           ,390,THE HEALTH CENTRE,Northern,BT38 7HT
5766,MOYLE MEDICAL CENTRE,"OLD GLENARM ROAD, LARNE",Dr. FERGUSON & PARTNERS             ,391,VICTORIA SURGERY,Northern,BT40 1XH
2968,GLOUCESTER AVENUE,LARNE,Dr. BLACK & PARTNER                 ,393,THE HEALTH CENTRE,Northern,BT40 1PB
4863,LARNE HEALTH CENTRE,GLOUCESTER AVENUE,Dr. CALDWELL & PARTNERS             ,394,LARNE FAMILY PRACTICE,Northern,BT40 1PB
4022,BALLYMENA,,Dr. WILSON & PARTNER                ,395,ROCKFIELD MEDICAL CENTRE,Northern,BT43 6JD
3709,97 MILL STREET,BALLYMENA,Dr. VERCOE-ROGERS & PARTNER         ,396,OLD BANK SURGERY,Northern,BT43 5AF
6599,THE HEALTH CENTRE,52 ORRITOR ROAD,Dr. WRAY & PARTNERS                 ,401,MID ULSTER HEALTH CARE,Northern,BT80 8BN
8517,6 TOBERMORE ROAD,"DRAPERSTOWN, MAGHERAFELT",Dr. WHITE & PARTNERS                ,402,DRAPERSTOWN SURGERY,Northern,BT45 7AG
5308,COAGH,COOKSTOWN,Dr. DALZELL & PARTNERS              ,404,67 URBAL ROAD,Northern,BT80 0DP
5836,8 LOY STREET,COOKSTOWN,Dr. FLANIGAN & PARTNERS             ,405,LOY MEDICAL CENTRE,Northern,BT80 8PE
9486,MAGHERAFELT,CO LONDONDERRY,Dr. WALLS & PARTNERS                ,406,29 GARDEN STREET,Northern,BT45 5DD
7893,48 ORRITOR ROAD,COOKSTOWN,Dr. BROWN & PARTNERS                ,407,OAKS FAMILY PRACTICE CENTRE,Northern,BT80 8BH
5830,50 HILLHEAD,"STEWARTSTOWN, DUNGANNON",Dr. MCCOY & PARTNERS                ,409,THE HEALTH CENTRE,Northern,BT71 5HY
8524,25 CHURCH STREET,MAGHERA,Dr. SHAW & PARTNERS                 ,410,MAGHERA MEDICAL CENTRE,Northern,BT46 5EA
9189,MARKET SQUARE,MAGHERAFELT,Dr. MORRIS & PARTNERS               ,412,THE DIAMOND MEDICAL CENTRE,Northern,BT45 6ED
2566,18 LOY STREET,COOKSTOWN,Dr. GRAHAM                          ,413,LOY BUILDINGS,Northern,BT80 8PE
7186,STATION ROAD,"CASTLEDAWSON, MAGHERAFELT",Dr. HINDS & PARTNERS                ,417,THE SURGERY,Northern,BT45 8AZ
1767,1 FAIRHILL ROAD,MAGHERAFELT CO LONDONDERRY,Dr. HUNTER                          ,419,FAIRHILL SURGERY,Northern,BT45 6BL
5952,3 FAIRHILL,MONEYMORE,Dr. KURIACOSE & PARTNERS            ,420,MONEYMORE MEDICAL PRACTICE,Northern,BT45 7LJ
9491,"UNIT 29A, FIRST FLOOR, ABBEYCENTRE","LONGWOOD ROAD, NEWTOWNABBEY",Dr. MEENAN & PARTNERS               ,431,WHITEHOUSE MEDICAL GROUP PRACTICE,Northern,BT37 9UH
15273,GEORGE AVENUE,BALLYCLARE,Dr. SWINERTON & PARTNERS            ,433,THE HEALTH CENTRE,Northern,BT39 9HL
8166,92 DOAGH ROAD,NEWTOWNABBEY,Dr. HENDRON & PARTNERS              ,434,ABBOTS CROSS MEDICAL PRACTICE,Northern,BT37 9QW
10431,FARMLEY ROAD,NEWTOWNABBEY,Dr. BEIRNE & PARTNERS               ,438,TRAMWAYS MEDICAL CENTRE,Northern,BT36 7XX
10360,DOAGH ROAD,NEWTOWNABBEY,Dr. DORAN & PARTNERS                ,440,NOTTING HILL MEDICAL PRACTICE,Northern,BT37 9QN
6365,1 LEGAHORY CENTRE,"LEGAHORY, CRAIGAVON",Dr. CLARKE & PARTNERS               ,451,BROWNLOW HEALTH CENTRE,Southern,BT65 5BE
4307,1 OLD HOSPITAL ROAD,BANBRIDGE,Dr. MCCLOSKEY & PARTNERS            ,453,BANBRIDGE GROUP SURGERY,Southern,BT32 3GN
8838,11 MAIN STREET,"LOUGHBRICKLAND, BANBRIDGE",Dr. HUEY & PARTNERS                 ,454,THE SURGERY,Southern,BT32 3NQ
5807,CASTLEVIEW,"GILFORD, CRAIGAVON",Dr. MAGOWAN & PARTNERS              ,455,THE HEALTH CENTRE,Southern,BT63 6JS
11589,51 HILL STREET,"LURGAN, CRAIGAVON",Dr. DE ALWIS & PARTNERS             ,457,WYNNE HILL SURGERY,Southern,BT66 6BW
4949,PORTADOWN HEALTH&CARE CENTRE,TAVANAGH AVENUE,Dr. TROUGHTON & PARTNERS            ,458,WATERSIDE MEDICAL PRACTICE,Southern,BT62 3BU
4345,DONAGHCLONEY,CRAIGAVON,Dr. LENNON & PARTNERS               ,460,60A MAIN STREET,Southern,BT66 7LR
4089,THE HEALTH CENTRE,TAVANAGH AVENUE,Dr. CLARKE & PARTNERS               ,461,MEADOWS FAMILY PRACTICE,Southern,BT62 3BU
9840,LURGAN,CRAIGAVON,Dr. EAKIN & PARTNERS                ,462,60 HIGH STREET,Southern,BT66 8BA
4960,7 MOORES LANE,"LURGAN, CRAIGAVON",Dr. PATTERSON & PARTNERS            ,463,THE SURGERY,Southern,BT66 8DW
4994,TAVANAGH AVENUE,"PORTADOWN, CRAIGAVON",Dr. O'CONNOR & PARTNERS             ,464,THE HEALTH CENTRE,Southern,BT62 3BU
8594,LURGAN,CRAIGAVON,Dr. ARMSTRONG & PARTNERS            ,465,28 CHURCH WALK,Southern,BT67 9AA
5579,LURGAN,CRAIGAVON,Dr. MCAULEY & PARTNERS              ,467,87/89 WILLIAM STREET,Southern,BT66 6JB
9018,1 OLD HOSPITAL ROAD,BANBRIDGE,Dr. MCCANDLESS & PARTNERS           ,469,BANBRIDGE GROUP SURGERY,Southern,BT32 3GN
13443,"THE HEALTH CENTRE, TAVANAGH AVENUE","PORTADOWN, CRAIGAVON",Dr. SHARPE & PARTNERS               ,470,RIVERSIDE PRACTICE,Southern,BT62 3BU
7912,1 OLD HOSPITAL ROAD,BANBRIDGE,Dr. MCNIFF & PARTNERS               ,471,BANBRIDGE GROUP SURGERY,Southern,BT32 3GN
3244,60 SCARVA STREET,"LOUGHBRICKLAND, BANBRIDGE",Dr. MULLAN & PARTNER                ,472,SCARVA STREET SURGERY,Southern,BT32 3NH
10041,MOIRA,CRAIGAVON,Dr. DAVIS & PARTNERS                ,473,52 MAIN STREET,South Eastern,BT67 0LQ
8186,DROMORE,CO DOWN,Dr. BEATTY & PARTNERS               ,474,50 GALLOWS STREET,Southern,BT25 1BD
5590,AGHALEE,CRAIGAVON,Dr. WILSON & PARTNERS               ,475,8a LURGAN ROAD,South Eastern,BT67 0DD
2775,32 STATION ROAD,"BALLYWARD, CASTLEWELLAN",Dr. LUTTON & PARTNERS               ,476,THE SURGERY,Southern,BT31 9TU
5050,THE HEALTH CENTRE,TAVANAGH AVE,Dr. WILLIAMSON & PARTNERS           ,477,ORCHARD FAMILY PRACTICE,Southern,BT62 3BU
4926,PORTADOWN H & C CENTRE,TAVANAGH AVENUE,Dr. HAGAN & PARTNERS                ,478,BANNVIEW MEDICAL PRACTICE,Southern,BT62 3BU
9290,TAVANAGH AVENUE,"PORTADOWN, CRAIGAVON",Dr. BURNETT & PARTNERS              ,479,THE HEALTH CENTRE,Southern,BT62 3BU
5193,1 ANTRIM ROAD,"LURGAN, CRAIGAVON",Dr. MCCLOSKEY & PARTNERS            ,482,THE OLD SCHOOL HOUSE MEDICAL CENTRE,Southern,BT67 9BW
8276,DOBBIN LANE,ARMAGH,Dr. MARSHALL & PARTNERS             ,491,ABBEY COURT SURGERY,Southern,BT61 7QG
8760,SOUTH TYRONE HOSPITAL,CARLAND ROAD,Dr. JOHNSTON & PARTNER              ,493,MID ULSTER HEALTH CARE,Southern,BT71 4AU
4342,20 COONEEN ROAD,FIVEMILETOWN,Dr. BOYD & PARTNER                  ,494,THE VALLEY MEDICAL PRACTICE,Southern,BT75 0ND
11279,10 QUARRY LANE,DUNGANNON,Dr. CARSON & PARTNERS               ,495,CAMPBELL SURGERY,Southern,BT70 1HX
9470,KEADY,CO ARMAGH,Dr. MCCOLLUM & PARTNERS             ,497,WILLOWBANK,Southern,BT60 3RL
3824,"MOY HEALTH CENTRE, CHARLEMONT STREET",MOY,Dr. MCSHANE & PARTNERS              ,498,MCSHANE AND CAMPBELL PRACTICE,Southern,BT71 7SL
4422,OLD DUNGANNON ROAD,"BALLYGAWLEY,DUNGANNON",Dr. POTTER & PARTNER                ,499,ERRIGAL MEDICAL CENTRE,Southern,BT70 2EY
2473,COALISLAND,DUNGANNON,Dr. HERRON & PARTNER                ,500,22 BARRACK STREET,Southern,BT71 4LS
2751,CHARLEMONT STREET,MOY,Dr. MCCONVILLE & PARTNER            ,501,MOY MEDICAL PRACTICE,Southern,BT71 7SL
5949,TYNAN,ARMAGH,Dr. CARLILE & PARTNERS              ,502,15 DARTAN REE,Southern,BT60 4QT
6451,NEWRY STREET,"MARKETHILL, ARMAGH",Dr. WRIGHT & PARTNERS               ,503,THE HEALTH CENTRE,Southern,BT60 1TA
3585,CHARLEMONT STREET,"MOY, DUNGANNON",Dr. CLEARY & PARTNER                ,504,MOY MEDICAL CENTRE,Southern,BT71 7SL
9209,"SOUTH TYRONE HOSPITAL SITE, CARLAND ROAD,",DUNGANNON,Dr. GARLAND & PARTNERS              ,505,PARKVIEW SURGERY,Southern,BT71 4AU
5141,AUGHNACLOY,CO TYRONE,Dr. POTTER                          ,506,2 SYDNEY LANE,Southern,BT69 6AF
2743,24A TASSAGH ROAD,KEADY,Dr. WATTERS                         ,507,THE HEALTH CENTRE,Southern,BT60 3TU
3745,3 MONTAGUE STREET,"TANDRAGEE, CRAIGAVON",Dr. PICKERING                       ,508,TANDRAGEE MEDICAL CENTRE,Southern,BT62 2AN
6622,DUNGANNON,CO TYRONE,Dr. MCKAY & PARTNERS                ,509,57 THOMAS STREET,Southern,BT70 1HW
4435,15 BARRACK STREET,"COALISLAND, DUNGANNON",Dr. O'DONNELL & PARTNER             ,512,THE MEDICAL CENTRE,Southern,BT71 4LS
8442,DOBBIN LANE,ARMAGH,Dr. GARVIN & PARTNERS               ,514,THE ARCHWAY SURGERY,Southern,BT61 7QG
5469,"6 GREENVIEW, MAYNOOTH ROAD","RICHHILL, ARMAGH",Dr. QUINN & PARTNERS                ,515,THE HEALTH CENTRE,Southern,BT61 9PD
9100,DOBBIN LANE,ARMAGH,Dr. O'HAGAN & PARTNERS              ,516,THE FRIARY SURGERY,Southern,BT61 7QG
4218,10A LINESIDE,"COALISLAND, DUNGANNON",Dr. MITCHEL & PARTNER               ,519,THE SURGERY,Southern,BT71 4LP
4833,NEWRY HEALTH VILLAGE,"MONAGHAN STREET, NEWRY",Dr. MULLIGAN & PARTNERS             ,526,CORNMARKET SURGERY,Southern,BT35 6BW
4831,MCCORMICK PLACE,"CROSSMAGLEN, NEWRY",Dr. FEE                             ,528,THE HEALTH CENTRE,Southern,BT35 9HD
6666,NEWRY HEALTH VILLAGE,"MONAGHAN STREET, NEWRY",Dr. FLOOD & PARTNERS                ,529,CORNMARKET SURGERY,Southern,BT35 6BW
2990,JOHN STREET,"RATHFRILAND, NEWRY",Dr. MEGAW & PARTNER                 ,530,THE HEALTH CENTRE,Southern,BT34 5QH
4257,ANNALONG,NEWRY,Dr. ALLEN & PARTNER                 ,531,14 KILKEEL ROAD,Southern,BT34 4TH
3875,GREENCASTLE STREET,"KILKEEL, NEWRY",Dr. JADCZAK                         ,532,KILKEEL PRIMARY CARE CENTRE,Southern,BT34 4BH
2903,5B DRUMINTEE ROAD,"KILLEAVY, NEWRY",Dr. VETTIANKAL                      ,533,MEIGH SURGERY,Southern,BT35 8JT
9252,NEWRY HEALTH VILLAGE,"MONAGHAN STREET, NEWRY",Dr. KING & PARTNERS                 ,534,CLANRYE SURGERY,Southern,BT35 6BW
4390,JOHN STREET,"RATHFRILAND, NEWRY",Dr. WADE & PARTNERS                 ,535,THE HEALTH CENTRE,Southern,BT34 5QH
8478,50 GREAT GEORGES STREET,"WARRENPOINT, NEWRY",Dr. BINGHAM & PARTNERS              ,536,SUMMER HILL SURGERY,Southern,BT34 3HS
9711,NEWRY HEALTH VILLAGE,"MONAGHAN STREET, NEWRY",Dr. MCEVOY & PARTNERS               ,537,MCVERRY/MCEVOY MEDICAL CENTRE,Southern,BT35 6BW
4570,NEWRY HEALTH VILLAGE,"MONAGHAN STREET, NEWRY",Dr. FORSHAW & PARTNERS              ,539,CLANRYE SURGERY,Southern,BT35 6BW
7127,MONAGHAN STREET,NEWRY,Dr. O'NEILL & PARTNERS              ,540,MEADOWLANDS SURGERY,Southern,BT35 6BW
3989,NEWTOWNHAMILTON,NEWRY,Dr. LAMBE & PARTNERS                ,542,53 DUNDALK STREET,Southern,BT35 0PB
4872,SUMMERHILL,"WARRENPOINT, NEWRY",Dr. MURPHY & PARTNERS               ,543,THE HEALTH CENTRE,Southern,BT34 3JD
7367,NEWRY HEALTH VILLAGE,"MONAGHAN STREET, NEWRY",Dr. MCKINLEY & PARTNERS             ,544,CORNMARKET SURGERY,Southern,BT35 6BW
5229,2A FORKHILL ROAD,"MULLAGHBAWN, NEWRY",Dr. MAGUIRE                         ,545,MAPHONER SURGERY,Southern,BT35 9RA
2435,7A CONVENT HILL,"BESSBROOK, NEWRY",Dr. MCKERNAN & PARTNER              ,546,BESSBROOK SURGERY,Southern,BT35 7AW
3719,JOHN STREET,"RATHFRILAND, NEWRY",Dr. SHANNON & PARTNER               ,547,THE HEALTH CENTRE,Southern,BT34 5QH
4519,2A MARKETHILL ROAD,"NEWTOWNHAMILTON, NEWRY",Dr. MULHOLLAND & PARTNERS           ,549,THE HEALTH CENTRE,Southern,BT35 0BE
4246,1 BLANEY ROAD,"CROSSMAGLEN, NEWRY",Dr. ALLEN & PARTNER                 ,551,RATHKEELAND HOUSE,Southern,BT35 9JJ
2219,15 HAVELOCK PLACE,"WARRENPOINT, NEWRY",Dr. BONNER & PARTNER                ,553,MARINA SURGERY,Southern,BT34 3NE
4302,"MOURNE HOSPITAL, NEWRY STREET","KILKEEL,NEWRY",Dr. POOTS & PARTNERS                ,554,MOURNE FAMILY SURGERY,Southern,BT34 4DN
1865,GREENCASTLE STREET,"KILKEEL, NEWRY",Dr. MERCER & PARTNER                ,555,KILKEEL PRIMARY CARE CENTRE,Southern,BT34 4BH
3459,"KILKEEL PRIMARY CARE CENTRE, GREENCASTLE STREET","KILKEEL, NEWRY",Dr. DILLON & PARTNERS               ,556,SHANLIEVE SURGERY,Southern,BT34 4BH
2929,Brownlow Health Centre,"1 LEGAHORY CENTRE, LEGAHORY, CRAIGAVON",Dr. PATTERSON & PARTNERS            ,557,Arbor Family Practice,Southern,BT65 5BE
4261,ERNE ROAD,ENNISKILLEN,Dr. MAGUIRE & PARTNERS              ,562,THE HEALTH CENTRE,Western,BT74 6NN
4021,ERNE ROAD,ENNISKILLEN,Dr. GUETTE                          ,563,"DEVENISH PRACTICE, THE HEALTH CENTRE",Western,BT74 6NN
7116,ERNE ROAD,ENNISKILLEN,Dr. MEADE & PARTNERS                ,564,LAKESIDE MEDICAL PRACTICE,Western,BT74 6NN
7561,CHURCH STREET,IRVINESTOWN,Dr. MCCAW & PARTNERS                ,566,IRVINESTOWN HEALTH CENTRE,Western,BT94 1EH
2985,ERNE ROAD,ENNISKILLEN,Dr. MALLON & PARTNER                ,568,THE HEALTH CENTRE,Western,BT74 6NN
7449,ERNE ROAD,ENNISKILLEN,Dr. CATHCART & PARTNERS             ,571,THE HEALTH CENTRE,Western,BT74 6NN
14208,DRUMHAW,"LISNASKEA, ENNISKILLEN",Dr. PORTEOUS & PARTNERS             ,574,MAPLE GROUP PRACTICE,Western,BT92 0FP
3850,BELLEEK,ENNISKILLEN,Dr. HERDMAN & PARTNERS              ,576,RATHMORE CLINIC,Western,BT93 3FY
7350,9 TANYARD LANE,"BROOKEBOROUGH, ENNISKILLEN",Dr. CROMIE & PARTNERS               ,584,BROOKEBOROUGH & TEMPO PRIMARY CARE SERVICES,Western,BT94 4JG
7928,DRUMLAGHY,"FLORENCECOURT, ENNISKILLEN",Dr. CUNNINGHAM & PARTNERS           ,585,CUILCAGH MEDICAL PRACTICE,Western,BT92 1BZ
9893,SPENCER ROAD,LONDONDERRY,Dr. COSGROVE & PARTNERS             ,596,"CITYVIEW MEDICAL, WATERSIDE HEALTH CENTRE",Western,BT47 6AH
6019,2 ROSSAIR ROAD,LIMAVADY,Dr. OLLERENSHAW & PARTNERS          ,597,BOVALLY MEDICAL CENTRE,Western,BT49 0TE
12036,80 - 84 STRAND ROAD,LONDONDERRY,Dr. DURAND & PARTNERS               ,598,QUAYSIDE MEDICAL PRACTICE,Western,BT48 7NN
8360,GREAT JAMES STREET,LONDONDERRY,Dr. O'DONNELL & PARTNERS            ,599,"PARK MEDICAL, THE HEALTH CENTRE",Western,BT48 7DH
5001,IRWIN CRESCENT,"CLAUDY, LONDONDERRY",Dr. GALLAGHER & PARTNERS            ,600,THE HEALTH CENTRE,Western,BT47 4AB
10809,1A BALLYCOLMAN AVENUE,STRABANE,Dr. ROBINSON & PARTNERS             ,601,MOURNESIDE MEDICAL CENTRE,Western,BT82 9AF
10713,GREAT JAMES STREET,LONDONDERRY,Dr. DOOHAN & PARTNERS               ,602,OAKLEAF MEDICAL PRACTICE,Western,BT48 7DH
6054,FEENY,LONDONDERRY,Dr. KNOX & PARTNER                  ,603,THE HEALTH CENTRE,Western,BT47 4TD
11421,120 STRAND ROAD,LONDONDERRY,Dr. MCCLOSKEY & PARTNERS            ,604,THE ABERFOYLE SURGERY,Western,BT48 7NY
4134,DUNAMANAGH,STRABANE,Dr. FULLERTON & PARTNER             ,605,256 BERRYHILL ROAD,Western,BT82 0NB
4799,BRIDGE STREET,LONDONDERRY,Dr. BANKHEAD & PARTNERS             ,606,BRIDGE STREET MEDICAL CENTRE,Western,BT48 6LD
6885,ABBEY STREET,LONDONDERRY,Dr. BLACK & PARTNERS                ,608,ABBEY MEDICAL PRACTICE,Western,BT48 9DN
6504,2 ROSSAIR ROAD,LIMAVADY,Dr. PRATT & PARTNERS                ,609,ROSSAIR FAMILY PRACTICE,Western,BT49 0TE
7813,UPPER MAIN STREET,STRABANE,Dr. O'FLAHERTY & PARTNERS           ,610,STRABANE HEALTH CENTRE,Western,BT82 8AS
3592,DUNGIVEN,LONDONDERRY,Dr. WARNOCK & PARTNERS              ,614,DUNGIVEN FAMILY PRACTICE,Western,BT47 4RS
11063,35 NORTHLAND AVENUE,LONDONDERRY,Dr. LALSINGH & PARTNERS             ,615,CLARENDON MEDICAL,Western,BT48 7GW
15452,CASTLEDERG GROUP SURGERY,"13A LOWER STRABANE ROAD, CASTLEDERG",Dr. O'HARE & PARTNERS               ,616,WESTERN RURAL HEALTHCARE,Western,BT81 7AZ
2839,LONDONDERRY,,Dr. DOHERTY & PARTNER               ,618,49 CLARENDON STREET,Western,BT48 7ER
5857,SCROGGY ROAD,LIMAVADY,Dr. QUINN & PARTNERS                ,619,THE HEALTH CENTRE,Western,BT49 0NA
6523,UPPER MAIN STREET,STRABANE,Dr. ETHERSON & PARTNERS             ,620,STRABANE HEALTH CENTRE,Western,BT82 8AS
3644,"SHANTALLOW HEALTH CENTRE, RACECOURSE ROAD",LONDONDERRY,Dr. DEANE & PARTNER                 ,621,NORTHSIDE MEDICAL PRACTICE,Western,BT48 8NL
4725,RACECOURSE ROAD,LONDONDERRY,Dr. DEVLIN & PARTNERS               ,622,"RACECOURSE MEDICAL, SHANTALLOW HEALTH CENTRE",Western,BT48 8NL
5884,BRIDGE STREET MEDICAL CENTRE,"BRIDGE STREET, LONDONDERRY",Dr. ORR & PARTNERS                  ,623,FOYLESIDE FAMILY PRACTICE,Western,BT48 6LD
7845,SPENCER ROAD,LONDONDERRY,Dr. O'FLAHERTY & PARTNERS           ,624,"GLENDERMOTT MEDICAL, WATERSIDE HEALTH CENTRE",Western,BT47 6AH
3966,RATH MOR CENTRE,BLIGH'S LANE,Dr. MCEVOY & PARTNER                ,625,BAYVIEW MEDICAL PRACTICE,Western,BT48 0LZ
8640,SPENCER ROAD,LONDONDERRY,Dr. DOLAN & PARTNERS                ,626,"RIVERFRONT MEDICAL, WATERSIDE HEALTH CENTRE",Western,BT47 6AH
7735,29 MAIN STREET,"EGLINTON, LONDONDERRY",Dr. PATTERSON & PARTNERS            ,627,EGLINTON MEDICAL PRACTICE,Western,BT47 3AB
6975,SCROGGY ROAD,LIMAVADY,Dr. HENDERSON & PARTNERS            ,629,THE HEALTH CENTRE,Western,BT49 0NA
6828,33 DROMORE ROAD,"FINTONA, OMAGH",Dr. MONAGHAN & PARTNERS             ,651,FINTONA GROUP PRACTICE,Western,BT78 2BB
1951,DRUMQUIN,CO TYRONE,Dr. RITCHIE & PARTNER               ,652,2H MAIN STREET,Western,BT78 4SB
6743,7 DONAGHANIE ROAD,OMAGH,Dr. QUINN & PARTNERS                ,654,GRANGE FAMILY PRACTICE,Western,BT79 0NR
1522,DRUMQUIN,OMAGH,Dr. SCULLY                          ,655,23 OMAGH ROAD,Western,BT78 4QY
10185,7 DONAGHANIE ROAD,OMAGH,Dr. O'NEILL & PARTNERS              ,657,THREE SPIRES SURGERY,Western,BT79 0NR
9473,TERMON ROAD,"CARRICKMORE, OMAGH",Dr. CORRY & PARTNERS                ,660,CARRICKMORE HEALTH CENTRE,Western,BT79 9JR
5961,16 CAMDERRY ROAD,"DROMORE, OMAGH",Dr. REILLY & PARTNER                ,661,DROMORE SURGERY,Western,BT78 3AU
10737,7 DONAGHANIE ROAD,OMAGH,Dr. GALLAGHER & PARTNERS            ,662,DRUMRAGH FAMILY PRACTICE,Western,BT79 0NR
3225,7 DONAGHANIE ROAD,OMAGH,Dr. DEEHAN & PARTNER                ,663,STRULE MEDICAL PRACTICE,Western,BT79 0NR
3326,PLUMBRIDGE,OMAGH,Dr. MCAULEY                         ,664,41 MAIN STREET,Western,BT79 8DL
