Registered Patients,Address3,Practice Name,Practice No,Address1,LCG,Postcode,Address2
6839,BELFAST,Dr. IRWIN & PARTNERS                ,1,HARLAND MEDICAL PRACTICE,Belfast,BT4 1NS,WESTMINSTER AVENUE
7167,WESTMINSTER AVENUE NORTH,Dr. MCCUTCHEON & PARTNERS           ,3,2ND FLOOR,Belfast,BT4 1NS,THE ARCHES CENTRE
1393,BELFAST,Dr. MCBRIEN                         ,5,CASTLE MEDICAL CENTRE,Belfast,BT5 5FB,35-45 CASTLEREAGH ROAD
11020,CARRYDUFF BELFAST,Dr. SHARKEY & PARTNERS              ,6,CARRYDUFF SURGERY,Belfast,BT8 8HR,HILLSBOROUGH ROAD
2442,BELFAST,Dr. WILSON & PARTNER                ,10,TEMPLEMORE MEDICAL CENTRE,Belfast,BT5 4PX,225 ALBERTBRIDGE ROAD
3233,BELFAST,Dr. COOGAN                          ,13,TEMPLEMORE MEDICAL CENTRE,Belfast,BT5 4PX,225 ALBERTBRIDGE ROAD
8046,BELFAST,Dr. COULTER & PARTNERS              ,14,KERRSLAND SURGERY,Belfast,BT4 3HZ,169 UPPER NEWTOWNARDS ROAD
5600,,Dr. MCGARRITY & PARTNERS            ,15,54 HOLYWOOD ROAD,Belfast,BT4 1NT,BELFAST
5848,BELFAST,Dr. ROSS & PARTNERS                 ,16,KNOCK MEDICAL CENTRE,Belfast,BT4 3LH,423B UPPER NEWTOWNARDS ROAD
5507,BELFAST,Dr. SCOTT & PARTNERS                ,17,HOLYWOOD ARCHES HEALTH CENTRE,Belfast,BT4 1NS,WESTMINSTER AVENUE
6752,BELFAST,Dr. KELLY & PARTNERS                ,18,BRIDGES FAMILY PRACTICE,Belfast,BT5 4ES,2-6 BRYSON STREET
3781,BELFAST,Dr. MITCHELL & PARTNERS             ,19,LINEN COURT SURGERY,Belfast,BT5 5DY,336 BEERSBRIDGE ROAD
4181,"WESTMINSTER AVENUE, BELFAST",Dr. LUA & PARTNER                   ,20,LEWIS SQUARE PRACTICE,Belfast,BT4 1NS,HOLYWOOD ARCHES HEALTH CENTRE
3005,BELFAST,Dr. MCKEE & PARTNERS                ,24,THE MOUNT GROUP PRACTICE,Belfast,BT5 4NH,50 CASTLEREAGH STREET
3343,"WESTMINSTER AVENUE, BELFAST",Dr. GALLAGHER & PARTNERS            ,28,THE VICTORIA PRACTICE,Belfast,BT4 1NS,HOLYWOOD ARCHES HEALTH CENTRE
4907,BELFAST,Dr. SAVAGE & PARTNERS               ,29,CASTLEREAGH MEDICAL CENTRE,Belfast,BT5 7LH,21 BALLYGOWAN ROAD
2849,BELFAST,Dr. THOMPSON & PARTNERS             ,30,EASTSIDE SURGERY,Belfast,BT5 4FT,56 TEMPLEMORE AVENUE
7318,"DUNDONALD, BELFAST",Dr. HASLAM & PARTNERS               ,31,DUNDONALD MEDICAL CENTRE,Belfast,BT16 2LN,16 CHURCH ROAD
3875,BELFAST,Dr. WILSON & PARTNERS               ,32,WILLOWFIELD SURGERY,Belfast,BT5 5FP,50/52 CASTLEREAGH ROAD
4640,,Dr. RODGERS & PARTNERS              ,33,222 WOODSTOCK ROAD,Belfast,BT6 9DL,BELFAST
6488,BELFAST,Dr. MONCRIEFF & PARTNERS            ,37,CHERRYVALLEY HEALTH CENTRE,Belfast,BT5 7BP,KINGS SQUARE
2001,BELFAST,Dr. ABERNETHY                       ,38,CHERRYVALLEY HEALTH CENTRE,Belfast,BT5 7BP,KINGS SQUARE
2507,BELFAST,Dr. SHAW & PARTNER                  ,51,CORNERSTONE MEDICAL CENTRE,Belfast,BT13 1FD,69 SHANKILL ROAD
2869,BELFAST,Dr. SAVAGE & PARTNER                ,52,16 MCCANDLESS STREET,Belfast,BT13 1RU,CRUMLIN ROAD
3096,,Dr. COLGAN                          ,53,463 FALLS ROAD,Belfast,BT12 6DD,BELFAST
1187,BELFAST,Dr. O'KANE                          ,55,THE HEALTH CENTRE,Belfast,BT14 6AR,94-100 CRUMLIN ROAD
5129,BELFAST,Dr. CAMPBELL & PARTNER              ,57,"THE MAUREEN SHEEHAN CENTRE, BUILDING 2",Belfast,BT12 4HL,106 ALBERT STREET
5779,BELFAST,Dr. FARNAN & PARTNERS               ,58,THE GROUP SURGERY,Belfast,BT15 1HS,257 NORTH QUEEN STREET
3058,CO ANTRIM,Dr. BURNS & PARTNERS                ,60,165 DUNCAIRN GARDENS,Belfast,BT15 2GE,BELFAST
9600,BELFAST,Dr. CROSSIN & PARTNERS              ,61,THE CARRICK HILL MEDICAL CENTRE,Belfast,BT1 2JR,1 CARRICK HILL
1315,"100 CRUMLIN ROAD, BELFAST",Dr. GARDINER & PARTNER              ,62,GARDINER FAMILY PRACTICE,Belfast,BT14 6AR,CRUMLIN ROAD HEALTH CENTRE
2984,BELFAST,Dr. O'DONNELL & PARTNER             ,63,WILLOW MEDICAL PRACTICE,Belfast,BT11 9EA,155 ANDERSONSTOWN ROAD
4286,BELFAST,Dr. DONAGHY & PARTNERS              ,64,DUNVILLE HEALTH CENTRE,Belfast,BT12 4LP,309 GROSVENOR ROAD
6955,BELFAST,Dr. DURKAN & PARTNERS               ,66,"GROVE WELLBEING CENTRE, PARKSIDE SURGERY",Belfast,BT15 3HF,120 YORK ROAD
2546,,Dr. CARDWELL & PARTNERS             ,68,136-138 SHANKILL ROAD,Belfast,BT13 2BD,BELFAST
3076,BELFAST,Dr. TAN & PARTNER                   ,69,FLAX CENTRE,Belfast,BT14 7DA,ARDOYNE AVENUE
5564,BELFAST,Dr. CHAMBERS & PARTNERS             ,70,BALLYSILLAN GROUP PRACTICE,Belfast,BT14 7QR,156-158 BALLYSILLAN ROAD
6378,,Dr. LEAVY & PARTNERS                ,71,463 SPRINGFIELD ROAD,Belfast,BT12 7DP,BELFAST
1873,BELFAST,Dr. AGAHI & PARTNER                 ,72,MOUNTAINVIEW SURGERY,Belfast,BT14 7GB,585 CRUMLIN ROAD
2213,"94-100 CRUMLIN ROAD, BELFAST",Dr. CLULOW & PARTNER                ,73,CRUMLIN ROAD FAMILY PRACTICE,Belfast,BT14 6AR,CRUMLIN ROAD HEALTH CENTRE
2766,"36 DUNCAIRN GARDENS, BELFAST",Dr. BEATTIE & PARTNER               ,74,DR SIMPSON & DR BEATTIE,Belfast,BT15 2GH,NORTHGATE FAMILY PRACTICE
10015,BELFAST,Dr. MCCLOSKEY & PARTNERS            ,75,GROSVENOR ROAD SURGERY,Belfast,BT12 5LT,216 GROSVENOR ROAD
9096,CO ANTRIM,Dr. O'NEILL & PARTNERS              ,79,70 SPRINGFIELD ROAD,Belfast,BT12 7AH,BELFAST
4738,,Dr. CONWAY & PARTNERS               ,80,460 OLDPARK ROAD,Belfast,BT14 6QG,BELFAST
7541,,Dr. MCHUGH & PARTNERS               ,81,46 SPRINGFIELD ROAD,Belfast,BT12 7AH,BELFAST
6195,BELFAST,Dr. PATTON & PARTNERS               ,83,"GROVE WELLBEING CENTRE, GROVE MEDICAL PRACTICE",Belfast,BT15 3HF,120 YORK ROAD
3689,,Dr. SALTERS & PARTNERS              ,84,186 FALLS ROAD,Belfast,BT12 6AG,BELFAST
5240,,Dr. MACSORLEY & PARTNER             ,85,515 ANTRIM ROAD,Belfast,BT15 3BS,BELFAST
10649,BELFAST,Dr. LOUGHREY & PARTNERS             ,86,SALISBURY MEDICAL CENTRE,Belfast,BT15 5GF,474 ANTRIM ROAD
5023,BELFAST,Dr. MCFERRAN & PARTNERS             ,92,BALLYOWEN HEALTH CENTRE,Belfast,BT11 9EA,179 ANDERSONSTOWN ROAD
5687,,Dr. MAHOOD & PARTNERS               ,93,61 CLIFTONVILLE ROAD,Belfast,BT14 6JN,BELFAST
7156,,Dr. CUMMINGS & PARTNER              ,94,115 FALLS ROAD,Belfast,BT12 6AA,BELFAST
2689,BELFAST,Dr. WYLIE & PARTNERS                ,95,BALLYOWEN HEALTH CENTRE,Belfast,BT11 9EA,179 ANDERSONSTOWN ROAD
5399,BELFAST,Dr. MAGENIS & PARTNERS              ,96,MALVERN FAMILY PRACTICE,Belfast,BT13 1FD,69 SHANKILL ROAD
3792,BELFAST,Dr. GILMORE & PARTNERS              ,98,THE LIGONIEL HEALTH CENTRE,Belfast,BT14 8BY,74A LIGONIEL ROAD
4638,CO ANTRIM,Dr. KELLY & PARTNERS                ,101,132-136 SANDY ROW,Belfast,BT12 5EY,BELFAST
9106,,Dr. MAGUIRE & PARTNERS              ,103,15/17 CLIFTON STREET,Belfast,BT13 1AD,BELFAST
7975,,Dr. WRIGHT & PARTNERS               ,104,17 BALLYGOMARTIN ROAD,Belfast,BT13 3BW,BELFAST
2558,BELFAST,Dr. DOGGART & PARTNERS              ,105,CHURCH VIEW MEDICAL PRACTICE,Belfast,BT13 1FD,69 SHANKILL ROAD
2864,CO ANTRIM,Dr. MCKENNA & PARTNER               ,111,2 THAMES STREET,Belfast,BT12 6AP,BELFAST
4458,,Dr. DUGAN                           ,113,173 ANDERSONSTOWN ROAD,Belfast,BT11 9EA,BELFAST
6983,,Dr. BONNAR & PARTNERS               ,114,33 STEWARTSTOWN ROAD,Belfast,BT11 9FZ,BELFAST
4493,BELFAST,Dr. DORAN & PARTNERS                ,116,CROCUS STREET SURGERY,Belfast,BT12 7AP,1 CROCUS STREET
3944,BELFAST,Dr. MCGLADE & PARTNERS              ,132,DUNLUCE FAMILY PRACTICE,Belfast,BT9 7HR,1 DUNLUCE AVENUE
6932,"110 SAINTFIELD ROAD, BELFAST",Dr. HAIGNEY & PARTNERS              ,136,MOUNT ORIEL MEDICAL PRACTICE,Belfast,BT8 6GR,KNOCKBREDA WTC
8674,BELFAST,Dr. CONNOLLY & PARTNERS             ,140,THE HEALTH CENTRE,Belfast,BT9 7HR,1 DUNLUCE AVENUE
5633,BELFAST,Dr. SHERWOOD & PARTNERS             ,143,THE ROWAN TREE FAMILY PRACTICE,Belfast,BT9 7HR,1 DUNLUCE AVENUE
1541,BELFAST,Dr. CHU                             ,144,RAVENBANK SURGERY,Belfast,BT6 8DR,113 RAVENHILL ROAD
8437,,Dr. KILLINER & PARTNERS             ,145,15A DONEGALL ROAD,Belfast,BT12 5JJ,BELFAST
4123,BELFAST,Dr. HUGHES                          ,146,BALMORAL SURGERY,Belfast,BT9 6GR,436 LISBURN ROAD
7604,,Dr. CHEYNE & PARTNERS               ,147,281 ORMEAU ROAD,Belfast,BT7 3GG,BELFAST
9035,BELFAST,Dr. TONER & PARTNERS                ,148,SOUTH EAST FAMILY PRACTICE,Belfast,BT6 9EY,370/372 CREGAGH ROAD
13134,BELFAST,Dr. MCAULEY & PARTNERS              ,151,THE HEALTH CENTRE,Belfast,BT10 0BX,13/25 FINAGHY ROAD SOUTH
9687,BELFAST,Dr. O'HARE & PARTNERS               ,153,ORMEAU ROAD HEALTH CENTRE,Belfast,BT7 2EB,120 ORMEAU ROAD
5001,,Dr. MCCAULEY & PARTNERS             ,154,142 - 144 UNIVERSITY STREET,Belfast,BT7 1HH,BELFAST
7098,BELFAST,Dr. CHAKRAVARTY & PARTNERS          ,156,BALLYOWEN HEALTH CENTRE,Belfast,BT11 9EA,179 ANDERSONSTOWN ROAD
10429,"7 UNIVERSITY TERRACE, BELFAST",Dr. FAIR & PARTNERS                 ,157,UNIVERSITY HEALTH CENTRE AT QUEENS,Belfast,BT7 1NP,ELMWOOD MANSE
5831,,Dr. BELL & PARTNERS                 ,159,485 ORMEAU ROAD,Belfast,BT7 3GR,BELFAST
2721,,,162,,Belfast,,
3436,BELFAST,Dr. MURDOCK & PARTNER               ,164,CREGAGH SURGERY,Belfast,BT6 9HL,36 MONTGOMERY ROAD
8632,,Dr. KEANE & PARTNERS                ,165,6 NORTH PARADE,Belfast,BT7 2GG,BELFAST
2721,BELFAST,Dr. CULLEN & PARTNER                ,166,BOTANIC MEDICAL CENTRE,Belfast,BT7 1JL,51 BOTANIC AVENUE
9824,BALLYNAHINCH,Dr. FERGUSON & PARTNERS             ,191,THE MONTALTO MEDICAL CENTRE,South Eastern,BT24 8AY,2 DROMORE ROAD
4955,"KILLYLEAGH, DOWNPATRICK",Dr. MCGILL & PARTNERS               ,192,KILLYLEAGH SURGERY,South Eastern,BT30 9RG,14 DOWNPATRICK ROAD
9986,NEWCASTLE,Dr. GREER & PARTNERS                ,193,14 CHURCH VIEW,South Eastern,BT33 0NA,DUNDRUM
2019,NEWCASTLE,Dr. HYLAND & PARTNER                ,194,THE SURGERY,South Eastern,BT33 0DN,CAUSEWAY PLACE
1754,NEWCASTLE,Dr. GILPIN & PARTNER                ,195,THE SURGERY,South Eastern,BT33 0DN,CAUSEWAY PLACE
3240,ARDGLASS,Dr. MURPHY & PARTNER                ,196,THE HEALTH CENTRE,South Eastern,BT30 7SF,DOWNPATRICK ROAD
8922,"SAINTFIELD, BALLYNAHINCH",Dr. ROSS & PARTNERS                 ,198,THE HEALTH CENTRE,South Eastern,BT24 7AD,FAIRVIEW
11813,"NEWCASTLE, CO DOWN",Dr. LEGGETT & PARTNERS              ,201,DONARD FAMILY PRACTICE,South Eastern,BT33 0AE,56 MAIN STREET
3895,"STRUELL WELLS ROAD, DOWNPATRICK",Dr. SMALL & PARTNER                 ,202,GP & PRIMARY CARE CENTRE,South Eastern,BT30 6RL,"FIRST FLOOR, DOWN HOSPITAL"
4927,"IRISH STREET, DOWNPATRICK",Dr. BOYLE & PARTNERS                ,204,THE SURGERY,South Eastern,BT30 6BE,12 THE GREEN
4691,"CROSSGAR, DOWNPATRICK",Dr. TRAINOR & PARTNERS              ,205,THE SURGERY,South Eastern,BT30 9JU,JAMES STREET
4913,"STRUELL WELLS ROAD, DOWNPATRICK",Dr. SHEVLIN & PARTNERS              ,206,GP & PRIMARY CARE CENTRE,South Eastern,BT30 6RL,"FIRST FLOOR, DOWN HOSPITAL"
4996,DOWNPATRICK,Dr. CREANEY & PARTNER               ,207,STREAM STREET SURGERY,South Eastern,BT30 6DE,40 STREAM STREET
9981,HILLSBOROUGH,Dr. FLEMING & PARTNERS              ,221,HEALTH CENTRE,South Eastern,BT26 6AW,BALLYNAHINCH ST
9066,DUNMURRY BELFAST,Dr. MULHOLLAND & PARTNERS           ,222,WOODBROOK MEDICAL PRACTICE,South Eastern,BT17 0FB,STEWARTSTOWN ROAD
3900,LISBURN,Dr. CARSON & PARTNERS               ,223,THE HEALTH CENTRE,South Eastern,BT28 1LU,LINENHALL STREET
7080,LISBURN,Dr. CAIRNS & PARTNERS               ,224,THE HEALTH CENTRE,South Eastern,BT28 1LU,LINENHALL STREET
8321,DROMARA,Dr. SMITH & PARTNERS                ,226,THE SURGERY,South Eastern,BT25 2AT,BEGNEY HILL ROAD
12100,LISBURN,Dr. CURRY & PARTNERS                ,227,THE HEALTH CENTRE,South Eastern,BT28 1LU,LINENHALL STREET
4354,LISBURN,Dr. FORDE & PARTNERS                ,228,LAGANVIEW MEDICAL PRACTICE,South Eastern,BT28 1LU,"LISBURN HEALTH CENTRE, LINENHALL STREET"
8783,LISBURN,Dr. RUDDELL & PARTNERS              ,229,THE HEALTH CENTRE,South Eastern,BT28 1LU,LINENHALL STREET
5118,LISBURN,Dr. RYAN & PARTNERS                 ,230,THE HEALTH CENTRE,South Eastern,BT28 1LU,LINENHALL STREET
9735,LISBURN,Dr. PALMER & PARTNERS               ,231,THE HEALTH CENTRE,South Eastern,BT28 1LU,LINENHALL STREET
7961,BELFAST,Dr. DICK & PARTNERS                 ,232,192 KINGSWAY,South Eastern,BT17 9AL,DUNMURRY
4644,"GLENAVY, CRUMLIN",Dr. GALLAGHER & PARTNER             ,233,GLENAVY FAMILY PRACTICE,South Eastern,BT29 4LN,47 MAIN STREET
1856,LISBURN,Dr. PATTERSON                       ,234,THE HEALTH CENTRE,South Eastern,BT28 1LU,LINENHALL STREET
14790,HOLYWOOD,Dr. LAWSON & PARTNERS               ,252,PRIORY SURGERY,South Eastern,BT18 9AD,26 HIGH STREET
7683,BANGOR,Dr. REID & PARTNERS                 ,253,THE HEALTH CENTRE,South Eastern,BT20 4LD,NEWTOWNARDS ROAD
4105,NEWTOWNARDS,Dr. MARSHALL & PARTNER              ,254,24 LISBARNETT ROAD,South Eastern,BT23 6AW,LISBANE
5446,BANGOR,Dr. KENNY & PARTNERS                ,255,THE HEALTH CENTRE,South Eastern,BT20 4LD,NEWTOWNARDS ROAD
5734,CO DOWN,Dr. CRAIG & PARTNER                 ,256,140 GROOMSPORT ROAD,South Eastern,BT20 5PE,BANGOR
8162,HOLYWOOD,Dr. MCCREERY & PARTNERS             ,257,THE SURGERY,South Eastern,BT18 9DA,BROOK STREET
4923,BANGOR,Dr. DREW & PARTNERS                 ,258,THE HEALTH CENTRE,South Eastern,BT20 4LD,NEWTOWNARDS ROAD
3859,"PORTAFERRY, NEWTOWNARDS",Dr. DOYLE & PARTNERS                ,259,CUAN FAMILY PRACTICE,South Eastern,BT22 1QT,44 HIGH STREET
7266,BANGOR,Dr. CRAWFORD & PARTNERS             ,260,THE HEALTH CENTRE,South Eastern,BT20 4LD,NEWTOWNARDS ROAD
6077,NEWTOWNARDS,Dr. NEOH & PARTNERS                 ,261,KILLYNETHER PRACTICE,South Eastern,BT23 4LR,2A FREDERICK STREET
1744,"COMBER, NEWTOWNARDS",Dr. BISSETT & PARTNER               ,263,DR ROBERT HENRY SURGERY,South Eastern,BT23 5AU,7A NEWTOWNARDS ROAD
2731,BANGOR,Dr. KINNEAR & PARTNERS              ,264,SILVERBIRCH MEDICAL PRACTICE,South Eastern,BT19 6EU,39A SILVERBIRCH ROAD
4095,NEWTOWNARDS,Dr. HYLAND & PARTNERS               ,265,THE SURGERY,South Eastern,BT23 4FH,1 CHURCH STREET
10752,NEWTOWNARDS,Dr. GREER & PARTNERS                ,271,OLD MILL SURGERY,South Eastern,BT23 4AS,CHURCH STREET
6614,NEWTOWNARDS,Dr. MCKEOWN & PARTNERS              ,272,16 A THE SQUARE,South Eastern,BT23 5DT,COMBER
5828,"COMBER, NEWTOWNARDS",Dr. WHITESIDE & PARTNERS            ,273,THE HEALTH CENTRE,South Eastern,BT23 5BA,5 NEWTOWNARDS ROAD
10405,BANGOR,Dr. MCNUTT & PARTNERS               ,274,BLOOMFIELD SURGERY,South Eastern,BT20 4XA,95 BLOOMFIELD ROAD
4874,NEWTOWNARDS,Dr. WEBB & PARTNERS                 ,275,REGENCY MEDICAL CENTRE,South Eastern,BT23 4LR,2A FREDERICK STREET
9217,DONAGHADEE,Dr. HISCOCKS & PARTNERS             ,276,DONAGHADEE HEALTH CENTRE,South Eastern,BT21 0BU,3 KILLAUGHEY ROAD
4427,NEWTOWNARDS,Dr. MCCANCE & PARTNERS              ,278,THE SURGERY,South Eastern,BT23 4FH,1 CHURCH STREET
2446,"PORTAFERRY, NEWTOWNARDS",Dr. COULTER & PARTNER               ,279,WINDMILL SURGERY,South Eastern,BT22 1QT,44 HIGH STREET
5265,NEWTOWNARDS ROAD,Dr. JACKSON & PARTNERS              ,280,ABBEY FAMILY PRACTICE,South Eastern,BT20 4LD,BANGOR HEALTH CENTRE
5866,BANGOR,Dr. ABRAHAM & PARTNERS              ,281,CLELAND PARK SURGERY,South Eastern,BT20 3EB,2 CLELAND PARK
5574,"BALLYWALTER, NEWTOWNARDS",Dr. HUGHES & PARTNERS               ,282,THE HEALTH CENTRE,South Eastern,BT22 2PY,FOWLER WAY
5726,"KIRCUBBIN, NEWTOWNARDS",Dr. BAILIE & PARTNERS               ,283,LOUGH VIEW SURGERY,South Eastern,BT22 2SP,2 MAIN STREET
3106,NEWTOWNARDS,Dr. ARMSTRONG & PARTNER             ,284,THE SURGERY,South Eastern,BT23 4FH,1 CHURCH STREET
3831,"CONLIG, NEWTOWNARDS",Dr. JACKSON & PARTNER               ,285,GREEN ROAD MEDICAL CENTRE,South Eastern,BT23 7PZ,5 GREEN ROAD
9275,"TEMPLEPATRICK, BALLYCLARE",Dr. HUEY & PARTNERS                 ,302,THE SURGERY,Northern,BT39 0AZ,80 CASTLETON
7746,CO ANTRIM,Dr. HYNDMAN & PARTNERS              ,303,1 GLENAVY ROAD,Northern,BT29 4LA,CRUMLIN
5032,2 STRAID RD,Dr. BUTLER & PARTNERS               ,304,MAINE MEDICAL PRACTICE,Northern,BT42 2PB,THE OLD MEETING HOUSE
3666,"86 CUSHENDALL ROAD, BALLYMENA",Dr. HARPER & PARTNERS               ,305,BERNAGHMORE MEDICAL PRACTICE,Northern,BT43 6HB,BALLYMENA HEALTH & CARE CENTRE
7873,ANTRIM,Dr. FIELD & PARTNERS                ,307,ANTRIM CASTLE SURGERY,Northern,BT41 4BS,32A STATION ROAD
5893,ANTRIM,Dr. HUNTER & PARTNERS               ,308,ORIEL SURGERY,Northern,BT41 4HR,31 ORIEL ROAD
7472,"CULLYBACKEY, BALLYMENA",Dr. MCKELVEY & PARTNERS             ,310,CULLYBACKEY HEALTH CENTRE,Northern,BT42 1NW,TOBER PARK
2497,BALLYMENA,Dr. MAGOWAN & PARTNER               ,311,THE SURGERY,Northern,BT42 1AA,77 GALGORM ROAD
2566,"86 Cushendall Road, Ballymena",Dr. HALL & PARTNER                  ,312,Slemish View Medical Practice,Northern,BT43 6HB,Ballymena Health & Care Centre
3971,BALLYMENA,Dr. RUSSELL & PARTNERS              ,313,THE GABLES,Northern,BT43 5BA,45 WAVENEY ROAD
4613,"86 CUSHENDALL ROAD, BALLYMENA",Dr. DUNDEE & PARTNERS               ,314,WAVENEY MEDICAL PRACTICE,Northern,BT43 6HB,BALLYMENA HEALTH & CARE CENTRE
3344,"86 CUSHENDALL ROAD, BALLYMENA",Dr. WRIGHT & PARTNER                ,315,BALLYMENA FAMILY PRACTICE,Northern,BT43 6HB,BALLYMENA HEALTH & CARE CENTRE
6891,BROUGHSHANE BALLYMENA,Dr. REDMOND & PARTNERS              ,317,THE HEALTH CENTRE,Northern,BT42 4JA,76 MAIN STREET
6718,"PORTGLENONE, BALLYMENA",Dr. MCCUSKER & PARTNERS             ,319,PORTGLENONE HEALTH CENTRE,Northern,BT44 8AD,17 TOWNHILL ROAD
4382,"86 CUSHENDALL ROAD, BALLYMENA",Dr. MCQUILLAN & PARTNERS            ,321,SEVEN TOWERS PRACTICE,Northern,BT43 6HB,BALLYMENA HEALTH & CARE CENTRE
2573,"GALGORM ROAD, BALLYMENA",Dr. BROWN & PARTNER                 ,323,SMITHFIELD MEDICAL CENTRE,Northern,BT43 5HB,7 SMITHFIELD PLACE
3750,"KELLS, BALLYMENA",Dr. BILL & PARTNERS                 ,325,KELLS & CONNOR MEDICAL CENTRE,Northern,BT42 3JU,36 CHURCH ROAD
5756,"STATION ROAD, ANTRIM",Dr. MCCUSKER & PARTNERS             ,326,THE FAMILY PRACTICE,Northern,BT41 4BS,THE HEALTH CENTRE
3550,ANTRIM,Dr. KIDD & PARTNERS                 ,327,THE HEALTH CENTRE,Northern,BT41 4BS,STATION ROAD
5006,"CULLYBACKEY, BALLYMENA",Dr. JOHNSTON & PARTNERS             ,328,MAINE MEDICAL PRACTICE,Northern,BT42 1GP,"OLD MILL PARK, MAIN STREET"
4785,ANTRIM,Dr. MCKENNA & PARTNERS              ,330,THE HEALTH CENTRE,Northern,BT41 4BS,STATION ROAD
4249,"86 CUSHENDALL ROAD, BALLYMENA",Dr. KHANNA & PARTNERS               ,331,BRAID FAMILY PRACTICE,Northern,BT43 6HB,BALLYMENA HEALTH & CARE CENTRE
3638,"TOOMEBRIDGE, ANTRIM",Dr. JOHNSTON & PARTNER              ,333,THE SURGERY,Northern,BT41 3TF,"TOOME HOUSE, 55 MAIN STREET"
10378,"RANDALSTOWN, ANTRIM",Dr. MCILROY & PARTNERS              ,334,THE HEALTH CENTRE,Northern,BT41 3AE,5 NEILLSBROOK ROAD
8702,,Dr. MCCLEERY & PARTNERS             ,336,2 MALLUSK ROAD,Northern,BT36 4PP,NEWTOWNABBEY
8662,NEWTOWNABBEY,Dr. DAVISON & PARTNERS              ,337,GLENGORMLEY PRACTICE,Northern,BT36 5EQ,324 ANTRIM ROAD
4895,COLERAINE,Dr. MAXWELL & PARTNERS              ,341,THE HEALTH CENTRE,Northern,BT51 3HP,CASTLEROCK ROAD
5760,COLERAINE,Dr. TRACEY & PARTNERS               ,344,KILLOWEN MEDICAL CENTRE,Northern,BT51 3HP,CASTLEROCK ROAD
12507,"21B NEWAL ROAD, BALLYMONEY",Dr. JOHNSTON & PARTNERS             ,345,BALLYMONEY FAMILY PRACTICE,Northern,BT53 6HB,BALLYMONEY HEALTH CENTRE
10202,COLERAINE,Dr. WALLACE & PARTNERS              ,346,LODGE HEALTH,Northern,BT52 1JX,20 LODGE MANOR
6199,"ARMOY, BALLYMONEY",Dr. STERNE & PARTNERS               ,349,THE COUNTRY MEDICAL PRACTICE,Northern,BT53 8TY,122 BALLINLEA ROAD
2960,,Dr. CROOKS & PARTNERS               ,350,6 PRIESTLAND ROAD,Northern,BT57 8QP,BUSHMILLS
7411,PORTRUSH,Dr. BAILIE & PARTNERS               ,351,PORTRUSH MEDICAL CENTRE,Northern,BT56 8DW,17 DUNLUCE AVENUE
5884,"GARVAGH, COLERAINE",Dr. ORR & PARTNERS                  ,352,GARVAGH HEALTH CENTRE,Northern,BT51 5AE,110 MAIN STREET
3296,PORTSTEWART,Dr. HARLEY & PARTNERS               ,354,THE FAMILY PRACTICE,Northern,BT55 7EF,6 LEVER ROAD
6806,"KILREA, COLERAINE",Dr. MCCORMACK & PARTNERS            ,355,THE HEALTH CENTRE,Northern,BT51 5QP,36 GARVAGH ROAD
11346,CO LONDONDERRY,Dr. POLLOCK & PARTNERS              ,356,4 MOUNTSANDEL ROAD,Northern,BT52 1JB,COLERAINE
6448,"CUSHENDALL, BALLYMENA",Dr. MCSPARRAN & PARTNERS            ,357,GLENS OF ANTRIM MEDICAL CENTRE,Northern,BT44 0TE,2 GORTACLEE ROAD
2720,"CASTLEROCK, COLERAINE",Dr. NUTT & PARTNER                  ,358,LIFFOCK,Northern,BT51 4TW,69 SEA ROAD
4432,"RASHARKIN, BALLYMENA",Dr. HENDERSON & PARTNERS            ,360,THE HEALTH CENTRE,Northern,BT44 8QB,10 MONEYLECK ROAD
5355,BALLYMONEY,Dr. FANNIN & PARTNERS               ,361,THE HEALTH CENTRE,Northern,BT53 6HH,ROBINSON MEMORIAL HOSPITAL
4091,BALLYCASTLE,Dr. MCLISTER & PARTNERS             ,366,DALRIADA FAMILY PRACTICE,Northern,BT54 6BA,1A COLERAINE ROAD
4702,"CLOUGHMILLS, BALLYMENA",Dr. MCCURDY & PARTNERS              ,367,THE FROCESS MEDICAL CENTRE,Northern,BT44 9LF,56 MAIN STREET
4811,BALLYCASTLE,Dr. HEGARTY & PARTNERS              ,368,BALLYCASTLE MEDICAL PRACTICE,Northern,BT54 6BA,1A COLERAINE ROAD
4098,PORTSTEWART,Dr. O'LOAN & PARTNERS               ,369,PORTSTEWART MEDICAL CENTRE,Northern,BT55 7SW,MILL ROAD
9036,"WHITEHEAD, CARRICKFERGUS",Dr. STONE & PARTNERS                ,382,MEADOWBRIDGE SURGERY,Northern,BT38 9TG,SLAUGHTERFORD ROAD
10293,"GREENISLAND, CARRICKFERGUS",Dr. KERNOHAN & PARTNERS             ,385,OLD SCHOOL SURGERY,Northern,BT38 8TP,54 STATION ROAD
7258,CARRICKFERGUS,Dr. BUCKLEY & PARTNERS              ,387,THE HEALTH CENTRE,Northern,BT38 7HT,TAYLORS AVENUE
5205,"OLD GLENARM ROAD, LARNE",Dr. SHEPHERD & PARTNERS             ,388,INVER SURGERY,Northern,BT40 1XH,MOYLE MEDICAL CENTRE
7966,"OLD GLENARM ROAD, LARNE",Dr. MCILROY & PARTNERS              ,389,CORRAN SURGERY,Northern,BT40 1XH,MOYLE MEDICAL CENTRE
14768,CARRICKFERGUS,Dr. MCALLISTER & PARTNERS           ,390,THE HEALTH CENTRE,Northern,BT38 7HT,TAYLORS AVENUE
5744,"OLD GLENARM ROAD, LARNE",Dr. FERGUSON & PARTNERS             ,391,VICTORIA SURGERY,Northern,BT40 1XH,MOYLE MEDICAL CENTRE
2994,LARNE,Dr. BLACK & PARTNER                 ,393,THE HEALTH CENTRE,Northern,BT40 1PB,GLOUCESTER AVENUE
4720,GLOUCESTER AVENUE,Dr. CALDWELL & PARTNERS             ,394,LARNE FAMILY PRACTICE,Northern,BT40 1PB,LARNE HEALTH CENTRE
4078,,Dr. WILSON & PARTNER                ,395,ROCKFIELD MEDICAL CENTRE,Northern,BT43 6JD,BALLYMENA
3712,BALLYMENA,Dr. VERCOE-ROGERS & PARTNER         ,396,OLD BANK SURGERY,Northern,BT43 5AF,97 MILL STREET
6577,COOKSTOWN,Dr. WRAY & PARTNERS                 ,401,THE HEALTH CENTRE,Northern,BT80 8BN,52 ORRITOR ROAD
8463,"DRAPERSTOWN, MAGHERAFELT",Dr. WHITE & PARTNERS                ,402,DRAPERSTOWN SURGERY,Northern,BT45 7AG,6 TOBERMORE ROAD
5226,COOKSTOWN,Dr. DALZELL & PARTNERS              ,404,67 URBAL ROAD,Northern,BT80 0DP,COAGH
5734,COOKSTOWN,Dr. FLANIGAN & PARTNERS             ,405,LOY MEDICAL CENTRE,Northern,BT80 8PE,8 LOY STREET
9309,CO LONDONDERRY,Dr. GLANCY & PARTNERS               ,406,29 GARDEN STREET,Northern,BT45 5DD,MAGHERAFELT
7763,COOKSTOWN,Dr. BROWN & PARTNERS                ,407,OAKS FAMILY PRACTICE CENTRE,Northern,BT80 8BH,48 ORRITOR ROAD
5728,"STEWARTSTOWN, DUNGANNON",Dr. MCCOY & PARTNERS                ,409,THE HEALTH CENTRE,Northern,BT71 5HY,50 HILLHEAD
8491,MAGHERA,Dr. SHAW & PARTNERS                 ,410,MAGHERA MEDICAL CENTRE,Northern,BT46 5EA,25 CHURCH STREET
9154,MAGHERAFELT,Dr. O'KANE & PARTNERS               ,412,THE DIAMOND MEDICAL CENTRE,Northern,BT45 6ED,MARKET SQUARE
2499,COOKSTOWN,Dr. GRAHAM                          ,413,LOY BUILDINGS,Northern,BT80 8PE,18 LOY STREET
7070,"CASTLEDAWSON, MAGHERAFELT",Dr. HINDS & PARTNERS                ,417,THE SURGERY,Northern,BT45 8AZ,STATION ROAD
1712,MAGHERAFELT CO LONDONDERRY,Dr. HUNTER                          ,419,FAIRHILL SURGERY,Northern,BT45 6BL,1 FAIRHILL ROAD
5905,MONEYMORE,Dr. KURIACOSE & PARTNERS            ,420,MONEYMORE MEDICAL PRACTICE,Northern,BT45 7LJ,3 FAIRHILL
9375,"LONGWOOD ROAD, NEWTOWNABBEY",Dr. MEENAN & PARTNERS               ,431,WHITEHOUSE MEDICAL GROUP PRACTICE,Northern,BT37 9UH,"UNIT 29A, FIRST FLOOR, ABBEYCENTRE"
15244,BALLYCLARE,Dr. LOGAN & PARTNERS                ,433,THE HEALTH CENTRE,Northern,BT39 9HL,GEORGE AVENUE
8125,NEWTOWNABBEY,Dr. HENDRON & PARTNERS              ,434,ABBOTS CROSS MEDICAL PRACTICE,Northern,BT37 9QW,92 DOAGH ROAD
10579,NEWTOWNABBEY,Dr. BEIRNE & PARTNERS               ,438,TRAMWAYS MEDICAL CENTRE,Northern,BT36 7XX,FARMLEY ROAD
10221,NEWTOWNABBEY,Dr. DORAN & PARTNERS                ,440,NOTTING HILL MEDICAL PRACTICE,Northern,BT37 9QN,DOAGH ROAD
6198,"LEGAHORY, CRAIGAVON",Dr. CLARKE & PARTNERS               ,451,BROWNLOW HEALTH CENTRE,Southern,BT65 5BE,1 LEGAHORY CENTRE
4178,BANBRIDGE,Dr. MCCLOSKEY & PARTNERS            ,453,BANBRIDGE GROUP SURGERY,Southern,BT32 3GN,1 OLD HOSPITAL ROAD
8789,"LOUGHBRICKLAND, BANBRIDGE",Dr. HUEY & PARTNERS                 ,454,THE SURGERY,Southern,BT32 3NQ,11 MAIN STREET
5664,"GILFORD, CRAIGAVON",Dr. MAGOWAN & PARTNERS              ,455,THE HEALTH CENTRE,Southern,BT63 6JS,CASTLEVIEW
11564,"LURGAN, CRAIGAVON",Dr. MCDONALD & PARTNERS             ,457,WYNNE HILL SURGERY,Southern,BT66 6BW,51 HILL STREET
4987,PORTADOWN,Dr. TROUGHTON & PARTNERS            ,458,PORTADOWN HEALTH&CARE CENTRE,Southern,BT62 3BU,TAVANAGH AVENUE
4348,CRAIGAVON,Dr. LENNON & PARTNERS               ,460,60A MAIN STREET,Southern,BT66 7LR,DONAGHCLONEY
3882,"PORTADOWN, CRAIGAVON",Dr. CLARKE & PARTNER                ,461,THE HEALTH CENTRE,Southern,BT62 3BU,TAVANAGH AVENUE
9661,CRAIGAVON,Dr. EAKIN & PARTNERS                ,462,60 HIGH STREET,Southern,BT66 8BA,LURGAN
4881,"LURGAN, CRAIGAVON",Dr. PATTERSON & PARTNERS            ,463,THE SURGERY,Southern,BT66 8DW,7 MOORES LANE
5025,"PORTADOWN, CRAIGAVON",Dr. O'CONNOR & PARTNERS             ,464,THE HEALTH CENTRE,Southern,BT62 3BU,TAVANAGH AVENUE
8437,CRAIGAVON,Dr. ARMSTRONG & PARTNERS            ,465,28 CHURCH WALK,Southern,BT67 9AA,LURGAN
5466,CRAIGAVON,Dr. MCAULEY & PARTNERS              ,467,87/89 WILLIAM STREET,Southern,BT66 6JB,LURGAN
8858,BANBRIDGE,Dr. MCCANDLESS & PARTNERS           ,469,BANBRIDGE GROUP SURGERY,Southern,BT32 3GN,1 OLD HOSPITAL ROAD
13268,"PORTADOWN, CRAIGAVON",Dr. SHARPE & PARTNERS               ,470,RIVERSIDE PRACTICE,Southern,BT62 3BU,"THE HEALTH CENTRE, TAVANAGH AVENUE"
7898,BANBRIDGE,Dr. MCNIFF & PARTNERS               ,471,BANBRIDGE GROUP SURGERY,Southern,BT32 3GN,1 OLD HOSPITAL ROAD
3073,"LOUGHBRICKLAND, BANBRIDGE",Dr. MULLAN & PARTNER                ,472,SCARVA STREET SURGERY,Southern,BT32 3NH,60 SCARVA STREET
9737,CRAIGAVON,Dr. DAVIS & PARTNERS                ,473,52 MAIN STREET,South Eastern,BT67 0LQ,MOIRA
8022,CO DOWN,Dr. ATCHISON & PARTNERS             ,474,50 GALLOWS STREET,Southern,BT25 1BD,DROMORE
5413,CRAIGAVON,Dr. WILSON & PARTNERS               ,475,8a LURGAN ROAD,South Eastern,BT67 0DD,AGHALEE
2813,"BALLYWARD, CASTLEWELLAN",Dr. LUTTON & PARTNERS               ,476,THE SURGERY,Southern,BT31 9TU,32 STATION ROAD
5045,"PORTADOWN, CRAIGAVON",Dr. WILLIAMSON & PARTNERS           ,477,THE HEALTH CENTRE,Southern,BT62 3BU,TAVANAGH AVENUE
4953,TAVANAGH AVENUE,Dr. HAGAN & PARTNERS                ,478,BANNVIEW MEDICAL PRACTICE,Southern,BT62 3BU,PORTADOWN H & C CENTRE
8888,"PORTADOWN, CRAIGAVON",Dr. BURNETT & PARTNERS              ,479,THE HEALTH CENTRE,Southern,BT62 3BU,TAVANAGH AVENUE
5043,"LURGAN, CRAIGAVON",Dr. MCCLOSKEY & PARTNERS            ,482,THE OLD SCHOOL HOUSE MEDICAL CENTRE,Southern,BT67 9BW,1 ANTRIM ROAD
8192,ARMAGH,Dr. MARSHALL & PARTNERS             ,491,ABBEY COURT SURGERY,Southern,BT61 7QG,DOBBIN LANE
8874,CARLAND ROAD,Dr. JOHNSTON & PARTNER              ,493,MID ULSTER HEALTH CARE,Southern,BT71 4AU,SOUTH TYRONE HOSPITAL
4365,FIVEMILETOWN,Dr. BOYD & PARTNER                  ,494,THE VALLEY MEDICAL PRACTICE,Southern,BT75 0ND,20 COONEEN ROAD
11367,DUNGANNON,Dr. CARSON & PARTNERS               ,495,CAMPBELL SURGERY,Southern,BT70 1HX,10 QUARRY LANE
9406,CO ARMAGH,Dr. MCCOLLUM & PARTNERS             ,497,WILLOWBANK,Southern,BT60 3RL,KEADY
3758,MOY,Dr. MCSHANE & PARTNER               ,498,MCSHANE AND CAMPBELL PRACTICE,Southern,BT71 7SL,"MOY HEALTH CENTRE, CHARLEMONT STREET"
4269,"BALLYGAWLEY,DUNGANNON",Dr. POTTER & PARTNER                ,499,ERRIGAL MEDICAL CENTRE,Southern,BT70 2EY,OLD DUNGANNON ROAD
2373,DUNGANNON,Dr. HERRON & PARTNER                ,500,22 BARRACK STREET,Southern,BT71 4LS,COALISLAND
2659,MOY,Dr. MCCONVILLE & PARTNER            ,501,MOY MEDICAL PRACTICE,Southern,BT71 7SL,CHARLEMONT STREET
5730,ARMAGH,Dr. CARLILE & PARTNERS              ,502,15 DARTAN REE,Southern,BT60 4QT,TYNAN
6286,"MARKETHILL, ARMAGH",Dr. WRIGHT & PARTNERS               ,503,THE HEALTH CENTRE,Southern,BT60 1TA,NEWRY STREET
3620,"MOY, DUNGANNON",Dr. CLEARY & PARTNER                ,504,MOY MEDICAL CENTRE,Southern,BT71 7SL,CHARLEMONT STREET
9035,DUNGANNON,Dr. GARLAND & PARTNERS              ,505,PARKVIEW SURGERY,Southern,BT71 4AU,"SOUTH TYRONE HOSPITAL SITE, CARLAND ROAD,"
5091,CO TYRONE,Dr. GRIBBEN & PARTNER               ,506,2 SYDNEY LANE,Southern,BT69 6AF,AUGHNACLOY
2723,KEADY,Dr. WATTERS                         ,507,THE HEALTH CENTRE,Southern,BT60 3TU,24A TASSAGH ROAD
3647,"TANDRAGEE, CRAIGAVON",Dr. PICKERING & PARTNER             ,508,TANDRAGEE MEDICAL CENTRE,Southern,BT62 2AN,3 MONTAGUE STREET
6420,CO TYRONE,Dr. MCKAY & PARTNERS                ,509,57 THOMAS STREET,Southern,BT70 1HW,DUNGANNON
4466,"COALISLAND, DUNGANNON",Dr. O'DONNELL & PARTNERS            ,512,THE MEDICAL CENTRE,Southern,BT71 4LS,15 BARRACK STREET
8257,ARMAGH,Dr. GARVIN & PARTNERS               ,514,THE ARCHWAY SURGERY,Southern,BT61 7QG,DOBBIN LANE
5432,"RICHHILL, ARMAGH",Dr. QUINN & PARTNERS                ,515,THE HEALTH CENTRE,Southern,BT61 9PD,"6 GREENVIEW, MAYNOOTH ROAD"
9070,ARMAGH,Dr. O'HAGAN & PARTNERS              ,516,THE FRIARY SURGERY,Southern,BT61 7QG,DOBBIN LANE
4179,"COALISLAND, DUNGANNON",Dr. MITCHEL & PARTNER               ,519,THE SURGERY,Southern,BT71 4LP,10A LINESIDE
4915,"MONAGHAN STREET, NEWRY",Dr. MULLIGAN & PARTNERS             ,526,CORNMARKET SURGERY,Southern,BT35 6BW,NEWRY HEALTH VILLAGE
4792,"CROSSMAGLEN, NEWRY",Dr. FEE                             ,528,THE HEALTH CENTRE,Southern,BT35 9HD,MCCORMICK PLACE
6656,"MONAGHAN STREET, NEWRY",Dr. FLOOD & PARTNERS                ,529,CORNMARKET SURGERY,Southern,BT35 6BW,NEWRY HEALTH VILLAGE
2915,"RATHFRILAND, NEWRY",Dr. MEGAW                           ,530,THE HEALTH CENTRE,Southern,BT34 5QH,JOHN STREET
4227,NEWRY,Dr. ALLEN & PARTNER                 ,531,14 KILKEEL ROAD,Southern,BT34 4TH,ANNALONG
3853,"KILKEEL, NEWRY",Dr. CHAMBERS & PARTNER              ,532,KILKEEL PRIMARY CARE CENTRE,Southern,BT34 4BH,GREENCASTLE STREET
2757,"KILLEAVY, NEWRY",Dr. VETTIANKAL                      ,533,MEIGH SURGERY,Southern,BT35 8JT,5B DRUMINTEE ROAD
9003,"MONAGHAN STREET, NEWRY",Dr. FEARON & PARTNERS               ,534,CLANRYE SURGERY,Southern,BT35 6BW,NEWRY HEALTH VILLAGE
4355,"RATHFRILAND, NEWRY",Dr. WADE & PARTNERS                 ,535,THE HEALTH CENTRE,Southern,BT34 5QH,JOHN STREET
8320,"WARRENPOINT, NEWRY",Dr. MCGIVERN & PARTNERS             ,536,SUMMER HILL SURGERY,Southern,BT34 3HS,50 GREAT GEORGES STREET
9657,"MONAGHAN STREET, NEWRY",Dr. MCEVOY & PARTNERS               ,537,MCVERRY/MCEVOY MEDICAL CENTRE,Southern,BT35 6BW,NEWRY HEALTH VILLAGE
4597,"MONAGHAN STREET, NEWRY",Dr. FORSHAW & PARTNERS              ,539,CLANRYE SURGERY,Southern,BT35 6BW,NEWRY HEALTH VILLAGE
7180,NEWRY,Dr. O'NEILL & PARTNERS              ,540,MEADOWLANDS SURGERY,Southern,BT35 6BW,MONAGHAN STREET
3888,NEWRY,Dr. LAMBE & PARTNERS                ,542,53 DUNDALK STREET,Southern,BT35 0PB,NEWTOWNHAMILTON
4713,"WARRENPOINT, NEWRY",Dr. MURPHY & PARTNERS               ,543,THE HEALTH CENTRE,Southern,BT34 3JD,SUMMERHILL
7273,"MONAGHAN STREET, NEWRY",Dr. O'REILLY & PARTNERS             ,544,CORNMARKET SURGERY,Southern,BT35 6BW,NEWRY HEALTH VILLAGE
5121,"MULLAGHBAWN, NEWRY",Dr. MAGUIRE & PARTNER               ,545,MAPHONER SURGERY,Southern,BT35 9RA,2A FORKHILL ROAD
2430,"BESSBROOK, NEWRY",Dr. MCKERNAN & PARTNER              ,546,BESSBROOK SURGERY,Southern,BT35 7AW,7A CONVENT HILL
3728,"RATHFRILAND, NEWRY",Dr. SHANNON & PARTNER               ,547,THE HEALTH CENTRE,Southern,BT34 5QH,JOHN STREET
4453,"NEWTOWNHAMILTON, NEWRY",Dr. MULHOLLAND & PARTNERS           ,549,THE HEALTH CENTRE,Southern,BT35 0BE,2A MARKETHILL ROAD
4165,"CROSSMAGLEN, NEWRY",Dr. ALLEN & PARTNER                 ,551,RATHKEELAND HOUSE,Southern,BT35 9JJ,1 BLANEY ROAD
2208,"WARRENPOINT, NEWRY",Dr. BONNER                          ,553,MARINA SURGERY,Southern,BT34 3NE,15 HAVELOCK PLACE
4180,"KILKEEL,NEWRY",Dr. POOTS & PARTNERS                ,554,MOURNE FAMILY SURGERY,Southern,BT34 4DN,"MOURNE HOSPITAL, NEWRY STREET"
1835,"KILKEEL, NEWRY",Dr. MERCER & PARTNER                ,555,KILKEEL PRIMARY CARE CENTRE,Southern,BT34 4BH,GREENCASTLE STREET
3434,"KILKEEL, NEWRY",Dr. DILLON & PARTNERS               ,556,SHANLIEVE SURGERY,Southern,BT34 4BH,"KILKEEL PRIMARY CARE CENTRE, GREENCASTLE STREET"
2999,"1 LEGAHORY CENTRE, LEGAHORY, CRAIGAVON",Dr. PATTERSON & PARTNERS            ,557,Arbor Family Practice,Southern,BT65 5BE,Brownlow Health Centre
4219,ENNISKILLEN,Dr. MAGUIRE & PARTNERS              ,562,THE HEALTH CENTRE,Western,BT74 6NN,ERNE ROAD
3938,ENNISKILLEN,Dr. GUETTE                          ,563,"DEVENISH PRACTICE, THE HEALTH CENTRE",Western,BT74 6NN,ERNE ROAD
7059,ENNISKILLEN,Dr. MEADE & PARTNERS                ,564,LAKESIDE MEDICAL PRACTICE,Western,BT74 6NN,ERNE ROAD
7620,IRVINESTOWN,Dr. MCCAW & PARTNERS                ,566,IRVINESTOWN HEALTH CENTRE,Western,BT94 1EH,CHURCH STREET
2973,ENNISKILLEN,Dr. MALLON & PARTNER                ,568,THE HEALTH CENTRE,Western,BT74 6NN,ERNE ROAD
7391,ENNISKILLEN,Dr. CATHCART & PARTNERS             ,571,THE HEALTH CENTRE,Western,BT74 6NN,ERNE ROAD
14363,"LISNASKEA, ENNISKILLEN",Dr. PORTEOUS & PARTNERS             ,574,MAPLE GROUP PRACTICE,Western,BT92 0FP,DRUMHAW
3854,ENNISKILLEN,Dr. HERDMAN & PARTNERS              ,576,RATHMORE CLINIC,Western,BT93 3FY,BELLEEK
7172,"BROOKEBOROUGH, ENNISKILLEN",Dr. CROMIE & PARTNERS               ,584,BROOKEBOROUGH & TEMPO PRIMARY CARE SERVICES,Western,BT94 4JG,9 TANYARD LANE
7660,"FLORENCECOURT, ENNISKILLEN",Dr. CUNNINGHAM & PARTNERS           ,585,CUILCAGH MEDICAL PRACTICE,Western,BT92 1BZ,DRUMLAGHY
9682,LONDONDERRY,Dr. COSGROVE & PARTNERS             ,596,"CITYVIEW MEDICAL, WATERSIDE HEALTH CENTRE",Western,BT47 6AH,SPENCER ROAD
6093,LIMAVADY,Dr. MCQUILLAN & PARTNERS            ,597,BOVALLY MEDICAL CENTRE,Western,BT49 0TE,2 ROSSAIR ROAD
12075,LONDONDERRY,Dr. DURAND & PARTNERS               ,598,QUAYSIDE MEDICAL PRACTICE,Western,BT48 7NN,80 - 84 STRAND ROAD
8231,LONDONDERRY,Dr. O'DONNELL & PARTNERS            ,599,"PARK MEDICAL, THE HEALTH CENTRE",Western,BT48 7DH,GREAT JAMES STREET
4955,"CLAUDY, LONDONDERRY",Dr. GALLAGHER & PARTNERS            ,600,THE HEALTH CENTRE,Western,BT47 4AB,IRWIN CRESCENT
10783,STRABANE,Dr. ROBINSON & PARTNERS             ,601,MOURNESIDE MEDICAL CENTRE,Western,BT82 9AF,1A BALLYCOLMAN AVENUE
10611,LONDONDERRY,Dr. DOHERTY & PARTNERS              ,602,OAKLEAF MEDICAL PRACTICE,Western,BT48 7DH,GREAT JAMES STREET
5917,LONDONDERRY,Dr. KNOX & PARTNER                  ,603,THE HEALTH CENTRE,Western,BT47 4TD,FEENY
11407,LONDONDERRY,Dr. MCCLOSKEY & PARTNERS            ,604,THE ABERFOYLE SURGERY,Western,BT48 7NY,120 STRAND ROAD
4038,STRABANE,Dr. FULLERTON & PARTNER             ,605,256 BERRYHILL ROAD,Western,BT82 0NB,DUNAMANAGH
4783,LONDONDERRY,Dr. BANKHEAD & PARTNERS             ,606,BRIDGE STREET MEDICAL CENTRE,Western,BT48 6LD,BRIDGE STREET
6926,LONDONDERRY,Dr. BLACK & PARTNERS                ,608,ABBEY MEDICAL PRACTICE,Western,BT48 9DN,ABBEY STREET
6569,LIMAVADY,Dr. PRATT & PARTNERS                ,609,ROSSAIR FAMILY PRACTICE,Western,BT49 0TE,2 ROSSAIR ROAD
7788,STRABANE,Dr. O'FLAHERTY & PARTNERS           ,610,STRABANE HEALTH CENTRE,Western,BT82 8AS,UPPER MAIN STREET
3561,LONDONDERRY,Dr. WARNOCK & PARTNERS              ,614,DUNGIVEN HEALTH CENTRE,Western,BT47 4RS,DUNGIVEN
10972,LONDONDERRY,Dr. LALSINGH & PARTNERS             ,615,CLARENDON MEDICAL,Western,BT48 7GW,35 NORTHLAND AVENUE
15076,"13A LOWER STRABANE ROAD, CASTLEDERG",Dr. O'HARE & PARTNERS               ,616,WESTERN RURAL HEALTHCARE,Western,BT81 7AZ,CASTLEDERG GROUP SURGERY
2871,,Dr. DOHERTY                         ,618,49 CLARENDON STREET,Western,BT48 7ER,LONDONDERRY
5904,LIMAVADY,Dr. QUINN & PARTNERS                ,619,THE HEALTH CENTRE,Western,BT49 0NA,SCROGGY ROAD
6465,STRABANE,Dr. ETHERSON & PARTNERS             ,620,STRABANE HEALTH CENTRE,Western,BT82 8AS,UPPER MAIN STREET
3600,LONDONDERRY,Dr. DEANE & PARTNER                 ,621,NORTHSIDE MEDICAL PRACTICE,Western,BT48 8NL,"SHANTALLOW HEALTH CENTRE, RACECOURSE ROAD"
4771,LONDONDERRY,Dr. DEVLIN & PARTNER                ,622,"RACECOURSE MEDICAL, SHANTALLOW HEALTH CENTRE",Western,BT48 8NL,RACECOURSE ROAD
5862,"BRIDGE STREET, LONDONDERRY",Dr. ORR & PARTNERS                  ,623,FOYLESIDE FAMILY PRACTICE,Western,BT48 6LD,BRIDGE STREET MEDICAL CENTRE
7698,LONDONDERRY,Dr. O'FLAHERTY & PARTNERS           ,624,"GLENDERMOTT MEDICAL, WATERSIDE HEALTH CENTRE",Western,BT47 6AH,SPENCER ROAD
4002,LONDONDERRY,Dr. MCEVOY & PARTNER                ,625,BAYVIEW MEDICAL CENTRE,Western,BT48 7EE,3 BAYVIEW TERRACE
8738,LONDONDERRY,Dr. HEALY & PARTNERS                ,626,"RIVERFRONT MEDICAL, WATERSIDE HEALTH CENTRE",Western,BT47 6AH,SPENCER ROAD
7512,"EGLINTON, LONDONDERRY",Dr. PATTERSON & PARTNERS            ,627,EGLINTON MEDICAL PRACTICE,Western,BT47 3AB,29 MAIN STREET
6964,LIMAVADY,Dr. HENDERSON & PARTNERS            ,629,THE HEALTH CENTRE,Western,BT49 0NA,SCROGGY ROAD
6748,"FINTONA, OMAGH",Dr. MONAGHAN & PARTNERS             ,651,FINTONA GROUP PRACTICE,Western,BT78 2BB,33 DROMORE ROAD
1947,CO TYRONE,Dr. RITCHIE & PARTNER               ,652,2H MAIN STREET,Western,BT78 4SB,DRUMQUIN
6677,OMAGH,Dr. QUINN & PARTNERS                ,654,GRANGE FAMILY PRACTICE,Western,BT79 0NR,7 DONAGHANIE ROAD
1559,OMAGH,Dr. SCULLY                          ,655,23 OMAGH ROAD,Western,BT78 4QY,DRUMQUIN
10173,OMAGH,Dr. O'NEILL & PARTNERS              ,657,THREE SPIRES SURGERY,Western,BT79 0NR,7 DONAGHANIE ROAD
9377,"CARRICKMORE, OMAGH",Dr. CORRY & PARTNERS                ,660,CARRICKMORE HEALTH CENTRE,Western,BT79 9JR,TERMON ROAD
5846,"DROMORE, OMAGH",Dr. REILLY                          ,661,DROMORE SURGERY,Western,BT78 3AU,16 CAMDERRY ROAD
10777,OMAGH,Dr. GALLAGHER & PARTNERS            ,662,DRUMRAGH FAMILY PRACTICE,Western,BT79 0NR,7 DONAGHANIE ROAD
3138,OMAGH,Dr. DEEHAN & PARTNER                ,663,STRULE MEDICAL PRACTICE,Western,BT79 0NR,7 DONAGHANIE ROAD
3307,OMAGH,Dr. HICKS & PARTNER                 ,664,41 MAIN STREET,Western,BT79 8DL,PLUMBRIDGE
