Service Category Label,Transaction Number,Settlement Date,Procurement (Merchant) Category,Supplier (Beneficiary),Net Amount (£),Department where exp. Incurred,Organisation Name,Purpose of Expenditure,Purchase Date
Adult Social Care,GPC04170000001,16.05.2017,Human Resources Travel & Subsistence ,RYANAIR22 22400000D2FMSR,140.74,Services to People,Stockport MBC,Travelling Expenses,31.03.2017
Adult Social Care,GPC04170000002,16.05.2017,Human Resources Travel & Subsistence ,HADFIELD STN TO,12.5,Services to People,Stockport MBC,Travelling Expenses,04.04.2017
Adult Social Care,GPC04170000003,16.05.2017,Human Resources Travel & Subsistence ,L'ATRO MONDO,24.21,Services to People,Stockport MBC,Expenses and Allowances,04.04.2017
Adult Social Care,GPC04170000004,16.05.2017,Human Resources Travel & Subsistence ,L'ATRO MONDO,21.49,Services to People,Stockport MBC,Expenses and Allowances,05.04.2017
Adult Social Care,GPC04170000005,16.05.2017,Human Resources Travel & Subsistence ,BEDFORD HOTEL BRUSSEL,7.48,Services to People,Stockport MBC,Expenses and Allowances,06.04.2017
Adult Social Care,GPC04170000006,16.05.2017,Human Resources Travel & Subsistence ,PULP,6.53,Services to People,Stockport MBC,Expenses and Allowances,06.04.2017
Adult Social Care,GPC04170000007,16.05.2017,Human Resources Travel & Subsistence ,GUIDE BRIDGE SST,7.8,Services to People,Stockport MBC,Travelling Expenses,18.04.2017
Adult Social Care,GPC04170000008,16.05.2017,Human Resources Travel & Subsistence ,SNCB-NMBS INTERNET NA,15.25,Services to People,Stockport MBC,Travelling Expenses,20.04.2017
Adult Social Care,GPC04170000009,16.05.2017,Human Resources Travel & Subsistence ,TRENITALIA - LEFRECCE,12.13,Services to People,Stockport MBC,Travelling Expenses,20.04.2017
Adult Social Care,GPC04170000010,16.05.2017,Human Resources Travel & Subsistence ,TRENITALIA - LEFRECCE,2.6,Services to People,Stockport MBC,Travelling Expenses,20.04.2017
Adult Social Care,GPC04170000011,16.05.2017,Human Resources Travel & Subsistence ,WWW.ARROWPRIVATEHIRE.C,43.73,Services to People,Stockport MBC,Travelling Expenses,20.04.2017
Adult Social Care,GPC04170000012,16.05.2017,Human Resources Travel & Subsistence ,SNBA GBP  08237940ES5G,160.99,Services to People,Stockport MBC,Travelling Expenses,24.04.2017
Adult Social Care,GPC04170000013,16.05.2017,Human Resources Travel & Subsistence ,HADFIELD STN TO,5.3,Services to People,Stockport MBC,Travelling Expenses,25.04.2017
Adult Social Care,GPC04170000014,16.05.2017,Human Resources Travel & Subsistence ,L'ATRO MONDO,21.34,Services to People,Stockport MBC,Expenses and Allowances,25.04.2017
Adult Social Care,GPC04170000015,16.05.2017,Human Resources Travel & Subsistence ,SNBA GBP  08247435VYHA,205.59,Services to People,Stockport MBC,Travelling Expenses,26.04.2017
Adult Social Care,GPC04170000016,16.05.2017,Human Resources Travel & Subsistence Taxi Fares,RADIO TAXI 3570,11.37,Services to People,Stockport MBC,Travelling Expenses,27.04.2017
Adult Social Care,GPC04170000017,16.05.2017,Human Resources Travel & Subsistence Taxi Fares,RADIO TAXI 3570,10.06,Services to People,Stockport MBC,Travelling Expenses,27.04.2017
Adult Social Care,GPC04170000018,16.05.2017,Human Resources Travel & Subsistence ,BEDFORD HOTEL GBP,162.89,Services to People,Stockport MBC,Expenses and Allowances,27.04.2017
Adult Social Care,GPC04170000019,16.05.2017,Human Resources Travel & Subsistence ,BRUTO,78.71,Services to People,Stockport MBC,Expenses and Allowances,27.04.2017
Adult Social Care,GPC04170000020,16.05.2017,Human Resources Travel & Subsistence ,CHEF EXPRESS S.P.A.,14.47,Services to People,Stockport MBC,Expenses and Allowances,28.04.2017
Adult Social Care,GPC04170000021,16.05.2017,Human Resources Travel & Subsistence ,HOTEL ALPI,27.88,Services to People,Stockport MBC,Expenses and Allowances,28.04.2017
Adult Social Care,GPC04170000022,16.05.2017,Human Resources Travel & Subsistence ,HOTEL ALPI,27.88,Services to People,Stockport MBC,Expenses and Allowances,28.04.2017
Adult Social Care,GPC04170000023,16.05.2017,Human Resources Travel & Subsistence ,HOTEL ALPI,27.88,Services to People,Stockport MBC,Expenses and Allowances,28.04.2017
Adult Social Care,GPC04170000024,16.05.2017,Human Resources Travel & Subsistence ,I 3 ARCHI,18.37,Services to People,Stockport MBC,Expenses and Allowances,27.04.2017
Adult Social Care,GPC04170000025,16.05.2017,Human Resources Travel & Subsistence ,I 3 ARCHI,18.3,Services to People,Stockport MBC,Expenses and Allowances,28.04.2017
Central Support Costs,GPC04170000026,16.05.2017,Facilities & Management Services  ,FACEBK 8U6NYBJUU2,348.81,Corporate and Support Services,Stockport MBC,Publicity and Promotion,01.04.2017
Central Support Costs,GPC04170000027,16.05.2017,Facilities & Management Services  ,FACEBK 9U6NYBJUU2,5.26,Corporate and Support Services,Stockport MBC,Publicity and Promotion,01.04.2017
Central Support Costs,GPC04170000028,16.05.2017,Facilities & Management Services  ,FACEBK P59ZBCAUU2,8.63,Corporate and Support Services,Stockport MBC,Publicity and Promotion,30.04.2017
Childrens & Educational Services,GPC04170000029,16.05.2017,Catering Food & Beverages ,ASDA STORES 4840,1.19,Services to People,Stockport MBC,Catering Supplies,31.03.2017
Childrens & Educational Services,GPC04170000030,16.05.2017,Catering Food & Beverages ,ASDA STORES 4840,37.43,Services to People,Stockport MBC,Catering Supplies,18.04.2017
Childrens & Educational Services,GPC04170000031,16.05.2017,Catering Food & Beverages ,ASDA STORES 4840,19.79,Services to People,Stockport MBC,Catering Supplies,19.04.2017
Childrens & Educational Services,GPC04170000032,16.05.2017,Catering Food & Beverages ,ASDA STORES 4840,11.36,Services to People,Stockport MBC,Catering Supplies,20.04.2017
Childrens & Educational Services,GPC04170000033,16.05.2017,Catering Food & Beverages ,ASDA STORES 4840,25.35,Services to People,Stockport MBC,Catering Supplies,21.04.2017
Childrens & Educational Services,GPC04170000034,16.05.2017,Catering Food & Beverages ,ASDA STORES 4840,35.82,Services to People,Stockport MBC,Catering Supplies,24.04.2017
Childrens & Educational Services,GPC04170000035,16.05.2017,Catering Food & Beverages ,ASDA STORES 4840,6.75,Services to People,Stockport MBC,Catering Supplies,25.04.2017
Childrens & Educational Services,GPC04170000036,16.05.2017,Catering Food & Beverages ,ASDA STORES 4840,8.85,Services to People,Stockport MBC,Catering Supplies,26.04.2017
Childrens & Educational Services,GPC04170000037,16.05.2017,Catering Food & Beverages ,ASDA STORES 4840,26.14,Services to People,Stockport MBC,Catering Supplies,27.04.2017
Childrens & Educational Services,GPC04170000038,16.05.2017,Catering Food & Beverages ,ASDA STORES 4840,2.75,Services to People,Stockport MBC,Catering Supplies,28.04.2017
Childrens & Educational Services,GPC04170000039,16.05.2017,Human Resources Travel & Subsistence ,WEST COAST TRAINS,12.0,Services to People,Stockport MBC,Travelling Expenses,06.04.2017
Childrens & Educational Services,GPC04170000040,16.05.2017,Human Resources Travel & Subsistence ,WEST COAST TRAINS,12.0,Services to People,Stockport MBC,Travelling Expenses,12.04.2017
Corporate & Democratic Core,GPC04170000041,16.05.2017,Human Resources  ,UNIVERSITY OF BIRMINGH,95.0,Corporate and Support Services,Stockport MBC,Staff Training,31.03.2017
Corporate & Democratic Core,GPC04170000042,16.05.2017,Human Resources Travel & Subsistence ,CO-OP GROUP 108442,7.88,Corporate and Support Services,Stockport MBC,Expenses and Allowances,04.04.2017
Childrens & Educational Services,GPC04170000043,16.05.2017,Human Resources Travel & Subsistence ,NCP LIMITED,4.17,Services to People,Stockport MBC,Travelling Expenses,22.04.2017
Childrens & Educational Services,GPC04170000044,16.05.2017,Human Resources Travel & Subsistence ,NCP LIMITED - MJV,7.5,Services to People,Stockport MBC,Travelling Expenses,21.04.2017
Childrens & Educational Services,GPC04170000045,16.05.2017,Human Resources Travel & Subsistence ,NCP LIMITED,10.0,Services to People,Stockport MBC,Travelling Expenses,07.04.2017
Childrens & Educational Services,GPC04170000046,16.05.2017,Human Resources Travel & Subsistence ,NCP LIMITED,17.0,Services to People,Stockport MBC,Travelling Expenses,12.04.2017
Childrens & Educational Services,GPC04170000047,16.05.2017,Environmental Services Technical Equipment ,B & M RETAIL,4.51,Services to People,Stockport MBC,Furniture and Equipment,31.03.2017
Childrens & Educational Services,GPC04170000048,16.05.2017,Catering Food & Beverages ,W M MORRISON PLC,44.41,Services to People,Stockport MBC,Catering Supplies,19.04.2017
Childrens & Educational Services,GPC04170000049,16.05.2017,Education  ,TRENTHAM MONKEY FOREST,77.0,Services to People,Stockport MBC,Fees and Charges,20.04.2017
Childrens & Educational Services,GPC04170000050,16.05.2017,Catering Food & Beverages ,W M MORRISON PLC,6.16,Services to People,Stockport MBC,Catering Supplies,20.04.2017
Childrens & Educational Services,GPC04170000051,16.05.2017,Environmental Services Technical Equipment ,ADOBE  PHOTOGPHY PLAN,120.64,Services to People,Stockport MBC,Furniture and Equipment,21.04.2017
Childrens & Educational Services,GPC04170000052,16.05.2017,Mail Services   ,W M MORRISON PLC,77.18,Services to People,Stockport MBC,Office Expenses,24.04.2017
Childrens & Educational Services,GPC04170000053,16.05.2017,Catering Food & Beverages ,W M MORRISON PLC,45.43,Services to People,Stockport MBC,Catering Supplies,24.04.2017
Childrens & Educational Services,GPC04170000054,16.05.2017,Catering Food & Beverages ,TESCO STORE 2629,3.0,Services to People,Stockport MBC,Catering Supplies,26.04.2017
Childrens & Educational Services,GPC04170000055,16.05.2017,Catering Food & Beverages ,W M MORRISON PLC,25.42,Services to People,Stockport MBC,Catering Supplies,26.04.2017
Childrens & Educational Services,GPC04170000056,16.05.2017,Catering Food & Beverages ,W M MORRISON PLC,2.6,Services to People,Stockport MBC,Catering Supplies,28.04.2017
Central Support Costs,GPC04170000057,16.05.2017,Legal Services  ,WWW.GOV.UK,10.0,Corporate and Support Services,Stockport MBC,Legal Fees,06.04.2017
Central Support Costs,GPC04170000058,16.05.2017,Education Library Books ,Amazon Prime,7.99,Corporate and Support Services,Stockport MBC,Library Equipment,12.04.2017
Central Support Costs,GPC04170000059,16.05.2017,Education Library Books ,Amazon Prime,-7.99,Corporate and Support Services,Stockport MBC,Library Equipment,18.04.2017
Central Support Costs,GPC04170000060,16.05.2017,Legal Services  ,WWW.GOV.UK,10.0,Corporate and Support Services,Stockport MBC,Legal Fees,18.04.2017
Central Support Costs,GPC04170000061,16.05.2017,Financial Services  ,CHARTERED INST OF LEGA,364.0,Corporate and Support Services,Stockport MBC,Fees and Charges,21.04.2017
Central Support Costs,GPC04170000062,16.05.2017,Catering  ,WWW.MONEYCLAIM.GOV,60.0,Corporate and Support Services,Stockport MBC,Expenses and Allowances,12.04.2017
Central Support Costs,GPC04170000063,16.05.2017,Human Resources Training & Conferences ,EVERSHEDS LLP,30.0,Corporate and Support Services,Stockport MBC,Expenses and Allowances,18.04.2017
Corporate & Democratic Core,GPC04170000064,16.05.2017,Human Resources Travel & Subsistence ,Q PARK PIAZZA,7.92,Corporate and Support Services,Stockport MBC,Expenses and Allowances,31.03.2017
Corporate & Democratic Core,GPC04170000065,16.05.2017,Human Resources Travel & Subsistence ,Q PARK PIAZZA,10.42,Corporate and Support Services,Stockport MBC,Expenses and Allowances,03.04.2017
Corporate & Democratic Core,GPC04170000066,16.05.2017,Human Resources Travel & Subsistence ,Q PARK PIAZZA,10.42,Corporate and Support Services,Stockport MBC,Expenses and Allowances,04.04.2017
Corporate & Democratic Core,GPC04170000067,16.05.2017,Human Resources Travel & Subsistence ,NCP LIMITED,15.0,Corporate and Support Services,Stockport MBC,Expenses and Allowances,05.04.2017
Corporate & Democratic Core,GPC04170000068,16.05.2017,Human Resources Travel & Subsistence ,NCP LIMITED,10.84,Corporate and Support Services,Stockport MBC,Expenses and Allowances,06.04.2017
Corporate & Democratic Core,GPC04170000069,16.05.2017,Human Resources Travel & Subsistence ,NCP LIMITED,15.0,Corporate and Support Services,Stockport MBC,Expenses and Allowances,10.04.2017
Corporate & Democratic Core,GPC04170000070,16.05.2017,Human Resources Travel & Subsistence ,Q PARK PIAZZA,10.42,Corporate and Support Services,Stockport MBC,Expenses and Allowances,11.04.2017
Public Health,GPC04170000071,16.05.2017,Human Resources Training & Conferences ,gov.uk/phe,230.0,Services to People,Stockport MBC,Expenses and Allowances,18.04.2017
Public Health,GPC04170000072,16.05.2017,Stationery    ,PAYPAL  BARGAINACCE,10.97,Services to People,Stockport MBC,Office Expenses,20.04.2017
Public Health,GPC04170000073,16.05.2017,Social Community Care Supplies & Services  ,SP  ALIVECOR UK,498.96,Services to People,Stockport MBC,Care Payments,21.04.2017
Central Support Costs,GPC04170000074,16.05.2017,Human Resources Travel & Subsistence ,Trainline,183.35,Corporate and Support Services,Stockport MBC,Travelling Expenses,04.04.2017
Childrens & Educational Services,GPC04170000075,16.05.2017,Environmental Services Technical Equipment ,WAITROSE DIRECT,27.95,Services to People,Stockport MBC,Furniture and Equipment,20.04.2017
Childrens & Educational Services,GPC04170000076,16.05.2017,Furniture & Soft Furnishings  ,B&M RETAIL LTD,50.91,Services to People,Stockport MBC,Furniture and Equipment,31.03.2017
Childrens & Educational Services,GPC04170000077,16.05.2017,Furniture & Soft Furnishings  ,CARD FACTORY,6.71,Services to People,Stockport MBC,Furniture and Equipment,31.03.2017
Childrens & Educational Services,GPC04170000078,16.05.2017,Furniture & Soft Furnishings  ,TESCO STORES 3378,10.0,Services to People,Stockport MBC,Furniture and Equipment,31.03.2017
Childrens & Educational Services,GPC04170000079,16.05.2017,Mail Services   ,THE POST OFFICE,20.62,Services to People,Stockport MBC,Office Expenses,31.03.2017
Childrens & Educational Services,GPC04170000080,16.05.2017,Mail Services   ,THE POST OFFICE,5.78,Services to People,Stockport MBC,Office Expenses,27.04.2017
Childrens & Educational Services,GPC04170000081,16.05.2017,Human Resources Travel & Subsistence ,Trainline,26.37,Services to People,Stockport MBC,Travelling Expenses,31.03.2017
Childrens & Educational Services,GPC04170000082,16.05.2017,Social Community Care Supplies & Services  ,TRAVELODGE GB0257,55.75,Services to People,Stockport MBC,Care Payments,30.03.2017
Childrens & Educational Services,GPC04170000083,16.05.2017,Social Community Care Supplies & Services  ,TRAVELODGE GB0257,63.75,Services to People,Stockport MBC,Care Payments,29.03.2017
Childrens & Educational Services,GPC04170000084,16.05.2017,Social Community Care Supplies & Services  ,STOCKPORT M B C,-20.0,Services to People,Stockport MBC,Care Payments,31.03.2017
Childrens & Educational Services,GPC04170000085,16.05.2017,Social Community Care Supplies & Services  ,WWW.MANCHESTER.GOV.UK,28.5,Services to People,Stockport MBC,Care Payments,06.04.2017
Childrens & Educational Services,GPC04170000086,16.05.2017,Social Community Care Supplies & Services  ,Trainline,39.73,Services to People,Stockport MBC,Care Payments,07.04.2017
Childrens & Educational Services,GPC04170000087,16.05.2017,Human Resources Travel & Subsistence ,Trainline,58.55,Services to People,Stockport MBC,Travelling Expenses,07.04.2017
Childrens & Educational Services,GPC04170000088,16.05.2017,Social Community Care Supplies & Services  ,Trainline,172.89,Services to People,Stockport MBC,Care Payments,10.04.2017
Childrens & Educational Services,GPC04170000089,16.05.2017,Human Resources Travel & Subsistence ,Trainline,53.4,Services to People,Stockport MBC,Travelling Expenses,10.04.2017
Childrens & Educational Services,GPC04170000090,16.05.2017,Social Community Care Supplies & Services  ,GRO HM PASSPORT OFFICE,9.25,Services to People,Stockport MBC,Care Payments,11.04.2017
Childrens & Educational Services,GPC04170000091,16.05.2017,Social Community Care Supplies & Services  ,HM PASSPORT OFFICE,75.5,Services to People,Stockport MBC,Care Payments,11.04.2017
Childrens & Educational Services,GPC04170000092,16.05.2017,Human Resources Travel & Subsistence ,Trainline,47.23,Services to People,Stockport MBC,Travelling Expenses,11.04.2017
Childrens & Educational Services,GPC04170000093,16.05.2017,Human Resources Travel & Subsistence ,Trainline,47.23,Services to People,Stockport MBC,Travelling Expenses,11.04.2017
Childrens & Educational Services,GPC04170000094,16.05.2017,Human Resources Travel & Subsistence ,Trainline,67.63,Services to People,Stockport MBC,Travelling Expenses,12.04.2017
Childrens & Educational Services,GPC04170000095,16.05.2017,Information Communication Technology  ,Ergo2Work B.V,69.89,Services to People,Stockport MBC,Information and Communications Technology,13.04.2017
Childrens & Educational Services,GPC04170000096,16.05.2017,Social Community Care Supplies & Services  ,Trainline,77.21,Services to People,Stockport MBC,Care Payments,13.04.2017
Childrens & Educational Services,GPC04170000097,16.05.2017,Social Community Care Supplies & Services  ,STOCKPORT M B C,10.0,Services to People,Stockport MBC,Care Payments,18.04.2017
Childrens & Educational Services,GPC04170000098,16.05.2017,Social Community Care Supplies & Services  ,STOCKPORT M B C,10.0,Services to People,Stockport MBC,Care Payments,18.04.2017
Childrens & Educational Services,GPC04170000099,16.05.2017,Social Community Care Supplies & Services  ,Trainline,96.49,Services to People,Stockport MBC,Care Payments,19.04.2017
Childrens & Educational Services,GPC04170000100,16.05.2017,Social Community Care Supplies & Services  ,Trainline,77.21,Services to People,Stockport MBC,Care Payments,20.04.2017
Childrens & Educational Services,GPC04170000101,16.05.2017,Human Resources Travel & Subsistence ,Trainline,16.68,Services to People,Stockport MBC,Travelling Expenses,20.04.2017
Childrens & Educational Services,GPC04170000102,16.05.2017,Human Resources Travel & Subsistence ,Trainline,16.68,Services to People,Stockport MBC,Travelling Expenses,20.04.2017
Childrens & Educational Services,GPC04170000103,16.05.2017,Environmental Services Technical Equipment ,Amazon Prime,7.99,Services to People,Stockport MBC,Furniture and Equipment,22.04.2017
Childrens & Educational Services,GPC04170000104,16.05.2017,Social Community Care Supplies & Services  ,Trainline,28.1,Services to People,Stockport MBC,Care Payments,21.04.2017
Childrens & Educational Services,GPC04170000105,16.05.2017,Human Resources Travel & Subsistence ,Trainline,53.04,Services to People,Stockport MBC,Travelling Expenses,24.04.2017
Childrens & Educational Services,GPC04170000106,16.05.2017,Social Community Care Supplies & Services  ,STOCKPORT M B C,20.0,Services to People,Stockport MBC,Care Payments,25.04.2017
Childrens & Educational Services,GPC04170000107,16.05.2017,Human Resources Travel & Subsistence ,TRAINLINE,-22.8,Services to People,Stockport MBC,Travelling Expenses,25.04.2017
Childrens & Educational Services,GPC04170000108,16.05.2017,Environmental Services Technical Equipment ,Amazon Prime,7.99,Services to People,Stockport MBC,Furniture and Equipment,26.04.2017
Childrens & Educational Services,GPC04170000109,16.05.2017,Social Community Care Supplies & Services  ,STOCKPORT M B C,20.0,Services to People,Stockport MBC,Care Payments,26.04.2017
Childrens & Educational Services,GPC04170000110,16.05.2017,Social Community Care Supplies & Services  ,Trainline,142.29,Services to People,Stockport MBC,Care Payments,26.04.2017
Childrens & Educational Services,GPC04170000111,16.05.2017,Social Community Care Supplies & Services  ,Trainline,81.29,Services to People,Stockport MBC,Care Payments,26.04.2017
Childrens & Educational Services,GPC04170000112,16.05.2017,Social Community Care Supplies & Services  ,NATIONAL EXPRESS LIMIT,240.8,Services to People,Stockport MBC,Care Payments,27.04.2017
Childrens & Educational Services,GPC04170000113,16.05.2017,Social Community Care Supplies & Services  ,STOCKPORT M B C,30.0,Services to People,Stockport MBC,Care Payments,27.04.2017
Childrens & Educational Services,GPC04170000114,16.05.2017,Social Community Care Supplies & Services  ,MANCHESTER CC - REGIST,33.0,Services to People,Stockport MBC,Care Payments,28.04.2017
Childrens & Educational Services,GPC04170000115,16.05.2017,Social Community Care Supplies & Services  ,PREMIER INN44016350,342.97,Services to People,Stockport MBC,Care Payments,28.04.2017
Childrens & Educational Services,GPC04170000116,16.05.2017,Human Resources  ,Trainline,69.87,Services to People,Stockport MBC,Staff Training,28.04.2017
Childrens & Educational Services,GPC04170000117,16.05.2017,Human Resources Travel & Subsistence ,Trainline,85.58,Services to People,Stockport MBC,Travelling Expenses,28.04.2017
Childrens & Educational Services,GPC04170000118,16.05.2017,Human Resources Travel & Subsistence ,Trainline,436.05,Services to People,Stockport MBC,Travelling Expenses,28.04.2017
Adult Social Care,GPC04170000119,16.05.2017,Legal Services  ,HMCOURTS-SERVICE.G,20.0,Services to People,Stockport MBC,Legal Fees,10.04.2017
Childrens & Educational Services,GPC04170000120,16.05.2017,Catering Food & Beverages ,ASDA STORES 4840,38.89,Services to People,Stockport MBC,Catering Supplies,19.04.2017
Childrens & Educational Services,GPC04170000121,16.05.2017,Catering Food & Beverages ,ASDA HOME SHOPPING,44.25,Services to People,Stockport MBC,Catering Supplies,26.04.2017
Childrens & Educational Services,GPC04170000122,16.05.2017,Catering Food & Beverages ,ASDA STORES 4840,20.11,Services to People,Stockport MBC,Catering Supplies,27.04.2017
Childrens & Educational Services,GPC04170000123,16.05.2017,Human Resources Travel & Subsistence ,Trainline,31.87,Services to People,Stockport MBC,Travelling Expenses,18.04.2017
Childrens & Educational Services,GPC04170000124,16.05.2017,Human Resources Travel & Subsistence ,Trainline,148.41,Services to People,Stockport MBC,Travelling Expenses,26.04.2017
Childrens & Educational Services,GPC04170000125,16.05.2017,Arts & Leisure Services  ,JUMP HEAVEN ONLINE,50.0,Services to People,Stockport MBC,Publicity and Promotion,06.04.2017
Childrens & Educational Services,GPC04170000126,16.05.2017,Arts & Leisure Services  ,WWW.TENPIN.CO.UK,292.95,Services to People,Stockport MBC,Publicity and Promotion,06.04.2017
Childrens & Educational Services,GPC04170000127,16.05.2017,Arts & Leisure Services  ,JUMP HEAVEN,-20.0,Services to People,Stockport MBC,Publicity and Promotion,18.04.2017
Childrens & Educational Services,GPC04170000128,16.05.2017,Environmental Services Technical Equipment ,Amazon UK Marketplace,4.8,Services to People,Stockport MBC,Furniture and Equipment,27.04.2017
Childrens & Educational Services,GPC04170000129,16.05.2017,Environmental Services Technical Equipment ,Amazon UK Marketplace,9.0,Services to People,Stockport MBC,Furniture and Equipment,27.04.2017
Childrens & Educational Services,GPC04170000130,16.05.2017,Human Resources Travel & Subsistence ,FLYBE.COM AE46HD       0,177.12,Services to People,Stockport MBC,Travelling Expenses,27.04.2017
Childrens & Educational Services,GPC04170000131,16.05.2017,Environmental Services Technical Equipment ,AMAZON UK RETAIL AMAZO,34.43,Services to People,Stockport MBC,Furniture and Equipment,28.04.2017
Childrens & Educational Services,GPC04170000132,16.05.2017,Human Resources Travel & Subsistence ,BRITISH A 12582244072170,10.0,Services to People,Stockport MBC,Travelling Expenses,27.04.2017
Childrens & Educational Services,GPC04170000133,16.05.2017,Human Resources Travel & Subsistence ,BRITISH A 12582244073070,10.0,Services to People,Stockport MBC,Travelling Expenses,27.04.2017
Childrens & Educational Services,GPC04170000134,16.05.2017,Human Resources Travel & Subsistence ,BRITISH A 12587562928970,167.04,Services to People,Stockport MBC,Travelling Expenses,27.04.2017
Childrens & Educational Services,GPC04170000135,16.05.2017,Human Resources Travel & Subsistence ,BRITISH A 12587562960400,167.04,Services to People,Stockport MBC,Travelling Expenses,27.04.2017
Childrens & Educational Services,GPC04170000136,16.05.2017,Environmental Services Technical Equipment ,AMAZON UK RETAIL AMAZO,53.95,Services to People,Stockport MBC,Furniture and Equipment,01.05.2017
Childrens & Educational Services,GPC04170000137,16.05.2017,Social Community Care Supplies & Services  ,GRO HM PASSPORT OFFICE,-9.25,Services to People,Stockport MBC,Care Payments,14.03.2017
Childrens & Educational Services,GPC04170000138,16.05.2017,Social Community Care Supplies & Services  ,PAYPAL  YOUTHINMIND,120.39,Services to People,Stockport MBC,Care Payments,27.04.2017
Childrens & Educational Services,GPC04170000139,16.05.2017,Furniture & Soft Furnishings  ,W M MORRISON PLC,44.11,Services to People,Stockport MBC,Furniture and Equipment,19.04.2017
Childrens & Educational Services,GPC04170000140,16.05.2017,Furniture & Soft Furnishings  ,W M MORRISON PLC,2.0,Services to People,Stockport MBC,Furniture and Equipment,26.04.2017
Childrens & Educational Services,GPC04170000141,16.05.2017,Catering Food & Beverages ,ALDI,4.03,Services to People,Stockport MBC,Catering Supplies,31.03.2017
Childrens & Educational Services,GPC04170000142,16.05.2017,Catering Food & Beverages ,ALDI,34.77,Services to People,Stockport MBC,Catering Supplies,18.04.2017
Childrens & Educational Services,GPC04170000143,16.05.2017,Catering Food & Beverages ,SAINSBURYS 2051,5.83,Services to People,Stockport MBC,Catering Supplies,20.04.2017
Childrens & Educational Services,GPC04170000144,16.05.2017,Human Resources  ,EAST GB LTD,55.0,Services to People,Stockport MBC,Staff Training,20.04.2017
Childrens & Educational Services,GPC04170000145,16.05.2017,Catering Food & Beverages ,W M MORRISONS.COM,144.25,Services to People,Stockport MBC,Catering Supplies,24.04.2017
Childrens & Educational Services,GPC04170000146,16.05.2017,Catering Food & Beverages ,W M MORRISONS,7.75,Services to People,Stockport MBC,Catering Supplies,25.04.2017
Childrens & Educational Services,GPC04170000147,16.05.2017,Catering Food & Beverages ,TESCO STORES 3378,6.15,Services to People,Stockport MBC,Catering Supplies,27.04.2017
Childrens & Educational Services,GPC04170000148,16.05.2017,Catering Food & Beverages ,TESCO STORES 3378,214.5,Services to People,Stockport MBC,Catering Supplies,02.04.2017
Childrens & Educational Services,GPC04170000149,16.05.2017,Environmental Services Technical Equipment ,Amazon UK Marketplace,8.9,Services to People,Stockport MBC,Furniture and Equipment,03.04.2017
Childrens & Educational Services,GPC04170000150,16.05.2017,Environmental Services Technical Equipment ,Amazon UK Marketplace,12.97,Services to People,Stockport MBC,Furniture and Equipment,03.04.2017
Childrens & Educational Services,GPC04170000151,16.05.2017,Environmental Services Technical Equipment ,Amazon UK Marketplace,21.89,Services to People,Stockport MBC,Furniture and Equipment,03.04.2017
Childrens & Educational Services,GPC04170000152,16.05.2017,Environmental Services Technical Equipment ,NET WORLD SPORTS,25.94,Services to People,Stockport MBC,Furniture and Equipment,03.04.2017
Childrens & Educational Services,GPC04170000153,16.05.2017,Environmental Services Technical Equipment ,TESCO DIRECT,149.99,Services to People,Stockport MBC,Furniture and Equipment,03.04.2017
Childrens & Educational Services,GPC04170000154,16.05.2017,Environmental Services Technical Equipment ,WWW.GARDENGAMES.COM,124.94,Services to People,Stockport MBC,Furniture and Equipment,03.04.2017
Childrens & Educational Services,GPC04170000155,16.05.2017,Environmental Services Technical Equipment ,Amazon UK Marketplace,21.94,Services to People,Stockport MBC,Furniture and Equipment,04.04.2017
Childrens & Educational Services,GPC04170000156,16.05.2017,Arts & Leisure Services  ,BLACKPOOL PLEASURE BEA,115.0,Services to People,Stockport MBC,Publicity and Promotion,03.04.2017
Childrens & Educational Services,GPC04170000157,16.05.2017,Environmental Services Technical Equipment ,POST OFFICE COUNTER,4.4,Services to People,Stockport MBC,Furniture and Equipment,04.04.2017
Childrens & Educational Services,GPC04170000158,16.05.2017,Social Community Care Supplies & Services  ,SHELL BLACKPOOL,3.5,Services to People,Stockport MBC,Care Payments,04.04.2017
Childrens & Educational Services,GPC04170000159,16.05.2017,Social Community Care Supplies & Services  ,TESCO PFS 4032,7.99,Services to People,Stockport MBC,Care Payments,04.04.2017
Childrens & Educational Services,GPC04170000160,16.05.2017,Vehicle Management Fuel ,TESCO PFS 4032,85.55,Services to People,Stockport MBC,Fuel,04.04.2017
Childrens & Educational Services,GPC04170000161,16.05.2017,Environmental Services Technical Equipment ,Amazon UK Marketplace,34.99,Services to People,Stockport MBC,Furniture and Equipment,05.04.2017
Childrens & Educational Services,GPC04170000162,16.05.2017,Social Community Care Supplies & Services  ,PRIMARK 669,25.0,Services to People,Stockport MBC,Care Payments,08.04.2017
Childrens & Educational Services,GPC04170000163,16.05.2017,Catering Food & Beverages ,TESCO STORES 3378,191.03,Services to People,Stockport MBC,Catering Supplies,08.04.2017
Childrens & Educational Services,GPC04170000164,16.05.2017,Catering Food & Beverages ,TESCO STORES 3378,150.46,Services to People,Stockport MBC,Catering Supplies,15.04.2017
Childrens & Educational Services,GPC04170000165,16.05.2017,Social Community Care Supplies & Services  ,BRITISH CYCLING FE,595.0,Services to People,Stockport MBC,Care Payments,21.04.2017
Childrens & Educational Services,GPC04170000166,16.05.2017,Arts & Leisure Services  ,WWW.HEALTHANDCARE.CO.U,795.83,Services to People,Stockport MBC,Publicity and Promotion,31.03.2017
Adult Social Care,GPC04170000167,16.05.2017,Social Community Care Supplies & Services  ,ARGOS RETAIL GROUP,33.96,Services to People,Stockport MBC,Care Payments,10.04.2017
Adult Social Care,GPC04170000168,16.05.2017,Social Community Care Supplies & Services  ,TESCO-Seller_IST_1_240,9.99,Services to People,Stockport MBC,Care Payments,10.04.2017
Public Health,GPC04170000169,16.05.2017,Human Resources Travel & Subsistence ,Trainline,65.74,Services to People,Stockport MBC,Travelling Expenses,11.04.2017
Cultural & Related Services,GPC04170000170,16.05.2017,"Works - Construction, Repair & Maintenance  ",SurveyMonkey,26.0,Services to Place,Stockport MBC,Fees and Charges,08.04.2017
Childrens & Educational Services,GPC04170000171,16.05.2017,Furniture & Soft Furnishings  ,SEAWHITE OF BRIGHT,175.0,Services to People,Stockport MBC,Furniture and Equipment,20.04.2017
Central Support Costs,GPC04170000172,16.05.2017,Information Communication Technology  ,AMAZON MKTPLACE PMTS,881.53,Corporate and Support Services,Stockport MBC,Information and Communications Technology,03.04.2017
Central Support Costs,GPC04170000173,16.05.2017,Information Communication Technology  ,GITHUB.COM  AQ5H3,5.75,Corporate and Support Services,Stockport MBC,Information and Communications Technology,03.04.2017
Central Support Costs,GPC04170000174,16.05.2017,Information Communication Technology  ,AUTH0.COM,9.95,Corporate and Support Services,Stockport MBC,Information and Communications Technology,05.04.2017
Central Support Costs,GPC04170000175,16.05.2017,Information Communication Technology  ,WWWCONTENTFULCOM,904.02,Corporate and Support Services,Stockport MBC,Information and Communications Technology,09.04.2017
Central Support Costs,GPC04170000176,16.05.2017,Information Communication Technology  ,AUTH0.COM,9.88,Corporate and Support Services,Stockport MBC,Information and Communications Technology,13.04.2017
Central Support Costs,GPC04170000177,16.05.2017,Information Communication Technology  ,GITHUB.COM  AQ5H3,3.74,Corporate and Support Services,Stockport MBC,Information and Communications Technology,19.04.2017
Central Support Costs,GPC04170000178,16.05.2017,Information Communication Technology  ,GITHUB.COM  AQ5H3,221.18,Corporate and Support Services,Stockport MBC,Information and Communications Technology,28.04.2017
Cultural & Related Services,GPC04170000179,16.05.2017,Education Library Books ,AMAZON UK RETAIL AMAZO,8.98,Corporate and Support Services,Stockport MBC,Library Equipment,27.04.2017
Childrens & Educational Services,GPC04170000180,16.05.2017,Furniture & Soft Furnishings  ,PAYPAL  AUTOPRESSED,53.7,Services to People,Stockport MBC,Furniture and Equipment,27.04.2017
Childrens & Educational Services,GPC04170000181,16.05.2017,Furniture & Soft Furnishings  ,WP-THE EAR FOUNDAT,13.2,Services to People,Stockport MBC,Furniture and Equipment,27.04.2017
Childrens & Educational Services,GPC04170000182,16.05.2017,Catering  ,MARKS&SPENCER PLC,61.0,Services to People,Stockport MBC,Expenses and Allowances,26.04.2017
Central Support Costs,GPC04170000183,16.05.2017,Human Resources Travel & Subsistence ,STOCKPORT STN SST,9.0,Corporate and Support Services,Stockport MBC,Travelling Expenses,05.04.2017
Central Support Costs,GPC04170000184,16.05.2017,Human Resources Travel & Subsistence ,RISTORANTE PIZZERIA AN,27.65,Corporate and Support Services,Stockport MBC,Travelling Expenses,26.04.2017
Central Support Costs,GPC04170000185,16.05.2017,Human Resources Travel & Subsistence ,RISTORANTE PIZZERIA AN,22.82,Corporate and Support Services,Stockport MBC,Travelling Expenses,26.04.2017
Corporate & Democratic Core,GPC04170000186,16.05.2017,Human Resources Travel & Subsistence ,Trainline,153.1,Corporate and Support Services,Stockport MBC,Travelling Expenses,18.04.2017
Central Support Costs,GPC04170000187,16.05.2017,Human Resources Travel & Subsistence ,Trainline,32.89,Corporate and Support Services,Stockport MBC,Travelling Expenses,20.04.2017
Highways & Transport Services,GPC04170000188,16.05.2017,Human Resources  ,WWW.TRANSPORTXTRA.COM,822.0,Services to Place,Stockport MBC,Staff Training,31.03.2017
Central Support Costs,GPC04170000189,16.05.2017,Human Resources Travel & Subsistence ,Trainline,157.59,Corporate and Support Services,Stockport MBC,Travelling Expenses,06.04.2017
Highways & Transport Services,GPC04170000190,16.05.2017,Human Resources Travel & Subsistence ,Trainline,252.76,Services to Place,Stockport MBC,Travelling Expenses,06.04.2017
Central Support Costs,GPC04170000191,16.05.2017,Human Resources Travel & Subsistence ,Trainline,171.87,Corporate and Support Services,Stockport MBC,Travelling Expenses,07.04.2017
Corporate & Democratic Core,GPC04170000192,16.05.2017,Human Resources Travel & Subsistence ,Trainline,16.68,Corporate and Support Services,Stockport MBC,Travelling Expenses,13.04.2017
Central Support Costs,GPC04170000193,16.05.2017,Human Resources Travel & Subsistence ,PREMIER INN44016370,50.0,Corporate and Support Services,Stockport MBC,Expenses and Allowances,13.04.2017
Central Support Costs,GPC04170000194,16.05.2017,Human Resources Travel & Subsistence ,Trainline,155.5,Corporate and Support Services,Stockport MBC,Travelling Expenses,18.04.2017
Central Support Costs,GPC04170000195,16.05.2017,Human Resources Travel & Subsistence ,Trainline,244.55,Corporate and Support Services,Stockport MBC,Travelling Expenses,25.04.2017
Central Support Costs,GPC04170000196,16.05.2017,Human Resources Travel & Subsistence ,WEST COAST TRAINS,11.8,Services to Place,Stockport MBC,Travelling Expenses,03.04.2017
Central Support Costs,GPC04170000197,16.05.2017,Human Resources Travel & Subsistence ,WEST COAST TRAINS,5.9,Services to Place,Stockport MBC,Travelling Expenses,07.04.2017
Central Support Costs,GPC04170000198,16.05.2017,Human Resources Travel & Subsistence ,NCP LIMITED,6.5,Services to Place,Stockport MBC,Expenses and Allowances,20.04.2017
Central Support Costs,GPC04170000199,16.05.2017,Human Resources Travel & Subsistence ,PICADILLY PLACE MAN LT,7.0,Services to Place,Stockport MBC,Expenses and Allowances,27.04.2017
Childrens & Educational Services,GPC04170000200,16.05.2017,details to follow,BUILD-A-BEAR WORKSHOP,24.0,Services to People,Stockport MBC,details to follow,19.04.2017
Central Support Costs,GPC04170000201,16.05.2017,Human Resources Travel & Subsistence ,BRITANNIA HOTEL,454.5,Corporate and Support Services,Stockport MBC,Expenses and Allowances,31.03.2017
Planning Services,GPC04170000202,16.05.2017,details to follow,ARGOS RETAIL GROUP,143.93,Corporate and Support Services,Stockport MBC,details to follow,27.04.2017
Central Support Costs,GPC04170000203,16.05.2017,details to follow,CIEH,568.0,Services to Place,Stockport MBC,details to follow,20.04.2017
,,,,,,,,,
,,,,,,,,,
