Supplier (Beneficiary),Procurement (Merchant) Category,Transaction Number,Department where exp. Incurred,Net Amount (Â£),Organisation Name,Service Category Label,Purpose of Expenditure,Settlement Date,Purchase Date
TRAINLINE,Human Resources Travel & Subsistence ,GPC04180000001,Services to People,91.50,Stockport MBC,Adult Social Care,Travelling Expenses,16.05.2018,30.04.2018
SNBRU AIR,Human Resources Travel & Subsistence ,GPC04180000002,Services to People,22.61,Stockport MBC,Adult Social Care,Travelling Expenses,16.05.2018,28.04.2018
SNCB-NMBS INTERNET NA,Human Resources Travel & Subsistence ,GPC04180000003,Services to People,16.28,Stockport MBC,Adult Social Care,Travelling Expenses,16.05.2018,28.04.2018
LUL TICKET MACHINE,Human Resources Travel & Subsistence ,GPC04180000004,Corporate and Support Services,2.40,Stockport MBC,Central Services to the public,Travelling Expenses,16.05.2018,30.04.2018
WEST COAST TRAINS,Human Resources Travel & Subsistence ,GPC04180000005,Corporate and Support Services,17.00,Stockport MBC,Central Services to the public,Travelling Expenses,16.05.2018,30.04.2018
PREMIER INN44034360,Human Resources Travel & Subsistence ,GPC04180000006,Corporate and Support Services,85.00,Stockport MBC,Central Services to the public,Travelling Expenses,16.05.2018,29.04.2018
VIRGIN TRAINS,Human Resources Travel & Subsistence ,GPC04180000007,Corporate and Support Services,144.50,Stockport MBC,Central Services to the public,Travelling Expenses,16.05.2018,27.04.2018
LUL TICKET MACHINE,Human Resources Travel & Subsistence ,GPC04180000008,Corporate and Support Services,2.40,Stockport MBC,Central Services to the public,Travelling Expenses,16.05.2018,29.04.2018
TRAINLINE,Human Resources Travel & Subsistence ,GPC04180000009,Corporate and Support Services,16.15,Stockport MBC,Central Services to the public,Travelling Expenses,16.05.2018,23.04.2018
FACEBK 7NNAQF6MG2,Facilities & Management Services  ,GPC04180000010,Corporate and Support Services,8.21,Stockport MBC,Central Support Costs,Publicity and Promotion,16.05.2018,30.04.2018
FACEBK 97DCEFAUU2,Facilities & Management Services  ,GPC04180000011,Corporate and Support Services,72.78,Stockport MBC,Central Support Costs,Publicity and Promotion,16.05.2018,30.04.2018
FACEBK 6NNAQF6MG2,Facilities & Management Services  ,GPC04180000012,Corporate and Support Services,246.86,Stockport MBC,Central Support Costs,Publicity and Promotion,16.05.2018,30.04.2018
LINKEDIN-376 4205854,Facilities & Management Services  ,GPC04180000013,Corporate and Support Services,64.32,Stockport MBC,Central Support Costs,Publicity and Promotion,16.05.2018,14.04.2018
AWARENESSDAYS.CO.UK,Facilities & Management Services  ,GPC04180000014,Corporate and Support Services,-39.99,Stockport MBC,Central Support Costs,Publicity and Promotion,16.05.2018,05.04.2018
ASDA STORES 4840,Catering Food & Beverages ,GPC04180000015,Services to People,18.47,Stockport MBC,Childrens & Educational Services,Catering Supplies,16.05.2018,01.05.2018
ASDA STORES 4840,Catering Food & Beverages ,GPC04180000016,Services to People,30.83,Stockport MBC,Childrens & Educational Services,Catering Supplies,16.05.2018,30.04.2018
ASDA STORES 4840,Catering Food & Beverages ,GPC04180000017,Services to People,7.39,Stockport MBC,Childrens & Educational Services,Catering Supplies,16.05.2018,27.04.2018
ASDA STORES 4840,Catering Food & Beverages ,GPC04180000018,Services to People,7.43,Stockport MBC,Childrens & Educational Services,Catering Supplies,16.05.2018,26.04.2018
ASDA STORES 4840,Catering Food & Beverages ,GPC04180000019,Services to People,19.19,Stockport MBC,Childrens & Educational Services,Catering Supplies,16.05.2018,25.04.2018
ASDA STORES 4840,Catering Food & Beverages ,GPC04180000020,Services to People,13.98,Stockport MBC,Childrens & Educational Services,Catering Supplies,16.05.2018,24.04.2018
ASDA STORES 4840,Catering Food & Beverages ,GPC04180000021,Services to People,28.34,Stockport MBC,Childrens & Educational Services,Catering Supplies,16.05.2018,23.04.2018
ASDA STORES 4840,Catering Food & Beverages ,GPC04180000022,Services to People,9.22,Stockport MBC,Childrens & Educational Services,Catering Supplies,16.05.2018,20.04.2018
ASDA STORES 4840,Catering Food & Beverages ,GPC04180000023,Services to People,21.41,Stockport MBC,Childrens & Educational Services,Catering Supplies,16.05.2018,19.04.2018
ASDA STORES 4840,Catering Food & Beverages ,GPC04180000024,Services to People,18.73,Stockport MBC,Childrens & Educational Services,Catering Supplies,16.05.2018,18.04.2018
ASDA STORES 4840,Catering Food & Beverages ,GPC04180000025,Services to People,13.72,Stockport MBC,Childrens & Educational Services,Catering Supplies,16.05.2018,17.04.2018
ASDA STORES 4840,Catering Food & Beverages ,GPC04180000026,Services to People,37.07,Stockport MBC,Childrens & Educational Services,Catering Supplies,16.05.2018,16.04.2018
TRAINLINE,Human Resources Travel & Subsistence ,GPC04180000027,Services to People,71.35,Stockport MBC,Childrens & Educational Services,Travelling Expenses,16.05.2018,27.04.2018
TRAINLINE,Human Resources Travel & Subsistence ,GPC04180000028,Services to People,75.00,Stockport MBC,Childrens & Educational Services,Travelling Expenses,16.05.2018,25.04.2018
TRAINLINE,Human Resources Travel & Subsistence ,GPC04180000029,Services to People,110.80,Stockport MBC,Childrens & Educational Services,Travelling Expenses,16.05.2018,25.04.2018
TRAINLINE,Human Resources Travel & Subsistence ,GPC04180000030,Services to People,-240.00,Stockport MBC,Childrens & Educational Services,Travelling Expenses,16.05.2018,18.04.2018
PREMIER INN44024415,Catering  ,GPC04180000031,Services to People,176.00,Stockport MBC,Childrens & Educational Services,Expenses and Allowances,16.05.2018,16.04.2018
TRAINLINE,Human Resources Travel & Subsistence ,GPC04180000032,Services to People,280.00,Stockport MBC,Childrens & Educational Services,Travelling Expenses,16.05.2018,09.04.2018
TRAINLINE,Human Resources Travel & Subsistence ,GPC04180000033,Services to People,244.00,Stockport MBC,Childrens & Educational Services,Travelling Expenses,16.05.2018,09.04.2018
TRAINLINE,Human Resources Travel & Subsistence ,GPC04180000034,Services to People,86.15,Stockport MBC,Childrens & Educational Services,Travelling Expenses,16.05.2018,03.04.2018
WWW.THOMANN.DE,Furniture & Soft Furnishings  ,GPC04180000035,Services to People,46.90,Stockport MBC,Childrens & Educational Services,Furniture and Equipment,16.05.2018,30.04.2018
AMAZON UK MARKETPLACE,Environmental Services Technical Equipment ,GPC04180000036,Services to People,26.66,Stockport MBC,Childrens & Educational Services,Furniture and Equipment,16.05.2018,19.04.2018
HEATON CHAPEL STN TO,Human Resources Travel & Subsistence ,GPC04180000037,Services to People,4.10,Stockport MBC,Childrens & Educational Services,Travelling Expenses,16.05.2018,14.04.2018
TRAINLINE,Human Resources Travel & Subsistence ,GPC04180000038,Services to People,25.05,Stockport MBC,Childrens & Educational Services,Travelling Expenses,16.05.2018,01.05.2018
HOTELS.COM147652777575,Human Resources Travel & Subsistence ,GPC04180000039,Services to People,270.00,Stockport MBC,Childrens & Educational Services,Travelling Expenses,16.05.2018,30.04.2018
TRAINLINE,Human Resources Travel & Subsistence ,GPC04180000040,Services to People,501.50,Stockport MBC,Childrens & Educational Services,Travelling Expenses,16.05.2018,30.04.2018
TRAINLINE,Human Resources Travel & Subsistence ,GPC04180000041,Services to People,63.50,Stockport MBC,Childrens & Educational Services,Travelling Expenses,16.05.2018,27.04.2018
PREMIER INN 44536865,Human Resources Travel & Subsistence ,GPC04180000042,Services to People,122.50,Stockport MBC,Childrens & Educational Services,Travelling Expenses,16.05.2018,27.04.2018
TRAINLINE,Human Resources Travel & Subsistence ,GPC04180000043,Services to People,24.15,Stockport MBC,Childrens & Educational Services,Travelling Expenses,16.05.2018,27.04.2018
TRAINLINE,Human Resources Travel & Subsistence ,GPC04180000044,Services to People,182.00,Stockport MBC,Childrens & Educational Services,Travelling Expenses,16.05.2018,27.04.2018
GOOGLE  ADWS8179771860,Facilities & Management Services  ,GPC04180000045,Services to People,500.00,Stockport MBC,Childrens & Educational Services,Office Expenses,16.05.2018,23.04.2018
FLYBEECE1 ECE1SV,Human Resources Travel & Subsistence ,GPC04180000046,Services to People,110.98,Stockport MBC,Childrens & Educational Services,Travelling Expenses,16.05.2018,19.04.2018
TRAINLINE,Human Resources Travel & Subsistence ,GPC04180000047,Services to People,263.50,Stockport MBC,Childrens & Educational Services,Travelling Expenses,16.05.2018,16.04.2018
GOOGLE  ADWS8179771860,Facilities & Management Services  ,GPC04180000048,Services to People,500.00,Stockport MBC,Childrens & Educational Services,Office Expenses,16.05.2018,14.04.2018
CARTRIDGE SAVE,Stationery    ,GPC04180000049,Services to People,301.01,Stockport MBC,Childrens & Educational Services,Office Expenses,16.05.2018,04.04.2018
GOOGLE  ADWS8179771860,Facilities & Management Services  ,GPC04180000050,Services to People,500.00,Stockport MBC,Childrens & Educational Services,Office Expenses,16.05.2018,04.04.2018
TOWN CENTRE CAR PARK L,Human Resources Travel & Subsistence ,GPC04180000051,Services to People,8.00,Stockport MBC,Childrens & Educational Services,Travelling Expenses,16.05.2018,27.04.2018
NCP LIMITED,Human Resources Travel & Subsistence ,GPC04180000052,Services to People,18.50,Stockport MBC,Childrens & Educational Services,Travelling Expenses,16.05.2018,26.04.2018
NCP LIMITED,Human Resources Travel & Subsistence ,GPC04180000053,Services to People,18.50,Stockport MBC,Childrens & Educational Services,Travelling Expenses,16.05.2018,25.04.2018
NCP LIMITED,Human Resources Travel & Subsistence ,GPC04180000054,Services to People,18.50,Stockport MBC,Childrens & Educational Services,Travelling Expenses,16.05.2018,06.04.2018
WEST COAST TRAINS,Human Resources Travel & Subsistence ,GPC04180000055,Services to Place,4.50,Stockport MBC,Central Support Costs,Travelling Expenses,16.05.2018,30.04.2018
WEST COAST TRAINS,Human Resources Travel & Subsistence ,GPC04180000056,Services to Place,12.20,Stockport MBC,Central Support Costs,Travelling Expenses,16.05.2018,30.04.2018
STOCKPORT STN SST,Human Resources Travel & Subsistence ,GPC04180000057,Services to Place,6.10,Stockport MBC,Central Support Costs,Travelling Expenses,16.05.2018,25.04.2018
STOCKPORT STN SST,Human Resources Travel & Subsistence ,GPC04180000058,Services to Place,12.20,Stockport MBC,Central Support Costs,Travelling Expenses,16.05.2018,18.04.2018
WEST COAST TRAINS,Human Resources Travel & Subsistence ,GPC04180000059,Services to Place,6.10,Stockport MBC,Central Support Costs,Travelling Expenses,16.05.2018,17.04.2018
STOCKPORT STN SST,Human Resources Travel & Subsistence ,GPC04180000060,Services to Place,6.10,Stockport MBC,Central Support Costs,Travelling Expenses,16.05.2018,13.04.2018
STOCKPORT STN SST,Human Resources Travel & Subsistence ,GPC04180000061,Services to Place,12.20,Stockport MBC,Central Support Costs,Travelling Expenses,16.05.2018,04.04.2018
B & Q 1279,Environmental Services Technical Equipment ,GPC04180000062,Services to People,60.00,Stockport MBC,Childrens & Educational Services,Furniture and Equipment,16.05.2018,27.04.2018
W M MORRISON PLC,Catering Food & Beverages ,GPC04180000063,Services to People,22.97,Stockport MBC,Childrens & Educational Services,Catering Supplies,16.05.2018,25.04.2018
B & M RETAIL,Environmental Services Technical Equipment ,GPC04180000064,Services to People,36.88,Stockport MBC,Childrens & Educational Services,Furniture and Equipment,16.05.2018,25.04.2018
OSCARS CHEADLE HULME,Environmental Services Technical Equipment ,GPC04180000065,Services to People,20.64,Stockport MBC,Childrens & Educational Services,Furniture and Equipment,16.05.2018,24.04.2018
TRAINLINE,Human Resources Travel & Subsistence ,GPC04180000066,Services to People,148.35,Stockport MBC,Childrens & Educational Services,Travelling Expenses,16.05.2018,23.04.2018
W M MORRISON PLC,Catering Food & Beverages ,GPC04180000067,Services to People,23.10,Stockport MBC,Childrens & Educational Services,Catering Supplies,16.05.2018,20.04.2018
ADOBE  PHOTOGPHY PLAN,Environmental Services Technical Equipment ,GPC04180000068,Services to People,119.21,Stockport MBC,Childrens & Educational Services,Furniture and Equipment,16.05.2018,21.04.2018
PAYPAL  MISP,Human Resources  ,GPC04180000069,Services to People,90.00,Stockport MBC,Childrens & Educational Services,Staff Training,16.05.2018,18.04.2018
W M MORRISON PLC,Catering Food & Beverages ,GPC04180000070,Services to People,24.00,Stockport MBC,Childrens & Educational Services,Catering Supplies,16.05.2018,16.04.2018
LIDL UK  STOCKPORT,Catering  ,GPC04180000071,Corporate and Support Services,18.68,Stockport MBC,Corporate & Democratic Core,Expenses and Allowances,16.05.2018,01.05.2018
CARTRIDGE CARE LTD,Environmental Services Technical Equipment ,GPC04180000072,Corporate and Support Services,41.66,Stockport MBC,Corporate & Democratic Core,Furniture and Equipment,16.05.2018,26.04.2018
AMAZON EU,Catering  ,GPC04180000073,Corporate and Support Services,17.24,Stockport MBC,Corporate & Democratic Core,Expenses and Allowances,16.05.2018,25.04.2018
AMAZON UK MARKETPLACE,Catering  ,GPC04180000074,Corporate and Support Services,12.99,Stockport MBC,Corporate & Democratic Core,Expenses and Allowances,16.05.2018,24.04.2018
AMAZON UK MARKETPLACE,Catering  ,GPC04180000075,Corporate and Support Services,16.66,Stockport MBC,Corporate & Democratic Core,Expenses and Allowances,16.05.2018,24.04.2018
WWW.UKWRISTBANDS.COM,Environmental Services Technical Equipment ,GPC04180000076,Corporate and Support Services,13.15,Stockport MBC,Corporate & Democratic Core,Furniture and Equipment,16.05.2018,20.04.2018
AMAZON UK MARKETPLACE,Environmental Services Technical Equipment ,GPC04180000077,Corporate and Support Services,89.90,Stockport MBC,Corporate & Democratic Core,Furniture and Equipment,16.05.2018,14.04.2018
AMAZON UK MARKETPLACE,Environmental Services Technical Equipment ,GPC04180000078,Corporate and Support Services,11.99,Stockport MBC,Corporate & Democratic Core,Furniture and Equipment,16.05.2018,10.04.2018
CARTRIDGE CARE LTD,Environmental Services Technical Equipment ,GPC04180000079,Corporate and Support Services,37.50,Stockport MBC,Corporate & Democratic Core,Furniture and Equipment,16.05.2018,09.04.2018
AMAZON UK MARKETPLACE,Environmental Services Technical Equipment ,GPC04180000080,Corporate and Support Services,8.99,Stockport MBC,Corporate & Democratic Core,Furniture and Equipment,16.05.2018,10.04.2018
WWW.GOV.UK,Legal Services  ,GPC04180000081,Corporate and Support Services,10.00,Stockport MBC,Central Support Costs,Legal Fees,16.05.2018,17.04.2018
COUNTY COURT,Legal Services  ,GPC04180000082,Corporate and Support Services,100.00,Stockport MBC,Central Support Costs,Legal Fees,16.05.2018,11.04.2018
WWW.THE-BEADSHOP.UK,Stationery    ,GPC04180000083,Services to People,-36.98,Stockport MBC,Public Health,Office Expenses,16.05.2018,04.04.2018
W M MORRISONS,Arts & Leisure Services  ,GPC04180000084,Corporate and Support Services,22.54,Stockport MBC,Planning Services,Publicity and Promotion,16.05.2018,26.04.2018
CURRYS STOCKPORT 2828,Environmental Services Technical Equipment ,GPC04180000085,Corporate and Support Services,109.98,Stockport MBC,Planning Services,Furniture and Equipment,16.05.2018,24.04.2018
W M MORRISONS,Arts & Leisure Services  ,GPC04180000086,Corporate and Support Services,18.39,Stockport MBC,Planning Services,Publicity and Promotion,16.05.2018,20.04.2018
AMAZON EU,Education Library Books ,GPC04180000087,Services to People,18.24,Stockport MBC,Childrens & Educational Services,Library Equipment,16.05.2018,30.04.2018
WAITROSE DIRECT,Environmental Services Technical Equipment ,GPC04180000088,Services to People,30.95,Stockport MBC,Childrens & Educational Services,Furniture and Equipment,16.05.2018,16.04.2018
VIRGIN TRAINS,Human Resources Travel & Subsistence ,GPC04180000089,Services to People,151.00,Stockport MBC,Adult Social Care,Travelling Expenses,16.05.2018,01.05.2018
AMAZON EU,Environmental Services Technical Equipment ,GPC04180000090,Services to People,16.16,Stockport MBC,Childrens & Educational Services,Furniture and Equipment,16.05.2018,26.04.2018
AMAZON UK MARKETPLACE,Environmental Services Technical Equipment ,GPC04180000091,Services to People,1.54,Stockport MBC,Childrens & Educational Services,Furniture and Equipment,16.05.2018,25.04.2018
ASDA STORES 4840,Catering Food & Beverages ,GPC04180000092,Services to People,27.96,Stockport MBC,Childrens & Educational Services,Catering Supplies,16.05.2018,30.04.2018
THE POST OFFICE,Mail ServicesÂ   ,GPC04180000093,Services to People,20.88,Stockport MBC,Childrens & Educational Services,Office Expenses,16.05.2018,30.04.2018
TIMPSON LTD,Environmental Services Technical Equipment ,GPC04180000094,Services to People,75.00,Stockport MBC,Childrens & Educational Services,Furniture and Equipment,16.05.2018,27.04.2018
PREMIER INN44521330,Social Community Care Supplies & Services  ,GPC04180000095,Services to People,64.00,Stockport MBC,Childrens & Educational Services,Third party payments - Private/Voluntary Sector,16.05.2018,26.04.2018
BRITANNIA HOTEL,Social Community Care Supplies & Services  ,GPC04180000096,Services to People,108.00,Stockport MBC,Childrens & Educational Services,Care Payments,16.05.2018,23.04.2018
TRAINLINE,Social Community Care Supplies & Services  ,GPC04180000097,Services to People,108.70,Stockport MBC,Childrens & Educational Services,Care Payments,16.05.2018,23.04.2018
WWW.CORAM.ORG.UK,Education Library Books ,GPC04180000098,Services to People,129.60,Stockport MBC,Childrens & Educational Services,Library Equipment,16.05.2018,18.04.2018
HM PASSPORT OFFICE,Social Community Care Supplies & Services  ,GPC04180000099,Services to People,49.00,Stockport MBC,Childrens & Educational Services,Care Payments,16.05.2018,17.04.2018
HUB BY PREMIER INN 496,Social Community Care Supplies & Services  ,GPC04180000100,Services to People,87.00,Stockport MBC,Childrens & Educational Services,Third party payments - Private/Voluntary Sector,16.05.2018,12.04.2018
BRITANNIA HOTEL,Social Community Care Supplies & Services  ,GPC04180000101,Services to People,"1,507.00",Stockport MBC,Childrens & Educational Services,Care Payments,16.05.2018,13.04.2018
PREMIER INN44028665,Social Community Care Supplies & Services  ,GPC04180000102,Services to People,96.99,Stockport MBC,Childrens & Educational Services,Third party payments - Private/Voluntary Sector,16.05.2018,13.04.2018
WWW.STOCKPORT.GOV.UK,Social Community Care Supplies & Services  ,GPC04180000103,Services to People,42.00,Stockport MBC,Childrens & Educational Services,Care Payments,16.05.2018,12.04.2018
WWW.STOCKPORT.GOV.UK,Social Community Care Supplies & Services  ,GPC04180000104,Services to People,30.00,Stockport MBC,Childrens & Educational Services,Care Payments,16.05.2018,12.04.2018
WWW.STOCKPORT.GOV.UK,Social Community Care Supplies & Services  ,GPC04180000105,Services to People,10.00,Stockport MBC,Childrens & Educational Services,Care Payments,16.05.2018,12.04.2018
TRAINLINE,Human Resources  ,GPC04180000106,Services to People,158.00,Stockport MBC,Childrens & Educational Services,Staff Training,16.05.2018,12.04.2018
TRAINLINE,Human Resources Travel & Subsistence ,GPC04180000107,Services to People,41.00,Stockport MBC,Childrens & Educational Services,Travelling Expenses,16.05.2018,12.04.2018
TRAINLINE,Human Resources Travel & Subsistence ,GPC04180000108,Services to People,23.75,Stockport MBC,Childrens & Educational Services,Travelling Expenses,16.05.2018,12.04.2018
TRAINLINE,Human Resources Travel & Subsistence ,GPC04180000109,Services to People,84.20,Stockport MBC,Childrens & Educational Services,Travelling Expenses,16.05.2018,12.04.2018
TRAINLINE,Human Resources Travel & Subsistence ,GPC04180000110,Services to People,67.90,Stockport MBC,Childrens & Educational Services,Travelling Expenses,16.05.2018,12.04.2018
PAYPAL  NATIONALASS,Social Community Care Supplies & Services  ,GPC04180000111,Services to People,20.00,Stockport MBC,Childrens & Educational Services,Third party payments - Private/Voluntary Sector,16.05.2018,11.04.2018
BRITANNIA HOTEL,Social Community Care Supplies & Services  ,GPC04180000112,Services to People,167.50,Stockport MBC,Childrens & Educational Services,Care Payments,16.05.2018,10.04.2018
TRAINLINE,Human Resources  ,GPC04180000113,Services to People,90.30,Stockport MBC,Childrens & Educational Services,Staff Training,16.05.2018,09.04.2018
TRAINLINE,Human Resources  ,GPC04180000114,Services to People,241.50,Stockport MBC,Childrens & Educational Services,Staff Training,16.05.2018,09.04.2018
BRITANNIA,Social Community Care Supplies & Services  ,GPC04180000115,Services to People,44.00,Stockport MBC,Childrens & Educational Services,Care Payments,16.05.2018,09.04.2018
PREMIER INN40012815,Social Community Care Supplies & Services  ,GPC04180000116,Services to People,83.49,Stockport MBC,Childrens & Educational Services,Third party payments - Private/Voluntary Sector,16.05.2018,06.04.2018
TRAINLINE,Human Resources Travel & Subsistence ,GPC04180000117,Services to People,112.50,Stockport MBC,Childrens & Educational Services,Travelling Expenses,16.05.2018,06.04.2018
WWW.STOCKPORT.GOV.UK,Social Community Care Supplies & Services  ,GPC04180000118,Services to People,10.00,Stockport MBC,Childrens & Educational Services,Care Payments,16.05.2018,06.04.2018
TRAINLINE,Social Community Care Supplies & Services  ,GPC04180000119,Services to People,55.90,Stockport MBC,Childrens & Educational Services,Care Payments,16.05.2018,06.04.2018
MOTHERCARE DIRECT-E-CO,Furniture & Soft Furnishings  ,GPC04180000120,Services to People,135.00,Stockport MBC,Childrens & Educational Services,Furniture and Equipment,16.05.2018,03.04.2018
HM PASSPORT OFFICE,Social Community Care Supplies & Services  ,GPC04180000121,Services to People,80.50,Stockport MBC,Childrens & Educational Services,Care Payments,16.05.2018,04.04.2018
FLYBE.COM AP5D16       0,Human Resources Travel & Subsistence ,GPC04180000122,Services to People,136.99,Stockport MBC,Childrens & Educational Services,Travelling Expenses,16.05.2018,03.04.2018
HMCOURTS-SERVICE.G,Legal Services  ,GPC04180000123,Services to People,75.00,Stockport MBC,Adult Social Care,Legal Fees,16.05.2018,25.04.2018
ASDA STORES 4840,Catering Food & Beverages ,GPC04180000124,Services to People,4.88,Stockport MBC,Childrens & Educational Services,Catering Supplies,16.05.2018,24.04.2018
ASDA STORES 4840,Catering Food & Beverages ,GPC04180000125,Services to People,57.08,Stockport MBC,Childrens & Educational Services,Catering Supplies,16.05.2018,23.04.2018
ASDA STORES 4840,Catering Food & Beverages ,GPC04180000126,Services to People,46.37,Stockport MBC,Childrens & Educational Services,Catering Supplies,16.05.2018,16.04.2018
WILKO STOCKPORT,Furniture & Soft Furnishings  ,GPC04180000127,Services to People,8.10,Stockport MBC,Childrens & Educational Services,Furniture and Equipment,16.05.2018,30.04.2018
HOME BARGAINS,Furniture & Soft Furnishings  ,GPC04180000128,Services to People,52.10,Stockport MBC,Childrens & Educational Services,Furniture and Equipment,16.05.2018,30.04.2018
CO-OP GROUP 070280,Catering Food & Beverages ,GPC04180000129,Corporate and Support Services,1.25,Stockport MBC,Cultural & Related Services,Catering Supplies,16.05.2018,09.04.2018
CO-OP GROUP 070280,Catering Food & Beverages ,GPC04180000130,Corporate and Support Services,2.55,Stockport MBC,Cultural & Related Services,Catering Supplies,16.05.2018,03.04.2018
DIAMOND PUBLISHING LTD,Education Library Books ,GPC04180000131,Services to Place,275.38,Stockport MBC,Planning Services,Library Equipment,16.05.2018,26.04.2018
TRAINLINE,Human Resources Travel & Subsistence ,GPC04180000132,Services to People,160.50,Stockport MBC,Childrens & Educational Services,Travelling Expenses,16.05.2018,20.04.2018
WWW.MANAGEATHOME.CO.UK,Furniture & Soft Furnishings  ,GPC04180000133,Services to People,19.95,Stockport MBC,Childrens & Educational Services,Furniture and Equipment,16.05.2018,10.04.2018
FLYBE.COM B126P2       0,Human Resources Travel & Subsistence ,GPC04180000134,Services to People,189.98,Stockport MBC,Childrens & Educational Services,Travelling Expenses,16.05.2018,09.04.2018
TRAINLINE,Social Community Care Supplies & Services  ,GPC04180000135,Services to People,43.30,Stockport MBC,Childrens & Educational Services,Care Payments,16.05.2018,01.05.2018
GRO HM PASSPORT OFFICE,Social Community Care Supplies & Services  ,GPC04180000136,Services to People,9.25,Stockport MBC,Childrens & Educational Services,Care Payments,16.05.2018,01.05.2018
GRO HM PASSPORT OFFICE,Social Community Care Supplies & Services  ,GPC04180000137,Services to People,-93.60,Stockport MBC,Childrens & Educational Services,Care Payments,16.05.2018,27.04.2018
COOKSONS CATERING,Catering  ,GPC04180000138,Services to People,168.00,Stockport MBC,Childrens & Educational Services,Expenses and Allowances,16.05.2018,30.04.2018
BRITANNIA HOTEL,Social Community Care Supplies & Services  ,GPC04180000139,Services to People,173.00,Stockport MBC,Childrens & Educational Services,Care Payments,16.05.2018,30.04.2018
TRAINLINE,Human Resources Travel & Subsistence ,GPC04180000140,Services to People,151.50,Stockport MBC,Childrens & Educational Services,Travelling Expenses,16.05.2018,30.04.2018
GRO HM PASSPORT OFFICE,Social Community Care Supplies & Services  ,GPC04180000141,Services to People,93.60,Stockport MBC,Childrens & Educational Services,Care Payments,16.05.2018,27.04.2018
NATIONAL EXPRESS LIMIT,Social Community Care Supplies & Services  ,GPC04180000142,Services to People,300.00,Stockport MBC,Childrens & Educational Services,Care Payments,16.05.2018,28.04.2018
TRAINLINE,Social Community Care Supplies & Services  ,GPC04180000143,Services to People,43.30,Stockport MBC,Childrens & Educational Services,Care Payments,16.05.2018,25.04.2018
BRITANNIA HOTEL,Social Community Care Supplies & Services  ,GPC04180000144,Services to People,281.00,Stockport MBC,Childrens & Educational Services,Care Payments,16.05.2018,25.04.2018
TRAINLINE,Social Community Care Supplies & Services  ,GPC04180000145,Services to People,77.05,Stockport MBC,Childrens & Educational Services,Care Payments,16.05.2018,24.04.2018
WWW.STOCKPORT.GOV.UK,Social Community Care Supplies & Services  ,GPC04180000146,Services to People,10.00,Stockport MBC,Childrens & Educational Services,Care Payments,16.05.2018,24.04.2018
FLYBE.COM E1LQPT       0,Human Resources Travel & Subsistence ,GPC04180000147,Services to People,95.98,Stockport MBC,Childrens & Educational Services,Travelling Expenses,16.05.2018,23.04.2018
FLYBE.COM E1MDXH       0,Social Community Care Supplies & Services  ,GPC04180000148,Services to People,47.99,Stockport MBC,Childrens & Educational Services,Care Payments,16.05.2018,23.04.2018
TRAINLINE,Human Resources Travel & Subsistence ,GPC04180000149,Services to People,23.55,Stockport MBC,Childrens & Educational Services,Travelling Expenses,16.05.2018,23.04.2018
TRAINLINE,Human Resources Travel & Subsistence ,GPC04180000150,Services to People,4.65,Stockport MBC,Childrens & Educational Services,Travelling Expenses,16.05.2018,23.04.2018
TRAINLINE,Social Community Care Supplies & Services  ,GPC04180000151,Services to People,20.25,Stockport MBC,Childrens & Educational Services,Care Payments,16.05.2018,23.04.2018
TRAINLINE,Social Community Care Supplies & Services  ,GPC04180000152,Services to People,11.25,Stockport MBC,Childrens & Educational Services,Care Payments,16.05.2018,23.04.2018
TRAINLINE,Social Community Care Supplies & Services  ,GPC04180000153,Services to People,43.30,Stockport MBC,Childrens & Educational Services,Care Payments,16.05.2018,20.04.2018
TRAINLINE,Human Resources Travel & Subsistence ,GPC04180000154,Services to People,235.50,Stockport MBC,Childrens & Educational Services,Travelling Expenses,16.05.2018,20.04.2018
BRITANNIA HOTEL,Social Community Care Supplies & Services  ,GPC04180000155,Services to People,232.00,Stockport MBC,Childrens & Educational Services,Care Payments,16.05.2018,20.04.2018
TRAINLINE,Social Community Care Supplies & Services  ,GPC04180000156,Services to People,40.50,Stockport MBC,Childrens & Educational Services,Care Payments,16.05.2018,13.04.2018
BRITANNIA HOTEL,Social Community Care Supplies & Services  ,GPC04180000157,Services to People,161.50,Stockport MBC,Childrens & Educational Services,Care Payments,16.05.2018,06.04.2018
CO-OP GROUP 108403,Catering Food & Beverages ,GPC04180000158,Services to People,3.59,Stockport MBC,Childrens & Educational Services,Catering Supplies,16.05.2018,01.05.2018
ALDI 84 773,Catering Food & Beverages ,GPC04180000159,Services to People,16.25,Stockport MBC,Childrens & Educational Services,Catering Supplies,16.05.2018,25.04.2018
W M MORRISONS.COM,Catering Food & Beverages ,GPC04180000160,Services to People,114.63,Stockport MBC,Childrens & Educational Services,Catering Supplies,16.05.2018,23.04.2018
ALDI 84 773,Catering Food & Beverages ,GPC04180000161,Services to People,10.83,Stockport MBC,Childrens & Educational Services,Catering Supplies,16.05.2018,18.04.2018
ALDI 84 773,Catering Food & Beverages ,GPC04180000162,Services to People,3.77,Stockport MBC,Childrens & Educational Services,Catering Supplies,16.05.2018,17.04.2018
W M MORRISONS.COM,Catering Food & Beverages ,GPC04180000163,Services to People,47.49,Stockport MBC,Childrens & Educational Services,Catering Supplies,16.05.2018,16.04.2018
TESCO STORES 3378,Catering Food & Beverages ,GPC04180000164,Services to People,161.77,Stockport MBC,Childrens & Educational Services,Catering Supplies,16.05.2018,27.04.2018
TESCO STORES 3378,Catering Food & Beverages ,GPC04180000165,Services to People,184.77,Stockport MBC,Childrens & Educational Services,Catering Supplies,16.05.2018,28.04.2018
AMAZON DIGITAL SVCS,Arts & Leisure Services  ,GPC04180000166,Services to People,3.99,Stockport MBC,Childrens & Educational Services,Publicity and Promotion,16.05.2018,29.04.2018
NETFLIX.COM,Information Communication Technology  ,GPC04180000167,Services to People,9.99,Stockport MBC,Childrens & Educational Services,Information and Communications Technology,16.05.2018,26.04.2018
TESCO STORES 3378,Catering Food & Beverages ,GPC04180000168,Services to People,180.99,Stockport MBC,Childrens & Educational Services,Catering Supplies,16.05.2018,21.04.2018
PARENTPAY E-COM R,Catering Food & Beverages ,GPC04180000169,Services to People,20.00,Stockport MBC,Childrens & Educational Services,Catering Supplies,16.05.2018,22.04.2018
TESCO STORES 3378,Catering Food & Beverages ,GPC04180000170,Services to People,148.96,Stockport MBC,Childrens & Educational Services,Catering Supplies,16.05.2018,20.04.2018
ARGOS RETAIL GROUP,Arts & Leisure Services  ,GPC04180000171,Services to People,49.99,Stockport MBC,Childrens & Educational Services,Publicity and Promotion,16.05.2018,20.04.2018
WWW.ARGOS.CO.UK,Furniture & Soft Furnishings  ,GPC04180000172,Services to People,422.94,Stockport MBC,Childrens & Educational Services,Furniture and Equipment,16.05.2018,18.04.2018
TESCO STORES 5128,Catering Food & Beverages ,GPC04180000173,Services to People,165.56,Stockport MBC,Childrens & Educational Services,Catering Supplies,16.05.2018,13.04.2018
BLACKPOOL PLEASURE BEA,Arts & Leisure Services  ,GPC04180000174,Services to People,26.00,Stockport MBC,Childrens & Educational Services,Publicity and Promotion,16.05.2018,14.04.2018
TESCO STORES 3378,Catering Food & Beverages ,GPC04180000175,Services to People,267.84,Stockport MBC,Childrens & Educational Services,Catering Supplies,16.05.2018,14.04.2018
WWW.ICELAND.CO.UK,Catering Food & Beverages ,GPC04180000176,Services to People,97.49,Stockport MBC,Childrens & Educational Services,Catering Supplies,16.05.2018,14.04.2018
GBP JUMP NATION LTD,Arts & Leisure Services  ,GPC04180000177,Services to People,39.80,Stockport MBC,Childrens & Educational Services,Publicity and Promotion,16.05.2018,12.04.2018
BLACKPOOL PLEASURE BEA,Arts & Leisure Services  ,GPC04180000178,Services to People,140.00,Stockport MBC,Childrens & Educational Services,Publicity and Promotion,16.05.2018,11.04.2018
SHEFFIELD CABLE WATERS,Arts & Leisure Services  ,GPC04180000179,Services to People,60.00,Stockport MBC,Childrens & Educational Services,Publicity and Promotion,16.05.2018,10.04.2018
TESCO STORES 3378,Catering Food & Beverages ,GPC04180000180,Services to People,162.83,Stockport MBC,Childrens & Educational Services,Catering Supplies,16.05.2018,07.04.2018
TESCO STORES 5128,Catering Food & Beverages ,GPC04180000181,Services to People,157.47,Stockport MBC,Childrens & Educational Services,Catering Supplies,16.05.2018,06.04.2018
TOTALNINJA.CO.UK,Catering Food & Beverages ,GPC04180000182,Services to People,50.00,Stockport MBC,Childrens & Educational Services,Catering Supplies,16.05.2018,04.04.2018
FONE ZONE 52 NK3 L,Financial Services  ,GPC04180000183,Services to People,68.00,Stockport MBC,Childrens & Educational Services,Fees and Charges,16.05.2018,02.04.2018
AFC BUXTON,Human Resources Travel & Subsistence ,GPC04180000184,Services to People,6.60,Stockport MBC,Adult Social Care,Travelling Expenses,16.05.2018,23.04.2018
STOCKPORT NHS FOUNDATI,Human Resources Travel & Subsistence ,GPC04180000185,Services to People,3.50,Stockport MBC,Adult Social Care,Mileage Claims /Allowances,16.05.2018,09.04.2018
Q PARK PICCADILLY PLAC,Human Resources Travel & Subsistence ,GPC04180000186,Services to People,13.00,Stockport MBC,Adult Social Care,Mileage Claims /Allowances,16.05.2018,09.04.2018
STOCKPORT NHS FOUNDATI,Human Resources Travel & Subsistence ,GPC04180000187,Services to People,3.50,Stockport MBC,Adult Social Care,Mileage Claims /Allowances,16.05.2018,04.04.2018
STOCKPORT NHS FOUNDATI,Human Resources Travel & Subsistence ,GPC04180000188,Services to People,3.50,Stockport MBC,Adult Social Care,Mileage Claims /Allowances,16.05.2018,05.04.2018
BRITANNIA,Social Community Care Supplies & Services  ,GPC04180000189,Services to People,229.00,Stockport MBC,Adult Social Care,Care Payments,16.05.2018,27.04.2018
BRITANNIA,Social Community Care Supplies & Services  ,GPC04180000190,Services to People,264.00,Stockport MBC,Adult Social Care,Care Payments,16.05.2018,20.04.2018
BRITANNIA HOTEL,Social Community Care Supplies & Services  ,GPC04180000191,Services to People,353.00,Stockport MBC,Adult Social Care,Care Payments,16.05.2018,12.04.2018
BRITANNIA HOTEL,Social Community Care Supplies & Services  ,GPC04180000192,Services to People,39.00,Stockport MBC,Adult Social Care,Care Payments,16.05.2018,11.04.2018
FACEBK CG2T4GEUH2,Facilities & Management Services  ,GPC04180000193,Corporate and Support Services,32.16,Stockport MBC,Central Support Costs,Publicity and Promotion,16.05.2018,30.04.2018
AMZ AMAZON.CO.UK,Environmental Services Technical Equipment ,GPC04180000194,Corporate and Support Services,-39.97,Stockport MBC,Central Support Costs,Furniture and Equipment,16.05.2018,28.04.2018
GITHUB.COM  AQ5H3,Information Communication Technology  ,GPC04180000195,Corporate and Support Services,153.50,Stockport MBC,Central Support Costs,Information and Communications Technology,16.05.2018,28.04.2018
FASTHOSTS INTERNET,Information Communication Technology  ,GPC04180000196,Corporate and Support Services,9.38,Stockport MBC,Central Support Costs,Information and Communications Technology,16.05.2018,18.04.2018
WWW.CONTENTFUL.COM,Information Communication Technology  ,GPC04180000197,Corporate and Support Services,702.05,Stockport MBC,Central Support Costs,Information and Communications Technology,16.05.2018,11.04.2018
AUTH0.COM,Information Communication Technology  ,GPC04180000198,Corporate and Support Services,8.69,Stockport MBC,Central Support Costs,Information and Communications Technology,16.05.2018,13.04.2018
INVISIONAPP INC,Information Communication Technology  ,GPC04180000199,Corporate and Support Services,191.08,Stockport MBC,Central Support Costs,Information and Communications Technology,16.05.2018,15.04.2018
FACEBK 3CHZ3GJVH2,Facilities & Management Services  ,GPC04180000200,Corporate and Support Services,576.91,Stockport MBC,Central Support Costs,Publicity and Promotion,16.05.2018,11.04.2018
FACEBK 4CHZ3GJVH2,Facilities & Management Services  ,GPC04180000201,Corporate and Support Services,23.09,Stockport MBC,Central Support Costs,Publicity and Promotion,16.05.2018,11.04.2018
AUTH0.COM,Information Communication Technology  ,GPC04180000202,Corporate and Support Services,44.23,Stockport MBC,Central Support Costs,Information and Communications Technology,16.05.2018,05.04.2018
AMAZON MKTPLACE PMTS,Information Communication Technology  ,GPC04180000203,Corporate and Support Services,701.47,Stockport MBC,Central Support Costs,Information and Communications Technology,16.05.2018,03.04.2018
FINANCIAL TIMES BU,Education Library Books ,GPC04180000204,Corporate and Support Services,155.00,Stockport MBC,Cultural & Related Services,Library Equipment,16.05.2018,09.04.2018
W M MORRISON PLC,Catering Food & Beverages ,GPC04180000205,Services to People,1.75,Stockport MBC,Childrens & Educational Services,Catering Supplies,16.05.2018,01.05.2018
W M MORRISON PLC,Catering Food & Beverages ,GPC04180000206,Services to People,72.72,Stockport MBC,Childrens & Educational Services,Catering Supplies,16.05.2018,01.05.2018
W M MORRISON PLC,Catering Food & Beverages ,GPC04180000207,Services to People,14.85,Stockport MBC,Childrens & Educational Services,Catering Supplies,16.05.2018,25.04.2018
ALDI 2 773,Catering Food & Beverages ,GPC04180000208,Services to People,44.59,Stockport MBC,Childrens & Educational Services,Catering Supplies,16.05.2018,24.04.2018
ALDI 2 773,Catering Food & Beverages ,GPC04180000209,Services to People,59.21,Stockport MBC,Childrens & Educational Services,Catering Supplies,16.05.2018,17.04.2018
AMAZON UK MARKETPLACE,Stationery    ,GPC04180000210,Services to People,28.47,Stockport MBC,Childrens & Educational Services,Office Expenses,16.05.2018,02.05.2018
AMAZON UK MARKETPLACE,Stationery    ,GPC04180000211,Services to People,10.85,Stockport MBC,Childrens & Educational Services,Office Expenses,16.05.2018,21.04.2018
UCLONLINESTORE,Furniture & Soft Furnishings  ,GPC04180000212,Services to People,30.00,Stockport MBC,Childrens & Educational Services,Furniture and Equipment,16.05.2018,20.04.2018
AMAZON UK MARKETPLACE,Stationery    ,GPC04180000213,Services to People,45.83,Stockport MBC,Childrens & Educational Services,Office Expenses,16.05.2018,22.04.2018
AMAZON UK MARKETPLACE,Furniture & Soft Furnishings  ,GPC04180000214,Services to People,27.42,Stockport MBC,Childrens & Educational Services,Furniture and Equipment,16.05.2018,20.04.2018
GREATER MANCHESTER,Facilities & Management Services  ,GPC04180000215,Corporate and Support Services,15.00,Stockport MBC,Cultural & Related Services,Office Expenses,16.05.2018,19.04.2018
AMAZON UK MARKETPLACE,Stationery    ,GPC04180000216,Services to People,18.73,Stockport MBC,Childrens & Educational Services,Office Expenses,16.05.2018,24.04.2018
AMAZON UK MARKETPLACE,Stationery    ,GPC04180000217,Services to People,56.92,Stockport MBC,Childrens & Educational Services,Office Expenses,16.05.2018,18.04.2018
AMAZON EU,Education Library Books ,GPC04180000218,Services to People,11.99,Stockport MBC,Childrens & Educational Services,Library Equipment,16.05.2018,05.04.2018
THE REPLACE BASE LTD,Environmental Services Technical Equipment ,GPC04180000219,Corporate and Support Services,53.63,Stockport MBC,Central Support Costs,Furniture and Equipment,16.05.2018,26.04.2018
THE REPLACE BASE LTD,Environmental Services Technical Equipment ,GPC04180000220,Corporate and Support Services,129.13,Stockport MBC,Central Support Costs,Furniture and Equipment,16.05.2018,18.04.2018
THE REPLACE BASE LTD,Environmental Services Technical Equipment ,GPC04180000221,Corporate and Support Services,116.63,Stockport MBC,Central Support Costs,Furniture and Equipment,16.05.2018,17.04.2018
WWW.HSS.COM,Human Resources  ,GPC04180000222,Services to Place,899.66,Stockport MBC,Highways & Transport Services,Staff Training,16.05.2018,30.04.2018
TRAINLINE,Human Resources Travel & Subsistence ,GPC04180000223,Corporate and Support Services,101.60,Stockport MBC,Central Support Costs,Travelling Expenses,16.05.2018,26.04.2018
TRAINLINE,Human Resources Travel & Subsistence ,GPC04180000224,Corporate and Support Services,34.95,Stockport MBC,Central Support Costs,Travelling Expenses,16.05.2018,18.04.2018
HOTEL COLLINGWOOD,Human Resources Training & Conferences ,GPC04180000225,Corporate and Support Services,259.80,Stockport MBC,Central Support Costs,Expenses and Allowances,16.05.2018,11.04.2018
TRAINLINE,Human Resources Travel & Subsistence ,GPC04180000226,Corporate and Support Services,20.45,Stockport MBC,Cultural & Related Services,Travelling Expenses,16.05.2018,04.04.2018
QHOTELS WEBSITE BOOKIN,Human Resources Training & Conferences ,GPC04180000227,Corporate and Support Services,163.30,Stockport MBC,Central Services to the public,Expenses and Allowances,16.05.2018,03.04.2018
007 CARS LTD,Vehicle Management Leasing ,GPC04180000228,Corporate and Support Services,40.00,Stockport MBC,Central Services to the public,Leasing /Transport Hire,16.05.2018,01.05.2018
TRAINLINE,Human Resources Travel & Subsistence ,GPC04180000229,Corporate and Support Services,59.90,Stockport MBC,Central Services to the public,Travelling Expenses,16.05.2018,01.05.2018
WWW.HSS.COM,Human Resources  ,GPC04180000230,Services to Place,599.90,Stockport MBC,Highways & Transport Services,Staff Training,16.05.2018,30.04.2018
TRAINLINE,Human Resources Travel & Subsistence ,GPC04180000231,Services to Place,149.70,Stockport MBC,Highways & Transport Services,Travelling Expenses,16.05.2018,30.04.2018
TRAINLINE,Human Resources Travel & Subsistence ,GPC04180000232,Services to Place,79.20,Stockport MBC,Cultural & Related Services,Travelling Expenses,16.05.2018,24.04.2018
TRAINLINE,Human Resources Travel & Subsistence ,GPC04180000233,Corporate and Support Services,54.80,Stockport MBC,Central Support Costs,Travelling Expenses,16.05.2018,24.04.2018
TRAINLINE,Human Resources Travel & Subsistence ,GPC04180000234,Corporate and Support Services,262.30,Stockport MBC,Central Support Costs,Travelling Expenses,16.05.2018,24.04.2018
TRAINLINE,Human Resources Travel & Subsistence ,GPC04180000235,Services to Place,130.00,Stockport MBC,Environmental & Regulatory Services,Travelling Expenses,16.05.2018,24.04.2018
TRAINLINE,Human Resources Travel & Subsistence ,GPC04180000236,Corporate and Support Services,60.90,Stockport MBC,Central Services to the public,Travelling Expenses,16.05.2018,23.04.2018
TRAINLINE,Human Resources Travel & Subsistence ,GPC04180000237,Corporate and Support Services,7.35,Stockport MBC,Cultural & Related Services,Travelling Expenses,16.05.2018,23.04.2018
TRAINLINE,Human Resources Travel & Subsistence ,GPC04180000238,Corporate and Support Services,194.20,Stockport MBC,Central Support Costs,Travelling Expenses,16.05.2018,20.04.2018
EB  CARBON LITERACY FO,Human Resources Training & Conferences ,GPC04180000239,Services to Place,149.00,Stockport MBC,Environmental & Regulatory Services,Expenses and Allowances,16.05.2018,20.04.2018
HOLIDAY INNS,Human Resources Training & Conferences ,GPC04180000240,Corporate and Support Services,55.00,Stockport MBC,Central Services to the public,Expenses and Allowances,16.05.2018,20.04.2018
TRAINLINE,Human Resources Travel & Subsistence ,GPC04180000241,Corporate and Support Services,178.10,Stockport MBC,Central Support Costs,Travelling Expenses,16.05.2018,16.04.2018
TRAINLINE,Human Resources Travel & Subsistence ,GPC04180000242,Corporate and Support Services,20.45,Stockport MBC,Cultural & Related Services,Travelling Expenses,16.05.2018,16.04.2018
WWW.TRANSPORTXTRA.COM,Human Resources Training & Conferences ,GPC04180000243,Services to Place,234.00,Stockport MBC,Highways & Transport Services,Expenses and Allowances,16.05.2018,10.04.2018
UOM STORE,Human Resources  ,GPC04180000244,Corporate and Support Services,100.00,Stockport MBC,Central Support Costs,Staff Training,16.05.2018,10.04.2018
TRAINLINE,Human Resources Travel & Subsistence ,GPC04180000245,Services to Place,188.50,Stockport MBC,Environmental & Regulatory Services,Travelling Expenses,16.05.2018,03.04.2018
TRAINLINE,Human Resources Travel & Subsistence ,GPC04180000246,Corporate and Support Services,8.75,Stockport MBC,Corporate & Democratic Core,Travelling Expenses,16.05.2018,03.04.2018
CO-OP GROUP 070285,Catering Food & Beverages ,GPC04180000247,Services to People,32.23,Stockport MBC,Adult Social Care,Catering Supplies,16.05.2018,01.05.2018
CO-OP GROUP 070285,Catering Food & Beverages ,GPC04180000248,Services to People,22.52,Stockport MBC,Adult Social Care,Catering Supplies,16.05.2018,26.04.2018
APPNA CASH & CARRY (MA,Catering Food & Beverages ,GPC04180000249,Services to People,22.33,Stockport MBC,Adult Social Care,Catering Supplies,16.05.2018,25.04.2018
CO-OP GROUP 070285,Catering Food & Beverages ,GPC04180000250,Services to People,10.11,Stockport MBC,Adult Social Care,Catering Supplies,16.05.2018,19.04.2018
CO-OP GROUP 070285,Catering Food & Beverages ,GPC04180000251,Services to People,42.93,Stockport MBC,Adult Social Care,Catering Supplies,16.05.2018,17.04.2018
CO-OP GROUP 070285,Catering Food & Beverages ,GPC04180000252,Services to People,7.50,Stockport MBC,Adult Social Care,Catering Supplies,16.05.2018,12.04.2018
THE CHILDRENS SOCI,Catering Food & Beverages ,GPC04180000253,Services to People,4.97,Stockport MBC,Adult Social Care,Catering Supplies,16.05.2018,12.04.2018
ASDA STORES 4840,Catering Food & Beverages ,GPC04180000254,Services to People,17.99,Stockport MBC,Adult Social Care,Catering Supplies,16.05.2018,23.04.2018
ASDA STORE,Catering Food & Beverages ,GPC04180000255,Services to People,12.83,Stockport MBC,Adult Social Care,Catering Supplies,16.05.2018,09.04.2018
APPNA CASH & CARRY (MA,Catering Food & Beverages ,GPC04180000256,Services to People,21.80,Stockport MBC,Adult Social Care,Catering Supplies,16.05.2018,09.04.2018
ASDA STORES 4840,Catering Food & Beverages ,GPC04180000257,Services to People,13.09,Stockport MBC,Adult Social Care,Catering Supplies,16.05.2018,02.04.2018
