Service Category Label,Department where exp. Incurred,Organisation Name,Purpose of Expenditure,Procurement (Merchant) Category,Supplier (Beneficiary),Settlement Date,Net Amount (£),Transaction Number,Purchase Date
Adult Social Care,Services to People,Stockport MBC,Travelling Expenses,Human Resources Travel & Subsistence ,EASYJET00 000ESHT5XM,16.08.2017,46.15,GPC07170000001,07.04.2017
Adult Social Care,Services to People,Stockport MBC,Travelling Expenses,Human Resources Travel & Subsistence ,FlybeE0NC E0NC23,16.08.2017,29.99,GPC07170000002,07.04.2017
Adult Social Care,Services to People,Stockport MBC,Expenses and Allowances,Human Resources Travel & Subsistence ,IBIS DEN HAAG CENTRE,16.08.2017,202.27,GPC07170000003,07.04.2017
Adult Social Care,Services to People,Stockport MBC,Travelling Expenses,Human Resources Travel & Subsistence ,easyJetES ESJN9NX,16.08.2017,20.2,GPC07170000004,07.10.2017
Adult Social Care,Services to People,Stockport MBC,Travelling Expenses,Human Resources Travel & Subsistence ,easyJetES ESJN9NX,16.08.2017,51.99,GPC07170000005,07.10.2017
Adult Social Care,Services to People,Stockport MBC,Travelling Expenses,Human Resources Travel & Subsistence ,TAP       2003596850,16.08.2017,194.65,GPC07170000006,07.10.2017
Adult Social Care,Services to People,Stockport MBC,Expenses and Allowances,Human Resources Travel & Subsistence ,BAIXA & CHIADO HOTEL S,16.08.2017,228.93,GPC07170000007,07.10.2017
Adult Social Care,Services to People,Stockport MBC,Travelling Expenses,Human Resources Travel & Subsistence ,HADFIELD STN TO,16.08.2017,7.8,GPC07170000008,07.11.2017
Adult Social Care,Services to People,Stockport MBC,Travelling Expenses,Human Resources Travel & Subsistence ,RYANAIR22 22400000DV3WVA,16.08.2017,50.62,GPC07170000009,07.10.2017
Central Support Costs,Corporate and Support Services,Stockport MBC,Publicity and Promotion,Facilities & Management Services  ,FACEBK 4JVF8DEUU2,16.08.2017,4.7,GPC07170000010,30.06.2017
Central Support Costs,Corporate and Support Services,Stockport MBC,Publicity and Promotion,Facilities & Management Services  ,FACEBK WHVF8DEUU2,16.08.2017,176.74,GPC07170000011,30.06.2017
Central Support Costs,Corporate and Support Services,Stockport MBC,Publicity and Promotion,Facilities & Management Services  ,TYPEFORM SL,16.08.2017,458.33,GPC07170000012,28.06.2017
Central Support Costs,Corporate and Support Services,Stockport MBC,Publicity and Promotion,Facilities & Management Services  ,FACEBK PSCNPD6UU2,16.08.2017,332.32,GPC07170000013,21.07.2017
Central Support Costs,Corporate and Support Services,Stockport MBC,Publicity and Promotion,Facilities & Management Services  ,FACEBK QSCNPD6UU2,16.08.2017,67.68,GPC07170000014,21.07.2017
Central Support Costs,Corporate and Support Services,Stockport MBC,Publicity and Promotion,Facilities & Management Services  ,ADOBE  CREATIVE CLOUD,16.08.2017,708.0,GPC07170000015,26.07.2017
Central Support Costs,Corporate and Support Services,Stockport MBC,Publicity and Promotion,Facilities & Management Services  ,FACEBK LP75ADWTU2,16.08.2017,17.97,GPC07170000016,31.07.2017
Childrens & Educational Services,Services to People,Stockport MBC,Catering Supplies,Catering Food & Beverages ,ASDA STORES 4840,16.08.2017,38.98,GPC07170000017,07.03.2017
Childrens & Educational Services,Services to People,Stockport MBC,Travelling Expenses,Human Resources Travel & Subsistence ,Q PARK FIRST STREET A,16.08.2017,4.5,GPC07170000018,07.06.2017
Childrens & Educational Services,Services to People,Stockport MBC,Travelling Expenses,Human Resources Travel & Subsistence ,Q PARK FIRST STREET A,16.08.2017,6.5,GPC07170000019,27.07.2017
Childrens & Educational Services,Services to People,Stockport MBC,Fees and Charges,Financial Services  ,SURVEYMONKEY,16.08.2017,-300.0,GPC07170000020,07.04.2017
Childrens & Educational Services,Services to People,Stockport MBC,Care Payments,Social Community Care Supplies & Services  ,PREMIER INN44010600,16.08.2017,500.0,GPC07170000021,24.07.2017
Childrens & Educational Services,Services to People,Stockport MBC,Care Payments,Social Community Care Supplies & Services  ,PREMIER INN44010600,16.08.2017,265.91,GPC07170000022,24.07.2017
Childrens & Educational Services,Services to People,Stockport MBC,Care Payments,Social Community Care Supplies & Services  ,HM PASSPORT,16.08.2017,90.0,GPC07170000023,27.07.2017
Childrens & Educational Services,Services to People,Stockport MBC,Care Payments,Social Community Care Supplies & Services  ,HM PASSPORT,16.08.2017,90.0,GPC07170000024,28.07.2017
Childrens & Educational Services,Services to People,Stockport MBC,Care Payments,Social Community Care Supplies & Services  ,STOCKPORT M B C,16.08.2017,10.0,GPC07170000025,31.07.2017
Childrens & Educational Services,Services to People,Stockport MBC,Care Payments,Social Community Care Supplies & Services  ,WWW.MANCHESTER.GOV.UK,16.08.2017,11.0,GPC07170000026,31.07.2017
Childrens & Educational Services,Services to People,Stockport MBC,Care Payments,Social Community Care Supplies & Services  ,WWW.STOCKPORT.GOV.UK,16.08.2017,10.0,GPC07170000027,08.01.2017
Corporate & Democratic Core,Corporate and Support Services,Stockport MBC,Leasing /Transport Hire,Vehicle Management Leasing ,JLR STOCKPORT,16.08.2017,208.73,GPC07170000028,24.07.2017
Corporate & Democratic Core,Corporate and Support Services,Stockport MBC,Expenses and Allowances,Human Resources Travel & Subsistence ,ASDA SUPERSTORE,16.08.2017,8.19,GPC07170000029,30.06.2017
Corporate & Democratic Core,Corporate and Support Services,Stockport MBC,Expenses and Allowances,Human Resources Travel & Subsistence ,SAINSBURYS LOC 6125,16.08.2017,7.9,GPC07170000030,07.04.2017
Corporate & Democratic Core,Corporate and Support Services,Stockport MBC,Staff Training,Human Resources  ,CROWNE PLAZA BIRMINGHA,16.08.2017,366.94,GPC07170000031,07.04.2017
Corporate & Democratic Core,Corporate and Support Services,Stockport MBC,Staff Training,Human Resources  ,CROWNE PLAZA BIRMINGHA,16.08.2017,366.94,GPC07170000032,07.04.2017
Corporate & Democratic Core,Corporate and Support Services,Stockport MBC,Expenses and Allowances,Human Resources Travel & Subsistence ,CO-OP GROUP 108689,16.08.2017,3.95,GPC07170000033,13.07.2017
Corporate & Democratic Core,Corporate and Support Services,Stockport MBC,Expenses and Allowances,Catering  ,E/TUNNEL INTERNET,16.08.2017,165.0,GPC07170000034,17.07.2017
Corporate & Democratic Core,Corporate and Support Services,Stockport MBC,Expenses and Allowances,Catering  ,HOLIDAY INN EXPRESS,16.08.2017,258.11,GPC07170000035,17.07.2017
Corporate & Democratic Core,Corporate and Support Services,Stockport MBC,Travelling Expenses,Human Resources Travel & Subsistence ,LUL TICKET MACHINE,16.08.2017,10.0,GPC07170000036,26.07.2017
Corporate & Democratic Core,Corporate and Support Services,Stockport MBC,Travelling Expenses,Human Resources Travel & Subsistence ,LUL TICKET MACHINE,16.08.2017,10.0,GPC07170000037,26.07.2017
Corporate & Democratic Core,Corporate and Support Services,Stockport MBC,Expenses and Allowances,Human Resources Travel & Subsistence ,M&S SIMPLY FOOD-SSP,16.08.2017,7.2,GPC07170000038,08.01.2017
Childrens & Educational Services,Services to People,Stockport MBC,Furniture and Equipment,Environmental Services Technical Equipment ,MAPLIN STOCKPORT SK1,16.08.2017,19.98,GPC07170000039,07.07.2017
Childrens & Educational Services,Services to People,Stockport MBC,Furniture and Equipment,Environmental Services Technical Equipment ,MAPLIN STOCKPORT SK1,16.08.2017,14.98,GPC07170000040,07.07.2017
Childrens & Educational Services,Services to People,Stockport MBC,Furniture and Equipment,Environmental Services Technical Equipment ,GLADIATOR PC,16.08.2017,22.7,GPC07170000041,18.07.2017
Childrens & Educational Services,Services to People,Stockport MBC,Travelling Expenses,Human Resources Travel & Subsistence ,UNIVERSITY OF MANCHEST,16.08.2017,8.0,GPC07170000042,18.07.2017
Childrens & Educational Services,Services to People,Stockport MBC,Furniture and Equipment,Furniture & Soft Furnishings  ,HICKMAN MUSIC EDITIONS,16.08.2017,39.52,GPC07170000043,19.07.2017
Childrens & Educational Services,Services to People,Stockport MBC,Travelling Expenses,Human Resources Travel & Subsistence ,NCP LIMITED,16.08.2017,22.0,GPC07170000044,07.07.2017
Childrens & Educational Services,Services to People,Stockport MBC,Travelling Expenses,Human Resources Travel & Subsistence ,NATIONAL CAR PARKS,16.08.2017,8.0,GPC07170000045,14.07.2017
Childrens & Educational Services,Services to People,Stockport MBC,Travelling Expenses,Human Resources Travel & Subsistence ,PICADILLY PLACE MAN LT,16.08.2017,7.0,GPC07170000046,18.07.2017
Childrens & Educational Services,Services to People,Stockport MBC,Travelling Expenses,Human Resources Travel & Subsistence ,NCP LIMITED,16.08.2017,10.0,GPC07170000047,28.07.2017
Childrens & Educational Services,Services to People,Stockport MBC,Travelling Expenses,Human Resources Travel & Subsistence ,Virgin Trains,16.08.2017,188.1,GPC07170000048,07.07.2017
Childrens & Educational Services,Services to People,Stockport MBC,Travelling Expenses,Human Resources Travel & Subsistence ,Virgintrains.co.uk,16.08.2017,-49.5,GPC07170000049,14.07.2017
Central Support Costs,Services to Place,Stockport MBC,Travelling Expenses,Human Resources Travel & Subsistence ,WEST COAST TRAINS,16.08.2017,5.0,GPC07170000050,07.04.2017
Central Support Costs,Services to Place,Stockport MBC,Office Expenses,Catering  ,HOLIDAY INNS,16.08.2017,4.0,GPC07170000051,07.11.2017
Central Support Costs,Services to Place,Stockport MBC,Travelling Expenses,Human Resources Travel & Subsistence ,WEST COAST TRAINS,16.08.2017,5.9,GPC07170000052,13.07.2017
Central Support Costs,Services to Place,Stockport MBC,Office Expenses,Catering  ,CAFELITO,16.08.2017,3.95,GPC07170000053,18.07.2017
Central Support Costs,Services to Place,Stockport MBC,Travelling Expenses,Human Resources Travel & Subsistence ,WEST COAST TRAINS,16.08.2017,5.9,GPC07170000054,26.07.2017
Central Support Costs,Services to Place,Stockport MBC,Travelling Expenses,Human Resources Travel & Subsistence ,WEST COAST TRAINS,16.08.2017,5.9,GPC07170000055,28.07.2017
Childrens & Educational Services,Services to People,Stockport MBC,Catering Supplies,Catering Food & Beverages ,ALDI,16.08.2017,47.45,GPC07170000056,07.03.2017
Childrens & Educational Services,Services to People,Stockport MBC,Furniture and Equipment,Environmental Services Technical Equipment ,NOTCUTTS LTD,16.08.2017,14.48,GPC07170000057,07.03.2017
Childrens & Educational Services,Services to People,Stockport MBC,Catering Supplies,Catering Food & Beverages ,W M MORRISON PLC,16.08.2017,37.06,GPC07170000058,07.10.2017
Childrens & Educational Services,Services to People,Stockport MBC,Furniture and Equipment,Environmental Services Technical Equipment ,B & Q 1279,16.08.2017,7.74,GPC07170000059,07.11.2017
Childrens & Educational Services,Services to People,Stockport MBC,Furniture and Equipment,Environmental Services Technical Equipment ,Amazon UK Marketplace,16.08.2017,41.7,GPC07170000060,07.12.2017
Childrens & Educational Services,Services to People,Stockport MBC,Catering Supplies,Catering Food & Beverages ,TESCO STORE 2440,16.08.2017,35.5,GPC07170000061,07.12.2017
Childrens & Educational Services,Services to People,Stockport MBC,Office Expenses,Mail Services   ,W M MORRISON PLC,16.08.2017,53.76,GPC07170000062,07.12.2017
Childrens & Educational Services,Services to People,Stockport MBC,Catering Supplies,Catering Food & Beverages ,W M MORRISON PLC,16.08.2017,13.25,GPC07170000063,07.12.2017
Childrens & Educational Services,Services to People,Stockport MBC,Staff Training,Human Resources  ,HSQE LTD,16.08.2017,30.0,GPC07170000064,13.07.2017
Childrens & Educational Services,Services to People,Stockport MBC,Catering Supplies,Catering Food & Beverages ,W M MORRISON PLC,16.08.2017,54.56,GPC07170000065,13.07.2017
Childrens & Educational Services,Services to People,Stockport MBC,Catering Supplies,Catering Food & Beverages ,W M MORRISON PLC,16.08.2017,11.81,GPC07170000066,13.07.2017
Childrens & Educational Services,Services to People,Stockport MBC,Catering Supplies,Catering Food & Beverages ,W M MORRISON PLC,16.08.2017,18.3,GPC07170000067,17.07.2017
Childrens & Educational Services,Services to People,Stockport MBC,Fees and Charges,Education  ,Cineworld MAN AT,16.08.2017,41.0,GPC07170000068,19.07.2017
Childrens & Educational Services,Services to People,Stockport MBC,Catering Supplies,Catering Food & Beverages ,W M MORRISON PLC,16.08.2017,14.06,GPC07170000069,21.07.2017
Childrens & Educational Services,Services to People,Stockport MBC,Catering Supplies,Catering Food & Beverages ,W M MORRISON PLC,16.08.2017,9.86,GPC07170000070,21.07.2017
Central Support Costs,Corporate and Support Services,Stockport MBC,Legal Fees,Legal Services  ,WWW.GOV.UK,16.08.2017,10.0,GPC07170000071,07.07.2017
Corporate & Democratic Core,Corporate and Support Services,Stockport MBC,Staff Training,Human Resources  ,TICKETS08712200260,16.08.2017,99.0,GPC07170000072,07.10.2017
Corporate & Democratic Core,Corporate and Support Services,Stockport MBC,Office Expenses,Stationery    ,Amazon EU,16.08.2017,38.0,GPC07170000073,15.07.2017
Central Support Costs,Corporate and Support Services,Stockport MBC,Office Expenses,Stationery    ,Amazon UK Marketplace,16.08.2017,18.93,GPC07170000074,31.07.2017
Childrens & Educational Services,Services to People,Stockport MBC,Furniture and Equipment,Furniture & Soft Furnishings  ,Amazon UK Marketplace,16.08.2017,51.98,GPC07170000075,07.12.2017
Childrens & Educational Services,Services to People,Stockport MBC,Furniture and Equipment,Furniture & Soft Furnishings  ,Amazon UK Marketplace,16.08.2017,20.99,GPC07170000076,19.07.2017
Childrens & Educational Services,Services to People,Stockport MBC,Furniture and Equipment,Environmental Services Technical Equipment ,B & M RETAIL,16.08.2017,3.98,GPC07170000077,30.06.2017
Childrens & Educational Services,Services to People,Stockport MBC,Furniture and Equipment,Environmental Services Technical Equipment ,W M MORRISON PLC,16.08.2017,2.0,GPC07170000078,30.06.2017
Childrens & Educational Services,Services to People,Stockport MBC,Furniture and Equipment,Environmental Services Technical Equipment ,WAITROSE DIRECT,16.08.2017,27.95,GPC07170000079,07.03.2017
Childrens & Educational Services,Services to People,Stockport MBC,Office Expenses,Mail Services   ,WWW.ICO.GOV.UK,16.08.2017,35.0,GPC07170000080,07.04.2017
Childrens & Educational Services,Services to People,Stockport MBC,Furniture and Equipment,Environmental Services Technical Equipment ,W M MORRISON PLC,16.08.2017,10.85,GPC07170000081,07.05.2017
Childrens & Educational Services,Services to People,Stockport MBC,Furniture and Equipment,Environmental Services Technical Equipment ,THE NATIONAL TRUST,16.08.2017,7.0,GPC07170000082,07.06.2017
Childrens & Educational Services,Services to People,Stockport MBC,Furniture and Equipment,Environmental Services Technical Equipment ,B & M RETAIL,16.08.2017,17.66,GPC07170000083,07.10.2017
Childrens & Educational Services,Services to People,Stockport MBC,Catering Supplies,Catering Food & Beverages ,W M MORRISON PLC,16.08.2017,18.05,GPC07170000084,14.07.2017
Childrens & Educational Services,Services to People,Stockport MBC,Catering Supplies,Catering Food & Beverages ,W M MORRISON PLC,16.08.2017,8.9,GPC07170000085,14.07.2017
Childrens & Educational Services,Services to People,Stockport MBC,Fees and Charges,Education  ,THE CHESTNUT CENTRE,16.08.2017,73.0,GPC07170000086,20.07.2017
Childrens & Educational Services,Services to People,Stockport MBC,Furniture and Equipment,Environmental Services Technical Equipment ,OSCARS CHEADLE HULME,16.08.2017,18.99,GPC07170000087,21.07.2017
Childrens & Educational Services,Services to People,Stockport MBC,Furniture and Equipment,Furniture & Soft Furnishings  ,MCDONALDS,16.08.2017,10.08,GPC07170000088,13.07.2017
Childrens & Educational Services,Services to People,Stockport MBC,Library Equipment,Education Library Books ,SP  PINK PIG INT LTD,16.08.2017,29.88,GPC07170000089,14.07.2017
Public Health,Services to People,Stockport MBC,Publicity and Promotion,Facilities & Management Services  ,LOVE2SHOP.CO.UK,16.08.2017,404.25,GPC07170000090,13.07.2017
Childrens & Educational Services,Services to People,Stockport MBC,Care Payments,Social Community Care Supplies & Services  ,HM PASSPORT,16.08.2017,90.0,GPC07170000091,07.12.2017
Childrens & Educational Services,Services to People,Stockport MBC,Furniture and Equipment,Furniture & Soft Furnishings  ,STOCKPORT BED & SO,16.08.2017,335.0,GPC07170000092,07.12.2017
Childrens & Educational Services,Services to People,Stockport MBC,Care Payments,Social Community Care Supplies & Services  ,STOCKPORT M B C,16.08.2017,20.0,GPC07170000093,07.12.2017
Childrens & Educational Services,Services to People,Stockport MBC,Care Payments,Social Community Care Supplies & Services  ,Trainline,16.08.2017,93.53,GPC07170000094,07.12.2017
Childrens & Educational Services,Services to People,Stockport MBC,Care Payments,Social Community Care Supplies & Services  ,GCC - REGISTRARS,16.08.2017,15.63,GPC07170000095,13.07.2017
Childrens & Educational Services,Services to People,Stockport MBC,Care Payments,Social Community Care Supplies & Services  ,GRO HM PASSPORT OFFICE,16.08.2017,23.4,GPC07170000096,13.07.2017
Childrens & Educational Services,Services to People,Stockport MBC,Care Payments,Social Community Care Supplies & Services  ,STOCKPORT M B C,16.08.2017,30.0,GPC07170000097,13.07.2017
Childrens & Educational Services,Services to People,Stockport MBC,Care Payments,Social Community Care Supplies & Services  ,STOCKPORT M B C,16.08.2017,10.0,GPC07170000098,13.07.2017
Childrens & Educational Services,Services to People,Stockport MBC,Care Payments,Social Community Care Supplies & Services  ,TRAVELODGE GB0000,16.08.2017,138.0,GPC07170000099,13.07.2017
Childrens & Educational Services,Services to People,Stockport MBC,Furniture and Equipment,Environmental Services Technical Equipment ,Amazon UK Marketplace,16.08.2017,60.48,GPC07170000100,14.07.2017
Childrens & Educational Services,Services to People,Stockport MBC,Care Payments,Social Community Care Supplies & Services  ,PREMIER INN44010600,16.08.2017,760.91,GPC07170000101,15.07.2017
Childrens & Educational Services,Services to People,Stockport MBC,Care Payments,Social Community Care Supplies & Services  ,Trainline,16.08.2017,56.35,GPC07170000102,18.07.2017
Childrens & Educational Services,Services to People,Stockport MBC,Furniture and Equipment,Furniture & Soft Furnishings  ,ARGOS RETAIL GROUP,16.08.2017,193.93,GPC07170000103,19.07.2017
Childrens & Educational Services,Services to People,Stockport MBC,Care Payments,Social Community Care Supplies & Services  ,BLAKEWATER HOTEL,16.08.2017,325.0,GPC07170000104,19.07.2017
Childrens & Educational Services,Services to People,Stockport MBC,Care Payments,Social Community Care Supplies & Services  ,HM PASSPORT,16.08.2017,174.0,GPC07170000105,19.07.2017
Childrens & Educational Services,Services to People,Stockport MBC,Care Payments,Social Community Care Supplies & Services  ,HM PASSPORT,16.08.2017,87.0,GPC07170000106,19.07.2017
Childrens & Educational Services,Services to People,Stockport MBC,Repairs and Maintenance,"Works - Construction, Repair & Maintenance  ",PAPERSTONE,16.08.2017,70.78,GPC07170000107,19.07.2017
Childrens & Educational Services,Services to People,Stockport MBC,Furniture and Equipment,Environmental Services Technical Equipment ,Amazon UK Marketplace,16.08.2017,108.24,GPC07170000108,20.07.2017
Childrens & Educational Services,Services to People,Stockport MBC,Furniture and Equipment,Furniture & Soft Furnishings  ,ARGOS RETAIL GROUP,16.08.2017,12.0,GPC07170000109,20.07.2017
Childrens & Educational Services,Services to People,Stockport MBC,Care Payments,Social Community Care Supplies & Services  ,BOLTON METROPOLITAN BO,16.08.2017,10.15,GPC07170000110,20.07.2017
Childrens & Educational Services,Services to People,Stockport MBC,Care Payments,Social Community Care Supplies & Services  ,HM PASSPORT,16.08.2017,90.0,GPC07170000111,20.07.2017
Childrens & Educational Services,Services to People,Stockport MBC,Care Payments,Social Community Care Supplies & Services  ,PREMIER INN 44536900,16.08.2017,653.41,GPC07170000112,19.07.2017
Childrens & Educational Services,Services to People,Stockport MBC,Care Payments,Social Community Care Supplies & Services  ,LBBRENT MOTO PAYMENT,16.08.2017,166.62,GPC07170000113,20.07.2017
Childrens & Educational Services,Services to People,Stockport MBC,Care Payments,Social Community Care Supplies & Services  ,MANCHESTER CC - REGIST,16.08.2017,11.0,GPC07170000114,21.07.2017
Childrens & Educational Services,Services to People,Stockport MBC,Furniture and Equipment,Furniture & Soft Furnishings  ,WWW.ARGOS.CO.UK,16.08.2017,63.37,GPC07170000115,20.07.2017
Childrens & Educational Services,Services to People,Stockport MBC,Care Payments,Social Community Care Supplies & Services  ,CALDERDALE MBC,16.08.2017,11.7,GPC07170000116,25.07.2017
Childrens & Educational Services,Services to People,Stockport MBC,Care Payments,Social Community Care Supplies & Services  ,GRO HM PASSPORT OFFICE,16.08.2017,29.85,GPC07170000117,25.07.2017
Childrens & Educational Services,Services to People,Stockport MBC,Furniture and Equipment,Furniture & Soft Furnishings  ,MOTHERCARE DIRECT-E-CO,16.08.2017,125.0,GPC07170000118,25.07.2017
Childrens & Educational Services,Services to People,Stockport MBC,Furniture and Equipment,Furniture & Soft Furnishings  ,MOTHERCARE DIRECT-E-CO,16.08.2017,54.95,GPC07170000119,25.07.2017
Childrens & Educational Services,Services to People,Stockport MBC,Furniture and Equipment,Environmental Services Technical Equipment ,Amazon Prime,16.08.2017,7.99,GPC07170000120,26.07.2017
Childrens & Educational Services,Services to People,Stockport MBC,Care Payments,Social Community Care Supplies & Services  ,GRO HM PASSPORT OFFICE,16.08.2017,-29.85,GPC07170000121,25.07.2017
Childrens & Educational Services,Services to People,Stockport MBC,Care Payments,Social Community Care Supplies & Services  ,PREMIER INN40012835,16.08.2017,97.99,GPC07170000122,26.07.2017
Childrens & Educational Services,Services to People,Stockport MBC,Care Payments,Social Community Care Supplies & Services  ,Trainline,16.08.2017,3.93,GPC07170000123,27.07.2017
Adult Social Care,Services to People,Stockport MBC,Legal Fees,Legal Services  ,HMCOURTS-SERVICE.G,16.08.2017,20.0,GPC07170000124,07.12.2017
Adult Social Care,Services to People,Stockport MBC,Legal Fees,Legal Services  ,HMCOURTS-SERVICE.G,16.08.2017,20.0,GPC07170000125,31.07.2017
Childrens & Educational Services,Services to People,Stockport MBC,Catering Supplies,Catering Food & Beverages ,ASDA STORES 4840,16.08.2017,17.76,GPC07170000126,07.03.2017
Childrens & Educational Services,Services to People,Stockport MBC,Catering Supplies,Catering Food & Beverages ,ASDA STORES 4840,16.08.2017,23.54,GPC07170000127,07.03.2017
Childrens & Educational Services,Services to People,Stockport MBC,Catering Supplies,Catering Food & Beverages ,ASDA STORES 4840,16.08.2017,11.82,GPC07170000128,07.03.2017
Childrens & Educational Services,Services to People,Stockport MBC,Catering Supplies,Catering Food & Beverages ,ASDA STORES 4840,16.08.2017,15.95,GPC07170000129,07.10.2017
Childrens & Educational Services,Services to People,Stockport MBC,Catering Supplies,Catering Food & Beverages ,ASDA STORES 4840,16.08.2017,44.52,GPC07170000130,07.10.2017
Childrens & Educational Services,Services to People,Stockport MBC,Catering Supplies,Catering Food & Beverages ,ASDA STORES 4840,16.08.2017,23.44,GPC07170000131,07.12.2017
Childrens & Educational Services,Services to People,Stockport MBC,Catering Supplies,Catering Food & Beverages ,ASDA STORES 4840,16.08.2017,50.78,GPC07170000132,17.07.2017
Childrens & Educational Services,Services to People,Stockport MBC,Catering Supplies,Catering Food & Beverages ,ASDA STORES,16.08.2017,53.64,GPC07170000133,19.07.2017
Childrens & Educational Services,Services to People,Stockport MBC,Care Payments,Social Community Care Supplies & Services  ,TRAVELODGE GB0000,16.08.2017,593.34,GPC07170000134,30.06.2017
Childrens & Educational Services,Services to People,Stockport MBC,Care Payments,Social Community Care Supplies & Services  ,GRO HM PASSPORT OFFICE,16.08.2017,70.2,GPC07170000135,07.07.2017
Childrens & Educational Services,Services to People,Stockport MBC,Care Payments,Social Community Care Supplies & Services  ,GRO HM PASSPORT OFFICE,16.08.2017,-23.4,GPC07170000136,07.07.2017
Childrens & Educational Services,Services to People,Stockport MBC,Publicity and Promotion,Facilities & Management Services  ,WWW.REED.CO.UK,16.08.2017,175.0,GPC07170000137,18.07.2017
Childrens & Educational Services,Services to People,Stockport MBC,Care Payments,Social Community Care Supplies & Services  ,PREMIER INN44521425,16.08.2017,281.94,GPC07170000138,30.06.2017
Childrens & Educational Services,Services to People,Stockport MBC,Care Payments,Social Community Care Supplies & Services  ,ASHLEY HOTELS SALI,16.08.2017,250.0,GPC07170000139,07.03.2017
Childrens & Educational Services,Services to People,Stockport MBC,Care Payments,Social Community Care Supplies & Services  ,STOCKPORT M B C,16.08.2017,20.0,GPC07170000140,07.03.2017
Childrens & Educational Services,Services to People,Stockport MBC,Care Payments,Social Community Care Supplies & Services  ,STOCKPORT M B C,16.08.2017,60.0,GPC07170000141,07.03.2017
Childrens & Educational Services,Services to People,Stockport MBC,Care Payments,Social Community Care Supplies & Services  ,HM PASSPORT OFFICE,16.08.2017,49.0,GPC07170000142,07.04.2017
Childrens & Educational Services,Services to People,Stockport MBC,Expenses and Allowances,Catering  ,PREMIER INN44015395,16.08.2017,188.5,GPC07170000143,07.03.2017
Childrens & Educational Services,Services to People,Stockport MBC,Travelling Expenses,Human Resources Travel & Subsistence ,Trainline,16.08.2017,474.81,GPC07170000144,07.04.2017
Childrens & Educational Services,Services to People,Stockport MBC,Care Payments,Social Community Care Supplies & Services  ,GRO HM PASSPORT OFFICE,16.08.2017,100.05,GPC07170000145,07.05.2017
Childrens & Educational Services,Services to People,Stockport MBC,Expenses and Allowances,Catering  ,PREMIER INN44010600,16.08.2017,295.0,GPC07170000146,07.04.2017
Childrens & Educational Services,Services to People,Stockport MBC,Care Payments,Social Community Care Supplies & Services  ,STOCKPORT M B C,16.08.2017,80.0,GPC07170000147,07.05.2017
Childrens & Educational Services,Services to People,Stockport MBC,Care Payments,Social Community Care Supplies & Services  ,Trainline,16.08.2017,202.47,GPC07170000148,07.05.2017
Childrens & Educational Services,Services to People,Stockport MBC,Care Payments,Social Community Care Supplies & Services  ,PREMIER INN 44536900,16.08.2017,753.91,GPC07170000149,07.07.2017
Childrens & Educational Services,Services to People,Stockport MBC,Care Payments,Social Community Care Supplies & Services  ,PREMIER INN44019705,16.08.2017,648.41,GPC07170000150,07.06.2017
Childrens & Educational Services,Services to People,Stockport MBC,Care Payments,Social Community Care Supplies & Services  ,PREMIER INN44019705,16.08.2017,-648.41,GPC07170000151,07.07.2017
Childrens & Educational Services,Services to People,Stockport MBC,Expenses and Allowances,Catering  ,PREMIER INN44521330,16.08.2017,68.99,GPC07170000152,07.06.2017
Childrens & Educational Services,Services to People,Stockport MBC,Care Payments,Social Community Care Supplies & Services  ,Trainline,16.08.2017,93.53,GPC07170000153,07.07.2017
Childrens & Educational Services,Services to People,Stockport MBC,Care Payments,Social Community Care Supplies & Services  ,Trainline,16.08.2017,77.21,GPC07170000154,07.07.2017
Childrens & Educational Services,Services to People,Stockport MBC,Care Payments,Social Community Care Supplies & Services  ,Trainline,16.08.2017,109.8,GPC07170000155,07.07.2017
Childrens & Educational Services,Services to People,Stockport MBC,Care Payments,Social Community Care Supplies & Services  ,CHESTER REGISTER OFFIC,16.08.2017,12.5,GPC07170000156,07.10.2017
Childrens & Educational Services,Services to People,Stockport MBC,Care Payments,Social Community Care Supplies & Services  ,STOCKPORT M B C,16.08.2017,10.0,GPC07170000157,07.10.2017
Childrens & Educational Services,Services to People,Stockport MBC,Care Payments,Social Community Care Supplies & Services  ,WWW.MANCHESTER.GOV.UK,16.08.2017,22.0,GPC07170000158,07.10.2017
Childrens & Educational Services,Services to People,Stockport MBC,Travelling Expenses,Human Resources Travel & Subsistence ,Trainline,16.08.2017,21.06,GPC07170000159,07.11.2017
Childrens & Educational Services,Services to People,Stockport MBC,Care Payments,Social Community Care Supplies & Services  ,TRAINLINE,16.08.2017,-64.2,GPC07170000160,13.07.2017
Childrens & Educational Services,Services to People,Stockport MBC,Care Payments,Social Community Care Supplies & Services  ,STOCKPORT M B C,16.08.2017,20.0,GPC07170000161,18.07.2017
Childrens & Educational Services,Services to People,Stockport MBC,Care Payments,Social Community Care Supplies & Services  ,GRO HM PASSPORT OFFICE,16.08.2017,-18.5,GPC07170000162,28.06.2017
Childrens & Educational Services,Services to People,Stockport MBC,Care Payments,Social Community Care Supplies & Services  ,FlybeBE31 BE31YB,16.08.2017,712.72,GPC07170000163,20.07.2017
Childrens & Educational Services,Services to People,Stockport MBC,Care Payments,Social Community Care Supplies & Services  ,RENTALCARS.COM,16.08.2017,34.61,GPC07170000164,21.07.2017
Childrens & Educational Services,Services to People,Stockport MBC,Care Payments,Social Community Care Supplies & Services  ,RENTALCOVERCOM,16.08.2017,26.89,GPC07170000165,21.07.2017
Childrens & Educational Services,Services to People,Stockport MBC,Care Payments,Social Community Care Supplies & Services  ,STOCKPORT M B C,16.08.2017,20.0,GPC07170000166,21.07.2017
Childrens & Educational Services,Services to People,Stockport MBC,Care Payments,Social Community Care Supplies & Services  ,OMBC TEL PAYMENT,16.08.2017,34.0,GPC07170000167,21.07.2017
Childrens & Educational Services,Services to People,Stockport MBC,Care Payments,Social Community Care Supplies & Services  ,MANCHESTER CITY COUNCI,16.08.2017,-28.5,GPC07170000168,28.07.2017
Childrens & Educational Services,Services to People,Stockport MBC,Care Payments,Social Community Care Supplies & Services  ,WWW.MANCHESTER.GOV.UK,16.08.2017,28.5,GPC07170000169,28.07.2017
Childrens & Educational Services,Services to People,Stockport MBC,Furniture and Equipment,Furniture & Soft Furnishings  ,W M MORRISON PLC,16.08.2017,24.38,GPC07170000170,07.05.2017
Childrens & Educational Services,Services to People,Stockport MBC,Furniture and Equipment,Furniture & Soft Furnishings  ,W M MORRISON PLC,16.08.2017,34.3,GPC07170000171,07.12.2017
Childrens & Educational Services,Services to People,Stockport MBC,Catering Supplies,Catering Food & Beverages ,W M MORRISONS.COM,16.08.2017,80.84,GPC07170000172,07.03.2017
Childrens & Educational Services,Services to People,Stockport MBC,Furniture and Equipment,Environmental Services Technical Equipment ,WWW.MUDDYFACES.CO.UK,16.08.2017,47.31,GPC07170000173,07.03.2017
Childrens & Educational Services,Services to People,Stockport MBC,Furniture and Equipment,Environmental Services Technical Equipment ,WWW.WORKSHOPPING.CO.UK,16.08.2017,16.9,GPC07170000174,07.06.2017
Childrens & Educational Services,Services to People,Stockport MBC,Catering Supplies,Catering Food & Beverages ,W M MORRISONS.COM,16.08.2017,57.7,GPC07170000175,07.10.2017
Childrens & Educational Services,Services to People,Stockport MBC,Furniture and Equipment,Environmental Services Technical Equipment ,WWW.CROMWELL.CO.UK,16.08.2017,14.48,GPC07170000176,13.07.2017
Childrens & Educational Services,Services to People,Stockport MBC,Catering Supplies,Catering Food & Beverages ,ASDA HOME SHOPPING,16.08.2017,72.57,GPC07170000177,17.07.2017
Childrens & Educational Services,Services to People,Stockport MBC,Catering Supplies,Catering Food & Beverages ,W M MORRISONS.COM,16.08.2017,42.87,GPC07170000178,17.07.2017
Childrens & Educational Services,Services to People,Stockport MBC,Catering Supplies,Catering Food & Beverages ,ALDI,16.08.2017,136.69,GPC07170000179,30.06.2017
Childrens & Educational Services,Services to People,Stockport MBC,Catering Supplies,Catering Food & Beverages ,ALDI,16.08.2017,119.28,GPC07170000180,30.06.2017
Childrens & Educational Services,Services to People,Stockport MBC,Furniture and Equipment,Environmental Services Technical Equipment ,B & M RETAIL,16.08.2017,103.38,GPC07170000181,07.01.2017
Childrens & Educational Services,Services to People,Stockport MBC,Furniture and Equipment,Environmental Services Technical Equipment ,B & M RETAIL,16.08.2017,92.05,GPC07170000182,07.02.2017
Childrens & Educational Services,Services to People,Stockport MBC,Fuel,Vehicle Management Fuel ,MORRISON PETROL,16.08.2017,52.7,GPC07170000183,30.06.2017
Childrens & Educational Services,Services to People,Stockport MBC,Furniture and Equipment,Environmental Services Technical Equipment ,VERY.CO.UK,16.08.2017,-6.99,GPC07170000184,30.06.2017
Childrens & Educational Services,Services to People,Stockport MBC,Publicity and Promotion,Arts & Leisure Services  ,ACE COACHING,16.08.2017,15.0,GPC07170000185,07.05.2017
Childrens & Educational Services,Services to People,Stockport MBC,Publicity and Promotion,Arts & Leisure Services  ,ACE COACHING,16.08.2017,6.0,GPC07170000186,07.05.2017
Childrens & Educational Services,Services to People,Stockport MBC,Furniture and Equipment,Environmental Services Technical Equipment ,B & M RETAIL,16.08.2017,34.99,GPC07170000187,07.08.2017
Childrens & Educational Services,Services to People,Stockport MBC,Furniture and Equipment,Environmental Services Technical Equipment ,B & M RETAIL,16.08.2017,-34.99,GPC07170000188,07.08.2017
Childrens & Educational Services,Services to People,Stockport MBC,Furniture and Equipment,Environmental Services Technical Equipment ,B & Q 1279,16.08.2017,104.99,GPC07170000189,07.08.2017
Childrens & Educational Services,Services to People,Stockport MBC,Catering Supplies,Catering Food & Beverages ,TESCO STORES 3378,16.08.2017,204.92,GPC07170000190,07.08.2017
Childrens & Educational Services,Services to People,Stockport MBC,Catering Supplies,Catering Food & Beverages ,TESCO STORES 3378,16.08.2017,175.51,GPC07170000191,15.07.2017
Childrens & Educational Services,Services to People,Stockport MBC,Catering Supplies,Catering Food & Beverages ,TESCO STORES 3378,16.08.2017,204.31,GPC07170000192,22.07.2017
Corporate & Democratic Core,Corporate and Support Services,Stockport MBC,Expenses and Allowances,Human Resources Training & Conferences ,WWW.PMGLTD.CO.UK,16.08.2017,415.8,GPC07170000193,07.05.2017
Corporate & Democratic Core,Corporate and Support Services,Stockport MBC,Expenses and Allowances,Human Resources Travel & Subsistence ,GOV.UK/DART-CHARGE,16.08.2017,2.5,GPC07170000194,31.07.2017
Cultural & Related Services,Services to Place,Stockport MBC,Publicity and Promotion,Arts & Leisure Services  ,SurveyMonkey,16.08.2017,26.0,GPC07170000195,07.08.2017
Central Support Costs,Corporate and Support Services,Stockport MBC,Information and Communications Technology,Information Communication Technology  ,AMAZON MKTPLACE PMTS,16.08.2017,694.77,GPC07170000196,07.03.2017
Central Support Costs,Corporate and Support Services,Stockport MBC,Information and Communications Technology,Information Communication Technology  ,AUTH0.COM,16.08.2017,9.59,GPC07170000197,07.05.2017
Central Support Costs,Corporate and Support Services,Stockport MBC,Information and Communications Technology,Information Communication Technology  ,FASTHOSTS INTERNET,16.08.2017,16.78,GPC07170000198,07.08.2017
Central Support Costs,Corporate and Support Services,Stockport MBC,Information and Communications Technology,Information Communication Technology  ,WWWCONTENTFULCOM,16.08.2017,848.13,GPC07170000199,07.09.2017
Central Support Costs,Corporate and Support Services,Stockport MBC,Information and Communications Technology,Information Communication Technology  ,AUTH0.COM,16.08.2017,9.6,GPC07170000200,13.07.2017
Central Support Costs,Corporate and Support Services,Stockport MBC,Information and Communications Technology,Information Communication Technology  ,WWW.MAPLIN.CO.UK,16.08.2017,69.99,GPC07170000201,20.07.2017
Central Support Costs,Corporate and Support Services,Stockport MBC,Information and Communications Technology,Information Communication Technology  ,FASTHOSTS INTERNET,16.08.2017,16.78,GPC07170000202,21.07.2017
Central Support Costs,Corporate and Support Services,Stockport MBC,Information and Communications Technology,Information Communication Technology  ,GITHUB.COM  AQ5H3,16.08.2017,218.33,GPC07170000203,28.07.2017
Central Support Costs,Corporate and Support Services,Stockport MBC,Information and Communications Technology,Information Communication Technology  ,IIBA UK,16.08.2017,30.0,GPC07170000204,28.07.2017
Cultural & Related Services,Corporate and Support Services,Stockport MBC,Library Equipment,Education Library Books ,DECATHLON UK LTD,16.08.2017,41.79,GPC07170000205,20.07.2017
Cultural & Related Services,Corporate and Support Services,Stockport MBC,Library Equipment,Education Library Books ,Amazon EU,16.08.2017,10.0,GPC07170000206,29.07.2017
Childrens & Educational Services,Services to People,Stockport MBC,Office Expenses,Stationery    ,Amazon UK Marketplace,16.08.2017,10.5,GPC07170000207,13.07.2017
Childrens & Educational Services,Services to People,Stockport MBC,Office Expenses,Stationery    ,Amazon Svcs EuropeSAR,16.08.2017,250.49,GPC07170000208,20.07.2017
Childrens & Educational Services,Services to People,Stockport MBC,Furniture and Equipment,Furniture & Soft Furnishings  ,Amazon UK Marketplace,16.08.2017,59.73,GPC07170000209,21.07.2017
Childrens & Educational Services,Services to People,Stockport MBC,Furniture and Equipment,Furniture & Soft Furnishings  ,Amazon UK Marketplace,16.08.2017,20.07,GPC07170000210,21.07.2017
Childrens & Educational Services,Services to People,Stockport MBC,Furniture and Equipment,Furniture & Soft Furnishings  ,Amazon UK Marketplace,16.08.2017,20.1,GPC07170000211,21.07.2017
Childrens & Educational Services,Services to People,Stockport MBC,Staff Training,Human Resources  ,Virgin Trains,16.08.2017,154.0,GPC07170000212,25.07.2017
Central Support Costs,Corporate and Support Services,Stockport MBC,Travelling Expenses,Human Resources Travel & Subsistence ,STOCKPORT NHS FOUNDATI,16.08.2017,3.5,GPC07170000213,07.04.2017
Central Support Costs,Corporate and Support Services,Stockport MBC,Travelling Expenses,Human Resources Travel & Subsistence ,Q PARK KNOWSLEY PLACE,16.08.2017,3.5,GPC07170000214,07.06.2017
Central Support Costs,Corporate and Support Services,Stockport MBC,Travelling Expenses,Human Resources Travel & Subsistence ,STOCKPORT NHS FOUNDATI,16.08.2017,3.5,GPC07170000215,07.11.2017
Central Support Costs,Corporate and Support Services,Stockport MBC,Travelling Expenses,Human Resources Travel & Subsistence ,STOCKPORT NHS FOUNDATI,16.08.2017,3.5,GPC07170000216,18.07.2017
Central Support Costs,Corporate and Support Services,Stockport MBC,Travelling Expenses,Human Resources Travel & Subsistence ,STOCKPORT NHS FOUNDATI,16.08.2017,3.5,GPC07170000217,25.07.2017
Highways & Transport Services,Services to Place,Stockport MBC,Travelling Expenses,Human Resources Travel & Subsistence ,Trainline,16.08.2017,402.39,GPC07170000218,30.06.2017
Central Support Costs,Corporate and Support Services,Stockport MBC,Travelling Expenses,Human Resources Travel & Subsistence ,Trainline,16.08.2017,53.14,GPC07170000219,07.04.2017
Cultural & Related Services,Corporate and Support Services,Stockport MBC,Travelling Expenses,Human Resources Travel & Subsistence ,Trainline,16.08.2017,31.87,GPC07170000220,07.06.2017
Corporate & Democratic Core,Corporate and Support Services,Stockport MBC,Travelling Expenses,Human Resources Travel & Subsistence ,Trainline,16.08.2017,8.72,GPC07170000221,14.07.2017
Corporate & Democratic Core,Corporate and Support Services,Stockport MBC,Travelling Expenses,Human Resources Travel & Subsistence ,Trainline,16.08.2017,8.72,GPC07170000222,25.07.2017
Central Support Costs,Corporate and Support Services,Stockport MBC,Travelling Expenses,Human Resources Travel & Subsistence ,Trainline,16.08.2017,27.69,GPC07170000223,28.07.2017
Childrens & Educational Services,Services to People,Stockport MBC,Details to follow,Details to follow,GIFTVOUCHERSHOP.CO.UK,16.08.2017,508.5,GPC07170000224,07.05.2017
Childrens & Educational Services,Services to People,Stockport MBC,Expenses and Allowances,Human Resources Travel & Subsistence ,HOLIDAY INNS,16.08.2017,296.0,GPC07170000225,07.06.2017
Childrens & Educational Services,Services to People,Stockport MBC,Details to follow,Details to follow,MSFT  <E01004619U>,16.08.2017,18.0,GPC07170000226,22.07.2017
Central Support Costs,Corporate and Support Services,Stockport MBC,Travelling Expenses,Human Resources Travel & Subsistence ,Trainline,16.08.2017,61.61,GPC07170000227,07.05.2017
Central Support Costs,Services to Place,Stockport MBC,Details to follow,Details to follow,REVO,16.08.2017,210.0,GPC07170000228,07.06.2017
,,,,,,,,,
,,,,,,,,,
,,,,,,,,,
