Procurement (Merchant) Category,Unnamed: 10,Unnamed: 12,Net Amount (£),Settlement Date,Department where exp. Incurred,Unnamed: 11,Purchase Date,Transaction Number,Organisation Name,Supplier (Beneficiary),Purpose of Expenditure,Service Category Label
Human Resources Travel & Subsistence ,,,116.48,16.04.2018,Services to People,,27.03.2018,GPC03180000001,Stockport MBC,MARTIN'S BRUSSELS EU,Expenses and Allowances,Adult Social Care
Human Resources Travel & Subsistence ,,,2.72,16.04.2018,Services to People,,27.03.2018,GPC03180000002,Stockport MBC,NEW CORICA,Expenses and Allowances,Adult Social Care
Human Resources Travel & Subsistence ,,,8.16,16.04.2018,Services to People,,27.03.2018,GPC03180000003,Stockport MBC,SNCB-NMBS INTERNET NA,Travelling Expenses,Adult Social Care
Human Resources Travel & Subsistence ,,,6.20,16.04.2018,Services to People,,26.03.2018,GPC03180000004,Stockport MBC,HADFIELD STN TO,Travelling Expenses,Adult Social Care
Human Resources Travel & Subsistence ,,,4.06,16.04.2018,Services to People,,26.03.2018,GPC03180000005,Stockport MBC,METRO GARE DE L'OUEST,Travelling Expenses,Adult Social Care
Human Resources Travel & Subsistence ,,,61.28,16.04.2018,Services to People,,22.03.2018,GPC03180000006,Stockport MBC,INVICTUS HOTEL SRL,Expenses and Allowances,Adult Social Care
Human Resources Travel & Subsistence Taxi Fares,,,45.05,16.04.2018,Services to People,,23.03.2018,GPC03180000007,Stockport MBC,WWW.ARROWPRIVATEHIRE.C,Travelling Expenses,Adult Social Care
Human Resources Travel & Subsistence ,,,53.99,16.04.2018,Services to People,,21.03.2018,GPC03180000008,Stockport MBC,BRUTO,Expenses and Allowances,Adult Social Care
Human Resources Travel & Subsistence ,,,7.75,16.04.2018,Services to People,,22.03.2018,GPC03180000009,Stockport MBC,AUTOGRILL 7157     500,Expenses and Allowances,Adult Social Care
Human Resources Travel & Subsistence ,,,25.20,16.04.2018,Services to People,,22.03.2018,GPC03180000010,Stockport MBC,ROMA TERMINI SELF SERV,Travelling Expenses,Adult Social Care
Human Resources Travel & Subsistence ,,,12.63,16.04.2018,Services to People,,20.03.2018,GPC03180000011,Stockport MBC,I 3 ARCHI,Expenses and Allowances,Adult Social Care
Human Resources Travel & Subsistence ,,,52.29,16.04.2018,Services to People,,20.03.2018,GPC03180000012,Stockport MBC,LA LOCANDA DI BACCO,Expenses and Allowances,Adult Social Care
Human Resources Travel & Subsistence ,,,67.16,16.04.2018,Services to People,,18.03.2018,GPC03180000013,Stockport MBC,LA LOCANDA DI BACCO,Expenses and Allowances,Adult Social Care
Human Resources Travel & Subsistence ,,,12.71,16.04.2018,Services to People,,19.03.2018,GPC03180000014,Stockport MBC,3 ARCHI            972,Expenses and Allowances,Adult Social Care
Human Resources Travel & Subsistence ,,,73.96,16.04.2018,Services to People,,19.03.2018,GPC03180000015,Stockport MBC,NINA SRL,Expenses and Allowances,Adult Social Care
Human Resources Travel & Subsistence ,,,6.20,16.04.2018,Services to People,,18.03.2018,GPC03180000016,Stockport MBC,GUIDE BRIDGE SST,Travelling Expenses,Adult Social Care
Human Resources Travel & Subsistence ,,,25.48,16.04.2018,Services to People,,18.03.2018,GPC03180000017,Stockport MBC,FIUMICINO AEROPORTO SS,Travelling Expenses,Adult Social Care
Human Resources Travel & Subsistence ,,,18.95,16.04.2018,Services to People,,14.03.2018,GPC03180000018,Stockport MBC,AQUILA NERA,Expenses and Allowances,Adult Social Care
Human Resources Travel & Subsistence ,,,16.90,16.04.2018,Services to People,,15.03.2018,GPC03180000019,Stockport MBC,THE ARDEN ARMS,Expenses and Allowances,Adult Social Care
Human Resources Travel & Subsistence ,,,368.84,16.04.2018,Services to People,,12.03.2018,GPC03180000020,Stockport MBC,BRUSSELS  0825491646KB,Travelling Expenses,Adult Social Care
Human Resources Travel & Subsistence Taxi Fares,,,26.00,16.04.2018,Services to People,,08.03.2018,GPC03180000021,Stockport MBC,JET2.COM  79800341845580,Travelling Expenses,Adult Social Care
Human Resources Travel & Subsistence ,,,53.28,16.04.2018,Services to People,,02.03.2018,GPC03180000022,Stockport MBC,BRUSSELS  082486949DOI,Travelling Expenses,Adult Social Care
Human Resources Travel & Subsistence ,,,22.58,16.04.2018,Services to People,,02.03.2018,GPC03180000023,Stockport MBC,CIPIACE,Expenses and Allowances,Adult Social Care
Human Resources Travel & Subsistence ,,,510.45,16.04.2018,Services to People,,02.03.2018,GPC03180000024,Stockport MBC,NH BRUSSELS EU BERLAYM,Expenses and Allowances,Adult Social Care
Human Resources Travel & Subsistence ,,,349.98,16.04.2018,Services to People,,02.03.2018,GPC03180000025,Stockport MBC,NH BRUSSELS EU BERLAYM,Expenses and Allowances,Adult Social Care
Human Resources Travel & Subsistence ,,,36.40,16.04.2018,Services to People,,02.03.2018,GPC03180000026,Stockport MBC,BRUSSELS  082486921RPK,Travelling Expenses,Adult Social Care
Furniture & Soft Furnishings  ,,,458.74,16.04.2018,Corporate and Support Services,,26.03.2018,GPC03180000027,Stockport MBC,AMAZON EU,Furniture and Equipment,Central Services to the public
Facilities & Management Services  ,,,450.56,16.04.2018,Corporate and Support Services,,01.04.2018,GPC03180000028,Stockport MBC,FACEBK SUA4GFELG2,Publicity and Promotion,Central Support Costs
Facilities & Management Services  ,,,235.00,16.04.2018,Corporate and Support Services,,31.03.2018,GPC03180000029,Stockport MBC,FACEBK U4E3LFEUU2,Publicity and Promotion,Central Support Costs
Facilities & Management Services  ,,,39.00,16.04.2018,Corporate and Support Services,,01.04.2018,GPC03180000030,Stockport MBC,FACEBK VUA4GFELG2,Publicity and Promotion,Central Support Costs
Facilities & Management Services  ,,,3.85,16.04.2018,Corporate and Support Services,,31.03.2018,GPC03180000031,Stockport MBC,FACEBK 35E3LFEUU2,Publicity and Promotion,Central Support Costs
Facilities & Management Services  ,,,39.99,16.04.2018,Corporate and Support Services,,16.03.2018,GPC03180000032,Stockport MBC,AWARENESSDAYS.CO.UK,Publicity and Promotion,Central Support Costs
Catering Food & Beverages ,,,6.42,16.04.2018,Services to People,,29.03.2018,GPC03180000033,Stockport MBC,ASDA STORES 4840,Catering Supplies,Childrens & Educational Services
Catering Food & Beverages ,,,11.68,16.04.2018,Services to People,,28.03.2018,GPC03180000034,Stockport MBC,ASDA STORES 4840,Catering Supplies,Childrens & Educational Services
Catering Food & Beverages ,,,7.64,16.04.2018,Services to People,,27.03.2018,GPC03180000035,Stockport MBC,ASDA STORES 4840,Catering Supplies,Childrens & Educational Services
Catering Food & Beverages ,,,26.58,16.04.2018,Services to People,,26.03.2018,GPC03180000036,Stockport MBC,ASDA STORES 4840,Catering Supplies,Childrens & Educational Services
Catering Food & Beverages ,,,4.74,16.04.2018,Services to People,,23.03.2018,GPC03180000037,Stockport MBC,ASDA STORES 4840,Catering Supplies,Childrens & Educational Services
Catering Food & Beverages ,,,13.16,16.04.2018,Services to People,,22.03.2018,GPC03180000038,Stockport MBC,ASDA STORES 4840,Catering Supplies,Childrens & Educational Services
Catering Food & Beverages ,,,14.54,16.04.2018,Services to People,,21.03.2018,GPC03180000039,Stockport MBC,ASDA STORES 4840,Catering Supplies,Childrens & Educational Services
Catering Food & Beverages ,,,11.97,16.04.2018,Services to People,,20.03.2018,GPC03180000040,Stockport MBC,ASDA STORES 4840,Catering Supplies,Childrens & Educational Services
Catering Food & Beverages ,,,34.10,16.04.2018,Services to People,,19.03.2018,GPC03180000041,Stockport MBC,ASDA STORES 4840,Catering Supplies,Childrens & Educational Services
Catering Food & Beverages ,,,11.41,16.04.2018,Services to People,,16.03.2018,GPC03180000042,Stockport MBC,ASDA STORES 4840,Catering Supplies,Childrens & Educational Services
Catering Food & Beverages ,,,21.47,16.04.2018,Services to People,,15.03.2018,GPC03180000043,Stockport MBC,ASDA STORES 4840,Catering Supplies,Childrens & Educational Services
Catering Food & Beverages ,,,5.48,16.04.2018,Services to People,,14.03.2018,GPC03180000044,Stockport MBC,ASDA STORES 4840,Catering Supplies,Childrens & Educational Services
Catering Food & Beverages ,,,7.60,16.04.2018,Services to People,,13.03.2018,GPC03180000045,Stockport MBC,ASDA STORES 4840,Catering Supplies,Childrens & Educational Services
Catering Food & Beverages ,,,33.75,16.04.2018,Services to People,,12.03.2018,GPC03180000046,Stockport MBC,ASDA STORES 4840,Catering Supplies,Childrens & Educational Services
Catering Food & Beverages ,,,21.64,16.04.2018,Services to People,,08.03.2018,GPC03180000047,Stockport MBC,ASDA STORES 4840,Catering Supplies,Childrens & Educational Services
Catering Food & Beverages ,,,15.13,16.04.2018,Services to People,,07.03.2018,GPC03180000048,Stockport MBC,ASDA STORES 4840,Catering Supplies,Childrens & Educational Services
Catering Food & Beverages ,,,26.30,16.04.2018,Services to People,,05.03.2018,GPC03180000049,Stockport MBC,ASDA STORES 4840,Catering Supplies,Childrens & Educational Services
Human Resources Travel & Subsistence ,,,32.35,16.04.2018,Services to People,,14.03.2018,GPC03180000050,Stockport MBC,VIRGIN TRAINS,Travelling Expenses,Childrens & Educational Services
Human Resources Travel & Subsistence ,,,18.50,16.04.2018,Services to People,,02.03.2018,GPC03180000051,Stockport MBC,NCP LIMITED,Travelling Expenses,Childrens & Educational Services
Human Resources Travel & Subsistence ,,,25.15,16.04.2018,Services to People,,05.03.2018,GPC03180000052,Stockport MBC,TRAINLINE,Travelling Expenses,Childrens & Educational Services
Human Resources Travel & Subsistence ,,,75.40,16.04.2018,Services to People,,05.03.2018,GPC03180000053,Stockport MBC,TRAINLINE,Travelling Expenses,Childrens & Educational Services
Human Resources Training & Conferences ,,,199.00,16.04.2018,Services to People,,07.03.2018,GPC03180000054,Stockport MBC,PAYPAL  JUSTFORKIDS,Expenses and Allowances,Childrens & Educational Services
Education Library Books ,,,24.00,16.04.2018,Corporate and Support Services,,26.03.2018,GPC03180000055,Stockport MBC,EL DIRECT LTD,Library Equipment,Corporate & Democratic Core
Stationery    ,,,11.66,16.04.2018,Services to People,,18.03.2018,GPC03180000056,Stockport MBC,AMAZON UK MARKETPLACE,Office Expenses,Childrens & Educational Services
Furniture & Soft Furnishings  ,,,249.96,16.04.2018,Services to People,,14.03.2018,GPC03180000057,Stockport MBC,SIT-STAND TRADING,Furniture and Equipment,Childrens & Educational Services
Human Resources Travel & Subsistence ,,,4.10,16.04.2018,Services to People,,06.03.2018,GPC03180000058,Stockport MBC,HEATON CHAPEL STN TO,Travelling Expenses,Childrens & Educational Services
Human Resources Travel & Subsistence ,,,103.00,16.04.2018,Services to People,,28.03.2018,GPC03180000059,Stockport MBC,TRAINLINE,Travelling Expenses,Childrens & Educational Services
Facilities & Management Services  ,,,500.00,16.04.2018,Services to People,,25.03.2018,GPC03180000060,Stockport MBC,GOOGLE  ADWS8179771860,Publicity and Promotion,Childrens & Educational Services
Facilities & Management Services  ,,,500.00,16.04.2018,Services to People,,17.03.2018,GPC03180000061,Stockport MBC,GOOGLE  ADWS8179771860,Publicity and Promotion,Childrens & Educational Services
Facilities & Management Services  ,,,52.29,16.04.2018,Services to People,,15.03.2018,GPC03180000062,Stockport MBC,FACEBK 59GJ6F2SK2,Publicity and Promotion,Childrens & Educational Services
Human Resources Travel & Subsistence ,,,-11.60,16.04.2018,Services to People,,09.03.2018,GPC03180000063,Stockport MBC,TRAINLINE,Travelling Expenses,Childrens & Educational Services
Human Resources Travel & Subsistence ,,,-666.00,16.04.2018,Services to People,,09.03.2018,GPC03180000064,Stockport MBC,TRAINLINE,Travelling Expenses,Childrens & Educational Services
Human Resources Travel & Subsistence ,,,161.70,16.04.2018,Services to People,,08.03.2018,GPC03180000065,Stockport MBC,TRAINLINE,Travelling Expenses,Childrens & Educational Services
Human Resources Travel & Subsistence ,,,39.90,16.04.2018,Services to People,,08.03.2018,GPC03180000066,Stockport MBC,TRAINLINE,Travelling Expenses,Childrens & Educational Services
Human Resources Travel & Subsistence ,,,46.90,16.04.2018,Services to People,,02.03.2018,GPC03180000067,Stockport MBC,TRAINLINE,Travelling Expenses,Childrens & Educational Services
Human Resources Travel & Subsistence ,,,13.50,16.04.2018,Services to People,,19.03.2018,GPC03180000068,Stockport MBC,NCP LIMITED,Travelling Expenses,Childrens & Educational Services
Human Resources Travel & Subsistence ,,,21.90,16.04.2018,Services to People,,16.03.2018,GPC03180000069,Stockport MBC,SUMUP   HACKNEY,Travelling Expenses,Childrens & Educational Services
Human Resources Travel & Subsistence ,,,15.00,16.04.2018,Services to People,,11.03.2018,GPC03180000070,Stockport MBC,PP METROTAXISL,Travelling Expenses,Childrens & Educational Services
Human Resources Travel & Subsistence ,,,7.50,16.04.2018,Services to People,,07.03.2018,GPC03180000071,Stockport MBC,NCP LIMITED,Travelling Expenses,Childrens & Educational Services
Human Resources Travel & Subsistence ,,,4.10,16.04.2018,Services to People,,02.03.2018,GPC03180000072,Stockport MBC,HEATON CHAPEL SST,Travelling Expenses,Childrens & Educational Services
Human Resources Travel & Subsistence ,,,33.20,16.04.2018,Services to People,,06.03.2018,GPC03180000073,Stockport MBC,VIRGIN TRAINS,Travelling Expenses,Childrens & Educational Services
Human Resources Travel & Subsistence ,,,6.10,16.04.2018,Services to Place,,28.03.2018,GPC03180000074,Stockport MBC,STOCKPORT STN SST,Travelling Expenses,Central Support Costs
Human Resources Travel & Subsistence ,,,54.60,16.04.2018,Services to Place,,16.03.2018,GPC03180000075,Stockport MBC,HOTEL EDEN,Travelling Expenses,Central Support Costs
Environmental Services Technical Equipment ,,,35.95,16.04.2018,Services to People,,26.03.2018,GPC03180000076,Stockport MBC,B & M RETAIL,Furniture and Equipment,Childrens & Educational Services
Catering Food & Beverages ,,,7.65,16.04.2018,Services to People,,26.03.2018,GPC03180000077,Stockport MBC,W M MORRISON PLC,Catering Supplies,Childrens & Educational Services
Catering Food & Beverages ,,,22.32,16.04.2018,Services to People,,26.03.2018,GPC03180000078,Stockport MBC,W M MORRISON PLC,Catering Supplies,Childrens & Educational Services
Catering Food & Beverages ,,,31.17,16.04.2018,Services to People,,21.03.2018,GPC03180000079,Stockport MBC,W M MORRISON PLC,Catering Supplies,Childrens & Educational Services
Catering Food & Beverages ,,,60.89,16.04.2018,Services to People,,20.03.2018,GPC03180000080,Stockport MBC,ALDI 2 773,Catering Supplies,Childrens & Educational Services
Catering Food & Beverages ,,,4.00,16.04.2018,Services to People,,20.03.2018,GPC03180000081,Stockport MBC,W M MORRISON PLC,Catering Supplies,Childrens & Educational Services
Catering Food & Beverages ,,,16.40,16.04.2018,Services to People,,19.03.2018,GPC03180000082,Stockport MBC,W M MORRISON PLC,Catering Supplies,Childrens & Educational Services
Environmental Services Technical Equipment ,,,27.48,16.04.2018,Services to People,,17.03.2018,GPC03180000083,Stockport MBC,AMAZON UK MARKETPLACE,Furniture and Equipment,Childrens & Educational Services
Environmental Services Technical Equipment ,,,11.55,16.04.2018,Services to People,,15.03.2018,GPC03180000084,Stockport MBC,AMAZON EU,Furniture and Equipment,Childrens & Educational Services
Catering Food & Beverages ,,,49.55,16.04.2018,Services to People,,15.03.2018,GPC03180000085,Stockport MBC,ALDI 2 773,Catering Supplies,Childrens & Educational Services
Education  ,,,20.00,16.04.2018,Services to People,,14.03.2018,GPC03180000086,Stockport MBC,THE NATIONAL TRUST,Fees and Charges,Childrens & Educational Services
Education  ,,,25.00,16.04.2018,Services to People,,14.03.2018,GPC03180000087,Stockport MBC,THE NATIONAL TRUST,Fees and Charges,Childrens & Educational Services
Environmental Services Technical Equipment ,,,28.77,16.04.2018,Services to People,,09.03.2018,GPC03180000088,Stockport MBC,AMAZON UK MARKETPLACE,Furniture and Equipment,Childrens & Educational Services
Environmental Services Technical Equipment ,,,7.74,16.04.2018,Services to People,,08.03.2018,GPC03180000089,Stockport MBC,B & M RETAIL,Furniture and Equipment,Childrens & Educational Services
Environmental Services Technical Equipment ,,,34.50,16.04.2018,Services to People,,08.03.2018,GPC03180000090,Stockport MBC,W M MORRISON PLC,Furniture and Equipment,Childrens & Educational Services
Environmental Services Technical Equipment ,,,25.50,16.04.2018,Services to People,,08.03.2018,GPC03180000091,Stockport MBC,W M MORRISON PLC,Furniture and Equipment,Childrens & Educational Services
Environmental Services Technical Equipment ,,,6.10,16.04.2018,Services to People,,08.03.2018,GPC03180000092,Stockport MBC,W M MORRISON PLC,Furniture and Equipment,Childrens & Educational Services
Environmental Services Technical Equipment ,,,41.26,16.04.2018,Services to People,,08.03.2018,GPC03180000093,Stockport MBC,W M MORRISON PLC,Furniture and Equipment,Childrens & Educational Services
Environmental Services Technical Equipment ,,,27.09,16.04.2018,Services to People,,07.03.2018,GPC03180000094,Stockport MBC,B & M RETAIL,Furniture and Equipment,Childrens & Educational Services
"Works - Construction, Repair & Maintenance  ",,,154.37,16.04.2018,Corporate and Support Services,,27.03.2018,GPC03180000095,Stockport MBC,KWIK FIT,Repairs and Maintenance,Corporate & Democratic Core
Environmental Services Technical Equipment ,,,147.00,16.04.2018,Corporate and Support Services,,16.03.2018,GPC03180000096,Stockport MBC,TVLICENSING.CO.UK,Furniture and Equipment,Corporate & Democratic Core
Environmental Services Technical Equipment ,,,39.99,16.04.2018,Corporate and Support Services,,07.03.2018,GPC03180000097,Stockport MBC,ARGOS RETAIL GROUP,Furniture and Equipment,Corporate & Democratic Core
Human Resources  ,,,752.35,16.04.2018,Corporate and Support Services,,16.03.2018,GPC03180000098,Stockport MBC,IAPP,Staff Training,Corporate & Democratic Core
Legal Services  ,,,246.00,16.04.2018,Corporate and Support Services,,02.03.2018,GPC03180000099,Stockport MBC,WWW.BARPROFESSIONALTRA,Legal Fees,Central Support Costs
Stationery    ,,,-5.67,16.04.2018,Services to People,,29.03.2018,GPC03180000100,Stockport MBC,THE BEAD SHOP LTD,Office Expenses,Public Health
Stationery    ,,,56.63,16.04.2018,Services to People,,29.03.2018,GPC03180000101,Stockport MBC,THE BEAD SHOP LTD,Office Expenses,Public Health
Arts & Leisure Services  ,,,10.09,16.04.2018,Corporate and Support Services,,20.03.2018,GPC03180000102,Stockport MBC,CO-OP GROUP 070280,Publicity and Promotion,Planning Services
Arts & Leisure Services  ,,,13.38,16.04.2018,Corporate and Support Services,,15.03.2018,GPC03180000103,Stockport MBC,W M MORRISON PLC,Publicity and Promotion,Planning Services
Arts & Leisure Services  ,,,13.70,16.04.2018,Corporate and Support Services,,07.03.2018,GPC03180000104,Stockport MBC,APL /METROTAX,Publicity and Promotion,Planning Services
Arts & Leisure Services  ,,,13.90,16.04.2018,Corporate and Support Services,,07.03.2018,GPC03180000105,Stockport MBC,APL /METROTAX,Publicity and Promotion,Planning Services
Stationery    ,,,320.00,16.04.2018,Services to People,,05.03.2018,GPC03180000106,Stockport MBC,LAEKING LIMITED,Office Expenses,Childrens & Educational Services
Catering Food & Beverages ,,,4.78,16.04.2018,Services to People,,27.03.2018,GPC03180000107,Stockport MBC,B & M RETAIL,Catering Supplies,Childrens & Educational Services
Environmental Services Technical Equipment ,,,38.90,16.04.2018,Services to People,,27.03.2018,GPC03180000108,Stockport MBC,B & M RETAIL,Furniture and Equipment,Childrens & Educational Services
Environmental Services Technical Equipment ,,,12.99,16.04.2018,Services to People,,27.03.2018,GPC03180000109,Stockport MBC,B & M RETAIL,Furniture and Equipment,Childrens & Educational Services
Human Resources Travel & Subsistence ,,,115.00,16.04.2018,Services to People,,26.03.2018,GPC03180000110,Stockport MBC,VIRGIN TRAINS,Travelling Expenses,Childrens & Educational Services
Human Resources  ,,,30.00,16.04.2018,Services to People,,14.03.2018,GPC03180000111,Stockport MBC,PAYPAL  MCR PHYSIO,Staff Training,Childrens & Educational Services
Human Resources Travel & Subsistence ,,,88.90,16.04.2018,Services to People,,19.03.2018,GPC03180000112,Stockport MBC,VIRGIN TRAINS,Travelling Expenses,Adult Social Care
Mail Services   ,,,14.94,16.04.2018,Services to People,,27.03.2018,GPC03180000113,Stockport MBC,POST OFFICE COUNTER,Office Expenses,Childrens & Educational Services
Education  ,,,82.35,16.04.2018,Services to People,,26.03.2018,GPC03180000114,Stockport MBC,WWW.TENPIN.CO.UK,Fees and Charges,Childrens & Educational Services
Environmental Services Technical Equipment ,,,14.45,16.04.2018,Services to People,,22.03.2018,GPC03180000115,Stockport MBC,AMAZON EU,Furniture and Equipment,Childrens & Educational Services
Mail Services   ,,,8.64,16.04.2018,Services to People,,20.03.2018,GPC03180000116,Stockport MBC,POST OFFICE COUNTER,Office Expenses,Childrens & Educational Services
Environmental Services Technical Equipment ,,,13.34,16.04.2018,Services to People,,15.03.2018,GPC03180000117,Stockport MBC,AMAZON UK MARKETPLACE,Furniture and Equipment,Childrens & Educational Services
Environmental Services Technical Equipment ,,,185.00,16.04.2018,Services to People,,14.03.2018,GPC03180000118,Stockport MBC,WWW.CHEADLESKIPS.COM,Furniture and Equipment,Childrens & Educational Services
Environmental Services Technical Equipment ,,,119.95,16.04.2018,Services to People,,14.03.2018,GPC03180000119,Stockport MBC,HSD ONLINE,Furniture and Equipment,Childrens & Educational Services
Environmental Services Technical Equipment ,,,220.00,16.04.2018,Services to People,,14.03.2018,GPC03180000120,Stockport MBC,WWW.RADIO-SOLUTION.CO.,Furniture and Equipment,Childrens & Educational Services
Environmental Services Technical Equipment ,,,16.65,16.04.2018,Services to People,,12.03.2018,GPC03180000121,Stockport MBC,AMAZON UK MARKETPLACE,Furniture and Equipment,Childrens & Educational Services
Environmental Services Technical Equipment ,,,3.24,16.04.2018,Services to People,,08.03.2018,GPC03180000122,Stockport MBC,AMAZON EU,Furniture and Equipment,Childrens & Educational Services
Environmental Services Technical Equipment ,,,16.19,16.04.2018,Services to People,,08.03.2018,GPC03180000123,Stockport MBC,AMAZON EU,Furniture and Equipment,Childrens & Educational Services
Mail Services   ,,,9.32,16.04.2018,Services to People,,06.03.2018,GPC03180000124,Stockport MBC,POST OFFICE COUNTER,Office Expenses,Childrens & Educational Services
Environmental Services Technical Equipment ,,,-409.99,16.04.2018,Services to People,,09.02.2018,GPC03180000125,Stockport MBC,CURRYS ONLINE,Furniture and Equipment,Childrens & Educational Services
Environmental Services Technical Equipment ,,,25.79,16.04.2018,Services to People,,03.03.2018,GPC03180000126,Stockport MBC,AMAZON EU,Furniture and Equipment,Childrens & Educational Services
Environmental Services Technical Equipment ,,,-5.99,16.04.2018,Services to People,,03.03.2018,GPC03180000127,Stockport MBC,AMZ AMAZON.CO.UK,Furniture and Equipment,Childrens & Educational Services
Furniture & Soft Furnishings  ,,,4.50,16.04.2018,Services to People,,30.03.2018,GPC03180000128,Stockport MBC,AMAZON UK MARKETPLACE,Furniture and Equipment,Childrens & Educational Services
Furniture & Soft Furnishings  ,,,4.80,16.04.2018,Services to People,,22.03.2018,GPC03180000129,Stockport MBC,AMAZON UK MARKETPLACE,Furniture and Equipment,Childrens & Educational Services
Furniture & Soft Furnishings  ,,,69.98,16.04.2018,Services to People,,22.03.2018,GPC03180000130,Stockport MBC,WWW.GROUPON.CO.UK,Furniture and Equipment,Childrens & Educational Services
Furniture & Soft Furnishings  ,,,239.99,16.04.2018,Services to People,,22.03.2018,GPC03180000131,Stockport MBC,PAYPAL  ARGOS EBAY,Furniture and Equipment,Childrens & Educational Services
Furniture & Soft Furnishings  ,,,17.94,16.04.2018,Services to People,,22.03.2018,GPC03180000132,Stockport MBC,HOMEBASE LTD,Furniture and Equipment,Childrens & Educational Services
Furniture & Soft Furnishings  ,,,79.00,16.04.2018,Services to People,,22.03.2018,GPC03180000133,Stockport MBC,GO OUTDOORS,Furniture and Equipment,Childrens & Educational Services
Furniture & Soft Furnishings  ,,,10.00,16.04.2018,Services to People,,22.03.2018,GPC03180000134,Stockport MBC,W M MORRISONS,Furniture and Equipment,Childrens & Educational Services
Furniture & Soft Furnishings  ,,,41.70,16.04.2018,Services to People,,22.03.2018,GPC03180000135,Stockport MBC,TESCO DIRECT,Furniture and Equipment,Childrens & Educational Services
Furniture & Soft Furnishings  ,,,4.95,16.04.2018,Services to People,,21.03.2018,GPC03180000136,Stockport MBC,AMAZON UK MARKETPLACE,Furniture and Equipment,Childrens & Educational Services
Education Examinational Fees ,,,14.40,16.04.2018,Services to People,,20.03.2018,GPC03180000137,Stockport MBC,EAST GB LTD,Fees and Charges,Childrens & Educational Services
Education Library Books ,,,96.94,16.04.2018,Services to People,,13.03.2018,GPC03180000138,Stockport MBC,AMAZON EU,Library Equipment,Childrens & Educational Services
Education Library Books ,,,83.96,16.04.2018,Services to People,,09.03.2018,GPC03180000139,Stockport MBC,AMAZON EU,Library Equipment,Childrens & Educational Services
Catering Food & Beverages ,,,44.95,16.04.2018,Services to People,,28.03.2018,GPC03180000140,Stockport MBC,MCDONALDS,Catering Supplies,Childrens & Educational Services
Environmental Services Technical Equipment ,,,30.39,16.04.2018,Services to People,,21.03.2018,GPC03180000141,Stockport MBC,WWW.PCWB.COM,Furniture and Equipment,Childrens & Educational Services
Environmental Services Technical Equipment ,,,48.00,16.04.2018,Services to People,,19.03.2018,GPC03180000142,Stockport MBC,TIMPSON LTD,Furniture and Equipment,Childrens & Educational Services
Environmental Services Technical Equipment ,,,60.00,16.04.2018,Services to People,,15.03.2018,GPC03180000143,Stockport MBC,TIMPSON LTD,Furniture and Equipment,Childrens & Educational Services
Environmental Services Technical Equipment ,,,77.34,16.04.2018,Services to People,,14.03.2018,GPC03180000144,Stockport MBC,WWW.LOCKDOCTOR.BIZ,Furniture and Equipment,Childrens & Educational Services
Environmental Services Technical Equipment ,,,220.00,16.04.2018,Services to People,,08.03.2018,GPC03180000145,Stockport MBC,WWW.RADIO-SOLUTION.CO.,Furniture and Equipment,Childrens & Educational Services
Environmental Services Technical Equipment ,,,-409.99,16.04.2018,Services to People,,09.02.2018,GPC03180000146,Stockport MBC,CURRYS ONLINE,Furniture and Equipment,Childrens & Educational Services
Facilities & Management Services  ,,,203.50,16.04.2018,Services to People,,12.03.2018,GPC03180000147,Stockport MBC,LOVE2SHOP.CO.UK,Publicity and Promotion,Public Health
Social Community Care Supplies & Services  ,,,-11.00,16.04.2018,Services to People,,26.03.2018,GPC03180000148,Stockport MBC,MANCHESTER CITY COUNCI,Care Payments,Childrens & Educational Services
Social Community Care Supplies & Services  ,,,34.65,16.04.2018,Services to People,,23.03.2018,GPC03180000149,Stockport MBC,TRAINLINE,Care Payments,Childrens & Educational Services
Social Community Care Supplies & Services  ,,,21.65,16.04.2018,Services to People,,23.03.2018,GPC03180000150,Stockport MBC,TRAINLINE,Care Payments,Childrens & Educational Services
Social Community Care Supplies & Services  ,,,11.00,16.04.2018,Services to People,,19.03.2018,GPC03180000151,Stockport MBC,WWW.MANCHESTER.GOV.UK,Care Payments,Childrens & Educational Services
Social Community Care Supplies & Services  ,,,26.75,16.04.2018,Services to People,,20.03.2018,GPC03180000152,Stockport MBC,TRAINLINE,Care Payments,Childrens & Educational Services
Social Community Care Supplies & Services  ,,,80.00,16.04.2018,Services to People,,19.03.2018,GPC03180000153,Stockport MBC,STOCKPORT BED & SO,Care Payments,Childrens & Educational Services
Human Resources Travel & Subsistence ,,,18.35,16.04.2018,Services to People,,19.03.2018,GPC03180000154,Stockport MBC,TRAINLINE,Travelling Expenses,Childrens & Educational Services
Social Community Care Supplies & Services  ,,,12.65,16.04.2018,Services to People,,19.03.2018,GPC03180000155,Stockport MBC,TRAINLINE,Care Payments,Childrens & Educational Services
Social Community Care Supplies & Services  ,,,22.00,16.04.2018,Services to People,,14.03.2018,GPC03180000156,Stockport MBC,WWW.MANCHESTER.GOV.UK,Care Payments,Childrens & Educational Services
Social Community Care Supplies & Services  ,,,10.00,16.04.2018,Services to People,,15.03.2018,GPC03180000157,Stockport MBC,WWW.STOCKPORT.GOV.UK,Care Payments,Childrens & Educational Services
Human Resources Travel & Subsistence ,,,98.70,16.04.2018,Services to People,,15.03.2018,GPC03180000158,Stockport MBC,TRAINLINE,Travelling Expenses,Childrens & Educational Services
Human Resources Travel & Subsistence ,,,76.30,16.04.2018,Services to People,,15.03.2018,GPC03180000159,Stockport MBC,TRAINLINE,Travelling Expenses,Childrens & Educational Services
Social Community Care Supplies & Services  ,,,106.99,16.04.2018,Services to People,,14.03.2018,GPC03180000160,Stockport MBC,PREMIER INN44011920,Third party payments - Private/Voluntary Sector,Childrens & Educational Services
Social Community Care Supplies & Services  ,,,64.00,16.04.2018,Services to People,,14.03.2018,GPC03180000161,Stockport MBC,PREMIER INN44521330,Third party payments - Private/Voluntary Sector,Childrens & Educational Services
Human Resources Travel & Subsistence ,,,28.35,16.04.2018,Services to People,,14.03.2018,GPC03180000162,Stockport MBC,TRAINLINE,Travelling Expenses,Childrens & Educational Services
Human Resources Travel & Subsistence ,,,138.99,16.04.2018,Services to People,,14.03.2018,GPC03180000163,Stockport MBC,FLYBED6TS D6TS0P,Travelling Expenses,Childrens & Educational Services
Human Resources Travel & Subsistence ,,,97.50,16.04.2018,Services to People,,13.03.2018,GPC03180000164,Stockport MBC,TRAINLINE,Travelling Expenses,Childrens & Educational Services
Clothing  ,,,638.44,16.04.2018,Services to People,,12.03.2018,GPC03180000165,Stockport MBC,WORKWEAR EXPRESS LIMIT,Clothing Uniforns and Laundry,Childrens & Educational Services
Human Resources Travel & Subsistence ,,,320.00,16.04.2018,Services to People,,09.03.2018,GPC03180000166,Stockport MBC,STOCKPORT VILLAGE NURS,Travelling Expenses,Childrens & Educational Services
Social Community Care Supplies & Services  ,,,9.00,16.04.2018,Services to People,,09.03.2018,GPC03180000167,Stockport MBC,BOULDER,Care Payments,Childrens & Educational Services
Social Community Care Supplies & Services  ,,,6.99,16.04.2018,Services to People,,08.03.2018,GPC03180000168,Stockport MBC,AMAZON UK MARKETPLACE,Care Payments,Childrens & Educational Services
Social Community Care Supplies & Services  ,,,-21.50,16.04.2018,Services to People,,08.03.2018,GPC03180000169,Stockport MBC,BLACKBURN W DAR BC ATP,Care Payments,Childrens & Educational Services
Social Community Care Supplies & Services  ,,,11.00,16.04.2018,Services to People,,06.03.2018,GPC03180000170,Stockport MBC,WWW.MANCHESTER.GOV.UK,Care Payments,Childrens & Educational Services
Social Community Care Supplies & Services  ,,,21.50,16.04.2018,Services to People,,06.03.2018,GPC03180000171,Stockport MBC,WWW.BLACKBURN.GOV.UK R,Care Payments,Childrens & Educational Services
Human Resources Travel & Subsistence ,,,111.99,16.04.2018,Services to People,,06.03.2018,GPC03180000172,Stockport MBC,FLYBE.COM BTWYG4       0,Travelling Expenses,Childrens & Educational Services
Social Community Care Supplies & Services  ,,,288.98,16.04.2018,Services to People,,06.03.2018,GPC03180000173,Stockport MBC,FLYBEBTXG BTXGZ3,Care Payments,Childrens & Educational Services
Catering Food & Beverages ,,,31.28,16.04.2018,Services to People,,27.03.2018,GPC03180000174,Stockport MBC,ASDA STORES 4840,Catering Supplies,Childrens & Educational Services
Catering Food & Beverages ,,,6.45,16.04.2018,Services to People,,26.03.2018,GPC03180000175,Stockport MBC,TESCO STORES 3378,Catering Supplies,Childrens & Educational Services
Furniture & Soft Furnishings  ,,,9.50,16.04.2018,Services to People,,26.03.2018,GPC03180000176,Stockport MBC,TESCO STORES 3378,Furniture and Equipment,Childrens & Educational Services
Catering Food & Beverages ,,,54.91,16.04.2018,Services to People,,20.03.2018,GPC03180000177,Stockport MBC,ASDA STORES 4840,Catering Supplies,Childrens & Educational Services
Furniture & Soft Furnishings  ,,,2.50,16.04.2018,Services to People,,17.03.2018,GPC03180000178,Stockport MBC,TESCO STORES 3202,Furniture and Equipment,Childrens & Educational Services
Catering Food & Beverages ,,,61.66,16.04.2018,Services to People,,13.03.2018,GPC03180000179,Stockport MBC,ASDA STORES 4840,Catering Supplies,Childrens & Educational Services
Catering Food & Beverages ,,,8.75,16.04.2018,Services to People,,07.03.2018,GPC03180000180,Stockport MBC,ASDA STORES 4840,Catering Supplies,Childrens & Educational Services
Catering Food & Beverages ,,,85.88,16.04.2018,Services to People,,05.03.2018,GPC03180000181,Stockport MBC,TESCO STORES 3378,Catering Supplies,Childrens & Educational Services
Catering Food & Beverages ,,,67.38,16.04.2018,Services to People,,29.03.2018,GPC03180000182,Stockport MBC,W M MORRISONS,Catering Supplies,Childrens & Educational Services
Catering Food & Beverages ,,,45.99,16.04.2018,Services to People,,27.03.2018,GPC03180000183,Stockport MBC,KFC,Catering Supplies,Childrens & Educational Services
Catering Food & Beverages ,,,64.79,16.04.2018,Services to People,,26.03.2018,GPC03180000184,Stockport MBC,PIZZA HUT 774,Catering Supplies,Childrens & Educational Services
Mail Services   ,,,200.00,16.04.2018,Services to People,,22.03.2018,GPC03180000185,Stockport MBC,THE POST OFFICE,Office Expenses,Childrens & Educational Services
Environmental Services Technical Equipment ,,,11.60,16.04.2018,Services to People,,20.03.2018,GPC03180000186,Stockport MBC,HOME BARGAINS,Furniture and Equipment,Childrens & Educational Services
Human Resources  ,,,289.00,16.04.2018,Services to Place,,26.03.2018,GPC03180000187,Stockport MBC,CIEH,Staff Training,Central Support Costs
Arts & Leisure Services  ,,,164.99,16.04.2018,Services to Place,,07.03.2018,GPC03180000188,Stockport MBC,HIE GREENWICH,Publicity and Promotion,Planning Services
Human Resources Travel & Subsistence ,,,34.99,16.04.2018,Services to Place,,06.03.2018,GPC03180000189,Stockport MBC,MAN. AIRPORT CAR PARKS,Travelling Expenses,Planning Services
Human Resources Travel & Subsistence ,,,388.65,16.04.2018,Services to People,,27.03.2018,GPC03180000190,Stockport MBC,TRAINLINE,Travelling Expenses,Childrens & Educational Services
Human Resources Travel & Subsistence ,,,23.60,16.04.2018,Services to People,,07.03.2018,GPC03180000191,Stockport MBC,TRAINLINE,Travelling Expenses,Childrens & Educational Services
Social Community Care Supplies & Services  ,,,40.50,16.04.2018,Services to People,,29.03.2018,GPC03180000192,Stockport MBC,TRAINLINE,Care Payments,Childrens & Educational Services
Social Community Care Supplies & Services  ,,,"1,017.76",16.04.2018,Services to People,,26.03.2018,GPC03180000193,Stockport MBC,AIR TRANSAT CCA,Care Payments,Childrens & Educational Services
Social Community Care Supplies & Services  ,,,529.88,16.04.2018,Services to People,,26.03.2018,GPC03180000194,Stockport MBC,AIR TRANSAT CCA,Care Payments,Childrens & Educational Services
Social Community Care Supplies & Services  ,,,124.10,16.04.2018,Services to People,,27.03.2018,GPC03180000195,Stockport MBC,EASYJET00 000    ETV57Z6,Care Payments,Childrens & Educational Services
Social Community Care Supplies & Services  ,,,25.06,16.04.2018,Services to People,,26.03.2018,GPC03180000196,Stockport MBC,MONDIAL ASSISTANCE,Care Payments,Childrens & Educational Services
Social Community Care Supplies & Services  ,,,34.86,16.04.2018,Services to People,,26.03.2018,GPC03180000197,Stockport MBC,MONDIAL ASSISTANCE,Care Payments,Childrens & Educational Services
Social Community Care Supplies & Services  ,,,-7.20,16.04.2018,Services to People,,26.03.2018,GPC03180000198,Stockport MBC,TRAINLINE,Care Payments,Childrens & Educational Services
Social Community Care Supplies & Services  ,,,800.49,16.04.2018,Services to People,,23.03.2018,GPC03180000199,Stockport MBC,FLEDGLINGS LTD,Care Payments,Childrens & Educational Services
Human Resources  ,,,89.30,16.04.2018,Services to People,,20.03.2018,GPC03180000200,Stockport MBC,TRAINLINE,Staff Training,Childrens & Educational Services
Human Resources  ,,,-71.30,16.04.2018,Services to People,,20.03.2018,GPC03180000201,Stockport MBC,TRAINLINE,Staff Training,Childrens & Educational Services
Human Resources  ,,,82.80,16.04.2018,Services to People,,20.03.2018,GPC03180000202,Stockport MBC,TRAINLINE,Staff Training,Childrens & Educational Services
Furniture & Soft Furnishings  ,,,13.23,16.04.2018,Services to People,,28.03.2018,GPC03180000203,Stockport MBC,W M MORRISON PLC,Furniture and Equipment,Childrens & Educational Services
Furniture & Soft Furnishings  ,,,189.00,16.04.2018,Services to People,,16.03.2018,GPC03180000204,Stockport MBC,WWW.BDADYSLEXIA.,Furniture and Equipment,Childrens & Educational Services
Furniture & Soft Furnishings  ,,,9.12,16.04.2018,Services to People,,15.03.2018,GPC03180000205,Stockport MBC,W M MORRISON PLC,Furniture and Equipment,Childrens & Educational Services
Furniture & Soft Furnishings  ,,,16.90,16.04.2018,Services to People,,14.03.2018,GPC03180000206,Stockport MBC,W M MORRISON PLC,Furniture and Equipment,Childrens & Educational Services
Catering Food & Beverages ,,,9.24,16.04.2018,Services to People,,28.03.2018,GPC03180000207,Stockport MBC,TESCO STORES 5128,Catering Supplies,Childrens & Educational Services
Catering Food & Beverages ,,,57.11,16.04.2018,Services to People,,26.03.2018,GPC03180000208,Stockport MBC,W M MORRISONS.COM,Catering Supplies,Childrens & Educational Services
Catering Food & Beverages ,,,84.49,16.04.2018,Services to People,,26.03.2018,GPC03180000209,Stockport MBC,ASDA GROCERIES ONLINE,Catering Supplies,Childrens & Educational Services
Catering Food & Beverages ,,,-2.67,16.04.2018,Services to People,,26.03.2018,GPC03180000210,Stockport MBC,ASDA GROCERIES ONLINE,Catering Supplies,Childrens & Educational Services
Catering Food & Beverages ,,,6.88,16.04.2018,Services to People,,21.03.2018,GPC03180000211,Stockport MBC,W M MORRISON PLC,Catering Supplies,Childrens & Educational Services
Catering Food & Beverages ,,,83.97,16.04.2018,Services to People,,21.03.2018,GPC03180000212,Stockport MBC,B & M RETAIL,Catering Supplies,Childrens & Educational Services
Catering Food & Beverages ,,,73.91,16.04.2018,Services to People,,20.03.2018,GPC03180000213,Stockport MBC,W M MORRISONS.COM,Catering Supplies,Childrens & Educational Services
Catering Food & Beverages ,,,-0.50,16.04.2018,Services to People,,19.03.2018,GPC03180000214,Stockport MBC,ASDA HOME SHOPPING,Catering Supplies,Childrens & Educational Services
Catering Food & Beverages ,,,46.54,16.04.2018,Services to People,,19.03.2018,GPC03180000215,Stockport MBC,ASDA HOME SHOPPING,Catering Supplies,Childrens & Educational Services
Catering Food & Beverages ,,,16.37,16.04.2018,Services to People,,19.03.2018,GPC03180000216,Stockport MBC,ALDI 84 773,Catering Supplies,Childrens & Educational Services
Catering Food & Beverages ,,,8.09,16.04.2018,Services to People,,15.03.2018,GPC03180000217,Stockport MBC,ALDI 84 773,Catering Supplies,Childrens & Educational Services
Catering Food & Beverages ,,,71.54,16.04.2018,Services to People,,12.03.2018,GPC03180000218,Stockport MBC,ASDA GROCERIES ONLINE,Catering Supplies,Childrens & Educational Services
Catering Food & Beverages ,,,81.61,16.04.2018,Services to People,,12.03.2018,GPC03180000219,Stockport MBC,W M MORRISONS.COM,Catering Supplies,Childrens & Educational Services
Catering Food & Beverages ,,,12.86,16.04.2018,Services to People,,07.03.2018,GPC03180000220,Stockport MBC,ASDA SUPERSTORE,Catering Supplies,Childrens & Educational Services
Catering Food & Beverages ,,,30.09,16.04.2018,Services to People,,05.03.2018,GPC03180000221,Stockport MBC,ALDI 84 773,Catering Supplies,Childrens & Educational Services
Catering Food & Beverages ,,,229.50,16.04.2018,Services to People,,30.03.2018,GPC03180000222,Stockport MBC,TESCO STORES 3378,Catering Supplies,Childrens & Educational Services
Social Community Care Supplies & Services  ,,,44.00,16.04.2018,Services to People,,29.03.2018,GPC03180000223,Stockport MBC,H TEMPEST LIMITED,Care Payments,Childrens & Educational Services
Arts & Leisure Services  ,,,11.77,16.04.2018,Services to People,,31.03.2018,GPC03180000224,Stockport MBC,MCDONALDS,Publicity and Promotion,Childrens & Educational Services
Catering Food & Beverages ,,,142.19,16.04.2018,Services to People,,31.03.2018,GPC03180000225,Stockport MBC,TESCO STORES 5128,Catering Supplies,Childrens & Educational Services
Vehicle Management Fuel ,,,91.02,16.04.2018,Services to People,,31.03.2018,GPC03180000226,Stockport MBC,TESCO PFS 4032,Fuel,Childrens & Educational Services
Furniture & Soft Furnishings  ,,,56.97,16.04.2018,Services to People,,31.03.2018,GPC03180000227,Stockport MBC,B & M RETAIL,Furniture and Equipment,Childrens & Educational Services
Social Community Care Supplies & Services  ,,,35.98,16.04.2018,Services to People,,29.03.2018,GPC03180000228,Stockport MBC,AMAZON UK MARKETPLACE,Care Payments,Childrens & Educational Services
Arts & Leisure Services  ,,,3.99,16.04.2018,Services to People,,29.03.2018,GPC03180000229,Stockport MBC,AMAZON DIGITAL SVCS,Publicity and Promotion,Childrens & Educational Services
Environmental Services Technical Equipment ,,,49.49,16.04.2018,Services to People,,28.03.2018,GPC03180000230,Stockport MBC,AMAZON UK MARKETPLACE,Furniture and Equipment,Childrens & Educational Services
Catering Food & Beverages ,,,20.00,16.04.2018,Services to People,,27.03.2018,GPC03180000231,Stockport MBC,PARENTPAY E-COM R,Catering Supplies,Childrens & Educational Services
Catering Food & Beverages ,,,26.00,16.04.2018,Services to People,,27.03.2018,GPC03180000232,Stockport MBC,TESCO STORES 2629,Catering Supplies,Childrens & Educational Services
Catering Food & Beverages ,,,172.30,16.04.2018,Services to People,,26.03.2018,GPC03180000233,Stockport MBC,TESCO STORES 3378,Catering Supplies,Childrens & Educational Services
Catering Food & Beverages ,,,31.00,16.04.2018,Services to People,,26.03.2018,GPC03180000234,Stockport MBC,TESCO STORES 3378,Catering Supplies,Childrens & Educational Services
Catering Food & Beverages ,,,142.40,16.04.2018,Services to People,,23.03.2018,GPC03180000235,Stockport MBC,TESCO STORES 5128,Catering Supplies,Childrens & Educational Services
Arts & Leisure Services  ,,,115.20,16.04.2018,Services to People,,23.03.2018,GPC03180000236,Stockport MBC,LIFE LEISURE,Publicity and Promotion,Childrens & Educational Services
Arts & Leisure Services  ,,,10.80,16.04.2018,Services to People,,24.03.2018,GPC03180000237,Stockport MBC,WWW.KNOWSLEY.COM,Publicity and Promotion,Childrens & Educational Services
Environmental Services Technical Equipment ,,,20.70,16.04.2018,Services to People,,23.03.2018,GPC03180000238,Stockport MBC,PAYPAL  E121RETAILG,Furniture and Equipment,Childrens & Educational Services
Social Community Care Supplies & Services  ,,,245.05,16.04.2018,Services to People,,24.03.2018,GPC03180000239,Stockport MBC,J D SPORTS 18,Care Payments,Childrens & Educational Services
Information Communication Technology  ,,,9.99,16.04.2018,Services to People,,26.03.2018,GPC03180000240,Stockport MBC,NETFLIX.COM,Information and Communications Technology,Childrens & Educational Services
Arts & Leisure Services  ,,,36.00,16.04.2018,Services to People,,25.03.2018,GPC03180000241,Stockport MBC,WWW.GROUPON.CO.UK,Publicity and Promotion,Childrens & Educational Services
Arts & Leisure Services  ,,,22.00,16.04.2018,Services to People,,25.03.2018,GPC03180000242,Stockport MBC,WWW.GROUPON.CO.UK,Publicity and Promotion,Childrens & Educational Services
Arts & Leisure Services  ,,,10.00,16.04.2018,Services to People,,25.03.2018,GPC03180000243,Stockport MBC,WWW.GROUPON.CO.UK,Publicity and Promotion,Childrens & Educational Services
Social Community Care Supplies & Services  ,,,19.90,16.04.2018,Services to People,,22.03.2018,GPC03180000244,Stockport MBC,SCHOOLLEAVERSCOMPANY.C,Care Payments,Childrens & Educational Services
Arts & Leisure Services  ,,,49.00,16.04.2018,Services to People,,21.03.2018,GPC03180000245,Stockport MBC,WWW.GROUPON.CO.UK,Publicity and Promotion,Childrens & Educational Services
Catering Food & Beverages ,,,159.78,16.04.2018,Services to People,,21.03.2018,GPC03180000246,Stockport MBC,TESCO STORES 3378,Catering Supplies,Childrens & Educational Services
Information Communication Technology  ,,,75.00,16.04.2018,Services to People,,20.03.2018,GPC03180000247,Stockport MBC,WWW.TALKTALKBUSINESS.C,Information and Communications Technology,Childrens & Educational Services
Social Community Care Supplies & Services  ,,,10.99,16.04.2018,Services to People,,20.03.2018,GPC03180000248,Stockport MBC,AMAZON EU,Care Payments,Childrens & Educational Services
Arts & Leisure Services  ,,,35.60,16.04.2018,Services to People,,19.03.2018,GPC03180000249,Stockport MBC,WWW.KNOWSLEY.COM,Publicity and Promotion,Childrens & Educational Services
Catering Food & Beverages ,,,106.05,16.04.2018,Services to People,,17.03.2018,GPC03180000250,Stockport MBC,TESCO STORES 5128,Catering Supplies,Childrens & Educational Services
Financial Services  ,,,45.00,16.04.2018,Services to People,,13.03.2018,GPC03180000251,Stockport MBC,WWW.TALKTALKBUSINESS.C,Fees and Charges,Childrens & Educational Services
Catering Food & Beverages ,,,95.77,16.04.2018,Services to People,,12.03.2018,GPC03180000252,Stockport MBC,TESCO STORES 5128,Catering Supplies,Childrens & Educational Services
Environmental Services Technical Equipment ,,,20.97,16.04.2018,Services to People,,09.03.2018,GPC03180000253,Stockport MBC,AMAZON UK MARKETPLACE,Furniture and Equipment,Childrens & Educational Services
Arts & Leisure Services  ,,,30.00,16.04.2018,Services to People,,09.03.2018,GPC03180000254,Stockport MBC,JUMP HEAVEN ONLINE,Publicity and Promotion,Childrens & Educational Services
Catering Food & Beverages ,,,143.83,16.04.2018,Services to People,,10.03.2018,GPC03180000255,Stockport MBC,TESCO STORES 3378,Catering Supplies,Childrens & Educational Services
Social Community Care Supplies & Services  ,,,21.98,16.04.2018,Services to People,,07.03.2018,GPC03180000256,Stockport MBC,AMAZON EU,Care Payments,Childrens & Educational Services
Catering Food & Beverages ,,,20.00,16.04.2018,Services to People,,06.03.2018,GPC03180000257,Stockport MBC,PARENTPAY E-COM R,Catering Supplies,Childrens & Educational Services
Catering Food & Beverages ,,,150.00,16.04.2018,Services to People,,06.03.2018,GPC03180000258,Stockport MBC,SCHOOLGATEWAY.COM,Catering Supplies,Childrens & Educational Services
Catering Food & Beverages ,,,109.19,16.04.2018,Services to People,,06.03.2018,GPC03180000259,Stockport MBC,TESCO STORES 3378,Catering Supplies,Childrens & Educational Services
Social Community Care Supplies & Services  ,,,11.98,16.04.2018,Services to People,,02.03.2018,GPC03180000260,Stockport MBC,AMZ MEDISUPPLIES,Care Payments,Childrens & Educational Services
Human Resources Travel & Subsistence ,,,3.50,16.04.2018,Services to People,,28.03.2018,GPC03180000261,Stockport MBC,STOCKPORT NHS FOUNDATI,Mileage Claims /Allowances,Adult Social Care
Human Resources Travel & Subsistence ,,,3.50,16.04.2018,Services to People,,14.03.2018,GPC03180000262,Stockport MBC,STOCKPORT NHS FOUNDATI,Mileage Claims /Allowances,Adult Social Care
Human Resources Travel & Subsistence ,,,5.50,16.04.2018,Services to People,,09.03.2018,GPC03180000263,Stockport MBC,STOCKPORT NHS FOUNDATI,Mileage Claims /Allowances,Adult Social Care
Human Resources Travel & Subsistence ,,,12.20,16.04.2018,Services to People,,08.03.2018,GPC03180000264,Stockport MBC,STOCKPORT STN SST,Travelling Expenses,Adult Social Care
Human Resources Travel & Subsistence ,,,3.50,16.04.2018,Services to People,,02.03.2018,GPC03180000265,Stockport MBC,STOCKPORT NHS FOUNDATI,Mileage Claims /Allowances,Adult Social Care
Environmental Services Technical Equipment ,,,43.99,16.04.2018,Services to People,,28.03.2018,GPC03180000266,Stockport MBC,ARGOS RETAIL GROUP,Furniture and Equipment,Childrens & Educational Services
Human Resources Training & Conferences ,,,90.00,16.04.2018,Services to People,,05.03.2018,GPC03180000267,Stockport MBC,WWW.UCLAN.AU.UK,Fees and Charges,Adult Social Care
Human Resources Training & Conferences ,,,90.00,16.04.2018,Services to People,,05.03.2018,GPC03180000268,Stockport MBC,WWW.UCLAN.AU.UK,Fees and Charges,Adult Social Care
Human Resources Training & Conferences ,,,90.00,16.04.2018,Services to People,,05.03.2018,GPC03180000269,Stockport MBC,WWW.UCLAN.AU.UK,Fees and Charges,Adult Social Care
Human Resources Travel & Subsistence ,,,29.40,16.04.2018,Services to People,,26.03.2018,GPC03180000270,Stockport MBC,LUL TICKET MACHINE,Travelling Expenses,Childrens & Educational Services
Facilities & Management Services  ,,,133.71,16.04.2018,Corporate and Support Services,,31.03.2018,GPC03180000271,Stockport MBC,FACEBK VNW7HF2VH2,Publicity and Promotion,Central Support Costs
Facilities & Management Services  ,,,6.36,16.04.2018,Corporate and Support Services,,31.03.2018,GPC03180000272,Stockport MBC,FACEBK XNW7HF2VH2,Publicity and Promotion,Central Support Costs
Information Communication Technology  ,,,10.71,16.04.2018,Corporate and Support Services,,01.04.2018,GPC03180000273,Stockport MBC,CHARGE.ELASTIC.CO,Information and Communications Technology,Central Support Costs
Facilities & Management Services  ,,,18.98,16.04.2018,Corporate and Support Services,,29.03.2018,GPC03180000274,Stockport MBC,FACEBK 74FT8FSUH2,Publicity and Promotion,Central Support Costs
Information Communication Technology  ,,,149.74,16.04.2018,Corporate and Support Services,,28.03.2018,GPC03180000275,Stockport MBC,GITHUB.COM  AQ5H3,Information and Communications Technology,Central Support Costs
Facilities & Management Services  ,,,581.02,16.04.2018,Corporate and Support Services,,29.03.2018,GPC03180000276,Stockport MBC,FACEBK 64FT8FSUH2,Publicity and Promotion,Central Support Costs
Environmental Services Technical Equipment ,,,39.77,16.04.2018,Corporate and Support Services,,22.03.2018,GPC03180000277,Stockport MBC,AMAZON EU,Furniture and Equipment,Central Support Costs
Information Communication Technology  ,,,9.39,16.04.2018,Corporate and Support Services,,19.03.2018,GPC03180000278,Stockport MBC,FASTHOSTS INTERNET,Information and Communications Technology,Central Support Costs
Information Communication Technology  ,,,8.91,16.04.2018,Corporate and Support Services,,13.03.2018,GPC03180000279,Stockport MBC,AUTH0.COM,Information and Communications Technology,Central Support Costs
Information Communication Technology  ,,,705.82,16.04.2018,Corporate and Support Services,,10.03.2018,GPC03180000280,Stockport MBC,WWW.CONTENTFUL.COM,Information and Communications Technology,Central Support Costs
Information Communication Technology  ,,,44.86,16.04.2018,Corporate and Support Services,,05.03.2018,GPC03180000281,Stockport MBC,AUTH0.COM,Information and Communications Technology,Central Support Costs
Information Communication Technology  ,,,39.63,16.04.2018,Corporate and Support Services,,02.03.2018,GPC03180000282,Stockport MBC,CHARGE.ELASTIC.CO,Information and Communications Technology,Central Support Costs
Information Communication Technology  ,,,658.78,16.04.2018,Corporate and Support Services,,03.03.2018,GPC03180000283,Stockport MBC,AMAZON MKTPLACE PMTS,Information and Communications Technology,Central Support Costs
Education Library Books ,,,7.98,16.04.2018,Corporate and Support Services,,14.03.2018,GPC03180000284,Stockport MBC,AMAZON EU,Library Equipment,Cultural & Related Services
Education Library Books ,,,116.85,16.04.2018,Corporate and Support Services,,13.03.2018,GPC03180000285,Stockport MBC,AMAZON EU,Library Equipment,Cultural & Related Services
Education Library Books ,,,12.79,16.04.2018,Corporate and Support Services,,12.03.2018,GPC03180000286,Stockport MBC,AMAZON UK MARKETPLACE,Library Equipment,Cultural & Related Services
Education Library Books ,,,7.34,16.04.2018,Corporate and Support Services,,12.03.2018,GPC03180000287,Stockport MBC,AMAZON UK MARKETPLACE,Library Equipment,Cultural & Related Services
Education Library Books ,,,19.15,16.04.2018,Corporate and Support Services,,12.03.2018,GPC03180000288,Stockport MBC,WWW.GENFAIR.CO.UK,Library Equipment,Cultural & Related Services
Arts & Leisure Services  ,,,67.50,16.04.2018,Corporate and Support Services,,08.03.2018,GPC03180000289,Stockport MBC,EB  SOCIETY OF CHIEF L,Publicity and Promotion,Cultural & Related Services
Catering Food & Beverages ,,,23.98,16.04.2018,Services to People,,28.03.2018,GPC03180000290,Stockport MBC,ALDI 2 773,Catering Supplies,Childrens & Educational Services
Human Resources  ,,,190.00,16.04.2018,Services to People,,19.03.2018,GPC03180000291,Stockport MBC,EB  SUPPORTING DEAF ST,Staff Training,Childrens & Educational Services
Social Community Care Supplies & Services  ,,,59.40,16.04.2018,Services to People,,15.03.2018,GPC03180000292,Stockport MBC,PARK INN NOTTINGHAM,Care Payments,Childrens & Educational Services
Human Resources Travel & Subsistence ,,,37.50,16.04.2018,Services to People,,14.03.2018,GPC03180000293,Stockport MBC,TRAINLINE,Travelling Expenses,Childrens & Educational Services
Stationery    ,,,25.42,16.04.2018,Services to People,,08.03.2018,GPC03180000294,Stockport MBC,AMAZON UK MARKETPLACE,Office Expenses,Childrens & Educational Services
Stationery    ,,,2.25,16.04.2018,Services to People,,07.03.2018,GPC03180000295,Stockport MBC,AMAZON UK MARKETPLACE,Office Expenses,Childrens & Educational Services
Stationery    ,,,14.50,16.04.2018,Services to People,,07.03.2018,GPC03180000296,Stockport MBC,AMAZON UK MARKETPLACE,Office Expenses,Childrens & Educational Services
Education Library Books ,,,220.07,16.04.2018,Services to People,,21.03.2018,GPC03180000297,Stockport MBC,MIMEO,Library Equipment,Childrens & Educational Services
Environmental Services Technical Equipment ,,,117.49,16.04.2018,Services to People,,21.03.2018,GPC03180000298,Stockport MBC,AMAZON EU,Furniture and Equipment,Childrens & Educational Services
Environmental Services Technical Equipment ,,,85.95,16.04.2018,Corporate and Support Services,,28.03.2018,GPC03180000299,Stockport MBC,WWW.TOGGLER-UK.COM,Furniture and Equipment,Central Support Costs
Environmental Services Technical Equipment ,,,339.69,16.04.2018,Corporate and Support Services,,27.03.2018,GPC03180000300,Stockport MBC,THE REPLACE BASE LTD,Furniture and Equipment,Central Support Costs
Environmental Services Technical Equipment ,,,29.08,16.04.2018,Corporate and Support Services,,02.03.2018,GPC03180000301,Stockport MBC,THE REPLACE BASE LTD,Furniture and Equipment,Central Support Costs
Human Resources  ,,,378.00,16.04.2018,Services to Place,,29.03.2018,GPC03180000302,Stockport MBC,CIEH,Staff Training,Housing (General Fund) Services
Human Resources  ,,,578.00,16.04.2018,Services to Place,,27.03.2018,GPC03180000303,Stockport MBC,CIEH,Staff Training,Environmental & Regulatory Services
Human Resources Travel & Subsistence ,,,18.75,16.04.2018,Corporate and Support Services,,22.03.2018,GPC03180000304,Stockport MBC,TRAINLINE,Travelling Expenses,Corporate & Democratic Core
Human Resources  ,,,90.00,16.04.2018,Services to Place,,21.03.2018,GPC03180000305,Stockport MBC,CITB,Staff Training,Highways & Transport Services
Human Resources Travel & Subsistence ,,,8.75,16.04.2018,Corporate and Support Services,,21.03.2018,GPC03180000306,Stockport MBC,TRAINLINE,Travelling Expenses,Corporate & Democratic Core
Human Resources Travel & Subsistence ,,,58.20,16.04.2018,Corporate and Support Services,,15.03.2018,GPC03180000307,Stockport MBC,TRAINLINE,Travelling Expenses,Central Support Costs
Human Resources Travel & Subsistence ,,,220.20,16.04.2018,Services to Place,,15.03.2018,GPC03180000308,Stockport MBC,TRAINLINE,Travelling Expenses,Highways & Transport Services
Human Resources  ,,,136.50,16.04.2018,Services to Place,,13.03.2018,GPC03180000309,Stockport MBC,VUE NCS CITB HS&E TEST,Staff Training,Highways & Transport Services
Human Resources Travel & Subsistence ,,,190.95,16.04.2018,Corporate and Support Services,,12.03.2018,GPC03180000310,Stockport MBC,TRAINLINE,Travelling Expenses,Corporate & Democratic Core
Human Resources Travel & Subsistence ,,,311.30,16.04.2018,Corporate and Support Services,,09.03.2018,GPC03180000311,Stockport MBC,TRAINLINE,Travelling Expenses,Central Support Costs
Human Resources Travel & Subsistence ,,,157.20,16.04.2018,Corporate and Support Services,,09.03.2018,GPC03180000312,Stockport MBC,TRAINLINE,Travelling Expenses,Central Support Costs
Human Resources Travel & Subsistence ,,,157.20,16.04.2018,Corporate and Support Services,,09.03.2018,GPC03180000313,Stockport MBC,TRAINLINE,Travelling Expenses,Central Support Costs
Human Resources Travel & Subsistence ,,,25.05,16.04.2018,Corporate and Support Services,,09.03.2018,GPC03180000314,Stockport MBC,TRAINLINE,Travelling Expenses,Cultural & Related Services
Human Resources Travel & Subsistence ,,,6.65,16.04.2018,Corporate and Support Services,,08.03.2018,GPC03180000315,Stockport MBC,TRAINLINE,Travelling Expenses,Central Support Costs
Human Resources Travel & Subsistence ,,,16.15,16.04.2018,Services to Place,,08.03.2018,GPC03180000316,Stockport MBC,TRAINLINE,Travelling Expenses,Highways & Transport Services
Human Resources Travel & Subsistence ,,,35.25,16.04.2018,Services to Place,,08.03.2018,GPC03180000317,Stockport MBC,TRAINLINE,Travelling Expenses,Highways & Transport Services
Human Resources Travel & Subsistence ,,,-162.60,16.04.2018,Corporate and Support Services,,08.03.2018,GPC03180000318,Stockport MBC,TRAINLINE,Travelling Expenses,Cultural & Related Services
Human Resources Travel & Subsistence ,,,161.50,16.04.2018,Services to Place,,05.03.2018,GPC03180000319,Stockport MBC,TRAINLINE,Travelling Expenses,Highways & Transport Services
Human Resources Travel & Subsistence ,,,18.65,16.04.2018,Services to Place,,05.03.2018,GPC03180000320,Stockport MBC,TRAINLINE,Travelling Expenses,Highways & Transport Services
Human Resources Travel & Subsistence ,,,7.35,16.04.2018,Corporate and Support Services,,05.03.2018,GPC03180000321,Stockport MBC,TRAINLINE,Travelling Expenses,Cultural & Related Services
Human Resources Travel & Subsistence ,,,187.20,16.04.2018,Corporate and Support Services,,05.03.2018,GPC03180000322,Stockport MBC,TRAINLINE,Travelling Expenses,Central Support Costs
Human Resources Travel & Subsistence ,,,594.10,16.04.2018,Corporate and Support Services,,05.03.2018,GPC03180000323,Stockport MBC,TRAINLINE,Travelling Expenses,Central Support Costs
Human Resources Travel & Subsistence ,,,83.90,16.04.2018,Services to Place,,05.03.2018,GPC03180000324,Stockport MBC,TRAINLINE,Travelling Expenses,Highways & Transport Services
Human Resources Travel & Subsistence ,,,161.50,16.04.2018,Services to Place,,05.03.2018,GPC03180000325,Stockport MBC,TRAINLINE,Travelling Expenses,Highways & Transport Services
Human Resources Travel & Subsistence ,,,161.50,16.04.2018,Services to Place,,05.03.2018,GPC03180000326,Stockport MBC,TRAINLINE,Travelling Expenses,Highways & Transport Services
Human Resources Travel & Subsistence ,,,83.80,16.04.2018,Corporate and Support Services,,05.03.2018,GPC03180000327,Stockport MBC,TRAINLINE,Travelling Expenses,Central Support Costs
Human Resources Travel & Subsistence ,,,177.10,16.04.2018,Corporate and Support Services,,05.03.2018,GPC03180000328,Stockport MBC,TRAINLINE,Travelling Expenses,Planning Services
Human Resources Travel & Subsistence ,,,161.50,16.04.2018,Services to Place,,05.03.2018,GPC03180000329,Stockport MBC,TRAINLINE,Travelling Expenses,Highways & Transport Services
Human Resources Travel & Subsistence ,,,37.50,16.04.2018,Corporate and Support Services,,05.03.2018,GPC03180000330,Stockport MBC,TRAINLINE,Travelling Expenses,Central Support Costs
Adult Social Care,,,23.37,16.04.2018,Services to People,,01.04.2018,GPC03180000331,Stockport MBC,APPNA CASH & CARRY (MA,Catering Supplies,Adult Social Care
