Purpose of Expenditure,Purchase Date,Net Amount (£),Supplier (Beneficiary),Transaction Number,Unnamed: 11,Settlement Date,Procurement (Merchant) Category,Service Category Label,Department where exp. Incurred,Unnamed: 10,Organisation Name
Travelling Expenses,28.02.2018,12.77,GO METRO SCHUMANN,GPC02180000001,,16.03.2018,Human Resources Travel & Subsistence ,Central Support Costs,Services to People,,Stockport MBC
Expenses and Allowances,27.02.2018,10.89,NH BRUSSELS CITY CENTR,GPC02180000002,,16.03.2018,Human Resources Travel & Subsistence ,Central Support Costs,Services to People,,Stockport MBC
Expenses and Allowances,27.02.2018,37.79,L'ATRO MONDO,GPC02180000003,,16.03.2018,Human Resources Travel & Subsistence ,Central Support Costs,Services to People,,Stockport MBC
Expenses and Allowances,26.02.2018,24.07,L'ATRO MONDO,GPC02180000004,,16.03.2018,Human Resources Travel & Subsistence ,Central Support Costs,Services to People,,Stockport MBC
Travelling Expenses,25.02.2018,12.90,GUIDE BRIDGE SST,GPC02180000005,,16.03.2018,Human Resources Travel & Subsistence ,Central Support Costs,Services to People,,Stockport MBC
Expenses and Allowances,25.02.2018,21.84,IL GALLO NERO,GPC02180000006,,16.03.2018,Human Resources Travel & Subsistence ,Central Support Costs,Services to People,,Stockport MBC
Travelling Expenses,23.02.2018,16.38,SNCB-NMBS INTERNET NA,GPC02180000007,,16.03.2018,Human Resources Travel & Subsistence ,Central Support Costs,Services to People,,Stockport MBC
Travelling Expenses,25.02.2018,4.10,GO SURFACE BRUSSELS A,GPC02180000008,,16.03.2018,Human Resources Travel & Subsistence ,Central Support Costs,Services to People,,Stockport MBC
Travelling Expenses,05.02.2018,8.00,HADFIELD STN TO,GPC02180000009,,16.03.2018,Human Resources Travel & Subsistence ,Central Support Costs,Services to People,,Stockport MBC
Expenses and Allowances,23.02.2018,172.90,DOUBLETREE,GPC02180000010,,16.03.2018,Human Resources Travel & Subsistence ,Central Services to the public,Corporate and Support Services,,Stockport MBC
Expenses and Allowances,23.02.2018,172.90,DOUBLETREE,GPC02180000011,,16.03.2018,Human Resources Travel & Subsistence ,Central Services to the public,Corporate and Support Services,,Stockport MBC
Publicity and Promotion,28.02.2018,43.25,FACEBK LTXE5FELG2,GPC02180000012,,16.03.2018,Facilities & Management Services  ,Central Support Costs,Corporate and Support Services,,Stockport MBC
Publicity and Promotion,28.02.2018,196.61,FACEBK WLRURE2UU2,GPC02180000013,,16.03.2018,Facilities & Management Services  ,Central Support Costs,Corporate and Support Services,,Stockport MBC
Publicity and Promotion,28.02.2018,6.15,FACEBK YLRURE2UU2,GPC02180000014,,16.03.2018,Facilities & Management Services  ,Central Support Costs,Corporate and Support Services,,Stockport MBC
Publicity and Promotion,28.02.2018,421.72,FACEBK CTXE5FELG2,GPC02180000015,,16.03.2018,Facilities & Management Services  ,Central Support Costs,Corporate and Support Services,,Stockport MBC
Catering Supplies,26.02.2018,49.67,ASDA STORES 4840,GPC02180000016,,16.03.2018,Catering Food & Beverages ,Childrens & Educational Services,Services to People,,Stockport MBC
Catering Supplies,16.02.2018,4.35,ASDA STORES 4840,GPC02180000017,,16.03.2018,Catering Food & Beverages ,Childrens & Educational Services,Services to People,,Stockport MBC
Catering Supplies,15.02.2018,20.79,ASDA STORES 4840,GPC02180000018,,16.03.2018,Catering Food & Beverages ,Childrens & Educational Services,Services to People,,Stockport MBC
Catering Supplies,14.02.2018,12.72,ASDA STORES 4840,GPC02180000019,,16.03.2018,Catering Food & Beverages ,Childrens & Educational Services,Services to People,,Stockport MBC
Catering Supplies,13.02.2018,9.84,ASDA STORES 4840,GPC02180000020,,16.03.2018,Catering Food & Beverages ,Childrens & Educational Services,Services to People,,Stockport MBC
Catering Supplies,12.02.2018,25.77,ASDA STORES 4840,GPC02180000021,,16.03.2018,Catering Food & Beverages ,Childrens & Educational Services,Services to People,,Stockport MBC
Catering Supplies,09.02.2018,7.53,ASDA STORES 4840,GPC02180000022,,16.03.2018,Catering Food & Beverages ,Childrens & Educational Services,Services to People,,Stockport MBC
Catering Supplies,11.02.2018,3.04,WM MORRISONS,GPC02180000023,,16.03.2018,Catering Food & Beverages ,Childrens & Educational Services,Services to People,,Stockport MBC
Catering Supplies,08.02.2018,16.10,ASDA STORES 4840,GPC02180000024,,16.03.2018,Catering Food & Beverages ,Childrens & Educational Services,Services to People,,Stockport MBC
Catering Supplies,07.02.2018,15.29,ASDA STORES 4840,GPC02180000025,,16.03.2018,Catering Food & Beverages ,Childrens & Educational Services,Services to People,,Stockport MBC
Catering Supplies,06.02.2018,5.10,ASDA STORES 4840,GPC02180000026,,16.03.2018,Catering Food & Beverages ,Childrens & Educational Services,Services to People,,Stockport MBC
Catering Supplies,05.02.2018,29.66,ASDA STORES 4840,GPC02180000027,,16.03.2018,Catering Food & Beverages ,Childrens & Educational Services,Services to People,,Stockport MBC
Catering Supplies,02.02.2018,12.92,ASDA STORES 4840,GPC02180000028,,16.03.2018,Catering Food & Beverages ,Childrens & Educational Services,Services to People,,Stockport MBC
Travelling Expenses,22.02.2018,2.95,STOCKPORT STN SST,GPC02180000029,,16.03.2018,Human Resources Travel & Subsistence ,Childrens & Educational Services,Services to People,,Stockport MBC
Travelling Expenses,02.02.2018,9.80,Q PARK FIRST STREET A,GPC02180000030,,16.03.2018,Human Resources Travel & Subsistence ,Childrens & Educational Services,Services to People,,Stockport MBC
Travelling Expenses,01.02.2018,3.55,STOCKPORT STN SST,GPC02180000031,,16.03.2018,Human Resources Travel & Subsistence ,Childrens & Educational Services,Services to People,,Stockport MBC
Staff Training,20.02.2018,285.00,WESTMINSTER INSIGHT,GPC02180000032,,16.03.2018,Human Resources  ,Childrens & Educational Services,Services to People,,Stockport MBC
Staff Training,09.02.2018,245.00,EB  THE TDT CAREER PRO,GPC02180000033,,16.03.2018,Human Resources  ,Childrens & Educational Services,Services to People,,Stockport MBC
Travelling Expenses,05.02.2018,24.75,TRAINLINE,GPC02180000034,,16.03.2018,Human Resources Travel & Subsistence ,Childrens & Educational Services,Services to People,,Stockport MBC
Staff Training,01.03.2018,360.00,WWW.BREATHWORKS-MINDFU,GPC02180000035,,16.03.2018,Human Resources  ,Childrens & Educational Services,Services to People,,Stockport MBC
Information and Communications Technology,28.02.2018,34.99,CBA PARALLELS,GPC02180000036,,16.03.2018,Information Communication Technology  ,Childrens & Educational Services,Services to People,,Stockport MBC
Travelling Expenses,23.02.2018,11.20,CMT UK LTD TAXI FARE,GPC02180000037,,16.03.2018,Human Resources Travel & Subsistence ,Childrens & Educational Services,Services to People,,Stockport MBC
Travelling Expenses,21.02.2018,268.00,PREMIER INN44528260,GPC02180000038,,16.03.2018,Human Resources Travel & Subsistence ,Childrens & Educational Services,Services to People,,Stockport MBC
Travelling Expenses,21.02.2018,22.20,TAXI FARE BY VERIFONE,GPC02180000039,,16.03.2018,Human Resources Travel & Subsistence ,Childrens & Educational Services,Services to People,,Stockport MBC
Travelling Expenses,20.02.2018,148.40,TRAINLINE,GPC02180000040,,16.03.2018,Human Resources Travel & Subsistence ,Childrens & Educational Services,Services to People,,Stockport MBC
Printing and Photocopying,08.02.2018,87.00,PRINTMYTICKETS.CO.,GPC02180000041,,16.03.2018,Facilities & Management Services Printing ,Childrens & Educational Services,Services to People,,Stockport MBC
Publicity and Promotion,28.02.2018,103.72,FACEBK EHNW4FSSK2,GPC02180000042,,16.03.2018,Facilities & Management Services  ,Childrens & Educational Services,Services to People,,Stockport MBC
Publicity and Promotion,28.02.2018,500.00,GOOGLE  ADWS8179771860,GPC02180000043,,16.03.2018,Facilities & Management Services  ,Childrens & Educational Services,Services to People,,Stockport MBC
Publicity and Promotion,23.02.2018,20.00,TWITTER ONLINE ADS,GPC02180000044,,16.03.2018,Facilities & Management Services  ,Childrens & Educational Services,Services to People,,Stockport MBC
Publicity and Promotion,21.02.2018,500.00,GOOGLE  ADWS8179771860,GPC02180000045,,16.03.2018,Facilities & Management Services  ,Childrens & Educational Services,Services to People,,Stockport MBC
Travelling Expenses,20.02.2018,-10.00,TRAINLINE,GPC02180000046,,16.03.2018,Human Resources Travel & Subsistence ,Childrens & Educational Services,Services to People,,Stockport MBC
Travelling Expenses,20.02.2018,"1,353.50",TRAINLINE,GPC02180000047,,16.03.2018,Human Resources Travel & Subsistence ,Childrens & Educational Services,Services to People,,Stockport MBC
Travelling Expenses,19.02.2018,22.35,TRAINLINE,GPC02180000048,,16.03.2018,Human Resources Travel & Subsistence ,Childrens & Educational Services,Services to People,,Stockport MBC
Publicity and Promotion,16.02.2018,24.42,TWITTER ONLINE ADS,GPC02180000049,,16.03.2018,Facilities & Management Services  ,Childrens & Educational Services,Services to People,,Stockport MBC
Publicity and Promotion,09.02.2018,60.00,TWITTER ONLINE ADS,GPC02180000050,,16.03.2018,Facilities & Management Services  ,Childrens & Educational Services,Services to People,,Stockport MBC
Travelling Expenses,09.02.2018,117.00,TRAINLINE,GPC02180000051,,16.03.2018,Human Resources Travel & Subsistence ,Childrens & Educational Services,Services to People,,Stockport MBC
Travelling Expenses,09.02.2018,13.05,TRAINLINE,GPC02180000052,,16.03.2018,Human Resources Travel & Subsistence ,Childrens & Educational Services,Services to People,,Stockport MBC
Travelling Expenses,10.02.2018,500.00,GOOGLE  ADWS8179771860,GPC02180000053,,16.03.2018,Human Resources Travel & Subsistence ,Childrens & Educational Services,Services to People,,Stockport MBC
Travelling Expenses,02.02.2018,20.00,TWITTER ONLINE ADS,GPC02180000054,,16.03.2018,Human Resources Travel & Subsistence ,Childrens & Educational Services,Services to People,,Stockport MBC
Travelling Expenses,28.02.2018,13.70,PP METROTAXISL,GPC02180000055,,16.03.2018,Human Resources Travel & Subsistence ,Childrens & Educational Services,Services to People,,Stockport MBC
Travelling Expenses,27.02.2018,14.70,HEATON CHAPEL SST,GPC02180000056,,16.03.2018,Human Resources Travel & Subsistence ,Childrens & Educational Services,Services to People,,Stockport MBC
Travelling Expenses,21.02.2018,4.10,HEATON CHAPEL SST,GPC02180000057,,16.03.2018,Human Resources Travel & Subsistence ,Childrens & Educational Services,Services to People,,Stockport MBC
Travelling Expenses,05.02.2018,7.00,Q PARK PICCADILLY PLAC,GPC02180000058,,16.03.2018,Human Resources Travel & Subsistence ,Childrens & Educational Services,Services to People,,Stockport MBC
Travelling Expenses,02.02.2018,24.00,NCP LIMITED,GPC02180000059,,16.03.2018,Human Resources Travel & Subsistence ,Childrens & Educational Services,Services to People,,Stockport MBC
Travelling Expenses,20.02.2018,202.00,VIRGIN TRAINS,GPC02180000060,,16.03.2018,Human Resources Travel & Subsistence ,Childrens & Educational Services,Services to People,,Stockport MBC
Travelling Expenses,13.02.2018,6.50,NCP MAN LTD - MJV,GPC02180000061,,16.03.2018,Human Resources Travel & Subsistence ,Central Support Costs,Services to Place,,Stockport MBC
Travelling Expenses,02.02.2018,6.10,WEST COAST TRAINS - EN,GPC02180000062,,16.03.2018,Human Resources Travel & Subsistence ,Central Support Costs,Services to Place,,Stockport MBC
Fees and Charges,12.02.2018,27.80,LIGHT CINEMAS LTD,GPC02180000063,,16.03.2018,Education  ,Childrens & Educational Services,Services to People,,Stockport MBC
Fees and Charges,08.02.2018,27.05,SPEEDWELL CAVERN LTD,GPC02180000064,,16.03.2018,Education  ,Childrens & Educational Services,Services to People,,Stockport MBC
Catering Supplies,08.02.2018,3.55,W M MORRISON PLC,GPC02180000065,,16.03.2018,Catering Food & Beverages ,Childrens & Educational Services,Services to People,,Stockport MBC
Furniture and Equipment,07.02.2018,11.98,AMAZON UK MARKETPLACE,GPC02180000066,,16.03.2018,Environmental Services Technical Equipment ,Childrens & Educational Services,Services to People,,Stockport MBC
Catering Supplies,07.02.2018,34.00,TESCO DIRECT,GPC02180000067,,16.03.2018,Catering Food & Beverages ,Childrens & Educational Services,Services to People,,Stockport MBC
Catering Supplies,06.02.2018,70.02,W M MORRISON PLC,GPC02180000068,,16.03.2018,Catering Food & Beverages ,Childrens & Educational Services,Services to People,,Stockport MBC
Catering Supplies,05.02.2018,14.27,W M MORRISON PLC,GPC02180000069,,16.03.2018,Catering Food & Beverages ,Childrens & Educational Services,Services to People,,Stockport MBC
Fees and Charges,13.02.2018,147.00,TVLICENSING.CO.UK,GPC02180000070,,16.03.2018,Facilities & Management Services  ,Childrens & Educational Services,Services to People,,Stockport MBC
Fees and Charges,14.02.2018,81.00,CINEWORLD MAN AT,GPC02180000071,,16.03.2018,Education  ,Childrens & Educational Services,Services to People,,Stockport MBC
Fees and Charges,14.02.2018,5.40,CINEWORLD MAN CP,GPC02180000072,,16.03.2018,Education  ,Childrens & Educational Services,Services to People,,Stockport MBC
Catering Supplies,14.02.2018,34.18,W M MORRISON PLC,GPC02180000073,,16.03.2018,Catering Food & Beverages ,Childrens & Educational Services,Services to People,,Stockport MBC
Catering Supplies,14.02.2018,1.28,W M MORRISON PLC,GPC02180000074,,16.03.2018,Catering Food & Beverages ,Childrens & Educational Services,Services to People,,Stockport MBC
Catering Supplies,13.02.2018,6.56,W M MORRISON PLC,GPC02180000075,,16.03.2018,Catering Food & Beverages ,Childrens & Educational Services,Services to People,,Stockport MBC
Furniture and Equipment,13.02.2018,10.00,TERRYS FABRIC WARE,GPC02180000076,,16.03.2018,Environmental Services Technical Equipment ,Childrens & Educational Services,Services to People,,Stockport MBC
Furniture and Equipment,27.02.2018,73.65,WWW.UKWRISTBANDS.COM,GPC02180000077,,16.03.2018,Environmental Services Technical Equipment ,Corporate & Democratic Core,Corporate and Support Services,,Stockport MBC
Information and Communications Technology,14.02.2018,49.95,AMAZON UK MARKETPLACE,GPC02180000078,,16.03.2018,Information Communication Technology  ,Corporate & Democratic Core,Corporate and Support Services,,Stockport MBC
Information and Communications Technology,14.02.2018,11.99,AMAZON UK MARKETPLACE,GPC02180000079,,16.03.2018,Information Communication Technology  ,Corporate & Democratic Core,Corporate and Support Services,,Stockport MBC
Office Expenses,09.02.2018,83.25,WWW.SHAWS.CO.UK,GPC02180000080,,16.03.2018,Stationery    ,Corporate & Democratic Core,Corporate and Support Services,,Stockport MBC
Legal Fees,27.02.2018,10.00,STOCKPORT M B C,GPC02180000081,,16.03.2018,Legal Services  ,Central Support Costs,Corporate and Support Services,,Stockport MBC
Fees and Charges,26.02.2018,364.00,CHARTERED INST OF LEGA,GPC02180000082,,16.03.2018,Financial Services  ,Central Support Costs,Corporate and Support Services,,Stockport MBC
Staff Training,16.02.2018,912.00,WWW.PMGLTD.CO.UK,GPC02180000083,,16.03.2018,Human Resources  ,Corporate & Democratic Core,Corporate and Support Services,,Stockport MBC
Staff Training,05.02.2018,108.00,MANCHESTER LAW SOCIETY,GPC02180000084,,16.03.2018,Human Resources  ,Central Support Costs,Corporate and Support Services,,Stockport MBC
Library Equipment,05.02.2018,122.95,BLOOMSBURY PUBLISH,GPC02180000085,,16.03.2018,Education Library Books ,Central Support Costs,Corporate and Support Services,,Stockport MBC
Third party payments - Public Sector,19.02.2018,19.99,AMAZON EU AMAZON.CO.UK,GPC02180000086,,16.03.2018,Financial Services Subscriptions ,Central Services to the public,Corporate and Support Services,,Stockport MBC
Travelling Expenses,22.02.2018,23.40,FTPE WEBTIS 1,GPC02180000087,,16.03.2018,Human Resources Travel & Subsistence ,Public Health,Services to People,,Stockport MBC
Travelling Expenses,21.02.2018,23.40,FTPE WEBTIS 1,GPC02180000088,,16.03.2018,Human Resources Travel & Subsistence ,Public Health,Services to People,,Stockport MBC
Office Expenses,15.02.2018,-10.72,WWW.THE-BEADSHOP.UK,GPC02180000089,,16.03.2018,Stationery    ,Public Health,Services to People,,Stockport MBC
Office Expenses,12.02.2018,189.02,WWW.THE-BEADSHOP.UK,GPC02180000090,,16.03.2018,Stationery    ,Public Health,Services to People,,Stockport MBC
Catering Supplies,10.02.2018,3.39,BOOKERECOMM,GPC02180000091,,16.03.2018,Catering Food & Beverages ,Childrens & Educational Services,Services to People,,Stockport MBC
Catering Supplies,01.03.2018,39.42,W M MORRISON PLC,GPC02180000092,,16.03.2018,Catering Food & Beverages ,Childrens & Educational Services,Services to People,,Stockport MBC
Catering Supplies,16.02.2018,60.73,W M MORRISON PLC,GPC02180000093,,16.03.2018,Catering Food & Beverages ,Childrens & Educational Services,Services to People,,Stockport MBC
Furniture and Equipment,14.02.2018,18.99,OSCARS CHEADLE HULME,GPC02180000094,,16.03.2018,Environmental Services Technical Equipment ,Childrens & Educational Services,Services to People,,Stockport MBC
Catering Supplies,12.02.2018,11.17,W M MORRISON PLC,GPC02180000095,,16.03.2018,Catering Food & Beverages ,Childrens & Educational Services,Services to People,,Stockport MBC
Office Expenses,14.02.2018,249.00,FP LTD,GPC02180000096,,16.03.2018,Mail Services   ,Childrens & Educational Services,Services to People,,Stockport MBC
Office Expenses,13.02.2018,120.00,FRANCOTYP,GPC02180000097,,16.03.2018,Mail Services   ,Childrens & Educational Services,Services to People,,Stockport MBC
Office Expenses,13.02.2018,10.72,POST OFFICE COUNTER,GPC02180000098,,16.03.2018,Mail Services   ,Childrens & Educational Services,Services to People,,Stockport MBC
Furniture and Equipment,12.02.2018,150.00,WWW.CHEADLESKIPS.COM,GPC02180000099,,16.03.2018,Environmental Services Technical Equipment ,Childrens & Educational Services,Services to People,,Stockport MBC
Furniture and Equipment,09.02.2018,341.66,CURRYS ONLINE,GPC02180000100,,16.03.2018,Environmental Services Technical Equipment ,Childrens & Educational Services,Services to People,,Stockport MBC
Furniture and Equipment,08.02.2018,2.36,AMAZON SVCS EU-UK AMAZ,GPC02180000101,,16.03.2018,Environmental Services Technical Equipment ,Childrens & Educational Services,Services to People,,Stockport MBC
Library Equipment,20.02.2018,19.59,AMAZON EU AMAZON.CO.UK,GPC02180000102,,16.03.2018,Education Library Books ,Childrens & Educational Services,Services to People,,Stockport MBC
Furniture and Equipment,19.02.2018,1.89,AMAZON SVCS EU-UK AMAZ,GPC02180000103,,16.03.2018,Furniture & Soft Furnishings  ,Childrens & Educational Services,Services to People,,Stockport MBC
Furniture and Equipment,19.02.2018,5.92,AMAZON SVCS EU-UK AMAZ,GPC02180000104,,16.03.2018,Furniture & Soft Furnishings  ,Childrens & Educational Services,Services to People,,Stockport MBC
Furniture and Equipment,17.02.2018,3.69,AMAZON SVCS EU-UK AMAZ,GPC02180000105,,16.03.2018,Furniture & Soft Furnishings  ,Childrens & Educational Services,Services to People,,Stockport MBC
Furniture and Equipment,16.02.2018,2.99,AMAZON SVCS EU-UK AMAZ,GPC02180000106,,16.03.2018,Furniture & Soft Furnishings  ,Childrens & Educational Services,Services to People,,Stockport MBC
Furniture and Equipment,16.02.2018,1.50,AMAZON SVCS EU-UK AMAZ,GPC02180000107,,16.03.2018,Furniture & Soft Furnishings  ,Childrens & Educational Services,Services to People,,Stockport MBC
Furniture and Equipment,16.02.2018,2.25,AMAZON SVCS EU-UK AMAZ,GPC02180000108,,16.03.2018,Furniture & Soft Furnishings  ,Childrens & Educational Services,Services to People,,Stockport MBC
Library Equipment,13.02.2018,12.98,AMAZON EU,GPC02180000109,,16.03.2018,Education Library Books ,Childrens & Educational Services,Services to People,,Stockport MBC
Furniture and Equipment,13.02.2018,13.95,AMAZON SVCS EU-UK AMAZ,GPC02180000110,,16.03.2018,Furniture & Soft Furnishings  ,Childrens & Educational Services,Services to People,,Stockport MBC
Library Equipment,12.02.2018,14.97,AMAZON EU AMAZON.CO.UK,GPC02180000111,,16.03.2018,Education Library Books ,Childrens & Educational Services,Services to People,,Stockport MBC
Library Equipment,12.02.2018,119.00,MAGSUBCRIPTIONS COM,GPC02180000112,,16.03.2018,Education Library Books ,Childrens & Educational Services,Services to People,,Stockport MBC
Library Equipment,10.02.2018,4.99,AMAZON EU AMAZON.CO.UK,GPC02180000113,,16.03.2018,Education Library Books ,Childrens & Educational Services,Services to People,,Stockport MBC
Library Equipment,08.02.2018,27.94,AMAZON EU AMAZON.CO.UK,GPC02180000114,,16.03.2018,Education Library Books ,Childrens & Educational Services,Services to People,,Stockport MBC
Furniture and Equipment,09.02.2018,-409.99,CURRYS ONLINE,GPC02180000115,,16.03.2018,Environmental Services Technical Equipment ,Childrens & Educational Services,Services to People,,Stockport MBC
Furniture and Equipment,13.02.2018,75.42,WWW.MUDDYFACES.CO.UK,GPC02180000116,,16.03.2018,Environmental Services Technical Equipment ,Childrens & Educational Services,Services to People,,Stockport MBC
Furniture and Equipment,09.02.2018,341.66,CURRYS ONLINE,GPC02180000117,,16.03.2018,Environmental Services Technical Equipment ,Childrens & Educational Services,Services to People,,Stockport MBC
Furniture and Equipment,09.02.2018,341.66,CURRYS ONLINE,GPC02180000118,,16.03.2018,Environmental Services Technical Equipment ,Childrens & Educational Services,Services to People,,Stockport MBC
Furniture and Equipment,08.02.2018,76.69,WWW.KINGSMAID.CO.UK,GPC02180000119,,16.03.2018,Environmental Services Technical Equipment ,Childrens & Educational Services,Services to People,,Stockport MBC
Publicity and Promotion,19.02.2018,254.25,LOVE2SHOP.CO.UK,GPC02180000120,,16.03.2018,Facilities & Management Services  ,Public Health,Services to People,,Stockport MBC
Travelling Expenses,21.02.2018,39.90,TRAINLINE,GPC02180000121,,16.03.2018,Human Resources Travel & Subsistence ,Childrens & Educational Services,Services to People,,Stockport MBC
Travelling Expenses,20.02.2018,27.25,TRAINLINE,GPC02180000122,,16.03.2018,Human Resources Travel & Subsistence ,Childrens & Educational Services,Services to People,,Stockport MBC
Library Equipment,15.02.2018,24.84,AMAZON EU AMAZON.CO.UK,GPC02180000123,,16.03.2018,Education Library Books ,Childrens & Educational Services,Services to People,,Stockport MBC
Travelling Expenses,15.02.2018,375.50,TRAINLINE,GPC02180000124,,16.03.2018,Human Resources Travel & Subsistence ,Childrens & Educational Services,Services to People,,Stockport MBC
Travelling Expenses,14.02.2018,113.10,TRAINLINE,GPC02180000125,,16.03.2018,Human Resources Travel & Subsistence ,Childrens & Educational Services,Services to People,,Stockport MBC
Care Payments,13.02.2018,10.00,WWW.COVENTRY.GOV.UK,GPC02180000126,,16.03.2018,Social Community Care Supplies & Services  ,Childrens & Educational Services,Services to People,,Stockport MBC
Care Payments,13.02.2018,11.50,WWW.COVENTRY.GOV.UK,GPC02180000127,,16.03.2018,Social Community Care Supplies & Services  ,Childrens & Educational Services,Services to People,,Stockport MBC
Care Payments,12.02.2018,119.90,TRAINLINE,GPC02180000128,,16.03.2018,Social Community Care Supplies & Services  ,Childrens & Educational Services,Services to People,,Stockport MBC
Travelling Expenses,12.02.2018,18.35,TRAINLINE,GPC02180000129,,16.03.2018,Human Resources Travel & Subsistence ,Childrens & Educational Services,Services to People,,Stockport MBC
Care Payments,09.02.2018,-151.00,BRITANNIA HOTEL,GPC02180000130,,16.03.2018,Social Community Care Supplies & Services  ,Childrens & Educational Services,Services to People,,Stockport MBC
Staff Training,08.02.2018,90.99,PREMIER INN44016875,GPC02180000131,,16.03.2018,Human Resources  ,Childrens & Educational Services,Services to People,,Stockport MBC
Care Payments,09.02.2018,289.98,FLYBE.COM DTQEVC       0,GPC02180000132,,16.03.2018,Social Community Care Supplies & Services  ,Childrens & Educational Services,Services to People,,Stockport MBC
Care Payments,09.02.2018,151.00,BRITANNIA,GPC02180000133,,16.03.2018,Social Community Care Supplies & Services  ,Childrens & Educational Services,Services to People,,Stockport MBC
Care Payments,08.02.2018,30.00,WWW.STOCKPORT.GOV.UK,GPC02180000134,,16.03.2018,Social Community Care Supplies & Services  ,Childrens & Educational Services,Services to People,,Stockport MBC
Staff Training,08.02.2018,"1,026.50",TRAINLINE,GPC02180000135,,16.03.2018,Human Resources  ,Childrens & Educational Services,Services to People,,Stockport MBC
Travelling Expenses,08.02.2018,106.70,TRAINLINE,GPC02180000136,,16.03.2018,Human Resources Travel & Subsistence ,Childrens & Educational Services,Services to People,,Stockport MBC
Care Payments,08.02.2018,175.98,FLYBEDL86 DL86ZV,GPC02180000137,,16.03.2018,Social Community Care Supplies & Services  ,Childrens & Educational Services,Services to People,,Stockport MBC
Care Payments,08.02.2018,129.99,FLYBE.COM DLNMYE       0,GPC02180000138,,16.03.2018,Social Community Care Supplies & Services  ,Childrens & Educational Services,Services to People,,Stockport MBC
Care Payments,08.02.2018,283.98,FLYBE.COM DLLNKY       0,GPC02180000139,,16.03.2018,Social Community Care Supplies & Services  ,Childrens & Educational Services,Services to People,,Stockport MBC
Care Payments,08.02.2018,75.99,FLYBE.COM DLL45D       0,GPC02180000140,,16.03.2018,Social Community Care Supplies & Services  ,Childrens & Educational Services,Services to People,,Stockport MBC
Care Payments,07.02.2018,85.50,WWW.MANCHESTER.GOV.UK,GPC02180000141,,16.03.2018,Social Community Care Supplies & Services  ,Childrens & Educational Services,Services to People,,Stockport MBC
Care Payments,07.02.2018,67.50,BRITANNIA,GPC02180000142,,16.03.2018,Social Community Care Supplies & Services  ,Childrens & Educational Services,Services to People,,Stockport MBC
Care Payments,07.02.2018,46.00,IPS LIVERPOOL CONTACT,GPC02180000143,,16.03.2018,Social Community Care Supplies & Services  ,Childrens & Educational Services,Services to People,,Stockport MBC
Library Equipment,05.02.2018,15.00,PAYPAL  FREETESTCOM,GPC02180000144,,16.03.2018,Education Library Books ,Childrens & Educational Services,Services to People,,Stockport MBC
Information and Communications Technology,02.02.2018,196.58,EB  ISLAM CULTURE AMP,GPC02180000145,,16.03.2018,Information Communication Technology  ,Childrens & Educational Services,Services to People,,Stockport MBC
Leasing /Transport Hire,02.02.2018,55.70,AVIS RENT-A-CAR,GPC02180000146,,16.03.2018,Vehicle Management Leasing ,Childrens & Educational Services,Services to People,,Stockport MBC
Care Payments,12.01.2018,-27.75,GRO HM PASSPORT OFFICE,GPC02180000147,,16.03.2018,Social Community Care Supplies & Services  ,Childrens & Educational Services,Services to People,,Stockport MBC
Legal Fees,22.02.2018,75.00,HMCOURTS-SERVICE.G,GPC02180000148,,16.03.2018,Legal Services  ,Adult Social Care,Services to People,,Stockport MBC
Legal Fees,22.02.2018,75.00,HMCOURTS-SERVICE.G,GPC02180000149,,16.03.2018,Legal Services  ,Adult Social Care,Services to People,,Stockport MBC
Legal Fees,19.02.2018,75.00,HMCOURTS-SERVICE.G,GPC02180000150,,16.03.2018,Legal Services  ,Adult Social Care,Services to People,,Stockport MBC
Legal Fees,14.02.2018,75.00,HMCOURTS-SERVICE.G,GPC02180000151,,16.03.2018,Legal Services  ,Adult Social Care,Services to People,,Stockport MBC
Catering Supplies,26.02.2018,57.37,ASDA STORES 4840,GPC02180000152,,16.03.2018,Catering Food & Beverages ,Childrens & Educational Services,Services to People,,Stockport MBC
Cleaning,14.02.2018,69.02,ASDA HOME SHOPPING,GPC02180000153,,16.03.2018,Cleaning & Janitorial  ,Childrens & Educational Services,Services to People,,Stockport MBC
Catering Supplies,14.02.2018,12.94,POUNDSTRETCHER 793,GPC02180000154,,16.03.2018,Catering Food & Beverages ,Childrens & Educational Services,Services to People,,Stockport MBC
Catering Supplies,12.02.2018,28.38,ASDA STORES 4840,GPC02180000155,,16.03.2018,Catering Food & Beverages ,Childrens & Educational Services,Services to People,,Stockport MBC
Catering Supplies,05.02.2018,46.85,ASDA STORES 4840,GPC02180000156,,16.03.2018,Catering Food & Beverages ,Childrens & Educational Services,Services to People,,Stockport MBC
Staff Training,28.02.2018,469.50,TRAINLINE,GPC02180000157,,16.03.2018,Human Resources  ,Childrens & Educational Services,Services to People,,Stockport MBC
Furniture and Equipment,14.02.2018,80.00,I W SUPPLIES,GPC02180000158,,16.03.2018,Furniture & Soft Furnishings  ,Childrens & Educational Services,Services to People,,Stockport MBC
Furniture and Equipment,14.02.2018,132.89,HOMEBASE LTD,GPC02180000159,,16.03.2018,Furniture & Soft Furnishings  ,Childrens & Educational Services,Services to People,,Stockport MBC
Furniture and Equipment,13.02.2018,165.98,WWW.CREDIT.TRADE.C,GPC02180000160,,16.03.2018,Furniture & Soft Furnishings  ,Childrens & Educational Services,Services to People,,Stockport MBC
Leasing /Transport Hire,09.02.2018,5.25,WEST COAST TRAINS,GPC02180000161,,16.03.2018,Vehicle Management Leasing ,Childrens & Educational Services,Services to People,,Stockport MBC
Leasing /Transport Hire,08.02.2018,5.25,POYNTON STN TO,GPC02180000162,,16.03.2018,Vehicle Management Leasing ,Childrens & Educational Services,Services to People,,Stockport MBC
Staff Training,13.02.2018,378.00,CIEH,GPC02180000163,,16.03.2018,Human Resources  ,Housing (General Fund) Services,Services to Place,,Stockport MBC
Travelling Expenses,26.02.2018,170.70,TRAINLINE,GPC02180000164,,16.03.2018,Human Resources Travel & Subsistence ,Childrens & Educational Services,Services to People,,Stockport MBC
Travelling Expenses,09.02.2018,83.80,TRAINLINE,GPC02180000165,,16.03.2018,Human Resources Travel & Subsistence ,Childrens & Educational Services,Services to People,,Stockport MBC
Travelling Expenses,01.03.2018,132.99,FLYBE.COM AVW3N6       0,GPC02180000166,,16.03.2018,Human Resources Travel & Subsistence ,Childrens & Educational Services,Services to People,,Stockport MBC
Care Payments,01.03.2018,10.00,WWW.STOCKPORT.GOV.UK,GPC02180000167,,16.03.2018,Social Community Care Supplies & Services  ,Childrens & Educational Services,Services to People,,Stockport MBC
Care Payments,26.02.2018,-20.00,LANCASHIRE CC WEBSITE,GPC02180000168,,16.03.2018,Social Community Care Supplies & Services  ,Childrens & Educational Services,Services to People,,Stockport MBC
Care Payments,26.02.2018,20.00,LANCASHIRE CC WEBSITE,GPC02180000169,,16.03.2018,Social Community Care Supplies & Services  ,Childrens & Educational Services,Services to People,,Stockport MBC
Travelling Expenses,23.02.2018,50.00,TRAINLINE,GPC02180000170,,16.03.2018,Human Resources Travel & Subsistence ,Childrens & Educational Services,Services to People,,Stockport MBC
Staff Training,22.02.2018,303.96,PREMIER INN 44537000,GPC02180000171,,16.03.2018,Human Resources  ,Childrens & Educational Services,Services to People,,Stockport MBC
Staff Training,23.02.2018,313.50,TRAINLINE,GPC02180000172,,16.03.2018,Human Resources  ,Childrens & Educational Services,Services to People,,Stockport MBC
Care Payments,22.02.2018,46.00,HM PASSPORT OFFICE,GPC02180000173,,16.03.2018,Social Community Care Supplies & Services  ,Childrens & Educational Services,Services to People,,Stockport MBC
Travelling Expenses,21.02.2018,214.50,TRAINLINE,GPC02180000174,,16.03.2018,Human Resources Travel & Subsistence ,Childrens & Educational Services,Services to People,,Stockport MBC
Staff Training,20.02.2018,46.30,TRAINLINE,GPC02180000175,,16.03.2018,Human Resources  ,Childrens & Educational Services,Services to People,,Stockport MBC
Care Payments,20.02.2018,22.75,TRAINLINE,GPC02180000176,,16.03.2018,Social Community Care Supplies & Services  ,Childrens & Educational Services,Services to People,,Stockport MBC
Care Payments,20.02.2018,255.99,FLYBEFSNV FSNVL9,GPC02180000177,,16.03.2018,Social Community Care Supplies & Services  ,Childrens & Educational Services,Services to People,,Stockport MBC
Care Payments,20.02.2018,165.98,FLYBEFSP9 FSP98P,GPC02180000178,,16.03.2018,Social Community Care Supplies & Services  ,Childrens & Educational Services,Services to People,,Stockport MBC
Care Payments,20.02.2018,82.99,FLYBEFSR7 FSR7KN,GPC02180000179,,16.03.2018,Social Community Care Supplies & Services  ,Childrens & Educational Services,Services to People,,Stockport MBC
Travelling Expenses,20.02.2018,165.98,FLYBEFSP9 FSP98P,GPC02180000180,,16.03.2018,Human Resources Travel & Subsistence ,Childrens & Educational Services,Services to People,,Stockport MBC
Care Payments,20.02.2018,57.25,TRAVELODGE GB0000,GPC02180000181,,16.03.2018,Social Community Care Supplies & Services  ,Childrens & Educational Services,Services to People,,Stockport MBC
Care Payments,16.02.2018,289.98,FLYBEE2XR E2XRL5,GPC02180000182,,16.03.2018,Social Community Care Supplies & Services  ,Childrens & Educational Services,Services to People,,Stockport MBC
Travelling Expenses,15.02.2018,291.50,TRAINLINE,GPC02180000183,,16.03.2018,Human Resources Travel & Subsistence ,Childrens & Educational Services,Services to People,,Stockport MBC
Staff Training,15.02.2018,55.20,EB  CONFERENCE-YORKSHI,GPC02180000184,,16.03.2018,Human Resources  ,Childrens & Educational Services,Services to People,,Stockport MBC
Staff Training,15.02.2018,19.20,JASON SQUIRES ONLINE,GPC02180000185,,16.03.2018,Human Resources  ,Childrens & Educational Services,Services to People,,Stockport MBC
Care Payments,02.02.2018,12.95,TRAINLINE,GPC02180000186,,16.03.2018,Social Community Care Supplies & Services  ,Childrens & Educational Services,Services to People,,Stockport MBC
Care Payments,02.02.2018,317.99,FLYBE.COM CJQ06C       0,GPC02180000187,,16.03.2018,Social Community Care Supplies & Services  ,Childrens & Educational Services,Services to People,,Stockport MBC
Catering Supplies,26.02.2018,-0.50,ASDA HOME SHOPPING,GPC02180000188,,16.03.2018,Catering Food & Beverages ,Childrens & Educational Services,Services to People,,Stockport MBC
Catering Supplies,26.02.2018,47.62,ASDA HOME SHOPPING,GPC02180000189,,16.03.2018,Catering Food & Beverages ,Childrens & Educational Services,Services to People,,Stockport MBC
Catering Supplies,26.02.2018,54.67,W M MORRISONS.COM,GPC02180000190,,16.03.2018,Catering Food & Beverages ,Childrens & Educational Services,Services to People,,Stockport MBC
Catering Supplies,16.02.2018,8.35,TESCO STORES 3378,GPC02180000191,,16.03.2018,Catering Food & Beverages ,Childrens & Educational Services,Services to People,,Stockport MBC
Catering Supplies,14.02.2018,5.31,LIDL UK,GPC02180000192,,16.03.2018,Catering Food & Beverages ,Childrens & Educational Services,Services to People,,Stockport MBC
Catering Supplies,13.02.2018,14.05,SAINSBURYS 2051,GPC02180000193,,16.03.2018,Catering Food & Beverages ,Childrens & Educational Services,Services to People,,Stockport MBC
Catering Supplies,12.02.2018,46.70,W M MORRISONS.COM,GPC02180000194,,16.03.2018,Catering Food & Beverages ,Childrens & Educational Services,Services to People,,Stockport MBC
Catering Supplies,12.02.2018,60.62,ASDA HOME SHOPPING,GPC02180000195,,16.03.2018,Catering Food & Beverages ,Childrens & Educational Services,Services to People,,Stockport MBC
Catering Supplies,05.02.2018,79.37,W M MORRISONS.COM,GPC02180000196,,16.03.2018,Catering Food & Beverages ,Childrens & Educational Services,Services to People,,Stockport MBC
Catering Supplies,05.02.2018,70.71,ASDA HOME SHOPPING,GPC02180000197,,16.03.2018,Catering Food & Beverages ,Childrens & Educational Services,Services to People,,Stockport MBC
Catering Supplies,01.03.2018,107.06,WWW.ICELAND.CO.UK,GPC02180000198,,16.03.2018,Catering Food & Beverages ,Childrens & Educational Services,Services to People,,Stockport MBC
Furniture and Equipment,01.03.2018,39.98,ARGOS RETAIL GROUP,GPC02180000199,,16.03.2018,Environmental Services Technical Equipment ,Childrens & Educational Services,Services to People,,Stockport MBC
Furniture and Equipment,28.02.2018,21.63,MEDISUPPLIES LTD,GPC02180000200,,16.03.2018,Environmental Services Technical Equipment ,Childrens & Educational Services,Services to People,,Stockport MBC
Publicity and Promotion,28.02.2018,3.99,AMAZON DIGITAL SVCS,GPC02180000201,,16.03.2018,Arts & Leisure Services  ,Childrens & Educational Services,Services to People,,Stockport MBC
Information and Communications Technology,27.02.2018,20.00,WWW.TALKTALKBUSINESS.C,GPC02180000202,,16.03.2018,Information Communication Technology  ,Childrens & Educational Services,Services to People,,Stockport MBC
Catering Supplies,26.02.2018,116.75,TESCO STORES 5128,GPC02180000203,,16.03.2018,Catering Food & Beverages ,Childrens & Educational Services,Services to People,,Stockport MBC
Furniture and Equipment,26.02.2018,12.99,AMAZON UK MARKETPLACE,GPC02180000204,,16.03.2018,Environmental Services Technical Equipment ,Childrens & Educational Services,Services to People,,Stockport MBC
Furniture and Equipment,25.02.2018,9.35,AMAZON UK MARKETPLACE,GPC02180000205,,16.03.2018,Environmental Services Technical Equipment ,Childrens & Educational Services,Services to People,,Stockport MBC
Catering Supplies,25.02.2018,115.09,TESCO STORES 3378,GPC02180000206,,16.03.2018,Catering Food & Beverages ,Childrens & Educational Services,Services to People,,Stockport MBC
Grounds Maintenance,25.02.2018,60.00,B & Q 1279,GPC02180000207,,16.03.2018,Horticultural  ,Childrens & Educational Services,Services to People,,Stockport MBC
Information and Communications Technology,26.02.2018,9.99,NETFLIX.COM,GPC02180000208,,16.03.2018,Information Communication Technology  ,Childrens & Educational Services,Services to People,,Stockport MBC
Furniture and Equipment,25.02.2018,33.31,AMAZON UK MARKETPLACE,GPC02180000209,,16.03.2018,Environmental Services Technical Equipment ,Childrens & Educational Services,Services to People,,Stockport MBC
Furniture and Equipment,25.02.2018,15.58,AMAZON UK MARKETPLACE,GPC02180000210,,16.03.2018,Environmental Services Technical Equipment ,Childrens & Educational Services,Services to People,,Stockport MBC
Publicity and Promotion,22.02.2018,75.00,WWW.SANDCASTLE-WATERPA,GPC02180000211,,16.03.2018,Arts & Leisure Services  ,Childrens & Educational Services,Services to People,,Stockport MBC
Publicity and Promotion,22.02.2018,69.34,WWW.BLUEPLANETAQUARIUM,GPC02180000212,,16.03.2018,Arts & Leisure Services  ,Childrens & Educational Services,Services to People,,Stockport MBC
Office Expenses,20.02.2018,308.04,WWW.PRINTERLAND.CO,GPC02180000213,,16.03.2018,Stationery    ,Childrens & Educational Services,Services to People,,Stockport MBC
Office Expenses,21.02.2018,79.48,WWW.PRINTERLAND.CO,GPC02180000214,,16.03.2018,Stationery    ,Childrens & Educational Services,Services to People,,Stockport MBC
Catering Supplies,19.02.2018,203.65,TESCO STORES 5128,GPC02180000215,,16.03.2018,Catering Food & Beverages ,Childrens & Educational Services,Services to People,,Stockport MBC
Office Expenses,20.02.2018,58.14,TALK TALK BUSINESS,GPC02180000216,,16.03.2018,Stationery    ,Childrens & Educational Services,Services to People,,Stockport MBC
Furniture and Equipment,20.02.2018,39.41,WWW.CATERING-APPLIANCE,GPC02180000217,,16.03.2018,Environmental Services Technical Equipment ,Childrens & Educational Services,Services to People,,Stockport MBC
Furniture and Equipment,20.02.2018,19.07,WWW.ZORO.CO.UK,GPC02180000218,,16.03.2018,Environmental Services Technical Equipment ,Childrens & Educational Services,Services to People,,Stockport MBC
Furniture and Equipment,19.02.2018,234.43,B&M RETAIL,GPC02180000219,,16.03.2018,Furniture & Soft Furnishings  ,Childrens & Educational Services,Services to People,,Stockport MBC
Information and Communications Technology,20.02.2018,58.14,TALK TALK BUSINESS,GPC02180000220,,16.03.2018,Information Communication Technology  ,Childrens & Educational Services,Services to People,,Stockport MBC
Furniture and Equipment,19.02.2018,13.84,AMAZON SVCS EU-UK AMAZ,GPC02180000221,,16.03.2018,Furniture & Soft Furnishings  ,Childrens & Educational Services,Services to People,,Stockport MBC
Catering Supplies,19.02.2018,58.71,TESCO STORES 3378,GPC02180000222,,16.03.2018,Catering Food & Beverages ,Childrens & Educational Services,Services to People,,Stockport MBC
Catering Supplies,17.02.2018,168.79,TESCO STORES 3378,GPC02180000223,,16.03.2018,Catering Food & Beverages ,Childrens & Educational Services,Services to People,,Stockport MBC
Publicity and Promotion,19.02.2018,38.03,HARRY RAMSDENS LTD-BLA,GPC02180000224,,16.03.2018,Arts & Leisure Services  ,Childrens & Educational Services,Services to People,,Stockport MBC
Library Equipment,16.02.2018,27.20,WWW.BEACHHOUSEAGENCY.C,GPC02180000225,,16.03.2018,Education Library Books ,Childrens & Educational Services,Services to People,,Stockport MBC
Furniture and Equipment,16.02.2018,31.96,AMAZON EU AMAZON.CO.UK,GPC02180000226,,16.03.2018,Environmental Services Technical Equipment ,Childrens & Educational Services,Services to People,,Stockport MBC
Care Payments,18.02.2018,2.49,AMAZON DIGITAL VIDEO,GPC02180000227,,16.03.2018,Social Community Care Supplies & Services  ,Childrens & Educational Services,Services to People,,Stockport MBC
Care Payments,18.02.2018,3.49,AMAZON DIGITAL VIDEO,GPC02180000228,,16.03.2018,Social Community Care Supplies & Services  ,Childrens & Educational Services,Services to People,,Stockport MBC
Care Payments,18.02.2018,3.49,AMAZON DIGITAL VIDEO,GPC02180000229,,16.03.2018,Social Community Care Supplies & Services  ,Childrens & Educational Services,Services to People,,Stockport MBC
Care Payments,18.02.2018,2.49,AMAZON DIGITAL VIDEO,GPC02180000230,,16.03.2018,Social Community Care Supplies & Services  ,Childrens & Educational Services,Services to People,,Stockport MBC
Furniture and Equipment,15.02.2018,38.98,AMAZON SVCS EU-UK AMAZ,GPC02180000231,,16.03.2018,Furniture & Soft Furnishings  ,Childrens & Educational Services,Services to People,,Stockport MBC
Furniture and Equipment,15.02.2018,61.98,AMAZON SVCS EU-UK AMAZ,GPC02180000232,,16.03.2018,Environmental Services Technical Equipment ,Childrens & Educational Services,Services to People,,Stockport MBC
Furniture and Equipment,13.02.2018,116.97,AMAZON SVCS EU-UK AMAZ,GPC02180000233,,16.03.2018,Furniture & Soft Furnishings  ,Childrens & Educational Services,Services to People,,Stockport MBC
Furniture and Equipment,13.02.2018,53.87,B & Q 1279,GPC02180000234,,16.03.2018,Furniture & Soft Furnishings  ,Childrens & Educational Services,Services to People,,Stockport MBC
Furniture and Equipment,12.02.2018,207.00,B & Q 1162,GPC02180000235,,16.03.2018,Environmental Services Technical Equipment ,Childrens & Educational Services,Services to People,,Stockport MBC
Publicity and Promotion,09.02.2018,91.00,WWW.GROUPON.CO.UK,GPC02180000236,,16.03.2018,Arts & Leisure Services  ,Childrens & Educational Services,Services to People,,Stockport MBC
Publicity and Promotion,09.02.2018,49.00,WWW.GROUPON.CO.UK,GPC02180000237,,16.03.2018,Arts & Leisure Services  ,Childrens & Educational Services,Services to People,,Stockport MBC
Publicity and Promotion,09.02.2018,50.00,KICK AIR MANCHESTER,GPC02180000238,,16.03.2018,Arts & Leisure Services  ,Childrens & Educational Services,Services to People,,Stockport MBC
Furniture and Equipment,11.02.2018,144.97,WAYFAIR STORES LIM,GPC02180000239,,16.03.2018,Furniture & Soft Furnishings  ,Childrens & Educational Services,Services to People,,Stockport MBC
Catering Supplies,11.02.2018,244.34,TESCO STORES 3378,GPC02180000240,,16.03.2018,Catering Food & Beverages ,Childrens & Educational Services,Services to People,,Stockport MBC
Office Expenses,11.02.2018,206.99,CURRYS ONLINE,GPC02180000241,,16.03.2018,Stationery    ,Childrens & Educational Services,Services to People,,Stockport MBC
Catering Supplies,08.02.2018,15.00,PARENTPAY E-COM R,GPC02180000242,,16.03.2018,Catering Food & Beverages ,Childrens & Educational Services,Services to People,,Stockport MBC
Publicity and Promotion,06.02.2018,32.45,WWW.TENPIN.CO.UK,GPC02180000243,,16.03.2018,Arts & Leisure Services  ,Childrens & Educational Services,Services to People,,Stockport MBC
Furniture and Equipment,05.02.2018,25.20,SAFETYSHOP,GPC02180000244,,16.03.2018,Furniture & Soft Furnishings  ,Childrens & Educational Services,Services to People,,Stockport MBC
Grounds Maintenance,04.02.2018,202.80,B & Q 1205,GPC02180000245,,16.03.2018,Horticultural  ,Childrens & Educational Services,Services to People,,Stockport MBC
Catering Supplies,04.02.2018,117.29,TESCO STORES 3378,GPC02180000246,,16.03.2018,Catering Food & Beverages ,Childrens & Educational Services,Services to People,,Stockport MBC
Mileage Claims /Allowances,16.02.2018,3.50,STOCKPORT NHS FOUNDATI,GPC02180000247,,16.03.2018,Human Resources Travel & Subsistence ,Adult Social Care,Services to People,,Stockport MBC
Mileage Claims /Allowances,07.02.2018,7.00,Q PARK PICCADILLY PLAC,GPC02180000248,,16.03.2018,Human Resources Travel & Subsistence ,Adult Social Care,Services to People,,Stockport MBC
Expenses and Allowances,22.02.2018,99.00,DOUBLE TREE BY HILTON,GPC02180000249,,16.03.2018,Human Resources Training & Conferences ,Cultural & Related Services,Services to Place,,Stockport MBC
Expenses and Allowances,22.02.2018,99.00,DOUBLE TREE BY HILTON,GPC02180000250,,16.03.2018,Human Resources Training & Conferences ,Cultural & Related Services,Services to Place,,Stockport MBC
Travelling Expenses,28.02.2018,5.10,WEST COAST TRAINS,GPC02180000251,,16.03.2018,Human Resources Travel & Subsistence ,Childrens & Educational Services,Services to People,,Stockport MBC
Travelling Expenses,14.02.2018,705.45,TRAINLINE,GPC02180000252,,16.03.2018,Human Resources Travel & Subsistence ,Childrens & Educational Services,Services to People,,Stockport MBC
Information and Communications Technology,28.02.2018,153.22,GITHUB.COM  AQ5H3,GPC02180000253,,16.03.2018,Information Communication Technology  ,Central Support Costs,Corporate and Support Services,,Stockport MBC
Information and Communications Technology,26.02.2018,16.58,FASTHOSTS INTERNET,GPC02180000254,,16.03.2018,Information Communication Technology  ,Central Support Costs,Corporate and Support Services,,Stockport MBC
Furniture and Equipment,15.02.2018,18.28,AMAZON EU,GPC02180000255,,16.03.2018,Furniture & Soft Furnishings  ,Central Support Costs,Corporate and Support Services,,Stockport MBC
Information and Communications Technology,13.02.2018,8.93,AUTH0.COM,GPC02180000256,,16.03.2018,Information Communication Technology  ,Central Support Costs,Corporate and Support Services,,Stockport MBC
Information and Communications Technology,13.02.2018,41.74,FASTHOSTS INTERNET,GPC02180000257,,16.03.2018,Information Communication Technology  ,Central Support Costs,Corporate and Support Services,,Stockport MBC
Information and Communications Technology,10.02.2018,707.99,WWWCONTENTFULCOM,GPC02180000258,,16.03.2018,Information Communication Technology  ,Central Support Costs,Corporate and Support Services,,Stockport MBC
Information and Communications Technology,05.02.2018,44.14,AUTH0.COM,GPC02180000259,,16.03.2018,Information Communication Technology  ,Central Support Costs,Corporate and Support Services,,Stockport MBC
Information and Communications Technology,03.02.2018,664.84,AMAZON MKTPLACE PMTS,GPC02180000260,,16.03.2018,Information Communication Technology  ,Central Support Costs,Corporate and Support Services,,Stockport MBC
Library Equipment,20.02.2018,10.99,AMAZON EU AMAZON.CO.UK,GPC02180000261,,16.03.2018,Education Library Books ,Cultural & Related Services,Corporate and Support Services,,Stockport MBC
Furniture and Equipment,27.02.2018,40.51,AMAZON EU,GPC02180000262,,16.03.2018,Furniture & Soft Furnishings  ,Childrens & Educational Services,Services to People,,Stockport MBC
Furniture and Equipment,27.02.2018,182.73,AMAZON EU,GPC02180000263,,16.03.2018,Furniture & Soft Furnishings  ,Childrens & Educational Services,Services to People,,Stockport MBC
Travelling Expenses,26.02.2018,30.20,CROSS COUNTRY TRAINS,GPC02180000264,,16.03.2018,Human Resources Travel & Subsistence ,Childrens & Educational Services,Services to People,,Stockport MBC
Library Equipment,28.02.2018,8.83,AMAZON EU,GPC02180000265,,16.03.2018,Education Library Books ,Childrens & Educational Services,Services to People,,Stockport MBC
Library Equipment,19.02.2018,9.99,AMAZON UK MARKETPLACE,GPC02180000266,,16.03.2018,Education Library Books ,Childrens & Educational Services,Services to People,,Stockport MBC
Office Expenses,15.02.2018,54.18,AMAZON EU AMAZON.CO.UK,GPC02180000267,,16.03.2018,Stationery    ,Childrens & Educational Services,Services to People,,Stockport MBC
Library Equipment,14.02.2018,30.92,AMAZON EU AMAZON.CO.UK,GPC02180000268,,16.03.2018,Education Library Books ,Childrens & Educational Services,Services to People,,Stockport MBC
Furniture and Equipment,01.03.2018,112.48,THE REPLACE BASE LTD,GPC02180000269,,16.03.2018,Environmental Services Technical Equipment ,Central Support Costs,Corporate and Support Services,,Stockport MBC
Furniture and Equipment,05.02.2018,334.51,THE REPLACE BASE LTD,GPC02180000270,,16.03.2018,Environmental Services Technical Equipment ,Central Support Costs,Corporate and Support Services,,Stockport MBC
Travelling Expenses,28.02.2018,226.40,TRAINLINE,GPC02180000271,,16.03.2018,Human Resources Travel & Subsistence ,Central Support Costs,Corporate and Support Services,,Stockport MBC
Travelling Expenses,21.02.2018,24.85,TRAINLINE,GPC02180000272,,16.03.2018,Human Resources Travel & Subsistence ,Central Support Costs,Corporate and Support Services,,Stockport MBC
Travelling Expenses,19.02.2018,227.35,TRAINLINE,GPC02180000273,,16.03.2018,Human Resources Travel & Subsistence ,Central Support Costs,Corporate and Support Services,,Stockport MBC
Travelling Expenses,27.02.2018,61.50,TRAINLINE,GPC02180000274,,16.03.2018,Human Resources Travel & Subsistence ,Central Support Costs,Corporate and Support Services,,Stockport MBC
Travelling Expenses,27.02.2018,52.50,TRAINLINE,GPC02180000275,,16.03.2018,Human Resources Travel & Subsistence ,Cultural & Related Services,Services to Place,,Stockport MBC
Travelling Expenses,27.02.2018,28.25,TRAINLINE,GPC02180000276,,16.03.2018,Human Resources Travel & Subsistence ,Central Support Costs,Corporate and Support Services,,Stockport MBC
Travelling Expenses,22.02.2018,165.10,TRAINLINE,GPC02180000277,,16.03.2018,Human Resources Travel & Subsistence ,Cultural & Related Services,Corporate and Support Services,,Stockport MBC
Travelling Expenses,16.02.2018,69.50,TRAINLINE,GPC02180000278,,16.03.2018,Human Resources Travel & Subsistence ,Cultural & Related Services,Services to Place,,Stockport MBC
Travelling Expenses,16.02.2018,495.90,TRAINLINE,GPC02180000279,,16.03.2018,Human Resources Travel & Subsistence ,Central Support Costs,Corporate and Support Services,,Stockport MBC
Travelling Expenses,15.02.2018,105.30,TRAINLINE,GPC02180000280,,16.03.2018,Human Resources Travel & Subsistence ,Cultural & Related Services,Corporate and Support Services,,Stockport MBC
Travelling Expenses,15.02.2018,173.30,TRAINLINE,GPC02180000281,,16.03.2018,Human Resources Travel & Subsistence ,Central Services to the public,Corporate and Support Services,,Stockport MBC
Travelling Expenses,15.02.2018,36.90,TRAINLINE,GPC02180000282,,16.03.2018,Human Resources Travel & Subsistence ,Central Support Costs,Corporate and Support Services,,Stockport MBC
Travelling Expenses,15.02.2018,69.00,TRAINLINE,GPC02180000283,,16.03.2018,Human Resources Travel & Subsistence ,Central Support Costs,Corporate and Support Services,,Stockport MBC
Travelling Expenses,15.02.2018,171.50,TRAINLINE,GPC02180000284,,16.03.2018,Human Resources Travel & Subsistence ,Central Services to the public,Corporate and Support Services,,Stockport MBC
Travelling Expenses,15.02.2018,100.00,TRAINLINE,GPC02180000285,,16.03.2018,Human Resources Travel & Subsistence ,Central Services to the public,Corporate and Support Services,,Stockport MBC
Travelling Expenses,13.02.2018,97.50,TRAINLINE,GPC02180000286,,16.03.2018,Human Resources Travel & Subsistence ,Corporate & Democratic Core,Corporate and Support Services,,Stockport MBC
Travelling Expenses,13.02.2018,295.20,TRAINLINE,GPC02180000287,,16.03.2018,Human Resources Travel & Subsistence ,Cultural & Related Services,Corporate and Support Services,,Stockport MBC
Staff Training,13.02.2018,141.55,HOTEL IBIS,GPC02180000288,,16.03.2018,Human Resources  ,Corporate & Democratic Core,Corporate and Support Services,,Stockport MBC
Travelling Expenses,12.02.2018,102.50,TRAINLINE,GPC02180000289,,16.03.2018,Human Resources Travel & Subsistence ,Cultural & Related Services,Services to Place,,Stockport MBC
Travelling Expenses,09.02.2018,26.05,TRAINLINE,GPC02180000290,,16.03.2018,Human Resources Travel & Subsistence ,Cultural & Related Services,Corporate and Support Services,,Stockport MBC
Travelling Expenses,09.02.2018,191.20,TRAINLINE,GPC02180000291,,16.03.2018,Human Resources Travel & Subsistence ,Central Support Costs,Corporate and Support Services,,Stockport MBC
Travelling Expenses,09.02.2018,124.20,TRAINLINE,GPC02180000292,,16.03.2018,Human Resources Travel & Subsistence ,Central Support Costs,Corporate and Support Services,,Stockport MBC
Travelling Expenses,08.02.2018,19.25,TRAINLINE,GPC02180000293,,16.03.2018,Human Resources Travel & Subsistence ,Central Services to the public,Corporate and Support Services,,Stockport MBC
Travelling Expenses,08.02.2018,8.25,TRAINLINE,GPC02180000294,,16.03.2018,Human Resources Travel & Subsistence ,Central Services to the public,Corporate and Support Services,,Stockport MBC
Staff Training,08.02.2018,78.00,VUE NCS CITB HS&E TEST,GPC02180000295,,16.03.2018,Human Resources  ,Highways & Transport Services,Services to Place,,Stockport MBC
Travelling Expenses,08.02.2018,11.25,TRAINLINE,GPC02180000296,,16.03.2018,Human Resources Travel & Subsistence ,Central Support Costs,Corporate and Support Services,,Stockport MBC
Staff Training,06.02.2018,360.00,WWW.NECCONTRACT.COM,GPC02180000297,,16.03.2018,Human Resources  ,Highways & Transport Services,Services to Place,,Stockport MBC
Staff Training,06.02.2018,588.00,WWW.NECCONTRACT.COM,GPC02180000298,,16.03.2018,Human Resources  ,Highways & Transport Services,Services to Place,,Stockport MBC
Travelling Expenses,06.02.2018,40.70,TRAINLINE,GPC02180000299,,16.03.2018,Human Resources Travel & Subsistence ,Corporate & Democratic Core,Corporate and Support Services,,Stockport MBC
Travelling Expenses,02.02.2018,123.20,TRAINLINE,GPC02180000300,,16.03.2018,Human Resources Travel & Subsistence ,Central Support Costs,Corporate and Support Services,,Stockport MBC
