Supplier (Beneficiary),Transaction Number,Settlement Date,Net Amount (£),Purchase Date,Procurement (Merchant) Category,Department where exp. Incurred,Service Category Label,Purpose of Expenditure,Organisation Name
NORTHERN RAIL LTD-,GPC05180000001,16.06.2018,8.90,21.05.2018,Human Resources Travel & Subsistence ,Services to People,Adult Social Care,Travelling Expenses,Stockport MBC
NH BRUSSELS EU BERLAYM,GPC05180000002,16.06.2018,299.45,04.05.2018,Human Resources Travel & Subsistence ,Services to People,Adult Social Care,Expenses and Allowances,Stockport MBC
LE MARMITON,GPC05180000003,16.06.2018,32.67,03.05.2018,Human Resources Travel & Subsistence ,Services to People,Adult Social Care,Expenses and Allowances,Stockport MBC
EXKI,GPC05180000004,16.06.2018,2.28,03.05.2018,Human Resources Travel & Subsistence ,Services to People,Adult Social Care,Expenses and Allowances,Stockport MBC
L'ATRO MONDO,GPC05180000005,16.06.2018,32.28,02.05.2018,Human Resources Travel & Subsistence ,Services to People,Adult Social Care,Expenses and Allowances,Stockport MBC
HADFIELD STN TO,GPC05180000006,16.06.2018,12.90,02.05.2018,Human Resources Travel & Subsistence ,Services to People,Adult Social Care,Travelling Expenses,Stockport MBC
FACEBK 5GEBMF2UU2,GPC05180000007,16.06.2018,8.00,31.05.2018,Facilities & Management Services  ,Corporate and Support Services,Central Support Costs,Publicity and Promotion,Stockport MBC
FACEBK 3GEBMF2UU2,GPC05180000008,16.06.2018,9.56,31.05.2018,Facilities & Management Services  ,Corporate and Support Services,Central Support Costs,Publicity and Promotion,Stockport MBC
FACEBK AFBN2GELG2,GPC05180000009,16.06.2018,4.01,31.05.2018,Facilities & Management Services  ,Corporate and Support Services,Central Support Costs,Publicity and Promotion,Stockport MBC
FACEBK ZEBN2GELG2,GPC05180000010,16.06.2018,140.66,31.05.2018,Facilities & Management Services  ,Corporate and Support Services,Central Support Costs,Publicity and Promotion,Stockport MBC
FACEBK G3HLKF2UU2,GPC05180000011,16.06.2018,43.80,27.05.2018,Facilities & Management Services  ,Corporate and Support Services,Central Support Costs,Publicity and Promotion,Stockport MBC
FACEBK E3HLKF2UU2,GPC05180000012,16.06.2018,556.20,27.05.2018,Facilities & Management Services  ,Corporate and Support Services,Central Support Costs,Publicity and Promotion,Stockport MBC
POST OFFICE COUNTER,GPC05180000013,16.06.2018,50.00,25.05.2018,Facilities & Management Services  ,Corporate and Support Services,Central Support Costs,Publicity and Promotion,Stockport MBC
ASDA STORES 4840,GPC05180000014,16.06.2018,7.19,25.05.2018,Catering Food & Beverages ,Services to People,Childrens & Educational Services,Catering Supplies,Stockport MBC
ASDA STORES 4840,GPC05180000015,16.06.2018,18.53,24.05.2018,Catering Food & Beverages ,Services to People,Childrens & Educational Services,Catering Supplies,Stockport MBC
ASDA STORES 4840,GPC05180000016,16.06.2018,5.90,23.05.2018,Catering Food & Beverages ,Services to People,Childrens & Educational Services,Catering Supplies,Stockport MBC
ASDA STORES 4840,GPC05180000017,16.06.2018,17.37,22.05.2018,Catering Food & Beverages ,Services to People,Childrens & Educational Services,Catering Supplies,Stockport MBC
ASDA STORES 4840,GPC05180000018,16.06.2018,34.19,21.05.2018,Catering Food & Beverages ,Services to People,Childrens & Educational Services,Catering Supplies,Stockport MBC
ASDA STORES 4840,GPC05180000019,16.06.2018,3.34,18.05.2018,Catering Food & Beverages ,Services to People,Childrens & Educational Services,Catering Supplies,Stockport MBC
ASDA STORES 4840,GPC05180000020,16.06.2018,14.41,16.05.2018,Catering Food & Beverages ,Services to People,Childrens & Educational Services,Catering Supplies,Stockport MBC
ASDA STORES 4840,GPC05180000021,16.06.2018,6.35,15.05.2018,Catering Food & Beverages ,Services to People,Childrens & Educational Services,Catering Supplies,Stockport MBC
ASDA STORES 4840,GPC05180000022,16.06.2018,43.17,14.05.2018,Catering Food & Beverages ,Services to People,Childrens & Educational Services,Catering Supplies,Stockport MBC
ASDA STORES 4840,GPC05180000023,16.06.2018,6.83,11.05.2018,Catering Food & Beverages ,Services to People,Childrens & Educational Services,Catering Supplies,Stockport MBC
ASDA STORES 4840,GPC05180000024,16.06.2018,28.72,10.05.2018,Catering Food & Beverages ,Services to People,Childrens & Educational Services,Catering Supplies,Stockport MBC
ASDA STORES 4840,GPC05180000025,16.06.2018,5.78,04.05.2018,Catering Food & Beverages ,Services to People,Childrens & Educational Services,Catering Supplies,Stockport MBC
ASDA STORES 4840,GPC05180000026,16.06.2018,20.16,03.05.2018,Catering Food & Beverages ,Services to People,Childrens & Educational Services,Catering Supplies,Stockport MBC
ASDA STORES 4840,GPC05180000027,16.06.2018,7.67,02.05.2018,Catering Food & Beverages ,Services to People,Childrens & Educational Services,Catering Supplies,Stockport MBC
DORSETT CITY HOTEL,GPC05180000028,16.06.2018,179.10,18.05.2018,Catering  ,Services to People,Childrens & Educational Services,Expenses and Allowances,Stockport MBC
TRAINLINE,GPC05180000029,16.06.2018,-32.00,08.05.2018,Human Resources Travel & Subsistence ,Services to People,Childrens & Educational Services,Travelling Expenses,Stockport MBC
TRAINLINE,GPC05180000030,16.06.2018,-74.80,08.05.2018,Human Resources Travel & Subsistence ,Services to People,Childrens & Educational Services,Travelling Expenses,Stockport MBC
TRAINLINE,GPC05180000031,16.06.2018,180.00,02.05.2018,Human Resources Travel & Subsistence ,Services to People,Childrens & Educational Services,Travelling Expenses,Stockport MBC
ACT THE CONFERENCE PEO,GPC05180000032,16.06.2018,80.00,30.05.2018,Human Resources Training & Conferences ,Services to People,Childrens & Educational Services,Expenses and Allowances,Stockport MBC
ACT THE CONFERENCE PEO,GPC05180000033,16.06.2018,80.00,30.05.2018,Human Resources Training & Conferences ,Services to People,Childrens & Educational Services,Expenses and Allowances,Stockport MBC
AWESOME WALLS CLIMBING,GPC05180000034,16.06.2018,35.00,23.05.2018,Arts & Leisure Services  ,Services to People,Childrens & Educational Services,Publicity and Promotion,Stockport MBC
WWW.MANCHESTER.GOV.UK,GPC05180000035,16.06.2018,11.00,22.05.2018,Social Community Care Supplies & Services  ,Services to People,Childrens & Educational Services,Care Payments,Stockport MBC
WWW.PMGLTD.CO.UK,GPC05180000036,16.06.2018,912.00,23.05.2018,Human Resources  ,Corporate and Support Services,Corporate & Democratic Core,Staff Training,Stockport MBC
SUK RETAIL LTD,GPC05180000037,16.06.2018,74.98,24.05.2018,Stationery    ,Services to People,Childrens & Educational Services,Office Expenses,Stockport MBC
PRINTMYTICKETS.CO.,GPC05180000038,16.06.2018,44.49,23.05.2018,Facilities & Management Services Printing ,Services to People,Childrens & Educational Services,Printing and Photocopying,Stockport MBC
BRIAN S POPE LTD,GPC05180000039,16.06.2018,6.00,16.05.2018,Cleaning & Janitorial  ,Services to People,Childrens & Educational Services,Cleaning,Stockport MBC
NCP LIMITED,GPC05180000040,16.06.2018,7.50,16.05.2018,Human Resources Travel & Subsistence ,Services to People,Childrens & Educational Services,Travelling Expenses,Stockport MBC
AMAZON UK MARKETPLACE,GPC05180000041,16.06.2018,20.01,11.05.2018,Education Library Books ,Services to People,Childrens & Educational Services,Library Equipment,Stockport MBC
AMAZON UK MARKETPLACE,GPC05180000042,16.06.2018,42.80,10.05.2018,Education Library Books ,Services to People,Childrens & Educational Services,Library Equipment,Stockport MBC
VIKING,GPC05180000043,16.06.2018,119.99,09.05.2018,Stationery    ,Services to People,Childrens & Educational Services,Office Expenses,Stockport MBC
ABRSM,GPC05180000044,16.06.2018,11.00,03.05.2018,Education Examinational Fees ,Services to People,Childrens & Educational Services,Fees and Charges,Stockport MBC
W M MORRISON PLC,GPC05180000045,16.06.2018,20.00,19.05.2018,Arts & Leisure Services  ,Corporate and Support Services,Cultural & Related Services,Publicity and Promotion,Stockport MBC
W M MORRISON PLC,GPC05180000046,16.06.2018,35.40,18.05.2018,Arts & Leisure Services  ,Corporate and Support Services,Cultural & Related Services,Publicity and Promotion,Stockport MBC
TRAINLINE,GPC05180000047,16.06.2018,213.95,25.05.2018,Human Resources Travel & Subsistence ,Services to People,Childrens & Educational Services,Travelling Expenses,Stockport MBC
GOOGLE  ADWS8179771860,GPC05180000048,16.06.2018,259.77,24.05.2018,Stationery    ,Services to People,Childrens & Educational Services,Office Expenses,Stockport MBC
POST OFFICE SHOP,GPC05180000049,16.06.2018,36.65,22.05.2018,Stationery    ,Services to People,Childrens & Educational Services,Office Expenses,Stockport MBC
TRAINLINE,GPC05180000050,16.06.2018,22.95,14.05.2018,Human Resources Travel & Subsistence ,Services to People,Childrens & Educational Services,Travelling Expenses,Stockport MBC
TRAINLINE,GPC05180000051,16.06.2018,145.70,09.05.2018,Human Resources Travel & Subsistence ,Services to People,Childrens & Educational Services,Travelling Expenses,Stockport MBC
TRAINLINE,GPC05180000052,16.06.2018,87.90,09.05.2018,Human Resources Travel & Subsistence ,Services to People,Childrens & Educational Services,Travelling Expenses,Stockport MBC
WWW.TONERPRINTERCOPIER,GPC05180000053,16.06.2018,257.97,03.05.2018,Stationery    ,Services to People,Childrens & Educational Services,Office Expenses,Stockport MBC
TRAINLINE,GPC05180000054,16.06.2018,69.40,02.05.2018,Human Resources Travel & Subsistence ,Services to People,Childrens & Educational Services,Travelling Expenses,Stockport MBC
TRAINLINE,GPC05180000055,16.06.2018,248.20,02.05.2018,Human Resources Travel & Subsistence ,Services to People,Childrens & Educational Services,Travelling Expenses,Stockport MBC
NCP LIMITED,GPC05180000056,16.06.2018,7.50,29.05.2018,Human Resources Travel & Subsistence ,Services to People,Childrens & Educational Services,Travelling Expenses,Stockport MBC
VERIFONE TAXI/PRIVATE,GPC05180000057,16.06.2018,26.50,23.05.2018,Human Resources Travel & Subsistence ,Services to People,Childrens & Educational Services,Travelling Expenses,Stockport MBC
CAFFE NERO,GPC05180000058,16.06.2018,5.05,17.05.2018,Human Resources Travel & Subsistence ,Services to People,Childrens & Educational Services,Travelling Expenses,Stockport MBC
NORTHERN RAIL,GPC05180000059,16.06.2018,4.90,15.05.2018,Human Resources Travel & Subsistence ,Services to People,Childrens & Educational Services,Travelling Expenses,Stockport MBC
PP METROTAXISL,GPC05180000060,16.06.2018,14.90,11.05.2018,Human Resources Travel & Subsistence ,Services to People,Childrens & Educational Services,Travelling Expenses,Stockport MBC
STOCKPORT STN SST,GPC05180000061,16.06.2018,6.10,31.05.2018,Human Resources Travel & Subsistence ,Services to Place,Central Support Costs,Travelling Expenses,Stockport MBC
STOCKPORT STN SST,GPC05180000062,16.06.2018,12.20,21.05.2018,Human Resources Travel & Subsistence ,Services to Place,Central Support Costs,Travelling Expenses,Stockport MBC
NCP LIMITED,GPC05180000063,16.06.2018,6.50,17.05.2018,Human Resources Travel & Subsistence ,Services to Place,Central Support Costs,Travelling Expenses,Stockport MBC
STOCKPORT STN SST,GPC05180000064,16.06.2018,6.10,11.05.2018,Human Resources Travel & Subsistence ,Services to Place,Central Support Costs,Travelling Expenses,Stockport MBC
STOCKPORT STN SST,GPC05180000065,16.06.2018,6.10,10.05.2018,Human Resources Travel & Subsistence ,Services to Place,Central Support Costs,Travelling Expenses,Stockport MBC
STOCKPORT STN SST,GPC05180000066,16.06.2018,54.40,03.05.2018,Human Resources Travel & Subsistence ,Services to Place,Central Support Costs,Travelling Expenses,Stockport MBC
W M MORRISON PLC,GPC05180000067,16.06.2018,41.38,23.05.2018,Catering Food & Beverages ,Services to People,Childrens & Educational Services,Catering Supplies,Stockport MBC
AMAZON SVCS EU-UK AMAZ,GPC05180000068,16.06.2018,11.99,16.05.2018,Environmental Services Technical Equipment ,Corporate and Support Services,Corporate & Democratic Core,Furniture and Equipment,Stockport MBC
PUBLIC HEALTH ENGLAND,GPC05180000069,16.06.2018,260.00,30.05.2018,Arts & Leisure Services  ,Services to People,Public Health,Publicity and Promotion,Stockport MBC
FLYBE.COM BC13MG       0,GPC05180000070,16.06.2018,363.74,08.05.2018,Human Resources Travel & Subsistence ,Services to People,Public Health,Travelling Expenses,Stockport MBC
FTPE WEBTIS 1,GPC05180000071,16.06.2018,24.10,03.05.2018,Human Resources Travel & Subsistence ,Services to People,Public Health,Travelling Expenses,Stockport MBC
EAST MIDLANDS TRAINS,GPC05180000072,16.06.2018,4.50,03.05.2018,Human Resources Travel & Subsistence ,Services to People,Public Health,Travelling Expenses,Stockport MBC
EAST MIDLANDS TRAINS,GPC05180000073,16.06.2018,4.50,03.05.2018,Human Resources Travel & Subsistence ,Services to People,Public Health,Travelling Expenses,Stockport MBC
RYMAN,GPC05180000074,16.06.2018,9.87,17.05.2018,Arts & Leisure Services  ,Corporate and Support Services,Planning Services,Publicity and Promotion,Stockport MBC
AMAZON UK MARKETPLACE,GPC05180000075,16.06.2018,28.47,11.05.2018,Stationery    ,Services to People,Childrens & Educational Services,Office Expenses,Stockport MBC
AMAZON UK MARKETPLACE,GPC05180000076,16.06.2018,79.92,10.05.2018,Furniture & Soft Furnishings  ,Services to People,Childrens & Educational Services,Furniture and Equipment,Stockport MBC
AMAZON UK MARKETPLACE,GPC05180000077,16.06.2018,20.98,09.05.2018,Furniture & Soft Furnishings  ,Services to People,Childrens & Educational Services,Furniture and Equipment,Stockport MBC
AMAZON UK MARKETPLACE,GPC05180000078,16.06.2018,33.99,09.05.2018,Furniture & Soft Furnishings  ,Services to People,Childrens & Educational Services,Furniture and Equipment,Stockport MBC
AMAZON UK MARKETPLACE,GPC05180000079,16.06.2018,19.98,09.05.2018,Furniture & Soft Furnishings  ,Services to People,Childrens & Educational Services,Furniture and Equipment,Stockport MBC
B & M RETAIL,GPC05180000080,16.06.2018,23.98,09.05.2018,Environmental Services Technical Equipment ,Services to People,Childrens & Educational Services,Furniture and Equipment,Stockport MBC
MOSAIC HOSPITALITY,GPC05180000081,16.06.2018,77.30,08.05.2018,Human Resources  ,Services to People,Childrens & Educational Services,Staff Training,Stockport MBC
STOCKPORT M B C,GPC05180000082,16.06.2018,135.00,08.05.2018,Human Resources  ,Services to People,Childrens & Educational Services,Staff Training,Stockport MBC
WWW.STOCKPORT.GOV.UK,GPC05180000083,16.06.2018,180.00,22.05.2018,Cleaning & Janitorial  ,Services to People,Adult Social Care,Cleaning,Stockport MBC
FRANCOTYP,GPC05180000084,16.06.2018,120.00,17.05.2018,Mail Services   ,Services to People,Childrens & Educational Services,Office Expenses,Stockport MBC
AMAZON EU,GPC05180000085,16.06.2018,20.62,10.05.2018,Environmental Services Technical Equipment ,Services to People,Childrens & Educational Services,Furniture and Equipment,Stockport MBC
THE POST OFFICE,GPC05180000086,16.06.2018,2.97,15.05.2018,Mail Services   ,Services to People,Childrens & Educational Services,Office Expenses,Stockport MBC
THE POST OFFICE,GPC05180000087,16.06.2018,2.11,09.05.2018,Mail Services   ,Services to People,Childrens & Educational Services,Office Expenses,Stockport MBC
THE POST OFFICE,GPC05180000088,16.06.2018,12.75,04.05.2018,Mail Services   ,Services to People,Childrens & Educational Services,Office Expenses,Stockport MBC
WWW.GROUPON.CO.UK,GPC05180000089,16.06.2018,-69.98,04.05.2018,Furniture & Soft Furnishings  ,Services to People,Childrens & Educational Services,Furniture and Equipment,Stockport MBC
LIFE LEISURE,GPC05180000090,16.06.2018,20.00,14.05.2018,Education  ,Services to People,Childrens & Educational Services,Fees and Charges,Stockport MBC
WWW.SAFELINCS.CO.UK,GPC05180000091,16.06.2018,85.18,10.05.2018,Environmental Services Technical Equipment ,Services to People,Childrens & Educational Services,Furniture and Equipment,Stockport MBC
PREMIER INN40012835,GPC05180000092,16.06.2018,-61.50,25.05.2018,Social Community Care Supplies & Services  ,Services to People,Childrens & Educational Services,Third party payments - Private/Voluntary Sector,Stockport MBC
TRAINLINE,GPC05180000093,16.06.2018,14.55,21.05.2018,Human Resources Travel & Subsistence ,Services to People,Childrens & Educational Services,Travelling Expenses,Stockport MBC
BRITANNIA HOTEL,GPC05180000094,16.06.2018,417.00,15.05.2018,Social Community Care Supplies & Services  ,Services to People,Childrens & Educational Services,Care Payments,Stockport MBC
TRAINLINE,GPC05180000095,16.06.2018,21.65,14.05.2018,Human Resources  ,Services to People,Childrens & Educational Services,Staff Training,Stockport MBC
TRAINLINE,GPC05180000096,16.06.2018,43.30,14.05.2018,Social Community Care Supplies & Services  ,Services to People,Childrens & Educational Services,Care Payments,Stockport MBC
HOLIDAY INN LEICES,GPC05180000097,16.06.2018,197.00,11.05.2018,Social Community Care Supplies & Services  ,Services to People,Childrens & Educational Services,Third party payments - Private/Voluntary Sector,Stockport MBC
FLEDGLINGS LTD,GPC05180000098,16.06.2018,192.40,11.05.2018,Social Community Care Supplies & Services  ,Services to People,Childrens & Educational Services,Care Payments,Stockport MBC
PREMIER INN40012835,GPC05180000099,16.06.2018,71.00,10.05.2018,Social Community Care Supplies & Services  ,Services to People,Childrens & Educational Services,Care Payments,Stockport MBC
GRO HM PASSPORT OFFICE,GPC05180000100,16.06.2018,93.60,10.05.2018,Social Community Care Supplies & Services  ,Services to People,Childrens & Educational Services,Care Payments,Stockport MBC
LANCASHIRE CC CALL CEN,GPC05180000101,16.06.2018,10.00,10.05.2018,Social Community Care Supplies & Services  ,Services to People,Childrens & Educational Services,Care Payments,Stockport MBC
FLYBEBLDM BLDMGR,GPC05180000102,16.06.2018,272.97,10.05.2018,Human Resources Travel & Subsistence ,Services to People,Childrens & Educational Services,Travelling Expenses,Stockport MBC
BEST WESTERN PALACE HO,GPC05180000103,16.06.2018,88.20,08.05.2018,Social Community Care Supplies & Services  ,Services to People,Childrens & Educational Services,Care Payments,Stockport MBC
BEST WESTERN PALACE HO,GPC05180000104,16.06.2018,88.20,08.05.2018,Social Community Care Supplies & Services  ,Services to People,Childrens & Educational Services,Care Payments,Stockport MBC
RENTALCARS.COM,GPC05180000105,16.06.2018,50.90,05.05.2018,Social Community Care Supplies & Services  ,Services to People,Childrens & Educational Services,Care Payments,Stockport MBC
FLYBE.COM ALR825       0,GPC05180000106,16.06.2018,241.96,04.05.2018,Social Community Care Supplies & Services  ,Services to People,Childrens & Educational Services,Care Payments,Stockport MBC
BRITANNIA HOTEL,GPC05180000107,16.06.2018,"1,976.00",03.05.2018,Social Community Care Supplies & Services  ,Services to People,Childrens & Educational Services,Care Payments,Stockport MBC
HMCOURTS-SERVICE.G,GPC05180000108,16.06.2018,75.00,25.05.2018,Legal Services  ,Services to People,Adult Social Care,Legal Fees,Stockport MBC
HMCOURTS-SERVICE.G,GPC05180000109,16.06.2018,75.00,02.05.2018,Legal Services  ,Services to People,Adult Social Care,Legal Fees,Stockport MBC
ASDA STORES 4840,GPC05180000110,16.06.2018,72.55,22.05.2018,Catering Food & Beverages ,Services to People,Childrens & Educational Services,Catering Supplies,Stockport MBC
POUNDSTRETCHER 793,GPC05180000111,16.06.2018,3.98,14.05.2018,Furniture & Soft Furnishings  ,Services to People,Childrens & Educational Services,Furniture and Equipment,Stockport MBC
TESCO STORES 3378,GPC05180000112,16.06.2018,32.81,14.05.2018,Catering Food & Beverages ,Services to People,Childrens & Educational Services,Catering Supplies,Stockport MBC
TESCO STORES 3378,GPC05180000113,16.06.2018,88.16,08.05.2018,Catering Food & Beverages ,Services to People,Childrens & Educational Services,Catering Supplies,Stockport MBC
TRAINLINE,GPC05180000114,16.06.2018,103.30,30.05.2018,Human Resources Travel & Subsistence ,Services to People,Childrens & Educational Services,Travelling Expenses,Stockport MBC
PREMIER INN44023785,GPC05180000115,16.06.2018,307.50,29.05.2018,Human Resources  ,Services to People,Childrens & Educational Services,Staff Training,Stockport MBC
TRAINLINE,GPC05180000116,16.06.2018,80.50,25.05.2018,Human Resources  ,Services to People,Childrens & Educational Services,Staff Training,Stockport MBC
TRAINLINE,GPC05180000117,16.06.2018,154.30,25.05.2018,Human Resources Travel & Subsistence ,Services to People,Childrens & Educational Services,Travelling Expenses,Stockport MBC
TRAINLINE,GPC05180000118,16.06.2018,195.70,10.05.2018,Human Resources Travel & Subsistence ,Services to People,Childrens & Educational Services,Travelling Expenses,Stockport MBC
TRAINLINE,GPC05180000119,16.06.2018,43.30,08.05.2018,Social Community Care Supplies & Services  ,Services to People,Childrens & Educational Services,Care Payments,Stockport MBC
ASHTON ROAD SERVICE ST,GPC05180000120,16.06.2018,4.00,21.05.2018,Education  ,Services to People,Childrens & Educational Services,Fees and Charges,Stockport MBC
MARPLE GARDEN CTR,GPC05180000121,16.06.2018,34.00,21.05.2018,Education  ,Services to People,Childrens & Educational Services,Fees and Charges,Stockport MBC
LIFESTYLE EXPRESS,GPC05180000122,16.06.2018,5.90,21.05.2018,Education  ,Services to People,Childrens & Educational Services,Fees and Charges,Stockport MBC
HOME BARGAINS,GPC05180000123,16.06.2018,23.90,15.05.2018,Education  ,Services to People,Childrens & Educational Services,Fees and Charges,Stockport MBC
B&M RETAIL LTD,GPC05180000124,16.06.2018,29.95,04.05.2018,Education  ,Services to People,Childrens & Educational Services,Fees and Charges,Stockport MBC
B&M RETAIL,GPC05180000125,16.06.2018,14.95,03.05.2018,Education  ,Services to People,Childrens & Educational Services,Fees and Charges,Stockport MBC
ASDA STORES,GPC05180000126,16.06.2018,17.45,03.05.2018,Education  ,Services to People,Childrens & Educational Services,Fees and Charges,Stockport MBC
SAINSBURYS SUPERMARKET,GPC05180000127,16.06.2018,2.00,25.05.2018,Catering Food & Beverages ,Corporate and Support Services,Cultural & Related Services,Catering Supplies,Stockport MBC
CO-OP GROUP 070280,GPC05180000128,16.06.2018,3.87,09.05.2018,Catering Food & Beverages ,Corporate and Support Services,Cultural & Related Services,Catering Supplies,Stockport MBC
PAYPAL  RTPI,GPC05180000129,16.06.2018,114.00,16.05.2018,Human Resources  ,Services to Place,Central Support Costs,Staff Training,Stockport MBC
INSIDERMEDI,GPC05180000130,16.06.2018,468.00,14.05.2018,Catering  ,Services to Place,Planning Services,Expenses and Allowances,Stockport MBC
TRAINLINE,GPC05180000131,16.06.2018,77.50,02.05.2018,Human Resources Travel & Subsistence ,Services to Place,Central Support Costs,Travelling Expenses,Stockport MBC
ARGOS RETAIL GROUP,GPC05180000132,16.06.2018,144.99,11.05.2018,Environmental Services Technical Equipment ,Services to People,Childrens & Educational Services,Furniture and Equipment,Stockport MBC
AMAZON EU,GPC05180000133,16.06.2018,40.34,17.05.2018,Education Library Books ,Services to People,Childrens & Educational Services,Library Equipment,Stockport MBC
FLYBE   B8XFSD-2672167,GPC05180000134,16.06.2018,189.88,10.05.2018,Human Resources Travel & Subsistence ,Services to People,Childrens & Educational Services,Travelling Expenses,Stockport MBC
PREMIER INN 44531780,GPC05180000135,16.06.2018,183.00,09.05.2018,Human Resources Training & Conferences ,Services to People,Childrens & Educational Services,Expenses and Allowances,Stockport MBC
TRAINLINE,GPC05180000136,16.06.2018,121.00,09.05.2018,Human Resources Travel & Subsistence ,Services to People,Childrens & Educational Services,Travelling Expenses,Stockport MBC
YHA ENGLAND AND WALES,GPC05180000137,16.06.2018,101.00,09.05.2018,Human Resources Training & Conferences ,Services to People,Childrens & Educational Services,Expenses and Allowances,Stockport MBC
TRAINLINE,GPC05180000138,16.06.2018,33.85,02.05.2018,Human Resources Travel & Subsistence ,Services to People,Childrens & Educational Services,Travelling Expenses,Stockport MBC
WWW.MANCHESTER.GOV.UK,GPC05180000139,16.06.2018,11.00,31.05.2018,Social Community Care Supplies & Services  ,Services to People,Childrens & Educational Services,Care Payments,Stockport MBC
TRAINLINE,GPC05180000140,16.06.2018,25.45,30.05.2018,Human Resources Travel & Subsistence ,Services to People,Childrens & Educational Services,Travelling Expenses,Stockport MBC
PREMIER INN44010600,GPC05180000141,16.06.2018,172.00,29.05.2018,Social Community Care Supplies & Services  ,Services to People,Childrens & Educational Services,Care Payments,Stockport MBC
HM PASSPORT OFFICE,GPC05180000142,16.06.2018,54.00,29.05.2018,Social Community Care Supplies & Services  ,Services to People,Childrens & Educational Services,Care Payments,Stockport MBC
TRAINLINE,GPC05180000143,16.06.2018,160.50,29.05.2018,Human Resources Travel & Subsistence ,Services to People,Childrens & Educational Services,Travelling Expenses,Stockport MBC
GRO HM PASSPORT OFFICE,GPC05180000144,16.06.2018,-9.25,01.05.2018,Social Community Care Supplies & Services  ,Services to People,Childrens & Educational Services,Care Payments,Stockport MBC
BRITANNIA HOTEL,GPC05180000145,16.06.2018,590.00,21.05.2018,Vehicle Management Fuel ,Services to People,Childrens & Educational Services,Fuel,Stockport MBC
TRAINLINE,GPC05180000146,16.06.2018,26.75,21.05.2018,Social Community Care Supplies & Services  ,Services to People,Childrens & Educational Services,Care Payments,Stockport MBC
BRITANNIA HOTEL,GPC05180000147,16.06.2018,814.00,18.05.2018,Vehicle Management Fuel ,Services to People,Childrens & Educational Services,Fuel,Stockport MBC
STOCKPORT M B C,GPC05180000148,16.06.2018,32.00,17.05.2018,Social Community Care Supplies & Services  ,Services to People,Childrens & Educational Services,Care Payments,Stockport MBC
WWW.PLAYDALE.CO.UK,GPC05180000149,16.06.2018,"1,438.95",09.05.2018,Environmental Services Technical Equipment ,Services to People,Childrens & Educational Services,Furniture and Equipment,Stockport MBC
GRO HM PASSPORT OFFICE,GPC05180000150,16.06.2018,-93.60,08.05.2018,Social Community Care Supplies & Services  ,Services to People,Childrens & Educational Services,Care Payments,Stockport MBC
GRO HM PASSPORT OFFICE,GPC05180000151,16.06.2018,93.60,08.05.2018,Social Community Care Supplies & Services  ,Services to People,Childrens & Educational Services,Care Payments,Stockport MBC
GRO HM PASSPORT OFFICE,GPC05180000152,16.06.2018,-93.60,04.05.2018,Social Community Care Supplies & Services  ,Services to People,Childrens & Educational Services,Care Payments,Stockport MBC
WWW.STOCKPORT.GOV.UK,GPC05180000153,16.06.2018,10.00,04.05.2018,Social Community Care Supplies & Services  ,Services to People,Childrens & Educational Services,Care Payments,Stockport MBC
STOCKPORT M B C,GPC05180000154,16.06.2018,230.00,04.05.2018,Social Community Care Supplies & Services  ,Services to People,Childrens & Educational Services,Care Payments,Stockport MBC
GRO HM PASSPORT OFFICE,GPC05180000155,16.06.2018,93.60,04.05.2018,Social Community Care Supplies & Services  ,Services to People,Childrens & Educational Services,Care Payments,Stockport MBC
TRAINLINE,GPC05180000156,16.06.2018,144.30,02.05.2018,Human Resources Travel & Subsistence ,Services to People,Childrens & Educational Services,Travelling Expenses,Stockport MBC
HUB BY PREMIER INN 496,GPC05180000157,16.06.2018,336.00,29.05.2018,Human Resources Training & Conferences ,Services to People,Childrens & Educational Services,Expenses and Allowances,Stockport MBC
WWW.SJA.ORG.UK,GPC05180000158,16.06.2018,74.40,04.05.2018,Furniture & Soft Furnishings  ,Services to People,Childrens & Educational Services,Furniture and Equipment,Stockport MBC
W M MORRISON PLC,GPC05180000159,16.06.2018,87.82,02.05.2018,Furniture & Soft Furnishings  ,Services to People,Childrens & Educational Services,Furniture and Equipment,Stockport MBC
METACOGNITION COURSE 2,GPC05180000160,16.06.2018,295.00,02.05.2018,Furniture & Soft Furnishings  ,Services to People,Childrens & Educational Services,Furniture and Equipment,Stockport MBC
ALDI 40 773,GPC05180000161,16.06.2018,6.18,22.05.2018,Catering Food & Beverages ,Services to People,Childrens & Educational Services,Catering Supplies,Stockport MBC
W M MORRISONS.COM,GPC05180000162,16.06.2018,99.57,21.05.2018,Catering Food & Beverages ,Services to People,Childrens & Educational Services,Catering Supplies,Stockport MBC
WM MORRISONS,GPC05180000163,16.06.2018,49.49,14.05.2018,Catering Food & Beverages ,Services to People,Childrens & Educational Services,Catering Supplies,Stockport MBC
ALDI 84 773,GPC05180000164,16.06.2018,10.67,09.05.2018,Catering Food & Beverages ,Services to People,Childrens & Educational Services,Catering Supplies,Stockport MBC
W M MORRISONS.COM,GPC05180000165,16.06.2018,134.42,08.05.2018,Catering Food & Beverages ,Services to People,Childrens & Educational Services,Catering Supplies,Stockport MBC
W M MORRISONS.COM,GPC05180000166,16.06.2018,67.69,04.05.2018,Catering Food & Beverages ,Services to People,Childrens & Educational Services,Catering Supplies,Stockport MBC
EAST GB LTD,GPC05180000167,16.06.2018,55.00,03.05.2018,Catering Food & Beverages ,Services to People,Childrens & Educational Services,Catering Supplies,Stockport MBC
ALDI 84 773,GPC05180000168,16.06.2018,14.23,02.05.2018,Catering Food & Beverages ,Services to People,Childrens & Educational Services,Catering Supplies,Stockport MBC
BLACKPOOL PLEASURE BEA,GPC05180000169,16.06.2018,130.00,30.05.2018,Arts & Leisure Services  ,Services to People,Childrens & Educational Services,Publicity and Promotion,Stockport MBC
SHEFFIELD CABLE WATERS,GPC05180000170,16.06.2018,80.00,29.05.2018,Arts & Leisure Services  ,Services to People,Childrens & Educational Services,Publicity and Promotion,Stockport MBC
AMAZON DIGITAL SVCS,GPC05180000171,16.06.2018,3.99,29.05.2018,Arts & Leisure Services  ,Services to People,Childrens & Educational Services,Publicity and Promotion,Stockport MBC
TESCO STORES 3378,GPC05180000172,16.06.2018,147.53,26.05.2018,Catering Food & Beverages ,Services to People,Childrens & Educational Services,Catering Supplies,Stockport MBC
NETFLIX.COM,GPC05180000173,16.06.2018,9.99,26.05.2018,UNCLASSIFIED  ,Services to People,Childrens & Educational Services,Fees and Charges,Stockport MBC
TESCO STORES 3378,GPC05180000174,16.06.2018,255.78,25.05.2018,Catering Food & Beverages ,Services to People,Childrens & Educational Services,Catering Supplies,Stockport MBC
ARGOS RETAIL GROUP,GPC05180000175,16.06.2018,66.46,21.05.2018,Environmental Services Technical Equipment ,Services to People,Childrens & Educational Services,Furniture and Equipment,Stockport MBC
ARGOS RETAIL GROUP,GPC05180000176,16.06.2018,-13.49,21.05.2018,Environmental Services Technical Equipment ,Services to People,Childrens & Educational Services,Furniture and Equipment,Stockport MBC
ARGOS RETAIL GROUP,GPC05180000177,16.06.2018,-9.99,21.05.2018,Environmental Services Technical Equipment ,Services to People,Childrens & Educational Services,Furniture and Equipment,Stockport MBC
ARGOS RETAIL GROUP,GPC05180000178,16.06.2018,-14.99,21.05.2018,Environmental Services Technical Equipment ,Services to People,Childrens & Educational Services,Furniture and Equipment,Stockport MBC
AMAZON SVCS EU-UK AMAZ,GPC05180000179,16.06.2018,12.00,21.05.2018,Social Community Care Supplies & Services  ,Services to People,Childrens & Educational Services,Care Payments,Stockport MBC
TESCO STORES 3378,GPC05180000180,16.06.2018,171.48,20.05.2018,Catering Food & Beverages ,Services to People,Childrens & Educational Services,Catering Supplies,Stockport MBC
AMAZON SVCS EU-UK AMAZ,GPC05180000181,16.06.2018,17.48,18.05.2018,Social Community Care Supplies & Services  ,Services to People,Childrens & Educational Services,Care Payments,Stockport MBC
TESCO STORES 3378,GPC05180000182,16.06.2018,202.72,18.05.2018,Catering Food & Beverages ,Services to People,Childrens & Educational Services,Catering Supplies,Stockport MBC
AMAZON EU,GPC05180000183,16.06.2018,19.99,11.05.2018,Horticultural  ,Services to People,Childrens & Educational Services,Grounds Maintenance,Stockport MBC
TESCO STORES 3378,GPC05180000184,16.06.2018,204.10,12.05.2018,Catering Food & Beverages ,Services to People,Childrens & Educational Services,Catering Supplies,Stockport MBC
TESCO STORES 3378,GPC05180000185,16.06.2018,196.71,11.05.2018,Catering Food & Beverages ,Services to People,Childrens & Educational Services,Catering Supplies,Stockport MBC
AMAZON EU,GPC05180000186,16.06.2018,14.99,11.05.2018,Horticultural  ,Services to People,Childrens & Educational Services,Grounds Maintenance,Stockport MBC
AMAZON UK MARKETPLACE,GPC05180000187,16.06.2018,11.99,11.05.2018,Horticultural  ,Services to People,Childrens & Educational Services,Grounds Maintenance,Stockport MBC
AMAZON UK MARKETPLACE,GPC05180000188,16.06.2018,7.99,11.05.2018,Horticultural  ,Services to People,Childrens & Educational Services,Grounds Maintenance,Stockport MBC
AMAZON UK MARKETPLACE,GPC05180000189,16.06.2018,12.99,11.05.2018,Horticultural  ,Services to People,Childrens & Educational Services,Grounds Maintenance,Stockport MBC
AMAZON UK MARKETPLACE,GPC05180000190,16.06.2018,19.98,11.05.2018,Horticultural  ,Services to People,Childrens & Educational Services,Grounds Maintenance,Stockport MBC
AMAZON UK MARKETPLACE,GPC05180000191,16.06.2018,18.00,10.05.2018,Horticultural  ,Services to People,Childrens & Educational Services,Grounds Maintenance,Stockport MBC
PARENTPAY E-COM R,GPC05180000192,16.06.2018,50.00,10.05.2018,Catering Food & Beverages ,Services to People,Childrens & Educational Services,Catering Supplies,Stockport MBC
TESCO STORES 3378,GPC05180000193,16.06.2018,203.03,05.05.2018,Catering Food & Beverages ,Services to People,Childrens & Educational Services,Catering Supplies,Stockport MBC
TESCO STORES 3378,GPC05180000194,16.06.2018,155.16,04.05.2018,Catering Food & Beverages ,Services to People,Childrens & Educational Services,Catering Supplies,Stockport MBC
ARGOS RETAIL GROUP,GPC05180000195,16.06.2018,79.99,03.05.2018,Furniture & Soft Furnishings  ,Services to People,Childrens & Educational Services,Furniture and Equipment,Stockport MBC
AMAZON UK MARKETPLACE,GPC05180000196,16.06.2018,13.15,03.05.2018,Social Community Care Supplies & Services  ,Services to People,Childrens & Educational Services,Care Payments,Stockport MBC
STOCKPORT NHS FOUNDATI,GPC05180000197,16.06.2018,3.50,29.05.2018,Human Resources Travel & Subsistence ,Services to People,Adult Social Care,Mileage Claims /Allowances,Stockport MBC
NCP PAYBYPHONE,GPC05180000198,16.06.2018,4.60,24.05.2018,Human Resources Travel & Subsistence ,Services to People,Adult Social Care,Travelling Expenses,Stockport MBC
STOCKPORT NHS FOUNDATI,GPC05180000199,16.06.2018,3.50,23.05.2018,Human Resources Travel & Subsistence ,Services to People,Adult Social Care,Mileage Claims /Allowances,Stockport MBC
STOCKPORT STN SST,GPC05180000200,16.06.2018,3.20,22.05.2018,Human Resources Travel & Subsistence ,Services to People,Adult Social Care,Travelling Expenses,Stockport MBC
STOCKPORT STN SST,GPC05180000201,16.06.2018,6.10,17.05.2018,Human Resources Travel & Subsistence ,Services to People,Adult Social Care,Travelling Expenses,Stockport MBC
STOCKPORT NHS FOUNDATI,GPC05180000202,16.06.2018,3.50,16.05.2018,Human Resources Travel & Subsistence ,Services to People,Adult Social Care,Mileage Claims /Allowances,Stockport MBC
STOCKPORT NHS FOUNDATI,GPC05180000203,16.06.2018,3.50,09.05.2018,Human Resources Travel & Subsistence ,Services to People,Adult Social Care,Mileage Claims /Allowances,Stockport MBC
STOCKPORT STN SST,GPC05180000204,16.06.2018,6.10,08.05.2018,Human Resources Travel & Subsistence ,Services to People,Adult Social Care,Travelling Expenses,Stockport MBC
STOCKPORT NHS FOUNDATI,GPC05180000205,16.06.2018,3.50,02.05.2018,Human Resources Travel & Subsistence ,Services to People,Adult Social Care,Mileage Claims /Allowances,Stockport MBC
B & M RETAIL,GPC05180000206,16.06.2018,4.49,24.05.2018,Catering Food & Beverages ,Services to People,Childrens & Educational Services,Catering Supplies,Stockport MBC
W M MORRISON PLC,GPC05180000207,16.06.2018,21.03,24.05.2018,Catering Food & Beverages ,Services to People,Childrens & Educational Services,Catering Supplies,Stockport MBC
ALDI 2 773,GPC05180000208,16.06.2018,40.94,24.05.2018,Catering Food & Beverages ,Services to People,Childrens & Educational Services,Catering Supplies,Stockport MBC
B & M RETAIL,GPC05180000209,16.06.2018,12.04,16.05.2018,Environmental Services Technical Equipment ,Services to People,Childrens & Educational Services,Furniture and Equipment,Stockport MBC
B & Q 1279,GPC05180000210,16.06.2018,63.52,14.05.2018,Environmental Services Technical Equipment ,Services to People,Childrens & Educational Services,Furniture and Equipment,Stockport MBC
WWW.EDOFE.ORG,GPC05180000211,16.06.2018,23.50,11.05.2018,Environmental Services Technical Equipment ,Services to People,Childrens & Educational Services,Furniture and Equipment,Stockport MBC
SPAR HOPE,GPC05180000212,16.06.2018,10.00,09.05.2018,Environmental Services Technical Equipment ,Services to People,Childrens & Educational Services,Furniture and Equipment,Stockport MBC
SPAR HOPE,GPC05180000213,16.06.2018,19.06,09.05.2018,Catering Food & Beverages ,Services to People,Childrens & Educational Services,Catering Supplies,Stockport MBC
LANESIDE CARAVAN,GPC05180000214,16.06.2018,56.00,09.05.2018,Education  ,Services to People,Childrens & Educational Services,Fees and Charges,Stockport MBC
GO OUTDOORS,GPC05180000215,16.06.2018,33.03,08.05.2018,Environmental Services Technical Equipment ,Services to People,Childrens & Educational Services,Furniture and Equipment,Stockport MBC
CO-OP GROUP 070285,GPC05180000216,16.06.2018,12.57,29.05.2018,Catering Food & Beverages ,Services to People,Adult Social Care,Catering Supplies,Stockport MBC
CO-OP GROUP 070285,GPC05180000217,16.06.2018,22.16,22.05.2018,Catering Food & Beverages ,Services to People,Adult Social Care,Catering Supplies,Stockport MBC
ASDA STORES 4840,GPC05180000218,16.06.2018,3.15,07.05.2018,Catering Food & Beverages ,Services to People,Adult Social Care,Catering Supplies,Stockport MBC
APPNA CASH & CARRY (MA,GPC05180000219,16.06.2018,41.85,07.05.2018,Catering Food & Beverages ,Services to People,Adult Social Care,Catering Supplies,Stockport MBC
FARMFOODS- BELMONT,GPC05180000220,16.06.2018,27.59,07.05.2018,Catering Food & Beverages ,Services to People,Adult Social Care,Catering Supplies,Stockport MBC
EB  STOP STIGMA WITH S,GPC05180000221,16.06.2018,43.71,29.05.2018,Human Resources  ,Services to People,Adult Social Care,Staff Training,Stockport MBC
THE HOME OFFICE,GPC05180000222,16.06.2018,177.96,30.05.2018,"Works - Construction, Repair & Maintenance  ",Services to Place,Cultural & Related Services,Fees and Charges,Stockport MBC
EB  STALL HOLDER PAYME,GPC05180000223,16.06.2018,40.00,29.05.2018,Arts & Leisure Services  ,Services to Place,Cultural & Related Services,Publicity and Promotion,Stockport MBC
EE STORE 4187,GPC05180000224,16.06.2018,29.99,30.05.2018,Environmental Services Technical Equipment ,Services to People,Childrens & Educational Services,Furniture and Equipment,Stockport MBC
WEST COAST TRAINS,GPC05180000225,16.06.2018,6.10,09.05.2018,Human Resources Travel & Subsistence ,Services to People,Childrens & Educational Services,Travelling Expenses,Stockport MBC
FASTHOSTS INTERNET,GPC05180000226,16.06.2018,92.20,31.05.2018,Information Communication Technology  ,Corporate and Support Services,Central Support Costs,Information and Communications Technology,Stockport MBC
GITHUB.COM  AQ5H3,GPC05180000227,16.06.2018,158.71,28.05.2018,Information Communication Technology  ,Corporate and Support Services,Central Support Costs,Information and Communications Technology,Stockport MBC
FASTHOSTS INTERNET,GPC05180000228,16.06.2018,1.00,23.05.2018,Information Communication Technology  ,Corporate and Support Services,Central Support Costs,Information and Communications Technology,Stockport MBC
FASTHOSTS INTERNET,GPC05180000229,16.06.2018,17.79,23.05.2018,Information Communication Technology  ,Corporate and Support Services,Central Support Costs,Information and Communications Technology,Stockport MBC
FASTHOSTS INTERNET,GPC05180000230,16.06.2018,22.59,17.05.2018,Information Communication Technology  ,Corporate and Support Services,Central Support Costs,Information and Communications Technology,Stockport MBC
AUTH0.COM,GPC05180000231,16.06.2018,9.16,13.05.2018,Information Communication Technology  ,Corporate and Support Services,Central Support Costs,Information and Communications Technology,Stockport MBC
WWW.CONTENTFUL.COM,GPC05180000232,16.06.2018,730.77,10.05.2018,Information Communication Technology  ,Corporate and Support Services,Central Support Costs,Information and Communications Technology,Stockport MBC
AUTH0.COM,GPC05180000233,16.06.2018,45.80,05.05.2018,Information Communication Technology  ,Corporate and Support Services,Central Support Costs,Information and Communications Technology,Stockport MBC
FACEBK  9G2T4GEUH2,GPC05180000234,16.06.2018,555.82,30.04.2018,Facilities & Management Services  ,Corporate and Support Services,Central Support Costs,Publicity and Promotion,Stockport MBC
AMAZON MKTPLACE PMTS,GPC05180000235,16.06.2018,710.29,03.05.2018,Information Communication Technology  ,Corporate and Support Services,Central Support Costs,Information and Communications Technology,Stockport MBC
AMAZON EU,GPC05180000236,16.06.2018,22.89,29.05.2018,Education Library Books ,Corporate and Support Services,Cultural & Related Services,Library Equipment,Stockport MBC
AMAZON EU,GPC05180000237,16.06.2018,37.13,27.05.2018,Education Library Books ,Corporate and Support Services,Cultural & Related Services,Library Equipment,Stockport MBC
WWW.ARGOS.CO.UK,GPC05180000238,16.06.2018,61.94,09.05.2018,Environmental Services Technical Equipment ,Corporate and Support Services,Cultural & Related Services,Furniture and Equipment,Stockport MBC
AUTO HERITAGE,GPC05180000239,16.06.2018,10.00,08.05.2018,Education Library Books ,Corporate and Support Services,Cultural & Related Services,Library Equipment,Stockport MBC
AMAZON UK MARKETPLACE,GPC05180000240,16.06.2018,91.68,07.05.2018,Stationery    ,Corporate and Support Services,Cultural & Related Services,Office Expenses,Stockport MBC
AMAZON UK MARKETPLACE,GPC05180000241,16.06.2018,37.45,07.05.2018,Stationery    ,Corporate and Support Services,Cultural & Related Services,Office Expenses,Stockport MBC
AMAZON UK MARKETPLACE,GPC05180000242,16.06.2018,94.95,02.05.2018,Stationery    ,Corporate and Support Services,Cultural & Related Services,Office Expenses,Stockport MBC
ALDI 2 773,GPC05180000243,16.06.2018,49.91,22.05.2018,Catering Food & Beverages ,Services to People,Childrens & Educational Services,Catering Supplies,Stockport MBC
W M MORRISON PLC,GPC05180000244,16.06.2018,8.00,15.05.2018,Environmental Services Technical Equipment ,Services to People,Childrens & Educational Services,Furniture and Equipment,Stockport MBC
W M MORRISON PLC,GPC05180000245,16.06.2018,87.80,15.05.2018,Catering Food & Beverages ,Services to People,Childrens & Educational Services,Catering Supplies,Stockport MBC
ALDI 2 773,GPC05180000246,16.06.2018,46.52,08.05.2018,Catering Food & Beverages ,Services to People,Childrens & Educational Services,Catering Supplies,Stockport MBC
AMAZON UK MARKETPLACE,GPC05180000247,16.06.2018,19.96,22.05.2018,Stationery    ,Services to People,Childrens & Educational Services,Office Expenses,Stockport MBC
AMAZON UK MARKETPLACE,GPC05180000248,16.06.2018,25.94,22.05.2018,Stationery    ,Services to People,Childrens & Educational Services,Office Expenses,Stockport MBC
AMAZON UK MARKETPLACE,GPC05180000249,16.06.2018,58.24,18.05.2018,Furniture & Soft Furnishings  ,Services to People,Childrens & Educational Services,Furniture and Equipment,Stockport MBC
TRAINLINE,GPC05180000250,16.06.2018,186.00,15.05.2018,Human Resources Travel & Subsistence ,Services to People,Childrens & Educational Services,Travelling Expenses,Stockport MBC
AMAZON EU,GPC05180000251,16.06.2018,14.85,12.05.2018,Stationery    ,Services to People,Childrens & Educational Services,Office Expenses,Stockport MBC
AMAZON UK MARKETPLACE,GPC05180000252,16.06.2018,24.95,11.05.2018,Stationery    ,Services to People,Childrens & Educational Services,Office Expenses,Stockport MBC
AMAZON EU,GPC05180000253,16.06.2018,22.98,22.05.2018,Education Library Books ,Services to People,Childrens & Educational Services,Library Equipment,Stockport MBC
LETTERBOX LIBRARY,GPC05180000254,16.06.2018,5.00,10.05.2018,Education Library Books ,Services to People,Childrens & Educational Services,Library Equipment,Stockport MBC
MIMEO,GPC05180000255,16.06.2018,167.06,24.04.2018,Education Library Books ,Services to People,Childrens & Educational Services,Library Equipment,Stockport MBC
AMAZON UK MARKETPLACE,GPC05180000256,16.06.2018,11.69,18.05.2018,Stationery    ,Corporate and Support Services,Central Support Costs,Office Expenses,Stockport MBC
THE REPLACE BASE LTD,GPC05180000257,16.06.2018,361.30,17.05.2018,Environmental Services Technical Equipment ,Corporate and Support Services,Central Support Costs,Furniture and Equipment,Stockport MBC
TRAINLINE,GPC05180000258,16.06.2018,345.20,09.05.2018,Human Resources Travel & Subsistence ,Corporate and Support Services,Central Support Costs,Travelling Expenses,Stockport MBC
HOLIDAY INNS,GPC05180000259,16.06.2018,84.15,03.05.2018,Human Resources Travel & Subsistence ,Services to Place,Environmental & Regulatory Services,Expenses and Allowances,Stockport MBC
NEW START SUBSCRIPTION,GPC05180000260,16.06.2018,58.80,31.05.2018,Education Library Books ,Corporate and Support Services,Corporate & Democratic Core,Library Equipment,Stockport MBC
TRAINLINE,GPC05180000261,16.06.2018,60.90,31.05.2018,Human Resources Travel & Subsistence ,Corporate and Support Services,Central Services to the public,Travelling Expenses,Stockport MBC
TRAINLINE,GPC05180000262,16.06.2018,77.50,29.05.2018,Human Resources Travel & Subsistence ,Corporate and Support Services,Corporate & Democratic Core,Travelling Expenses,Stockport MBC
WWW.ALDC.ORG,GPC05180000263,16.06.2018,70.00,29.05.2018,Human Resources  ,Corporate and Support Services,Corporate & Democratic Core,Staff Training,Stockport MBC
TRAINLINE,GPC05180000264,16.06.2018,28.85,29.05.2018,Human Resources Travel & Subsistence ,Services to Place,Environmental & Regulatory Services,Travelling Expenses,Stockport MBC
TRAINLINE,GPC05180000265,16.06.2018,8.75,29.05.2018,Human Resources Travel & Subsistence ,Corporate and Support Services,Corporate & Democratic Core,Travelling Expenses,Stockport MBC
TRAINLINE,GPC05180000266,16.06.2018,352.20,22.05.2018,Human Resources Travel & Subsistence ,Corporate and Support Services,Central Support Costs,Travelling Expenses,Stockport MBC
TRAINLINE,GPC05180000267,16.06.2018,51.80,21.05.2018,Human Resources Travel & Subsistence ,Corporate and Support Services,Central Support Costs,Travelling Expenses,Stockport MBC
TRAINLINE,GPC05180000268,16.06.2018,453.70,17.05.2018,Human Resources Travel & Subsistence ,Corporate and Support Services,Corporate & Democratic Core,Travelling Expenses,Stockport MBC
TRAINLINE,GPC05180000269,16.06.2018,178.40,15.05.2018,Human Resources Travel & Subsistence ,Corporate and Support Services,Central Support Costs,Travelling Expenses,Stockport MBC
TRAINLINE,GPC05180000270,16.06.2018,57.10,14.05.2018,Human Resources Travel & Subsistence ,Services to Place,Childrens & Educational Services,Travelling Expenses,Stockport MBC
TRAINLINE,GPC05180000271,16.06.2018,31.95,10.05.2018,Human Resources Travel & Subsistence ,Corporate and Support Services,Central Support Costs,Travelling Expenses,Stockport MBC
TRAINLINE,GPC05180000272,16.06.2018,91.70,10.05.2018,Human Resources Travel & Subsistence ,Corporate and Support Services,Central Services to the public,Travelling Expenses,Stockport MBC
TRAINLINE,GPC05180000273,16.06.2018,90.30,10.05.2018,Human Resources Travel & Subsistence ,Corporate and Support Services,Central Support Costs,Travelling Expenses,Stockport MBC
WWW.TRANSPORTXTRA.COM,GPC05180000274,16.06.2018,967.50,03.05.2018,Human Resources  ,Services to Place,Highways & Transport Services,Staff Training,Stockport MBC
TRAINLINE,GPC05180000275,16.06.2018,25.15,03.05.2018,Human Resources Travel & Subsistence ,Corporate and Support Services,Central Support Costs,Travelling Expenses,Stockport MBC
CO-OP GROUP 070285,GPC05180000276,16.06.2018,18.77,15.05.2018,Catering Food & Beverages ,Services to People,Adult Social Care,Catering Supplies,Stockport MBC
CO-OP GROUP 070285,GPC05180000277,16.06.2018,26.43,03.05.2018,Catering Food & Beverages ,Services to People,Adult Social Care,Catering Supplies,Stockport MBC
