Supplier (Beneficiary),Organisation Name,Procurement (Merchant) Category,Purchase Date,Net Amount (£),Department where exp. Incurred,Service Category Label,Transaction Number,Purpose of Expenditure,Settlement Date
HADFIELD STN TO,Stockport MBC,Human Resources Travel & Subsistence ,13.12.2017,7.8,Services to People,Adult Social Care,GPC12170000001,Travelling Expenses,16.01.2018
HOTEL BERLAYMONT (3C),Stockport MBC,Human Resources Travel & Subsistence ,08.12.2017,398.65,Services to People,Adult Social Care,GPC12170000002,Expenses and Allowances,16.01.2018
GUIDE BRIDGE SST,Stockport MBC,Human Resources Travel & Subsistence ,06.12.2017,6.3,Services to People,Adult Social Care,GPC12170000003,Travelling Expenses,16.01.2018
COSTA D'AMALFI,Stockport MBC,Human Resources Travel & Subsistence ,06.12.2017,36.45,Services to People,Adult Social Care,GPC12170000004,Expenses and Allowances,16.01.2018
SNCB-NMBS INTERNET NA,Stockport MBC,Human Resources Travel & Subsistence ,05.12.2017,8.03,Services to People,Adult Social Care,GPC12170000005,Travelling Expenses,16.01.2018
FACEBK TXN36F6UU2,Stockport MBC,Facilities & Management Services  ,31.12.2017,15.0,Corporate and Support Services,Central Support Costs,GPC12170000006,Publicity and Promotion,16.01.2018
FACEBK EPMSREEMG2,Stockport MBC,Facilities & Management Services  ,31.12.2017,252.02,Corporate and Support Services,Central Support Costs,GPC12170000007,Publicity and Promotion,16.01.2018
FACEBK FPMSREEMG2,Stockport MBC,Facilities & Management Services  ,31.12.2017,5.66,Corporate and Support Services,Central Support Costs,GPC12170000008,Publicity and Promotion,16.01.2018
FACEBK UCGBGE6MG2,Stockport MBC,Facilities & Management Services  ,18.12.2017,45.01,Corporate and Support Services,Central Support Costs,GPC12170000009,Publicity and Promotion,16.01.2018
FACEBK TCGBGE6MG2,Stockport MBC,Facilities & Management Services  ,18.12.2017,554.99,Corporate and Support Services,Central Support Costs,GPC12170000010,Publicity and Promotion,16.01.2018
ASDA STORES 4840,Stockport MBC,Catering Food & Beverages ,20.12.2017,2.0,Services to People,Childrens & Educational Services,GPC12170000011,Catering Supplies,16.01.2018
ASDA STORES 4840,Stockport MBC,Catering Food & Beverages ,19.12.2017,2.7,Services to People,Childrens & Educational Services,GPC12170000012,Catering Supplies,16.01.2018
ASDA STORES 4840,Stockport MBC,Catering Food & Beverages ,18.12.2017,18.9,Services to People,Childrens & Educational Services,GPC12170000013,Catering Supplies,16.01.2018
ASDA STORES 4840,Stockport MBC,Catering Food & Beverages ,15.12.2017,15.24,Services to People,Childrens & Educational Services,GPC12170000014,Catering Supplies,16.01.2018
ASDA STORES 4840,Stockport MBC,Catering Food & Beverages ,14.12.2017,21.37,Services to People,Childrens & Educational Services,GPC12170000015,Catering Supplies,16.01.2018
ASDA STORES 4840,Stockport MBC,Catering Food & Beverages ,13.12.2017,3.63,Services to People,Childrens & Educational Services,GPC12170000016,Catering Supplies,16.01.2018
ASDA STORES 4840,Stockport MBC,Catering Food & Beverages ,12.12.2017,15.78,Services to People,Childrens & Educational Services,GPC12170000017,Catering Supplies,16.01.2018
ASDA STORES 4840,Stockport MBC,Catering Food & Beverages ,11.12.2017,31.49,Services to People,Childrens & Educational Services,GPC12170000018,Catering Supplies,16.01.2018
ASDA STORES 4840,Stockport MBC,Catering Food & Beverages ,08.12.2017,11.96,Services to People,Childrens & Educational Services,GPC12170000019,Catering Supplies,16.01.2018
ASDA STORES 4840,Stockport MBC,Catering Food & Beverages ,07.12.2017,19.77,Services to People,Childrens & Educational Services,GPC12170000020,Catering Supplies,16.01.2018
ASDA STORES 4840,Stockport MBC,Catering Food & Beverages ,06.12.2017,12.82,Services to People,Childrens & Educational Services,GPC12170000021,Catering Supplies,16.01.2018
ASDA STORES 4840,Stockport MBC,Catering Food & Beverages ,05.12.2017,10.97,Services to People,Childrens & Educational Services,GPC12170000022,Catering Supplies,16.01.2018
ASDA STORES 4840,Stockport MBC,Catering Food & Beverages ,04.12.2017,44.69,Services to People,Childrens & Educational Services,GPC12170000023,Catering Supplies,16.01.2018
ASDA STORES 4840,Stockport MBC,Catering Food & Beverages ,01.12.2017,24.8,Services to People,Childrens & Educational Services,GPC12170000024,Catering Supplies,16.01.2018
MACDONALD HOTELS MANCH,Stockport MBC,Human Resources Travel & Subsistence ,13.12.2017,15.0,Services to People,Childrens & Educational Services,GPC12170000025,Travelling Expenses,16.01.2018
HALL STREET SERVICE S,Stockport MBC,Vehicle Management Fuel ,14.12.2017,20.0,Services to People,Childrens & Educational Services,GPC12170000026,Fuel,16.01.2018
PREMIER INN44010600,Stockport MBC,Arts & Leisure Services  ,30.11.2017,101.66,Services to People,Childrens & Educational Services,GPC12170000027,Publicity and Promotion,16.01.2018
AMAZON EU,Stockport MBC,Information Communication Technology  ,03.12.2017,73.65,Services to People,Childrens & Educational Services,GPC12170000028,Information and Communications Technology,16.01.2018
FACEBK CFPQZEWRK2,Stockport MBC,Facilities & Management Services  ,31.12.2017,38.0,Services to People,Childrens & Educational Services,GPC12170000029,Publicity and Promotion,16.01.2018
TWITTER ONLINE ADS,Stockport MBC,Facilities & Management Services  ,23.12.2017,20.0,Services to People,Childrens & Educational Services,GPC12170000030,Publicity and Promotion,16.01.2018
TWITTER ONLINE ADS,Stockport MBC,Facilities & Management Services  ,16.12.2017,70.0,Services to People,Childrens & Educational Services,GPC12170000031,Publicity and Promotion,16.01.2018
TWITTER ONLINE ADS,Stockport MBC,Facilities & Management Services  ,09.12.2017,10.0,Services to People,Childrens & Educational Services,GPC12170000032,Publicity and Promotion,16.01.2018
TRAINLINE,Stockport MBC,Human Resources Travel & Subsistence ,01.12.2017,113.12,Services to People,Childrens & Educational Services,GPC12170000033,Travelling Expenses,16.01.2018
HEATON CHAPEL SST,Stockport MBC,Human Resources Travel & Subsistence ,06.12.2017,3.9,Services to People,Childrens & Educational Services,GPC12170000034,Travelling Expenses,16.01.2018
NCP LIMITED,Stockport MBC,Human Resources Travel & Subsistence ,05.12.2017,7.5,Services to People,Childrens & Educational Services,GPC12170000035,Travelling Expenses,16.01.2018
SAINSBURYS LOC4053,Stockport MBC,Catering  ,01.12.2017,36.85,Services to People,Childrens & Educational Services,GPC12170000036,Expenses and Allowances,16.01.2018
WEST COAST TRAINS,Stockport MBC,Human Resources Travel & Subsistence ,20.12.2017,5.9,Services to Place,Central Support Costs,GPC12170000037,Travelling Expenses,16.01.2018
MANCHESTER OXFORD ROAD,Stockport MBC,Human Resources Travel & Subsistence ,18.12.2017,5.9,Services to Place,Central Support Costs,GPC12170000038,Travelling Expenses,16.01.2018
STOCKPORT STN SST,Stockport MBC,Human Resources Travel & Subsistence ,12.12.2017,5.9,Services to Place,Central Support Costs,GPC12170000039,Travelling Expenses,16.01.2018
STOCKPORT STN SST,Stockport MBC,Human Resources Travel & Subsistence ,07.12.2017,5.9,Services to Place,Central Support Costs,GPC12170000040,Travelling Expenses,16.01.2018
W M MORRISON PLC,Stockport MBC,Catering Food & Beverages ,11.12.2017,68.45,Services to People,Childrens & Educational Services,GPC12170000041,Catering Supplies,16.01.2018
W M MORRISON PLC,Stockport MBC,Catering Food & Beverages ,11.12.2017,10.48,Services to People,Childrens & Educational Services,GPC12170000042,Catering Supplies,16.01.2018
B & M RETAIL,Stockport MBC,Catering Food & Beverages ,11.12.2017,13.99,Services to People,Childrens & Educational Services,GPC12170000043,Catering Supplies,16.01.2018
AMAZON UK MARKETPLACE,Stockport MBC,Environmental Services Technical Equipment ,09.12.2017,44.82,Services to People,Childrens & Educational Services,GPC12170000044,Furniture and Equipment,16.01.2018
ALDI 2 773,Stockport MBC,Catering Food & Beverages ,05.12.2017,54.86,Services to People,Childrens & Educational Services,GPC12170000045,Catering Supplies,16.01.2018
W M MORRISON PLC,Stockport MBC,Catering Food & Beverages ,05.12.2017,13.5,Services to People,Childrens & Educational Services,GPC12170000046,Catering Supplies,16.01.2018
B & M RETAIL,Stockport MBC,Environmental Services Technical Equipment ,30.11.2017,16.35,Services to People,Childrens & Educational Services,GPC12170000047,Furniture and Equipment,16.01.2018
HOTEL IBIS,Stockport MBC,Human Resources Travel & Subsistence ,06.12.2017,38.5,Corporate and Support Services,Corporate & Democratic Core,GPC12170000048,Expenses and Allowances,16.01.2018
AMAZON UK RETAIL AMAZO,Stockport MBC,Stationery    ,01.12.2017,32.81,Corporate and Support Services,Central Support Costs,GPC12170000049,Office Expenses,16.01.2018
FTPE WEBTIS 1,Stockport MBC,Human Resources Travel & Subsistence ,11.12.2017,31.4,Services to People,Public Health,GPC12170000050,Travelling Expenses,16.01.2018
FTPE WEBTIS 1,Stockport MBC,Human Resources Travel & Subsistence ,11.12.2017,31.4,Services to People,Public Health,GPC12170000051,Travelling Expenses,16.01.2018
AMAZON UK MARKETPLACE,Stockport MBC,Arts & Leisure Services  ,20.12.2017,11.34,Corporate and Support Services,Planning Services,GPC12170000052,Publicity and Promotion,16.01.2018
TESCO STORES 3378,Stockport MBC,Arts & Leisure Services  ,11.12.2017,18.89,Corporate and Support Services,Planning Services,GPC12170000053,Publicity and Promotion,16.01.2018
APL /EUROLYNX,Stockport MBC,Arts & Leisure Services  ,11.12.2017,20.45,Corporate and Support Services,Planning Services,GPC12170000054,Publicity and Promotion,16.01.2018
APL /EUROLYNX,Stockport MBC,Arts & Leisure Services  ,11.12.2017,17.05,Corporate and Support Services,Planning Services,GPC12170000055,Publicity and Promotion,16.01.2018
APL /EUROLYNX,Stockport MBC,Arts & Leisure Services  ,11.12.2017,4.4,Corporate and Support Services,Planning Services,GPC12170000056,Publicity and Promotion,16.01.2018
AMAZON PRIME,Stockport MBC,Stationery    ,20.12.2017,79.0,Services to People,Childrens & Educational Services,GPC12170000057,Office Expenses,16.01.2018
WWW.GL-EDUCATION.C,Stockport MBC,Education Library Books ,01.12.2017,173.44,Services to People,Childrens & Educational Services,GPC12170000058,Library Equipment,16.01.2018
OSCARS CHEADLE HULME,Stockport MBC,Environmental Services Technical Equipment ,21.12.2017,18.99,Services to People,Childrens & Educational Services,GPC12170000059,Furniture and Equipment,16.01.2018
W M MORRISON PLC,Stockport MBC,Catering Food & Beverages ,21.12.2017,30.64,Services to People,Childrens & Educational Services,GPC12170000060,Catering Supplies,16.01.2018
CINEWORLD MAN CP,Stockport MBC,Education  ,19.12.2017,18.0,Services to People,Childrens & Educational Services,GPC12170000061,Fees and Charges,16.01.2018
W M MORRISON PLC,Stockport MBC,Catering Food & Beverages ,19.12.2017,5.77,Services to People,Childrens & Educational Services,GPC12170000062,Catering Supplies,16.01.2018
W M MORRISON PLC,Stockport MBC,Catering Food & Beverages ,18.12.2017,6.71,Services to People,Childrens & Educational Services,GPC12170000063,Catering Supplies,16.01.2018
ALDI 2 773,Stockport MBC,Catering Food & Beverages ,18.12.2017,28.67,Services to People,Childrens & Educational Services,GPC12170000064,Catering Supplies,16.01.2018
W M MORRISON PLC,Stockport MBC,Catering Food & Beverages ,18.12.2017,16.74,Services to People,Childrens & Educational Services,GPC12170000065,Catering Supplies,16.01.2018
B & M RETAIL,Stockport MBC,Environmental Services Technical Equipment ,18.12.2017,9.97,Services to People,Childrens & Educational Services,GPC12170000066,Furniture and Equipment,16.01.2018
W M MORRISON PLC,Stockport MBC,Catering Food & Beverages ,13.12.2017,3.78,Services to People,Childrens & Educational Services,GPC12170000067,Catering Supplies,16.01.2018
ALDI 2 773,Stockport MBC,Catering Food & Beverages ,13.12.2017,28.32,Services to People,Childrens & Educational Services,GPC12170000068,Catering Supplies,16.01.2018
ALDI 2 773,Stockport MBC,Environmental Services Technical Equipment ,13.12.2017,2.99,Services to People,Childrens & Educational Services,GPC12170000069,Furniture and Equipment,16.01.2018
W M MORRISON PLC,Stockport MBC,Mail Services   ,13.12.2017,107.52,Services to People,Childrens & Educational Services,GPC12170000070,Office Expenses,16.01.2018
STG TRAVEL LTD,Stockport MBC,Environmental Services Technical Equipment ,11.12.2017,16.26,Services to People,Childrens & Educational Services,GPC12170000071,Furniture and Equipment,16.01.2018
STOCKPORT M B C,Stockport MBC,Environmental Services Technical Equipment ,11.12.2017,76.76,Services to People,Childrens & Educational Services,GPC12170000072,Furniture and Equipment,16.01.2018
W M MORRISON PLC,Stockport MBC,Catering Food & Beverages ,04.12.2017,2.15,Services to People,Childrens & Educational Services,GPC12170000073,Catering Supplies,16.01.2018
W M MORRISON PLC,Stockport MBC,Catering Food & Beverages ,04.12.2017,2.0,Services to People,Childrens & Educational Services,GPC12170000074,Catering Supplies,16.01.2018
W M MORRISON PLC,Stockport MBC,Catering Food & Beverages ,04.12.2017,10.01,Services to People,Childrens & Educational Services,GPC12170000075,Catering Supplies,16.01.2018
WWW.TENPIN.CO.UK,Stockport MBC,Education  ,21.12.2017,63.13,Services to People,Childrens & Educational Services,GPC12170000076,Fees and Charges,16.01.2018
POST OFFICE COUNTER,Stockport MBC,Mail Services   ,20.12.2017,11.92,Services to People,Childrens & Educational Services,GPC12170000077,Office Expenses,16.01.2018
WWW.TENPIN.CO.UK,Stockport MBC,Education  ,18.12.2017,63.0,Services to People,Childrens & Educational Services,GPC12170000078,Fees and Charges,16.01.2018
POST OFFICE COUNTER,Stockport MBC,Mail Services   ,14.12.2017,9.08,Services to People,Childrens & Educational Services,GPC12170000079,Office Expenses,16.01.2018
THE POST OFFICE,Stockport MBC,Mail Services   ,14.12.2017,30.0,Services to People,Childrens & Educational Services,GPC12170000080,Office Expenses,16.01.2018
THE POST OFFICE,Stockport MBC,Mail Services   ,14.12.2017,56.0,Services to People,Childrens & Educational Services,GPC12170000081,Office Expenses,16.01.2018
W M MORRISONS,Stockport MBC,Catering Food & Beverages ,14.12.2017,10.0,Services to People,Childrens & Educational Services,GPC12170000082,Catering Supplies,16.01.2018
B&M RETAIL LTD,Stockport MBC,Catering Food & Beverages ,14.12.2017,33.89,Services to People,Childrens & Educational Services,GPC12170000083,Catering Supplies,16.01.2018
WWW.TENPIN.CO.UK,Stockport MBC,Education  ,06.12.2017,61.65,Services to People,Childrens & Educational Services,GPC12170000084,Fees and Charges,16.01.2018
AMAZON UK MARKETPLACE,Stockport MBC,Environmental Services Technical Equipment ,03.12.2017,18.99,Services to People,Childrens & Educational Services,GPC12170000085,Furniture and Equipment,16.01.2018
ASDA STORES 4840,Stockport MBC,Catering Food & Beverages ,14.12.2017,4.36,Services to People,Childrens & Educational Services,GPC12170000086,Catering Supplies,16.01.2018
THE POST OFFICE,Stockport MBC,Mail Services   ,08.12.2017,14.52,Services to People,Childrens & Educational Services,GPC12170000087,Office Expenses,16.01.2018
AMAZON.CO.UK,Stockport MBC,Furniture & Soft Furnishings  ,10.12.2017,15.98,Services to People,Childrens & Educational Services,GPC12170000088,Furniture and Equipment,16.01.2018
SPORTSDIRECT.COM,Stockport MBC,Environmental Services Technical Equipment ,20.12.2017,20.05,Services to People,Childrens & Educational Services,GPC12170000089,Furniture and Equipment,16.01.2018
LIFE LEISURE,Stockport MBC,Education  ,19.12.2017,12.0,Services to People,Childrens & Educational Services,GPC12170000090,Fees and Charges,16.01.2018
HOME BARGAINS,Stockport MBC,Catering Food & Beverages ,08.12.2017,9.97,Services to People,Childrens & Educational Services,GPC12170000091,Catering Supplies,16.01.2018
B&M RETAIL LTD,Stockport MBC,Catering Food & Beverages ,08.12.2017,7.32,Services to People,Childrens & Educational Services,GPC12170000092,Catering Supplies,16.01.2018
HOME BARGAINS,Stockport MBC,Catering Food & Beverages ,08.12.2017,12.09,Services to People,Childrens & Educational Services,GPC12170000093,Catering Supplies,16.01.2018
LIFE LEISURE,Stockport MBC,Education  ,05.12.2017,12.0,Services to People,Childrens & Educational Services,GPC12170000094,Fees and Charges,16.01.2018
TRAINLINE,Stockport MBC,Social Community Care Supplies & Services  ,22.12.2017,48.25,Services to People,Childrens & Educational Services,GPC12170000095,Care Payments,16.01.2018
WWW.ARGOS.CO.UK,Stockport MBC,Furniture & Soft Furnishings  ,19.12.2017,806.94,Services to People,Childrens & Educational Services,GPC12170000096,Furniture and Equipment,16.01.2018
FLYBEA0NC A0NC92,Stockport MBC,Social Community Care Supplies & Services  ,19.12.2017,296.92,Services to People,Childrens & Educational Services,GPC12170000097,Care Payments,16.01.2018
STOCKPORT BED & SO,Stockport MBC,Furniture & Soft Furnishings  ,18.12.2017,160.0,Services to People,Childrens & Educational Services,GPC12170000098,Furniture and Equipment,16.01.2018
STOCKPORT BED & SO,Stockport MBC,Social Community Care Supplies & Services  ,18.12.2017,160.0,Services to People,Childrens & Educational Services,GPC12170000099,Care Payments,16.01.2018
ARGOS RETAIL GROUP,Stockport MBC,Social Community Care Supplies & Services  ,18.12.2017,64.97,Services to People,Childrens & Educational Services,GPC12170000100,Care Payments,16.01.2018
THE FREE TEST COMP,Stockport MBC,Arts & Leisure Services  ,14.12.2017,155.0,Services to People,Childrens & Educational Services,GPC12170000101,Publicity and Promotion,16.01.2018
TRAINLINE,Stockport MBC,Social Community Care Supplies & Services  ,14.12.2017,21.78,Services to People,Childrens & Educational Services,GPC12170000102,Care Payments,16.01.2018
PREMIER INN 44536900,Stockport MBC,Social Community Care Supplies & Services  ,13.12.2017,211.97,Services to People,Childrens & Educational Services,GPC12170000103,Care Payments,16.01.2018
PREMIER INN 44536900,Stockport MBC,Social Community Care Supplies & Services  ,13.12.2017,44.95,Services to People,Childrens & Educational Services,GPC12170000104,Care Payments,16.01.2018
FLYBEGMQD GMQDZW,Stockport MBC,Social Community Care Supplies & Services  ,13.12.2017,156.51,Services to People,Childrens & Educational Services,GPC12170000105,Care Payments,16.01.2018
PREMIER INN44028665,Stockport MBC,Human Resources  ,12.12.2017,76.49,Services to People,Childrens & Educational Services,GPC12170000106,Staff Training,16.01.2018
AVIS RENT-A-CAR,Stockport MBC,Social Community Care Supplies & Services  ,12.12.2017,31.44,Services to People,Childrens & Educational Services,GPC12170000107,Care Payments,16.01.2018
WWW.MANCHESTER.GOV.UK,Stockport MBC,Social Community Care Supplies & Services  ,12.12.2017,22.0,Services to People,Childrens & Educational Services,GPC12170000108,Care Payments,16.01.2018
TRAVELODGE GB0000,Stockport MBC,Social Community Care Supplies & Services  ,12.12.2017,54.5,Services to People,Childrens & Educational Services,GPC12170000109,Care Payments,16.01.2018
FLYBEGDMC GDMCPP,Stockport MBC,Social Community Care Supplies & Services  ,12.12.2017,250.46,Services to People,Childrens & Educational Services,GPC12170000110,Care Payments,16.01.2018
TRAINLINE,Stockport MBC,Social Community Care Supplies & Services  ,12.12.2017,24.43,Services to People,Childrens & Educational Services,GPC12170000111,Care Payments,16.01.2018
TRAINLINE,Stockport MBC,Social Community Care Supplies & Services  ,11.12.2017,15.45,Services to People,Childrens & Educational Services,GPC12170000112,Care Payments,16.01.2018
PREMIER INN 44536900,Stockport MBC,Social Community Care Supplies & Services  ,07.12.2017,356.5,Services to People,Childrens & Educational Services,GPC12170000113,Care Payments,16.01.2018
PREMIER INN 44536900,Stockport MBC,Social Community Care Supplies & Services  ,08.12.2017,171.98,Services to People,Childrens & Educational Services,GPC12170000114,Care Payments,16.01.2018
WWW.ARGOS.CO.UK,Stockport MBC,Social Community Care Supplies & Services  ,08.12.2017,93.94,Services to People,Childrens & Educational Services,GPC12170000115,Care Payments,16.01.2018
TRAINLINE,Stockport MBC,Human Resources Travel & Subsistence ,08.12.2017,204.77,Services to People,Childrens & Educational Services,GPC12170000116,Travelling Expenses,16.01.2018
TESCO - SELLER_IST_1_2,Stockport MBC,Social Community Care Supplies & Services  ,07.12.2017,110.94,Services to People,Childrens & Educational Services,GPC12170000117,Care Payments,16.01.2018
WWW.STOCKPORT.GOV.UK,Stockport MBC,Social Community Care Supplies & Services  ,06.12.2017,50.0,Services to People,Childrens & Educational Services,GPC12170000118,Care Payments,16.01.2018
AVIS RENT-A-CAR,Stockport MBC,Social Community Care Supplies & Services  ,04.12.2017,35.78,Services to People,Childrens & Educational Services,GPC12170000119,Care Payments,16.01.2018
HMCOURTS-SERVICE.G,Stockport MBC,Social Community Care Supplies & Services  ,05.12.2017,50.0,Services to People,Childrens & Educational Services,GPC12170000120,Care Payments,16.01.2018
FLYBE.COM E2H48P       0,Stockport MBC,Social Community Care Supplies & Services  ,04.12.2017,187.84,Services to People,Childrens & Educational Services,GPC12170000121,Care Payments,16.01.2018
TRAINLINE,Stockport MBC,Social Community Care Supplies & Services  ,04.12.2017,17.9,Services to People,Childrens & Educational Services,GPC12170000122,Care Payments,16.01.2018
TRAINLINE,Stockport MBC,Social Community Care Supplies & Services  ,04.12.2017,35.34,Services to People,Childrens & Educational Services,GPC12170000123,Care Payments,16.01.2018
HMCOURTS-SERVICE.G,Stockport MBC,Legal Services  ,29.12.2017,75.0,Services to People,Adult Social Care,GPC12170000124,Legal Fees,16.01.2018
HMCOURTS-SERVICE.G,Stockport MBC,Legal Services  ,19.12.2017,75.0,Services to People,Adult Social Care,GPC12170000125,Legal Fees,16.01.2018
TESCO STORES 3378,Stockport MBC,Catering Food & Beverages ,18.12.2017,97.43,Services to People,Childrens & Educational Services,GPC12170000126,Catering Supplies,16.01.2018
HESKETH TAVERN LTD,Stockport MBC,Education  ,15.12.2017,28.5,Services to People,Childrens & Educational Services,GPC12170000127,Fees and Charges,16.01.2018
HESKETH TAVERN LTD,Stockport MBC,Education  ,13.12.2017,30.0,Services to People,Childrens & Educational Services,GPC12170000128,Fees and Charges,16.01.2018
ASDA SUPERSTORE,Stockport MBC,Furniture & Soft Furnishings  ,07.12.2017,10.0,Services to People,Childrens & Educational Services,GPC12170000129,Furniture and Equipment,16.01.2018
ASDA STORES 4840,Stockport MBC,Catering Food & Beverages ,04.12.2017,67.26,Services to People,Childrens & Educational Services,GPC12170000130,Catering Supplies,16.01.2018
TRAINLINE,Stockport MBC,Social Community Care Supplies & Services  ,11.12.2017,-42.0,Services to People,Childrens & Educational Services,GPC12170000131,Care Payments,16.01.2018
KFC,Stockport MBC,Catering Food & Beverages ,19.12.2017,26.99,Services to People,Childrens & Educational Services,GPC12170000132,Catering Supplies,16.01.2018
PIZZA HUT 774,Stockport MBC,Catering Food & Beverages ,18.12.2017,43.28,Services to People,Childrens & Educational Services,GPC12170000133,Catering Supplies,16.01.2018
W M MORRISONS,Stockport MBC,Catering Food & Beverages ,07.12.2017,6.0,Services to People,Childrens & Educational Services,GPC12170000134,Catering Supplies,16.01.2018
MAN MET UNI,Stockport MBC,Human Resources Training & Conferences ,19.12.2017,140.0,Services to People,Childrens & Educational Services,GPC12170000135,Expenses and Allowances,16.01.2018
TRAINLINE,Stockport MBC,Human Resources Travel & Subsistence ,08.12.2017,32.79,Services to People,Childrens & Educational Services,GPC12170000136,Travelling Expenses,16.01.2018
TRAINLINE,Stockport MBC,Social Community Care Supplies & Services  ,27.12.2017,106.39,Services to People,Childrens & Educational Services,GPC12170000137,Care Payments,16.01.2018
TRAINLINE,Stockport MBC,Social Community Care Supplies & Services  ,20.12.2017,214.71,Services to People,Childrens & Educational Services,GPC12170000138,Care Payments,16.01.2018
FLYBEA0FR A0FRQ0,Stockport MBC,Social Community Care Supplies & Services  ,19.12.2017,445.38,Services to People,Childrens & Educational Services,GPC12170000139,Care Payments,16.01.2018
LCC TELEPHONE PAYMENT,Stockport MBC,Social Community Care Supplies & Services  ,01.12.2017,60.0,Services to People,Childrens & Educational Services,GPC12170000140,Care Payments,16.01.2018
W M MORRISON PLC,Stockport MBC,Furniture & Soft Furnishings  ,12.12.2017,32.2,Services to People,Childrens & Educational Services,GPC12170000141,Furniture and Equipment,16.01.2018
ST JOHN AMBULANCE,Stockport MBC,Furniture & Soft Furnishings  ,05.12.2017,-162.0,Services to People,Childrens & Educational Services,GPC12170000142,Furniture and Equipment,16.01.2018
ALDI 84 773,Stockport MBC,Catering Food & Beverages ,20.12.2017,6.34,Services to People,Childrens & Educational Services,GPC12170000143,Catering Supplies,16.01.2018
ASDA HOME SHOPPING,Stockport MBC,Catering Food & Beverages ,18.12.2017,78.62,Services to People,Childrens & Educational Services,GPC12170000144,Catering Supplies,16.01.2018
TESCO STORES 5128,Stockport MBC,Catering Food & Beverages ,13.12.2017,6.0,Services to People,Childrens & Educational Services,GPC12170000145,Catering Supplies,16.01.2018
W M MORRISONS.COM,Stockport MBC,Catering Food & Beverages ,11.12.2017,76.27,Services to People,Childrens & Educational Services,GPC12170000146,Catering Supplies,16.01.2018
ASDA HOME SHOPPING,Stockport MBC,Catering Food & Beverages ,11.12.2017,58.82,Services to People,Childrens & Educational Services,GPC12170000147,Catering Supplies,16.01.2018
ASDA HOME SHOPPING,Stockport MBC,Catering Food & Beverages ,11.12.2017,-2.15,Services to People,Childrens & Educational Services,GPC12170000148,Catering Supplies,16.01.2018
ASDA STORES 4840,Stockport MBC,Catering Food & Beverages ,09.12.2017,11.8,Services to People,Childrens & Educational Services,GPC12170000149,Catering Supplies,16.01.2018
ASDA HOME SHOPPING,Stockport MBC,Catering Food & Beverages ,04.12.2017,49.36,Services to People,Childrens & Educational Services,GPC12170000150,Catering Supplies,16.01.2018
W M MORRISONS.COM,Stockport MBC,Catering Food & Beverages ,04.12.2017,68.95,Services to People,Childrens & Educational Services,GPC12170000151,Catering Supplies,16.01.2018
ALDI 2 773,Stockport MBC,Catering Food & Beverages ,29.12.2017,149.95,Services to People,Childrens & Educational Services,GPC12170000152,Catering Supplies,16.01.2018
NETFLIX.COM,Stockport MBC,Social Community Care Supplies & Services  ,26.12.2017,8.33,Services to People,Childrens & Educational Services,GPC12170000153,Care Payments,16.01.2018
PRIMARK 669,Stockport MBC,Social Community Care Supplies & Services  ,20.12.2017,72.6,Services to People,Childrens & Educational Services,GPC12170000154,Care Payments,16.01.2018
LA REDOUTE,Stockport MBC,Social Community Care Supplies & Services  ,21.12.2017,15.0,Services to People,Childrens & Educational Services,GPC12170000155,Care Payments,16.01.2018
WWW.STITCHDESIGN.CO.UK,Stockport MBC,Social Community Care Supplies & Services  ,20.12.2017,27.55,Services to People,Childrens & Educational Services,GPC12170000156,Care Payments,16.01.2018
WWW.ICELAND.CO.UK,Stockport MBC,Catering Food & Beverages ,19.12.2017,327.76,Services to People,Childrens & Educational Services,GPC12170000157,Catering Supplies,16.01.2018
AMAZON UK MARKETPLACE,Stockport MBC,Social Community Care Supplies & Services  ,18.12.2017,167.95,Services to People,Childrens & Educational Services,GPC12170000158,Care Payments,16.01.2018
WWW.ARGOS.CO.UK,Stockport MBC,Social Community Care Supplies & Services  ,18.12.2017,183.94,Services to People,Childrens & Educational Services,GPC12170000159,Care Payments,16.01.2018
B & M RETAIL,Stockport MBC,Arts & Leisure Services  ,18.12.2017,205.83,Services to People,Childrens & Educational Services,GPC12170000160,Publicity and Promotion,16.01.2018
B & M RETAIL,Stockport MBC,Catering Food & Beverages ,18.12.2017,33.92,Services to People,Childrens & Educational Services,GPC12170000161,Catering Supplies,16.01.2018
WWW.SMYTHSTOYS.COM,Stockport MBC,Social Community Care Supplies & Services  ,18.12.2017,23.99,Services to People,Childrens & Educational Services,GPC12170000162,Care Payments,16.01.2018
WWW.SKATEHUT.CO.UK,Stockport MBC,Social Community Care Supplies & Services  ,15.12.2017,95.8,Services to People,Childrens & Educational Services,GPC12170000163,Care Payments,16.01.2018
AMAZON UK MARKETPLACE,Stockport MBC,Social Community Care Supplies & Services  ,16.12.2017,13.58,Services to People,Childrens & Educational Services,GPC12170000164,Care Payments,16.01.2018
CALENDAR CLUB LTD,Stockport MBC,Social Community Care Supplies & Services  ,16.12.2017,9.74,Services to People,Childrens & Educational Services,GPC12170000165,Care Payments,16.01.2018
GROSVENOR SERVICE STAT,Stockport MBC,Vehicle Management Fuel ,16.12.2017,52.0,Services to People,Childrens & Educational Services,GPC12170000166,Fuel,16.01.2018
ARGOS RETAIL GROUP,Stockport MBC,Social Community Care Supplies & Services  ,15.12.2017,12.99,Services to People,Childrens & Educational Services,GPC12170000167,Care Payments,16.01.2018
ARGOS RETAIL GROUP,Stockport MBC,Social Community Care Supplies & Services  ,15.12.2017,9.99,Services to People,Childrens & Educational Services,GPC12170000168,Care Payments,16.01.2018
THE WORKS,Stockport MBC,Social Community Care Supplies & Services  ,16.12.2017,8.5,Services to People,Childrens & Educational Services,GPC12170000169,Care Payments,16.01.2018
"BOOTS,STOCKPORT",Stockport MBC,Social Community Care Supplies & Services  ,16.12.2017,46.03,Services to People,Childrens & Educational Services,GPC12170000170,Care Payments,16.01.2018
AMAZON EU AMAZON.CO.UK,Stockport MBC,Social Community Care Supplies & Services  ,15.12.2017,4.99,Services to People,Childrens & Educational Services,GPC12170000171,Care Payments,16.01.2018
AMAZON EU AMAZON.CO.UK,Stockport MBC,Social Community Care Supplies & Services  ,16.12.2017,113.98,Services to People,Childrens & Educational Services,GPC12170000172,Care Payments,16.01.2018
WWW.SKATES.CO.UK,Stockport MBC,Social Community Care Supplies & Services  ,15.12.2017,38.9,Services to People,Childrens & Educational Services,GPC12170000173,Care Payments,16.01.2018
ARGOFIELD LTD,Stockport MBC,Social Community Care Supplies & Services  ,15.12.2017,66.96,Services to People,Childrens & Educational Services,GPC12170000174,Care Payments,16.01.2018
MUSIC MAGPIE,Stockport MBC,Social Community Care Supplies & Services  ,15.12.2017,189.49,Services to People,Childrens & Educational Services,GPC12170000175,Care Payments,16.01.2018
DA SHOP,Stockport MBC,Social Community Care Supplies & Services  ,15.12.2017,73.57,Services to People,Childrens & Educational Services,GPC12170000176,Care Payments,16.01.2018
TESCO DIRECT,Stockport MBC,Social Community Care Supplies & Services  ,15.12.2017,32.0,Services to People,Childrens & Educational Services,GPC12170000177,Care Payments,16.01.2018
JUMP HEAVEN,Stockport MBC,Arts & Leisure Services  ,15.12.2017,35.25,Services to People,Childrens & Educational Services,GPC12170000178,Publicity and Promotion,16.01.2018
WWW.GROUPON.CO.UK,Stockport MBC,Arts & Leisure Services  ,13.12.2017,40.0,Services to People,Childrens & Educational Services,GPC12170000179,Publicity and Promotion,16.01.2018
WWW.GROUPON.CO.UK,Stockport MBC,Arts & Leisure Services  ,13.12.2017,23.9,Services to People,Childrens & Educational Services,GPC12170000180,Publicity and Promotion,16.01.2018
THE LOWRY CENTRE LTD,Stockport MBC,Arts & Leisure Services  ,13.12.2017,80.25,Services to People,Childrens & Educational Services,GPC12170000181,Publicity and Promotion,16.01.2018
TESCO STORES 3378,Stockport MBC,Catering Food & Beverages ,09.12.2017,140.93,Services to People,Childrens & Educational Services,GPC12170000182,Catering Supplies,16.01.2018
TESCO STORES 3378,Stockport MBC,Catering Food & Beverages ,05.12.2017,144.25,Services to People,Childrens & Educational Services,GPC12170000183,Catering Supplies,16.01.2018
DEBENHAMS.COM,Stockport MBC,Social Community Care Supplies & Services  ,05.12.2017,48.0,Services to People,Childrens & Educational Services,GPC12170000184,Care Payments,16.01.2018
STOCKPORT NHS FOUNDATI,Stockport MBC,Human Resources Travel & Subsistence ,14.12.2017,5.5,Services to People,Adult Social Care,GPC12170000185,Travelling Expenses,16.01.2018
NORTHERN RAIL LTD-,Stockport MBC,Human Resources Travel & Subsistence ,12.12.2017,6.4,Services to People,Adult Social Care,GPC12170000186,Travelling Expenses,16.01.2018
FIRST/KEOLIS TRANS,Stockport MBC,Human Resources Travel & Subsistence ,11.12.2017,16.4,Services to People,Adult Social Care,GPC12170000187,Travelling Expenses,16.01.2018
AO RETAIL LIMITED,Stockport MBC,Environmental Services Technical Equipment ,07.12.2017,333.97,Services to People,Adult Social Care,GPC12170000188,Furniture and Equipment,16.01.2018
SURVEYMONKEY,Stockport MBC,Arts & Leisure Services  ,08.12.2017,29.0,Services to Place,Cultural & Related Services,GPC12170000189,Publicity and Promotion,16.01.2018
FACEBK 8YLP8FJUH2,Stockport MBC,Facilities & Management Services  ,31.12.2017,175.44,Corporate and Support Services,Central Support Costs,GPC12170000190,Publicity and Promotion,16.01.2018
FASTHOSTS INTERNET,Stockport MBC,Information Communication Technology  ,29.12.2017,12.99,Corporate and Support Services,Central Support Costs,GPC12170000191,Information and Communications Technology,16.01.2018
GITHUB.COM  AQ5H3,Stockport MBC,Information Communication Technology  ,28.12.2017,212.89,Corporate and Support Services,Central Support Costs,GPC12170000192,Information and Communications Technology,16.01.2018
OPINION STAGE,Stockport MBC,Facilities & Management Services  ,23.12.2017,61.03,Corporate and Support Services,Central Support Costs,GPC12170000193,Publicity and Promotion,16.01.2018
AUTH0.COM,Stockport MBC,Information Communication Technology  ,13.12.2017,9.28,Corporate and Support Services,Central Support Costs,GPC12170000194,Information and Communications Technology,16.01.2018
SPARKOL,Stockport MBC,Facilities & Management Services  ,13.12.2017,76.6,Corporate and Support Services,Central Support Costs,GPC12170000195,Publicity and Promotion,16.01.2018
SPARKOL,Stockport MBC,Facilities & Management Services  ,13.12.2017,115.2,Corporate and Support Services,Central Support Costs,GPC12170000196,Publicity and Promotion,16.01.2018
SPARKOL,Stockport MBC,Facilities & Management Services  ,13.12.2017,-115.2,Corporate and Support Services,Central Support Costs,GPC12170000197,Publicity and Promotion,16.01.2018
WWWCONTENTFULCOM,Stockport MBC,Information Communication Technology  ,10.12.2017,753.81,Corporate and Support Services,Central Support Costs,GPC12170000198,Information and Communications Technology,16.01.2018
AMAZON MKTPLACE PMTS,Stockport MBC,Information Communication Technology  ,09.12.2017,9.96,Corporate and Support Services,Central Support Costs,GPC12170000199,Information and Communications Technology,16.01.2018
AUTH0.COM,Stockport MBC,Information Communication Technology  ,05.12.2017,9.24,Corporate and Support Services,Central Support Costs,GPC12170000200,Information and Communications Technology,16.01.2018
FASTHOSTS INTERNET,Stockport MBC,Information Communication Technology  ,05.12.2017,19.19,Corporate and Support Services,Central Support Costs,GPC12170000201,Information and Communications Technology,16.01.2018
AMAZON MKTPLACE PMTS,Stockport MBC,Information Communication Technology  ,03.12.2017,728.67,Corporate and Support Services,Central Support Costs,GPC12170000202,Information and Communications Technology,16.01.2018
AMAZON EU AMAZON.CO.UK,Stockport MBC,Education Library Books ,29.12.2017,12.99,Corporate and Support Services,Cultural & Related Services,GPC12170000203,Library Equipment,16.01.2018
AMAZON EU AMAZON.CO.UK,Stockport MBC,Education Library Books ,28.12.2017,9.98,Corporate and Support Services,Cultural & Related Services,GPC12170000204,Library Equipment,16.01.2018
AMAZON EU AMAZON.CO.UK,Stockport MBC,Education Library Books ,21.12.2017,11.76,Corporate and Support Services,Cultural & Related Services,GPC12170000205,Library Equipment,16.01.2018
AMAZON UK RETAIL AMAZO,Stockport MBC,Education Library Books ,01.12.2017,12.98,Corporate and Support Services,Cultural & Related Services,GPC12170000206,Library Equipment,16.01.2018
AMAZON.CO.UK,Stockport MBC,Education Library Books ,01.12.2017,4.44,Corporate and Support Services,Cultural & Related Services,GPC12170000207,Library Equipment,16.01.2018
AMAZON UK MARKETPLACE,Stockport MBC,Furniture & Soft Furnishings  ,14.12.2017,19.09,Services to People,Childrens & Educational Services,GPC12170000208,Furniture and Equipment,16.01.2018
AMAZON EU AMAZON.CO.UK,Stockport MBC,Stationery    ,13.12.2017,12.37,Services to People,Childrens & Educational Services,GPC12170000209,Office Expenses,16.01.2018
AMAZON EU,Stockport MBC,Stationery    ,13.12.2017,19.95,Services to People,Childrens & Educational Services,GPC12170000210,Office Expenses,16.01.2018
AMAZON.CO.UK,Stockport MBC,Furniture & Soft Furnishings  ,04.12.2017,48.0,Services to People,Childrens & Educational Services,GPC12170000211,Furniture and Equipment,16.01.2018
WWW.ONLINETROPHIES.CO.,Stockport MBC,Furniture & Soft Furnishings  ,06.12.2017,38.95,Services to People,Childrens & Educational Services,GPC12170000212,Furniture and Equipment,16.01.2018
PAYPAL  TWINKL LTD,Stockport MBC,Education Library Books ,05.12.2017,67.56,Services to People,Childrens & Educational Services,GPC12170000213,Library Equipment,16.01.2018
AMAZON.CO.UK,Stockport MBC,Education Library Books ,02.12.2017,33.27,Services to People,Childrens & Educational Services,GPC12170000214,Library Equipment,16.01.2018
SAUDI AI  00652490621543 REFUND,Stockport MBC,Human Resources Travel & Subsistence ,05.10.2017,-388.0,Services to People,Childrens & Educational Services,GPC12170000219,Travelling Expenses,16.01.2018
SAUDI AI  00652490621756 REFUND,Stockport MBC,Human Resources Travel & Subsistence ,02.10.2017,-433.1,Services to People,Childrens & Educational Services,GPC12170000220,Travelling Expenses,16.01.2018
THE REPLACE BASE LTD,Stockport MBC,Environmental Services Technical Equipment ,20.12.2017,48.18,Corporate and Support Services,Central Support Costs,GPC12170000221,Furniture and Equipment,16.01.2018
WWW.TOGGLER-UK.COM,Stockport MBC,Environmental Services Technical Equipment ,06.12.2017,114.6,Corporate and Support Services,Central Support Costs,GPC12170000222,Furniture and Equipment,16.01.2018
TRAINLINE,Stockport MBC,Human Resources Travel & Subsistence ,13.12.2017,87.21,Corporate and Support Services,Central Support Costs,GPC12170000223,Travelling Expenses,16.01.2018
TRAINLINE,Stockport MBC,Human Resources Travel & Subsistence ,13.12.2017,280.3,Corporate and Support Services,Central Support Costs,GPC12170000224,Travelling Expenses,16.01.2018
UOM STORE,Stockport MBC,Human Resources Training & Conferences ,29.12.2017,100.0,Corporate and Support Services,Central Support Costs,GPC12170000225,Expenses and Allowances,16.01.2018
TRAINLINE,Stockport MBC,Human Resources Travel & Subsistence ,15.12.2017,68.34,Services to Place,Environmental & Regulatory Services,GPC12170000226,Travelling Expenses,16.01.2018
TRAINLINE,Stockport MBC,Human Resources Travel & Subsistence ,15.12.2017,155.96,Corporate and Support Services,Central Support Costs,GPC12170000227,Travelling Expenses,16.01.2018
TRAINLINE,Stockport MBC,Human Resources Travel & Subsistence ,15.12.2017,66.5,Corporate and Support Services,Central Support Costs,GPC12170000228,Travelling Expenses,16.01.2018
3D STORAGE SYSTEMS UK,Stockport MBC,Environmental Services Technical Equipment ,15.12.2017,338.44,Services to Place,Highways & Transport Services,GPC12170000229,Furniture and Equipment,16.01.2018
TRAINLINE,Stockport MBC,Human Resources Travel & Subsistence ,12.12.2017,224.6,Corporate and Support Services,Corporate & Democratic Core,GPC12170000230,Travelling Expenses,16.01.2018
CITB,Stockport MBC,Financial Services  ,08.12.2017,180.0,Services to Place,Planning Services,GPC12170000231,Fees and Charges,16.01.2018
TRAINLINE,Stockport MBC,Human Resources Travel & Subsistence ,07.12.2017,13.21,Corporate and Support Services,Cultural & Related Services,GPC12170000232,Travelling Expenses,16.01.2018
TRAINLINE,Stockport MBC,Human Resources Travel & Subsistence ,07.12.2017,62.83,Corporate and Support Services,Central Support Costs,GPC12170000233,Travelling Expenses,16.01.2018
TRAINLINE,Stockport MBC,Human Resources Travel & Subsistence ,06.12.2017,-31.0,Corporate and Support Services,Central Services to the public,GPC12170000234,Travelling Expenses,16.01.2018
