Department where exp. Incurred,Transaction Number,Procurement (Merchant) Category,Service Category Label,Net Amount (£),Supplier (Beneficiary),Organisation Name,Settlement Date,Purpose of Expenditure,Purchase Date
Corporate and Support Services,GPC01190000001,Human Resources Travel & Subsistence ,Central Services to the public,12.00,WEST COAST TRAINS,Stockport MBC,16.02.2019,Travelling Expenses,18.01.2019
Corporate and Support Services,GPC01190000002,Human Resources Travel & Subsistence ,Central Services to the public,172.00,VIRGIN TRAINS,Stockport MBC,16.02.2019,Travelling Expenses,11.01.2019
Corporate and Support Services,GPC01190000003,Human Resources Travel & Subsistence ,Central Services to the public,88.50,TRAINLINE,Stockport MBC,16.02.2019,Travelling Expenses,08.01.2019
Corporate and Support Services,GPC01190000004,Facilities & Management Services  ,Central Support Costs,171.40,FACEBK 4CDTSJ2UU2,Stockport MBC,16.02.2019,Publicity and Promotion,31.01.2019
Corporate and Support Services,GPC01190000005,Facilities & Management Services  ,Central Support Costs,228.94,FACEBK  NJ8XCKELG2,Stockport MBC,16.02.2019,Publicity and Promotion,31.01.2019
Corporate and Support Services,GPC01190000006,Facilities & Management Services  ,Central Support Costs,600.00,FACEBK  HUYFYJNLG2,Stockport MBC,16.02.2019,Publicity and Promotion,17.01.2019
Corporate and Support Services,GPC01190000007,Facilities & Management Services  ,Central Support Costs,112.32,GRAMMARLY COKE02-B2MV,Stockport MBC,16.02.2019,Publicity and Promotion,16.01.2019
Services to People,GPC01190000008,Catering Food & Beverages ,Childrens & Educational Services,19.18,ASDA STORES 4840,Stockport MBC,16.02.2019,Catering Supplies,31.01.2019
Services to People,GPC01190000009,Catering Food & Beverages ,Childrens & Educational Services,8.40,ASDA STORES 4840,Stockport MBC,16.02.2019,Catering Supplies,29.01.2019
Services to People,GPC01190000010,Catering Food & Beverages ,Childrens & Educational Services,20.51,ASDA STORES 4840,Stockport MBC,16.02.2019,Catering Supplies,28.01.2019
Services to People,GPC01190000011,Catering Food & Beverages ,Childrens & Educational Services,3.93,ASDA STORES 4840,Stockport MBC,16.02.2019,Catering Supplies,25.01.2019
Services to People,GPC01190000012,Catering Food & Beverages ,Childrens & Educational Services,20.82,ASDA STORES 4840,Stockport MBC,16.02.2019,Catering Supplies,23.01.2019
Services to People,GPC01190000013,Catering Food & Beverages ,Childrens & Educational Services,12.85,ASDA STORES 4840,Stockport MBC,16.02.2019,Catering Supplies,22.01.2019
Services to People,GPC01190000014,Catering Food & Beverages ,Childrens & Educational Services,12.97,ASDA STORES 4840,Stockport MBC,16.02.2019,Catering Supplies,21.01.2019
Services to People,GPC01190000015,Catering Food & Beverages ,Childrens & Educational Services,15.52,ASDA STORES 4840,Stockport MBC,16.02.2019,Catering Supplies,18.01.2019
Services to People,GPC01190000016,Catering Food & Beverages ,Childrens & Educational Services,11.54,ASDA STORES 4840,Stockport MBC,16.02.2019,Catering Supplies,17.01.2019
Services to People,GPC01190000017,Catering Food & Beverages ,Childrens & Educational Services,15.54,ASDA STORES 4840,Stockport MBC,16.02.2019,Catering Supplies,16.01.2019
Services to People,GPC01190000018,Catering Food & Beverages ,Childrens & Educational Services,19.62,ASDA STORES 4840,Stockport MBC,16.02.2019,Catering Supplies,15.01.2019
Services to People,GPC01190000019,Catering Food & Beverages ,Childrens & Educational Services,17.77,ASDA STORES 4840,Stockport MBC,16.02.2019,Catering Supplies,14.01.2019
Services to People,GPC01190000020,Catering Food & Beverages ,Childrens & Educational Services,10.97,ASDA STORES 4840,Stockport MBC,16.02.2019,Catering Supplies,11.01.2019
Services to People,GPC01190000021,Catering Food & Beverages ,Childrens & Educational Services,11.30,ASDA STORES 4840,Stockport MBC,16.02.2019,Catering Supplies,10.01.2019
Services to People,GPC01190000022,Catering Food & Beverages ,Childrens & Educational Services,27.06,ASDA STORES 4840,Stockport MBC,16.02.2019,Catering Supplies,09.01.2019
Services to People,GPC01190000023,Catering Food & Beverages ,Childrens & Educational Services,46.43,ASDA STORES 4840,Stockport MBC,16.02.2019,Catering Supplies,07.01.2019
Services to People,GPC01190000024,Human Resources Travel & Subsistence ,Childrens & Educational Services,355.20,TRAINLINE,Stockport MBC,16.02.2019,Travelling Expenses,31.01.2019
Corporate and Support Services,GPC01190000025,Human Resources Travel & Subsistence ,Central Support Costs,-30.20,TRAINLINE,Stockport MBC,16.02.2019,Travelling Expenses,21.01.2019
Services to Place,GPC01190000026,Education Library Books ,Environmental & Regulatory Services,30.00,PAYPAL  EVENTSINDUS,Stockport MBC,16.02.2019,Library Equipment,15.01.2019
Corporate and Support Services,GPC01190000027,Human Resources Travel & Subsistence ,Central Support Costs,41.70,TRAINLINE,Stockport MBC,16.02.2019,Travelling Expenses,11.01.2019
Services to Place,GPC01190000028,Education Library Books ,Environmental & Regulatory Services,30.00,PAYPAL  EVENTSINDUS,Stockport MBC,16.02.2019,Library Equipment,11.01.2019
Corporate and Support Services,GPC01190000029,"Works - Construction, Repair & Maintenance  ",Central Support Costs,96.00,EGRESS SWITCH,Stockport MBC,16.02.2019,Fees and Charges,07.01.2019
Services to People,GPC01190000030,Catering Food & Beverages ,Childrens & Educational Services,9.75,RESTAURANT RED BARON,Stockport MBC,16.02.2019,Catering Supplies,31.01.2019
Services to People,GPC01190000031,Furniture & Soft Furnishings  ,Childrens & Educational Services,5.94,PAYPAL  4A4QUARTET,Stockport MBC,16.02.2019,Furniture and Equipment,28.01.2019
Services to People,GPC01190000032,Catering Food & Beverages ,Childrens & Educational Services,52.36,ENTENBAECK,Stockport MBC,16.02.2019,Catering Supplies,29.01.2019
Services to People,GPC01190000033,Catering Food & Beverages ,Childrens & Educational Services,16.18,UPPER CRUST,Stockport MBC,16.02.2019,Catering Supplies,29.01.2019
Services to People,GPC01190000034,Human Resources Travel & Subsistence ,Childrens & Educational Services,43.33,MANCHESTER AIRPORT CAR,Stockport MBC,16.02.2019,Travelling Expenses,28.01.2019
Services to People,GPC01190000035,Furniture & Soft Furnishings  ,Childrens & Educational Services,19.68,AMAZON.CO.UK MB4SQ0UM4,Stockport MBC,16.02.2019,Furniture and Equipment,25.01.2019
Services to People,GPC01190000036,Environmental Services Technical Equipment ,Childrens & Educational Services,305.83,AMZN MKTP UK MB0XJ7DN4,Stockport MBC,16.02.2019,Furniture and Equipment,20.01.2019
Services to People,GPC01190000037,Human Resources Travel & Subsistence ,Childrens & Educational Services,2.50,NCP BOLTON DEANE RD,Stockport MBC,16.02.2019,Travelling Expenses,15.01.2019
Services to People,GPC01190000038,Human Resources Travel & Subsistence ,Childrens & Educational Services,6.25,NCP LIMITED,Stockport MBC,16.02.2019,Travelling Expenses,10.01.2019
Services to People,GPC01190000039,Facilities & Management Services  ,Childrens & Educational Services,83.26,FACEBK  RZVKWJ2SK2,Stockport MBC,16.02.2019,Office Expenses,31.01.2019
Services to People,GPC01190000040,Facilities & Management Services  ,Childrens & Educational Services,32.80,TWITTER ONLINE ADS,Stockport MBC,16.02.2019,Office Expenses,30.01.2019
Services to People,GPC01190000041,Human Resources Travel & Subsistence ,Childrens & Educational Services,27.95,TRAINLINE,Stockport MBC,16.02.2019,Travelling Expenses,24.01.2019
Services to People,GPC01190000042,Facilities & Management Services  ,Childrens & Educational Services,30.00,TWITTER ONLINE ADS,Stockport MBC,16.02.2019,Office Expenses,23.01.2019
Services to People,GPC01190000043,Facilities & Management Services  ,Childrens & Educational Services,500.00,GOOGLE  ADS8179771860,Stockport MBC,16.02.2019,Office Expenses,22.01.2019
Services to People,GPC01190000044,Facilities & Management Services  ,Childrens & Educational Services,600.00,FACEBK  F9YZQJ2SK2,Stockport MBC,16.02.2019,Office Expenses,19.01.2019
Services to People,GPC01190000045,Human Resources Travel & Subsistence ,Childrens & Educational Services,178.50,TRAINLINE,Stockport MBC,16.02.2019,Travelling Expenses,17.01.2019
Services to People,GPC01190000046,Human Resources Travel & Subsistence ,Childrens & Educational Services,312.00,TRAINLINE,Stockport MBC,16.02.2019,Travelling Expenses,17.01.2019
Services to People,GPC01190000047,Facilities & Management Services  ,Childrens & Educational Services,2.60,TWITTER ONLINE ADS,Stockport MBC,16.02.2019,Office Expenses,16.01.2019
Services to People,GPC01190000048,Facilities & Management Services  ,Childrens & Educational Services,500.00,GOOGLE  ADS8179771860,Stockport MBC,16.02.2019,Office Expenses,12.01.2019
Services to People,GPC01190000049,Facilities & Management Services  ,Childrens & Educational Services,19.47,TWITTER ONLINE ADS,Stockport MBC,16.02.2019,Office Expenses,09.01.2019
Services to People,GPC01190000050,Human Resources Travel & Subsistence ,Childrens & Educational Services,251.50,TRAINLINE,Stockport MBC,16.02.2019,Travelling Expenses,04.01.2019
Services to People,GPC01190000051,Human Resources Travel & Subsistence ,Childrens & Educational Services,83.50,TRAINLINE,Stockport MBC,16.02.2019,Travelling Expenses,04.01.2019
Services to People,GPC01190000052,Facilities & Management Services  ,Childrens & Educational Services,500.00,GOOGLE  ADS8179771860,Stockport MBC,16.02.2019,Office Expenses,02.01.2019
Services to People,GPC01190000053,Human Resources Travel & Subsistence ,Childrens & Educational Services,4.70,NORTHERN RAIL LTD,Stockport MBC,16.02.2019,Travelling Expenses,24.01.2019
Services to People,GPC01190000054,Human Resources Travel & Subsistence ,Childrens & Educational Services,5.10,HEATON CHAPEL SST,Stockport MBC,16.02.2019,Travelling Expenses,18.01.2019
Services to People,GPC01190000055,Human Resources Travel & Subsistence ,Childrens & Educational Services,4.80,METROLINK TVM,Stockport MBC,16.02.2019,Travelling Expenses,18.01.2019
Services to People,GPC01190000056,Human Resources Travel & Subsistence ,Childrens & Educational Services,12.30,PP METROTAXISL,Stockport MBC,16.02.2019,Travelling Expenses,09.01.2019
Services to People,GPC01190000057,Human Resources Travel & Subsistence ,Childrens & Educational Services,3.50,WEST COAST TRAINS,Stockport MBC,16.02.2019,Travelling Expenses,09.01.2019
Services to People,GPC01190000058,Human Resources Travel & Subsistence ,Childrens & Educational Services,7.00,Q PARK PICCADILLY PLAC,Stockport MBC,16.02.2019,Travelling Expenses,08.01.2019
Services to People,GPC01190000059,Human Resources Travel & Subsistence ,Childrens & Educational Services,18.00,NCP LIMITED,Stockport MBC,16.02.2019,Travelling Expenses,04.01.2019
Services to Place,GPC01190000060,Human Resources Travel & Subsistence ,Central Support Costs,6.30,STOCKPORT STN SST,Stockport MBC,16.02.2019,Travelling Expenses,30.01.2019
Services to Place,GPC01190000061,Human Resources Travel & Subsistence ,Central Support Costs,6.30,STOCKPORT STN SST,Stockport MBC,16.02.2019,Travelling Expenses,28.01.2019
Services to Place,GPC01190000062,Human Resources Travel & Subsistence ,Central Support Costs,11.00,Q PARK LIVERPOOL ONE,Stockport MBC,16.02.2019,Travelling Expenses,25.01.2019
Services to Place,GPC01190000063,Human Resources Travel & Subsistence ,Central Support Costs,9.40,STOCKPORT STN SST,Stockport MBC,16.02.2019,Travelling Expenses,23.01.2019
Services to Place,GPC01190000064,Human Resources Travel & Subsistence ,Central Support Costs,6.30,STOCKPORT STN SST,Stockport MBC,16.02.2019,Travelling Expenses,17.01.2019
Services to Place,GPC01190000065,Human Resources Travel & Subsistence ,Central Support Costs,4.10,STOCKPORT STN SST,Stockport MBC,16.02.2019,Travelling Expenses,11.01.2019
Services to Place,GPC01190000066,Human Resources Travel & Subsistence ,Central Support Costs,6.30,STOCKPORT STN SST,Stockport MBC,16.02.2019,Travelling Expenses,10.01.2019
Services to People,GPC01190000067,Stationery    ,Childrens & Educational Services,6.68,AMZN MKTP UK MB17W59T4,Stockport MBC,16.02.2019,Office Expenses,24.01.2019
Services to People,GPC01190000068,Stationery    ,Childrens & Educational Services,18.92,AMZN MKTP UK MB72J19O4,Stockport MBC,16.02.2019,Office Expenses,24.01.2019
Services to People,GPC01190000069,Stationery    ,Childrens & Educational Services,68.25,COSYKIDZLTD,Stockport MBC,16.02.2019,Office Expenses,24.01.2019
Services to People,GPC01190000070,Stationery    ,Childrens & Educational Services,23.94,WWW.ARGOS.CO.UK,Stockport MBC,16.02.2019,Office Expenses,24.01.2019
Services to People,GPC01190000071,Stationery    ,Childrens & Educational Services,18.00,INCLUSIVE GROUP,Stockport MBC,16.02.2019,Office Expenses,24.01.2019
Services to People,GPC01190000072,Stationery    ,Childrens & Educational Services,14.99,AMZN MKTP UK MB1WE78C4,Stockport MBC,16.02.2019,Office Expenses,17.01.2019
Services to People,GPC01190000073,Stationery    ,Childrens & Educational Services,19.17,AMZN MKTP UK MB3EN1BY4,Stockport MBC,16.02.2019,Office Expenses,17.01.2019
Services to People,GPC01190000074,Stationery    ,Childrens & Educational Services,37.41,AMZN MKTP UK MB4ED3B04,Stockport MBC,16.02.2019,Office Expenses,17.01.2019
Services to People,GPC01190000075,Stationery    ,Childrens & Educational Services,1.10,AMZN MKTP UK MB58L7804,Stockport MBC,16.02.2019,Office Expenses,17.01.2019
Services to People,GPC01190000076,"Works - Construction, Repair & Maintenance  ",Childrens & Educational Services,20.00,WWW.STOCKPORT.GOV.UK,Stockport MBC,16.02.2019,Fees and Charges,15.01.2019
Services to People,GPC01190000077,Stationery    ,Childrens & Educational Services,7.99,AMAZON PRIME MB18R3GY4,Stockport MBC,16.02.2019,Office Expenses,13.01.2019
Services to People,GPC01190000078,Catering Food & Beverages ,Childrens & Educational Services,67.19,ASDA GROCERIES ONLINE,Stockport MBC,16.02.2019,Catering Supplies,30.01.2019
Services to People,GPC01190000079,Catering Food & Beverages ,Childrens & Educational Services,-0.31,ASDA GROCERIES ONLINE,Stockport MBC,16.02.2019,Catering Supplies,30.01.2019
Services to People,GPC01190000080,Catering Food & Beverages ,Childrens & Educational Services,4.35,WM MORRISONS STORE,Stockport MBC,16.02.2019,Catering Supplies,28.01.2019
Services to People,GPC01190000081,Environmental Services Technical Equipment ,Childrens & Educational Services,51.34,AMAZON.CO.UK MB7C05IB4,Stockport MBC,16.02.2019,Furniture and Equipment,25.01.2019
Services to People,GPC01190000082,Environmental Services Technical Equipment ,Childrens & Educational Services,51.99,AMZN MKTP UK MB3CL8WX4,Stockport MBC,16.02.2019,Furniture and Equipment,27.01.2019
Services to People,GPC01190000083,Environmental Services Technical Equipment ,Childrens & Educational Services,20.64,OSCARS CHEADLE HULME,Stockport MBC,16.02.2019,Furniture and Equipment,25.01.2019
Services to People,GPC01190000084,Environmental Services Technical Equipment ,Childrens & Educational Services,34.95,AMZN MKTP UK MB9U36U14,Stockport MBC,16.02.2019,Furniture and Equipment,24.01.2019
Services to People,GPC01190000085,Catering Food & Beverages ,Childrens & Educational Services,27.49,WM MORRISONS STORE,Stockport MBC,16.02.2019,Catering Supplies,24.01.2019
Services to People,GPC01190000086,Catering Food & Beverages ,Childrens & Educational Services,30.81,WM MORRISONS STORE,Stockport MBC,16.02.2019,Catering Supplies,23.01.2019
Services to People,GPC01190000087,Environmental Services Technical Equipment ,Childrens & Educational Services,11.20,AMZN MKTP UK MB47S17U4,Stockport MBC,16.02.2019,Furniture and Equipment,23.01.2019
Services to People,GPC01190000088,Catering Food & Beverages ,Childrens & Educational Services,25.84,WM MORRISONS STORE,Stockport MBC,16.02.2019,Catering Supplies,16.01.2019
Services to People,GPC01190000089,Environmental Services Technical Equipment ,Childrens & Educational Services,2.00,HOBBYCRAFT,Stockport MBC,16.02.2019,Furniture and Equipment,15.01.2019
Services to People,GPC01190000090,Environmental Services Technical Equipment ,Childrens & Educational Services,7.05,HOME BARGAINS,Stockport MBC,16.02.2019,Furniture and Equipment,15.01.2019
Services to People,GPC01190000091,Environmental Services Technical Equipment ,Childrens & Educational Services,12.52,B & M RETAIL,Stockport MBC,16.02.2019,Furniture and Equipment,14.01.2019
Services to People,GPC01190000092,Human Resources Travel & Subsistence ,Public Health,7.30,NORTHERN RAIL,Stockport MBC,16.02.2019,Travelling Expenses,07.01.2019
Corporate and Support Services,GPC01190000093,Human Resources  ,Cultural & Related Services,37.00,CHESHIRE EAST BC,Stockport MBC,16.02.2019,Staff Training,28.01.2019
Corporate and Support Services,GPC01190000094,Catering Food & Beverages ,Cultural & Related Services,19.50,CO-OP GROUP 108689,Stockport MBC,16.02.2019,Catering Supplies,18.01.2019
Corporate and Support Services,GPC01190000095,Catering Food & Beverages ,Cultural & Related Services,2.45,SAINSBURYS SACAT 2051,Stockport MBC,16.02.2019,Catering Supplies,05.01.2019
Services to People,GPC01190000096,Furniture & Soft Furnishings  ,Childrens & Educational Services,14.87,AMZN MKTP UK MI1HL1O84,Stockport MBC,16.02.2019,Furniture and Equipment,30.01.2019
Services to People,GPC01190000097,Catering  ,Childrens & Educational Services,280.80,HOTELS.COM155163550948,Stockport MBC,16.02.2019,Expenses and Allowances,21.01.2019
Services to People,GPC01190000098,Furniture & Soft Furnishings  ,Childrens & Educational Services,9.99,AMZN MKTP UK MB5MU98C4,Stockport MBC,16.02.2019,Furniture and Equipment,17.01.2019
Services to People,GPC01190000099,Stationery    ,Childrens & Educational Services,190.47,BOOKERECOMM,Stockport MBC,16.02.2019,Office Expenses,17.01.2019
Services to People,GPC01190000100,Furniture & Soft Furnishings  ,Childrens & Educational Services,16.99,AMZN MKTP UK MB2CA8HT4,Stockport MBC,16.02.2019,Furniture and Equipment,16.01.2019
Services to People,GPC01190000101,Furniture & Soft Furnishings  ,Childrens & Educational Services,4.99,AMZN MKTP UK MB6C19H24,Stockport MBC,16.02.2019,Furniture and Equipment,16.01.2019
Services to People,GPC01190000102,Stationery    ,Childrens & Educational Services,26.97,AMZN MKTP UK MB9MP2HA4,Stockport MBC,16.02.2019,Office Expenses,16.01.2019
Services to People,GPC01190000103,Stationery    ,Childrens & Educational Services,1.75,AMZN MKTP UK MB5PJ4HU4,Stockport MBC,16.02.2019,Office Expenses,16.01.2019
Services to People,GPC01190000104,Furniture & Soft Furnishings  ,Childrens & Educational Services,3.95,AMZN MKTP UK MB9313HW4,Stockport MBC,16.02.2019,Furniture and Equipment,16.01.2019
Services to People,GPC01190000105,Education Library Books ,Childrens & Educational Services,46.00,THINKING BOOKS,Stockport MBC,16.02.2019,Library Equipment,16.01.2019
Services to People,GPC01190000106,Stationery    ,Childrens & Educational Services,30.57,AMZN MKTP UK MB5RG15O4,Stockport MBC,16.02.2019,Office Expenses,15.01.2019
Services to People,GPC01190000107,Stationery    ,Childrens & Educational Services,6.99,AMZN MKTP UK MB7GZ9544,Stockport MBC,16.02.2019,Office Expenses,15.01.2019
Services to People,GPC01190000108,Furniture & Soft Furnishings  ,Childrens & Educational Services,5.99,AMZN MKTP UK MB0Q785Z4,Stockport MBC,16.02.2019,Furniture and Equipment,15.01.2019
Services to People,GPC01190000109,Furniture & Soft Furnishings  ,Childrens & Educational Services,62.15,AMZN MKTP UK MB12T95C4,Stockport MBC,16.02.2019,Furniture and Equipment,15.01.2019
Services to People,GPC01190000110,Furniture & Soft Furnishings  ,Childrens & Educational Services,5.99,AMZN MKTP UK MB34Z8M74,Stockport MBC,16.02.2019,Furniture and Equipment,15.01.2019
Services to People,GPC01190000111,Social Community Care Supplies & Services  ,Adult Social Care,"2,289.50",BRITANNIA,Stockport MBC,16.02.2019,Care Payments,25.01.2019
Services to People,GPC01190000112,Human Resources Training & Conferences ,Adult Social Care,120.00,WWW.UCLAN.AU.UK,Stockport MBC,16.02.2019,Fees and Charges,25.01.2019
Services to People,GPC01190000113,Human Resources Training & Conferences ,Adult Social Care,-160.20,HEALTHCARE CONFERENCES,Stockport MBC,16.02.2019,Fees and Charges,10.01.2019
Services to People,GPC01190000114,Human Resources Travel & Subsistence ,Adult Social Care,85.50,TRAINLINE,Stockport MBC,16.02.2019,Travelling Expenses,11.01.2019
Services to People,GPC01190000115,Human Resources Training & Conferences ,Adult Social Care,394.20,HEALTHCARE CONFERENCES,Stockport MBC,16.02.2019,Expenses and Allowances,10.01.2019
Services to People,GPC01190000116,Human Resources Travel & Subsistence ,Adult Social Care,176.60,TRAINLINE,Stockport MBC,16.02.2019,Travelling Expenses,09.01.2019
Services to People,GPC01190000117,Environmental Services Technical Equipment ,Childrens & Educational Services,22.95,ASDA GEORGE COM LEEDS,Stockport MBC,16.02.2019,Furniture and Equipment,22.01.2019
Services to People,GPC01190000118,Environmental Services Technical Equipment ,Childrens & Educational Services,22.95,ASDA GEORGE COM LEEDS,Stockport MBC,16.02.2019,Furniture and Equipment,21.01.2019
Services to People,GPC01190000119,Environmental Services Technical Equipment ,Childrens & Educational Services,52.39,AMZN MKTP UK MB4W31694,Stockport MBC,16.02.2019,Furniture and Equipment,19.01.2019
Services to People,GPC01190000120,Environmental Services Technical Equipment ,Childrens & Educational Services,13.50,AMZN MKTP UK MB97B3VC4,Stockport MBC,16.02.2019,Furniture and Equipment,14.01.2019
Services to People,GPC01190000121,Mail Services   ,Childrens & Educational Services,97.80,FP LTD,Stockport MBC,16.02.2019,Office Expenses,09.01.2019
Services to People,GPC01190000122,Environmental Services Technical Equipment ,Childrens & Educational Services,-27.50,B & Q 1162,Stockport MBC,16.02.2019,Furniture and Equipment,04.01.2019
Corporate and Support Services,GPC01190000123,Arts & Leisure Services  ,Planning Services,7.20,WM MORRISONS STORE,Stockport MBC,16.02.2019,Publicity and Promotion,23.01.2019
Services to People,GPC01190000124,Furniture & Soft Furnishings  ,Childrens & Educational Services,13.95,THE ORIGINAL PARTY BAG,Stockport MBC,16.02.2019,Furniture and Equipment,31.01.2019
Services to People,GPC01190000125,Cleaning & Janitorial  ,Childrens & Educational Services,26.48,ASDA GROCERIES ONLINE,Stockport MBC,16.02.2019,Cleaning,30.01.2019
Services to People,GPC01190000126,Education Library Books ,Childrens & Educational Services,8.73,AMAZON.CO.UK MI6P93CG4,Stockport MBC,16.02.2019,Library Equipment,29.01.2019
Services to People,GPC01190000127,Human Resources  ,Childrens & Educational Services,49.50,WWW.STSIMEON.COM,Stockport MBC,16.02.2019,Staff Training,21.01.2019
Services to People,GPC01190000128,Human Resources Travel & Subsistence ,Childrens & Educational Services,87.05,TRAINLINE,Stockport MBC,16.02.2019,Travelling Expenses,21.01.2019
Services to People,GPC01190000129,Education Library Books ,Childrens & Educational Services,21.73,AMAZON.CO.UK MB20305B4,Stockport MBC,16.02.2019,Library Equipment,15.01.2019
Services to People,GPC01190000130,Education Library Books ,Childrens & Educational Services,35.99,QUIZLET.COM,Stockport MBC,16.02.2019,Library Equipment,14.01.2019
Services to People,GPC01190000131,Mail Services   ,Childrens & Educational Services,17.76,THE POST OFFICE,Stockport MBC,16.02.2019,Office Expenses,11.01.2019
Services to People,GPC01190000132,Furniture & Soft Furnishings  ,Childrens & Educational Services,3.00,ASDA STORES 4840,Stockport MBC,16.02.2019,Furniture and Equipment,11.01.2019
Services to People,GPC01190000133,Education Library Books ,Childrens & Educational Services,30.00,WWW.TEACHIT.CO.UK,Stockport MBC,16.02.2019,Library Equipment,09.01.2019
Services to People,GPC01190000134,Social Community Care Supplies & Services  ,Childrens & Educational Services,20.55,TRAINLINE,Stockport MBC,16.02.2019,Care Payments,30.01.2019
Services to People,GPC01190000135,Human Resources Travel & Subsistence ,Childrens & Educational Services,67.99,MANCHESTER AIRPORT CAR,Stockport MBC,16.02.2019,Travelling Expenses,30.01.2019
Services to People,GPC01190000136,Social Community Care Supplies & Services  ,Childrens & Educational Services,60.00,BRITANNIA HOTEL,Stockport MBC,16.02.2019,Care Payments,29.01.2019
Services to People,GPC01190000137,Social Community Care Supplies & Services  ,Childrens & Educational Services,42.50,BRITANNIA HOTEL,Stockport MBC,16.02.2019,Travelling Expenses,28.01.2019
Services to People,GPC01190000138,Human Resources Travel & Subsistence ,Childrens & Educational Services,52.25,TRAINLINE,Stockport MBC,16.02.2019,Travelling Expenses,28.01.2019
Services to People,GPC01190000139,Human Resources Travel & Subsistence ,Childrens & Educational Services,83.50,TRAINLINE,Stockport MBC,16.02.2019,Travelling Expenses,28.01.2019
Services to People,GPC01190000140,Social Community Care Supplies & Services  ,Childrens & Educational Services,132.00,HOLIDAY INN KENSINGTON,Stockport MBC,16.02.2019,Third party payments - Private/Voluntary Sector,23.01.2019
Services to People,GPC01190000141,Social Community Care Supplies & Services  ,Childrens & Educational Services,135.50,BRITANNIA HOTEL,Stockport MBC,16.02.2019,Travelling Expenses,21.01.2019
Services to People,GPC01190000142,Human Resources Travel & Subsistence ,Childrens & Educational Services,182.05,TRAINLINE,Stockport MBC,16.02.2019,Travelling Expenses,22.01.2019
Services to People,GPC01190000143,Social Community Care Supplies & Services  ,Childrens & Educational Services,10.78,AMAZON.CO.UK MB8IN4204,Stockport MBC,16.02.2019,Care Payments,22.01.2019
Services to People,GPC01190000144,Social Community Care Supplies & Services  ,Childrens & Educational Services,24.55,TRAINLINE,Stockport MBC,16.02.2019,Care Payments,18.01.2019
Services to People,GPC01190000145,Social Community Care Supplies & Services  ,Childrens & Educational Services,381.50,PREMIER INN44011675,Stockport MBC,16.02.2019,Care Payments,17.01.2019
Services to People,GPC01190000146,Social Community Care Supplies & Services  ,Childrens & Educational Services,44.00,PREMIER INN44024395,Stockport MBC,16.02.2019,Care Payments,17.01.2019
Services to People,GPC01190000147,Social Community Care Supplies & Services  ,Childrens & Educational Services,-76.40,TRAINLINE,Stockport MBC,16.02.2019,Care Payments,18.01.2019
Services to People,GPC01190000148,Social Community Care Supplies & Services  ,Childrens & Educational Services,-13.80,TRAINLINE,Stockport MBC,16.02.2019,Care Payments,18.01.2019
Services to People,GPC01190000149,Social Community Care Supplies & Services  ,Childrens & Educational Services,-13.80,TRAINLINE,Stockport MBC,16.02.2019,Care Payments,18.01.2019
Services to People,GPC01190000150,Social Community Care Supplies & Services  ,Childrens & Educational Services,49.10,TRAINLINE,Stockport MBC,16.02.2019,Care Payments,18.01.2019
Services to People,GPC01190000151,Social Community Care Supplies & Services  ,Childrens & Educational Services,215.72,EASYJET00 000    EWHFFNT,Stockport MBC,16.02.2019,Care Payments,17.01.2019
Services to People,GPC01190000152,Human Resources Travel & Subsistence ,Childrens & Educational Services,61.14,EASYJET00 000    EWHFJM3,Stockport MBC,16.02.2019,Travelling Expenses,17.01.2019
Services to People,GPC01190000153,Human Resources Travel & Subsistence ,Childrens & Educational Services,266.00,BRITANNIA HOTEL,Stockport MBC,16.02.2019,Travelling Expenses,15.01.2019
Services to People,GPC01190000154,Environmental Services Technical Equipment ,Childrens & Educational Services,299.00,AO RETAIL LIMITED,Stockport MBC,16.02.2019,Furniture and Equipment,16.01.2019
Services to People,GPC01190000155,Social Community Care Supplies & Services  ,Childrens & Educational Services,-118.80,TRAINLINE,Stockport MBC,16.02.2019,Care Payments,16.01.2019
Services to People,GPC01190000156,Social Community Care Supplies & Services  ,Childrens & Educational Services,-183.20,TRAINLINE,Stockport MBC,16.02.2019,Care Payments,16.01.2019
Services to People,GPC01190000157,Human Resources Travel & Subsistence ,Childrens & Educational Services,200.30,TRAINLINE,Stockport MBC,16.02.2019,Travelling Expenses,15.01.2019
Services to People,GPC01190000158,Social Community Care Supplies & Services  ,Childrens & Educational Services,11.45,TRAINLINE,Stockport MBC,16.02.2019,Care Payments,15.01.2019
Services to People,GPC01190000159,Human Resources Travel & Subsistence ,Childrens & Educational Services,133.97,FLYBE.COM F1DVTQ       0,Stockport MBC,16.02.2019,Travelling Expenses,11.01.2019
Services to People,GPC01190000160,Social Community Care Supplies & Services  ,Childrens & Educational Services,194.70,TRAINLINE,Stockport MBC,16.02.2019,Care Payments,10.01.2019
Services to People,GPC01190000161,Social Community Care Supplies & Services  ,Childrens & Educational Services,194.70,TRAINLINE,Stockport MBC,16.02.2019,Care Payments,10.01.2019
Services to People,GPC01190000162,Human Resources Travel & Subsistence ,Childrens & Educational Services,195.50,TRAINLINE,Stockport MBC,16.02.2019,Travelling Expenses,10.01.2019
Services to People,GPC01190000163,Human Resources Travel & Subsistence ,Childrens & Educational Services,183.50,TRAINLINE,Stockport MBC,16.02.2019,Travelling Expenses,10.01.2019
Services to People,GPC01190000164,Social Community Care Supplies & Services  ,Childrens & Educational Services,-183.20,TRAINLINE,Stockport MBC,16.02.2019,Care Payments,10.01.2019
Services to People,GPC01190000165,Social Community Care Supplies & Services  ,Childrens & Educational Services,130.30,TRAINLINE,Stockport MBC,16.02.2019,Care Payments,10.01.2019
Services to People,GPC01190000166,Social Community Care Supplies & Services  ,Childrens & Educational Services,258.00,BRITANNIA HOTEL,Stockport MBC,16.02.2019,Travelling Expenses,08.01.2019
Services to People,GPC01190000167,Environmental Services Technical Equipment ,Childrens & Educational Services,16.48,AMZN MKTP UK MB3O83014,Stockport MBC,16.02.2019,Furniture and Equipment,10.01.2019
Services to People,GPC01190000168,Stationery    ,Childrens & Educational Services,18.86,AMAZON.CO.UK MB0HG1T04,Stockport MBC,16.02.2019,Office Expenses,08.01.2019
Services to People,GPC01190000169,Stationery    ,Childrens & Educational Services,47.61,WWW.WMSPLC.CO.UK,Stockport MBC,16.02.2019,Office Expenses,07.01.2019
Services to People,GPC01190000170,Human Resources Travel & Subsistence ,Childrens & Educational Services,324.50,TRAINLINE,Stockport MBC,16.02.2019,Travelling Expenses,07.01.2019
Services to People,GPC01190000171,Human Resources Travel & Subsistence ,Childrens & Educational Services,88.50,TRAINLINE,Stockport MBC,16.02.2019,Travelling Expenses,07.01.2019
Services to People,GPC01190000172,Human Resources Travel & Subsistence ,Childrens & Educational Services,298.50,BRITANNIA HOTEL,Stockport MBC,16.02.2019,Travelling Expenses,02.01.2019
Services to People,GPC01190000173,Social Community Care Supplies & Services  ,Childrens & Educational Services,24.55,TRAINLINE,Stockport MBC,16.02.2019,Care Payments,03.01.2019
Services to People,GPC01190000174,Legal Services  ,Adult Social Care,75.00,HMCOURTS-SERVICE.G,Stockport MBC,16.02.2019,Legal Fees,18.01.2019
Services to People,GPC01190000175,Legal Services  ,Adult Social Care,75.00,HMCOURTS-SERVICE.G,Stockport MBC,16.02.2019,Legal Fees,11.01.2019
Services to People,GPC01190000176,Legal Services  ,Adult Social Care,75.00,HMCOURTS-SERVICE.G,Stockport MBC,16.02.2019,Legal Fees,07.01.2019
Services to People,GPC01190000177,Catering Food & Beverages ,Childrens & Educational Services,41.91,ASDA STORES 4840,Stockport MBC,16.02.2019,Catering Supplies,22.01.2019
Services to People,GPC01190000178,Furniture & Soft Furnishings  ,Childrens & Educational Services,83.40,DUNELM (SOFT FURNISHIN,Stockport MBC,16.02.2019,Furniture and Equipment,17.01.2019
Services to People,GPC01190000179,Furniture & Soft Furnishings  ,Childrens & Educational Services,4.80,DUNELM (SOFT FURNISHIN,Stockport MBC,16.02.2019,Furniture and Equipment,17.01.2019
Services to People,GPC01190000180,Catering Food & Beverages ,Childrens & Educational Services,46.87,ASDA STORES 4840,Stockport MBC,16.02.2019,Catering Supplies,14.01.2019
Services to People,GPC01190000181,Catering Food & Beverages ,Childrens & Educational Services,52.88,ASDA STORES 4840,Stockport MBC,16.02.2019,Catering Supplies,07.01.2019
Services to People,GPC01190000182,Education Library Books ,Childrens & Educational Services,17.70,AMAZON.CO.UK MI6CX04P4,Stockport MBC,16.02.2019,Library Equipment,31.01.2019
Services to People,GPC01190000183,Education Library Books ,Childrens & Educational Services,11.90,POSTCARDSTORE.CO,Stockport MBC,16.02.2019,Library Equipment,30.01.2019
Services to People,GPC01190000184,Education Library Books ,Childrens & Educational Services,38.46,AMZN MKTP UK MI0DO3F84,Stockport MBC,16.02.2019,Library Equipment,30.01.2019
Services to People,GPC01190000185,Human Resources Travel & Subsistence ,Childrens & Educational Services,73.80,TRAINLINE,Stockport MBC,16.02.2019,Travelling Expenses,10.01.2019
Services to People,GPC01190000186,Human Resources Training & Conferences ,Childrens & Educational Services,474.00,WWW.PMGLTD.CO.UK,Stockport MBC,16.02.2019,Expenses and Allowances,09.01.2019
Services to People,GPC01190000187,Human Resources Travel & Subsistence ,Childrens & Educational Services,73.80,TRAINLINE,Stockport MBC,16.02.2019,Travelling Expenses,08.01.2019
Services to People,GPC01190000188,Human Resources Travel & Subsistence ,Childrens & Educational Services,55.40,TRAINLINE,Stockport MBC,16.02.2019,Travelling Expenses,07.01.2019
Services to People,GPC01190000189,Human Resources  ,Childrens & Educational Services,279.17,MARRIOTT,Stockport MBC,16.02.2019,Staff Training,29.01.2019
Services to People,GPC01190000190,Human Resources  ,Childrens & Educational Services,279.17,MARRIOTT,Stockport MBC,16.02.2019,Staff Training,29.01.2019
Services to People,GPC01190000191,Social Community Care Supplies & Services  ,Childrens & Educational Services,50.00,BRITANNIA HOTEL,Stockport MBC,16.02.2019,Care Payments,28.01.2019
Services to People,GPC01190000192,Social Community Care Supplies & Services  ,Childrens & Educational Services,163.00,BRITANNIA HOTEL,Stockport MBC,16.02.2019,Travelling Expenses,24.01.2019
Services to People,GPC01190000193,Human Resources Travel & Subsistence ,Childrens & Educational Services,733.50,TRAINLINE,Stockport MBC,16.02.2019,Travelling Expenses,24.01.2019
Services to People,GPC01190000194,Human Resources Travel & Subsistence ,Childrens & Educational Services,184.50,TRAINLINE,Stockport MBC,16.02.2019,Travelling Expenses,24.01.2019
Services to People,GPC01190000195,Stationery    ,Childrens & Educational Services,19.20,PAYPAL  KIRWINMACLE,Stockport MBC,16.02.2019,Office Expenses,24.01.2019
Services to People,GPC01190000196,Social Community Care Supplies & Services  ,Childrens & Educational Services,131.10,TRAINLINE,Stockport MBC,16.02.2019,Care Payments,22.01.2019
Services to People,GPC01190000197,Social Community Care Supplies & Services  ,Childrens & Educational Services,123.99,FLYBE.COM B8VVP7       0,Stockport MBC,16.02.2019,Care Payments,22.01.2019
Services to People,GPC01190000198,Environmental Services Technical Equipment ,Childrens & Educational Services,246.94,WWW.ARGOS.CO.UK,Stockport MBC,16.02.2019,Furniture and Equipment,22.01.2019
Services to People,GPC01190000199,Social Community Care Supplies & Services  ,Childrens & Educational Services,230.00,DW SPORTS FITNESS,Stockport MBC,16.02.2019,Care Payments,22.01.2019
Services to People,GPC01190000200,Human Resources  ,Childrens & Educational Services,"1,546.32",GOVERNMENT EVENTS,Stockport MBC,16.02.2019,Staff Training,21.01.2019
Services to People,GPC01190000201,Education Examinational Fees ,Childrens & Educational Services,244.60,PAYPAL  YOUTHINMIND,Stockport MBC,16.02.2019,Fees and Charges,14.01.2019
Services to People,GPC01190000202,Furniture & Soft Furnishings  ,Childrens & Educational Services,77.98,EBOX MEDIA LTD,Stockport MBC,16.02.2019,Furniture and Equipment,29.01.2019
Services to People,GPC01190000203,Furniture & Soft Furnishings  ,Childrens & Educational Services,140.70,CARTRIDGEPEOPLE.COM,Stockport MBC,16.02.2019,Furniture and Equipment,24.01.2019
Services to People,GPC01190000204,Furniture & Soft Furnishings  ,Childrens & Educational Services,19.99,B & M RETAIL,Stockport MBC,16.02.2019,Furniture and Equipment,17.01.2019
Services to People,GPC01190000205,Furniture & Soft Furnishings  ,Childrens & Educational Services,45.78,WM MORRISONS STORE,Stockport MBC,16.02.2019,Furniture and Equipment,16.01.2019
Services to People,GPC01190000206,Catering Food & Beverages ,Childrens & Educational Services,14.09,TESCO STORES 3378,Stockport MBC,16.02.2019,Catering Supplies,28.01.2019
Services to People,GPC01190000207,Catering Food & Beverages ,Childrens & Educational Services,82.25,SAINSBURYS TO YOU 0886,Stockport MBC,16.02.2019,Catering Supplies,21.01.2019
Services to People,GPC01190000208,Catering Food & Beverages ,Childrens & Educational Services,11.68,TESCO STORES 3378,Stockport MBC,16.02.2019,Catering Supplies,21.01.2019
Services to People,GPC01190000209,Catering Food & Beverages ,Childrens & Educational Services,6.50,SAINSBURYS 2051,Stockport MBC,16.02.2019,Catering Supplies,17.01.2019
Services to People,GPC01190000210,Catering Food & Beverages ,Childrens & Educational Services,46.91,TESCO STORES 3378,Stockport MBC,16.02.2019,Catering Supplies,14.01.2019
Services to People,GPC01190000211,Catering Food & Beverages ,Childrens & Educational Services,17.60,ALDI 84 773,Stockport MBC,16.02.2019,Catering Supplies,08.01.2019
Services to People,GPC01190000212,Catering Food & Beverages ,Childrens & Educational Services,23.82,ALDI 84 773,Stockport MBC,16.02.2019,Catering Supplies,07.01.2019
Services to People,GPC01190000213,Arts & Leisure Services  ,Childrens & Educational Services,36.00,WWW.GROUPON.CO.UK,Stockport MBC,16.02.2019,Publicity and Promotion,31.01.2019
Services to People,GPC01190000214,Arts & Leisure Services  ,Childrens & Educational Services,3.99,AMAZON MUSIC MI4PP1C34,Stockport MBC,16.02.2019,Publicity and Promotion,29.01.2019
Services to People,GPC01190000215,Human Resources Travel & Subsistence ,Childrens & Educational Services,10.00,TFGM,Stockport MBC,16.02.2019,Travelling Expenses,28.01.2019
Services to People,GPC01190000216,Arts & Leisure Services  ,Childrens & Educational Services,21.28,AMZN MKTP UK MB9FM49Q4,Stockport MBC,16.02.2019,Publicity and Promotion,24.01.2019
Services to People,GPC01190000217,Catering Food & Beverages ,Childrens & Educational Services,163.02,TESCO STORES 3378,Stockport MBC,16.02.2019,Catering Supplies,21.01.2019
Services to People,GPC01190000218,Arts & Leisure Services  ,Childrens & Educational Services,52.10,CAPITA RECRUITMENT VET,Stockport MBC,16.02.2019,Publicity and Promotion,21.01.2019
Services to People,GPC01190000219,Arts & Leisure Services  ,Childrens & Educational Services,39.55,JUST EAT,Stockport MBC,16.02.2019,Publicity and Promotion,18.01.2019
Services to People,GPC01190000220,Arts & Leisure Services  ,Childrens & Educational Services,14.90,JUST EAT,Stockport MBC,16.02.2019,Publicity and Promotion,18.01.2019
Services to People,GPC01190000221,Catering Food & Beverages ,Childrens & Educational Services,260.15,TESCO STORES 5128,Stockport MBC,16.02.2019,Catering Supplies,18.01.2019
Services to People,GPC01190000222,Arts & Leisure Services  ,Childrens & Educational Services,43.47,WATERWORLD 2000 LIMITE,Stockport MBC,16.02.2019,Publicity and Promotion,19.01.2019
Services to People,GPC01190000223,Arts & Leisure Services  ,Childrens & Educational Services,32.53,WWW.DOMINOS.CO.UK,Stockport MBC,16.02.2019,Publicity and Promotion,18.01.2019
Services to People,GPC01190000224,Arts & Leisure Services  ,Childrens & Educational Services,10.00,ARGOS RETAIL GROUP,Stockport MBC,16.02.2019,Publicity and Promotion,17.01.2019
Services to People,GPC01190000225,Catering Food & Beverages ,Childrens & Educational Services,24.59,WWW.DOMINOS.CO.UK,Stockport MBC,16.02.2019,Catering Supplies,17.01.2019
Services to People,GPC01190000226,Arts & Leisure Services  ,Childrens & Educational Services,147.10,WWW.ARGOS.CO.UK,Stockport MBC,16.02.2019,Publicity and Promotion,16.01.2019
Services to People,GPC01190000227,Arts & Leisure Services  ,Childrens & Educational Services,153.94,WWW.ARGOS.CO.UK,Stockport MBC,16.02.2019,Publicity and Promotion,16.01.2019
Services to People,GPC01190000228,Arts & Leisure Services  ,Childrens & Educational Services,14.25,LIFE LEISURE,Stockport MBC,16.02.2019,Publicity and Promotion,15.01.2019
Services to People,GPC01190000229,Arts & Leisure Services  ,Childrens & Educational Services,96.00,LIFE LEISURE,Stockport MBC,16.02.2019,Publicity and Promotion,15.01.2019
Services to People,GPC01190000230,Arts & Leisure Services  ,Childrens & Educational Services,39.00,WWW.MOVIESCAPE.CO.UK,Stockport MBC,16.02.2019,Publicity and Promotion,14.01.2019
Services to People,GPC01190000231,Arts & Leisure Services  ,Childrens & Educational Services,-99.00,AMZ NEXLYNX,Stockport MBC,16.02.2019,Publicity and Promotion,14.01.2019
Services to People,GPC01190000232,Catering Food & Beverages ,Childrens & Educational Services,212.68,TESCO STORES 5128,Stockport MBC,16.02.2019,Catering Supplies,11.01.2019
Services to People,GPC01190000233,Catering Food & Beverages ,Childrens & Educational Services,220.73,TESCO STORES 3378,Stockport MBC,16.02.2019,Catering Supplies,13.01.2019
Services to People,GPC01190000234,Catering Food & Beverages ,Childrens & Educational Services,36.25,JUST EAT,Stockport MBC,16.02.2019,Catering Supplies,11.01.2019
Services to People,GPC01190000235,Arts & Leisure Services  ,Childrens & Educational Services,9.99,NETFLIX.COM,Stockport MBC,16.02.2019,Publicity and Promotion,10.01.2019
Services to People,GPC01190000236,Catering Food & Beverages ,Childrens & Educational Services,164.70,TESCO STORES 3378,Stockport MBC,16.02.2019,Catering Supplies,07.01.2019
Services to People,GPC01190000237,Arts & Leisure Services  ,Childrens & Educational Services,3.99,AMAZON MUSIC MB8OA5L84,Stockport MBC,16.02.2019,Publicity and Promotion,04.01.2019
Services to People,GPC01190000238,Catering Food & Beverages ,Childrens & Educational Services,230.21,TESCO STORES 3378,Stockport MBC,16.02.2019,Catering Supplies,05.01.2019
Corporate and Support Services,GPC01190000239,"Works - Construction, Repair & Maintenance  ",Cultural & Related Services,37.00,TAMESIDE METROPOLITAN,Stockport MBC,16.02.2019,Fees and Charges,29.01.2019
Corporate and Support Services,GPC01190000240,Environmental Services Technical Equipment ,Cultural & Related Services,78.99,PAYPAL  ISHAANACLAS,Stockport MBC,16.02.2019,Furniture and Equipment,14.01.2019
Corporate and Support Services,GPC01190000241,Catering Food & Beverages ,Cultural & Related Services,5.80,SAINSBURYS SUPERMARKET,Stockport MBC,16.02.2019,Catering Supplies,05.01.2019
Services to People,GPC01190000242,Human Resources Travel & Subsistence ,Adult Social Care,9.40,NORTHERN RAIL LTD,Stockport MBC,16.02.2019,Travelling Expenses,31.01.2019
Services to People,GPC01190000243,Human Resources Travel & Subsistence ,Adult Social Care,3.50,STOCKPORT NHS FOUNDATI,Stockport MBC,16.02.2019,Travelling Expenses,25.01.2019
Services to People,GPC01190000244,Human Resources Travel & Subsistence ,Adult Social Care,3.50,STOCKPORT NHS FOUNDATI,Stockport MBC,16.02.2019,Travelling Expenses,24.01.2019
Services to People,GPC01190000245,Human Resources Travel & Subsistence ,Adult Social Care,3.50,STOCKPORT NHS FOUNDATI,Stockport MBC,16.02.2019,Travelling Expenses,23.01.2019
Services to People,GPC01190000246,Human Resources Travel & Subsistence ,Adult Social Care,3.50,STOCKPORT NHS FOUNDATI,Stockport MBC,16.02.2019,Travelling Expenses,22.01.2019
Services to People,GPC01190000247,Human Resources Travel & Subsistence ,Adult Social Care,9.00,Q PARK PICCADILLY PLAC,Stockport MBC,16.02.2019,Travelling Expenses,21.01.2019
Services to People,GPC01190000248,Human Resources Travel & Subsistence ,Adult Social Care,9.00,Q PARK PICCADILLY PLAC,Stockport MBC,16.02.2019,Travelling Expenses,18.01.2019
Services to People,GPC01190000249,Human Resources Travel & Subsistence ,Adult Social Care,20.00,NCP LIMITED,Stockport MBC,16.02.2019,Travelling Expenses,16.01.2019
Services to People,GPC01190000250,Human Resources Travel & Subsistence ,Adult Social Care,5.20,Q PARK KNOWSLEY PLACE,Stockport MBC,16.02.2019,Travelling Expenses,10.01.2019
Services to People,GPC01190000251,Human Resources Travel & Subsistence ,Adult Social Care,3.50,STOCKPORT NHS FOUNDATI,Stockport MBC,16.02.2019,Travelling Expenses,04.01.2019
Services to People,GPC01190000252,Human Resources Travel & Subsistence ,Adult Social Care,3.50,STOCKPORT NHS FOUNDATI,Stockport MBC,16.02.2019,Travelling Expenses,03.01.2019
Services to People,GPC01190000253,Human Resources Travel & Subsistence ,Adult Social Care,3.50,STOCKPORT NHS FOUNDATI,Stockport MBC,16.02.2019,Travelling Expenses,02.01.2019
Services to People,GPC01190000254,Environmental Services Technical Equipment ,Childrens & Educational Services,21.39,AMZN MKTP UK MI5BU2OD4,Stockport MBC,16.02.2019,Furniture and Equipment,29.01.2019
Services to People,GPC01190000255,Environmental Services Technical Equipment ,Childrens & Educational Services,11.17,AMAZON.CO.UK MB4ER19Q4,Stockport MBC,16.02.2019,Furniture and Equipment,24.01.2019
Services to People,GPC01190000256,Environmental Services Technical Equipment ,Childrens & Educational Services,43.87,AMZN MKTP UK MB0Q539V4,Stockport MBC,16.02.2019,Furniture and Equipment,24.01.2019
Services to People,GPC01190000257,Environmental Services Technical Equipment ,Childrens & Educational Services,9.99,AMZN MKTP UK MB2OA1934,Stockport MBC,16.02.2019,Furniture and Equipment,24.01.2019
Services to People,GPC01190000258,Environmental Services Technical Equipment ,Childrens & Educational Services,96.57,B & Q 1279,Stockport MBC,16.02.2019,Furniture and Equipment,23.01.2019
Services to People,GPC01190000259,Environmental Services Technical Equipment ,Childrens & Educational Services,70.80,AJPRODUCTSCOUK,Stockport MBC,16.02.2019,Furniture and Equipment,11.01.2019
Services to People,GPC01190000260,Catering Food & Beverages ,Childrens & Educational Services,45.24,TESCO STORES 3378,Stockport MBC,16.02.2019,Catering Supplies,11.01.2019
Services to People,GPC01190000261,Environmental Services Technical Equipment ,Childrens & Educational Services,16.48,AMZN MKTP UK MB3CS8JC4,Stockport MBC,16.02.2019,Furniture and Equipment,07.01.2019
Services to People,GPC01190000262,Environmental Services Technical Equipment ,Childrens & Educational Services,74.10,AMZN MKTP UK MB6BJ1JW4,Stockport MBC,16.02.2019,Furniture and Equipment,07.01.2019
Corporate and Support Services,GPC01190000263,Information Communication Technology  ,Central Support Costs,160.63,GITHUB.COM,Stockport MBC,16.02.2019,Information and Communications Technology,28.01.2019
Corporate and Support Services,GPC01190000264,Human Resources Travel & Subsistence ,Central Support Costs,4.20,METROLINK TVM,Stockport MBC,16.02.2019,Travelling Expenses,23.01.2019
Corporate and Support Services,GPC01190000265,Information Communication Technology  ,Central Support Costs,114.69,MENTIMETER,Stockport MBC,16.02.2019,Information and Communications Technology,18.01.2019
Corporate and Support Services,GPC01190000266,Information Communication Technology  ,Central Support Costs,9.72,AUTH0.COM,Stockport MBC,16.02.2019,Information and Communications Technology,13.01.2019
Corporate and Support Services,GPC01190000267,Information Communication Technology  ,Central Support Costs,11.99,FASTHOSTS INTERNET,Stockport MBC,16.02.2019,Information and Communications Technology,11.01.2019
Corporate and Support Services,GPC01190000268,Information Communication Technology  ,Central Support Costs,770.34,WWW.CONTENTFUL.COM,Stockport MBC,16.02.2019,Information and Communications Technology,10.01.2019
Corporate and Support Services,GPC01190000269,Information Communication Technology  ,Central Support Costs,163.20,AUTH0.COM,Stockport MBC,16.02.2019,Information and Communications Technology,05.01.2019
Corporate and Support Services,GPC01190000270,Information Communication Technology  ,Central Support Costs,873.84,AWS EMEA,Stockport MBC,16.02.2019,Information and Communications Technology,03.01.2019
Corporate and Support Services,GPC01190000271,Education Library Books ,Cultural & Related Services,32.80,AMZN MKTP UK MB5NE0VQ4,Stockport MBC,16.02.2019,Library Equipment,14.01.2019
Services to People,GPC01190000272,Catering Food & Beverages ,Childrens & Educational Services,49.35,ASDA GROCERIES ONLINE,Stockport MBC,16.02.2019,Catering Supplies,22.01.2019
Services to People,GPC01190000273,Catering Food & Beverages ,Childrens & Educational Services,-0.31,ASDA GROCERIES ONLINE,Stockport MBC,16.02.2019,Catering Supplies,22.01.2019
Services to People,GPC01190000274,Catering Food & Beverages ,Childrens & Educational Services,77.83,ASDA GROCERIES ONLINE,Stockport MBC,16.02.2019,Catering Supplies,15.01.2019
Services to People,GPC01190000275,Environmental Services Technical Equipment ,Childrens & Educational Services,5.00,WM MORRISONS STORE,Stockport MBC,16.02.2019,Furniture and Equipment,11.01.2019
Services to People,GPC01190000276,Catering Food & Beverages ,Childrens & Educational Services,81.05,ASDA GROCERIES ONLINE,Stockport MBC,16.02.2019,Catering Supplies,08.01.2019
Services to People,GPC01190000277,Catering Food & Beverages ,Childrens & Educational Services,-0.08,ASDA GROCERIES ONLINE,Stockport MBC,16.02.2019,Catering Supplies,08.01.2019
Services to People,GPC01190000278,Catering Food & Beverages ,Childrens & Educational Services,4.00,WM MORRISONS STORE,Stockport MBC,16.02.2019,Catering Supplies,07.01.2019
Services to People,GPC01190000279,Education Library Books ,Childrens & Educational Services,32.98,AMAZON.CO.UK MB22N1D84,Stockport MBC,16.02.2019,Library Equipment,20.01.2019
Services to People,GPC01190000280,Education Library Books ,Childrens & Educational Services,120.39,AMAZON.CO.UK MB82C6DZ4,Stockport MBC,16.02.2019,Library Equipment,20.01.2019
Services to People,GPC01190000281,Education Library Books ,Childrens & Educational Services,91.25,AMAZON.CO.UK MB67668C4,Stockport MBC,16.02.2019,Library Equipment,17.01.2019
Services to People,GPC01190000282,Education Library Books ,Childrens & Educational Services,12.01,AMAZON.CO.UK MB0IK10W4,Stockport MBC,16.02.2019,Library Equipment,10.01.2019
Corporate and Support Services,GPC01190000283,Environmental Services Technical Equipment ,Central Support Costs,79.97,AMZN MKTP UK MI2NZ2OX4,Stockport MBC,16.02.2019,Furniture and Equipment,30.01.2019
Corporate and Support Services,GPC01190000284,Environmental Services Technical Equipment ,Central Support Costs,11.40,AMZN MKTP UK MB23W2Y74,Stockport MBC,16.02.2019,Furniture and Equipment,28.01.2019
Corporate and Support Services,GPC01190000285,Environmental Services Technical Equipment ,Central Support Costs,142.13,THE REPLACE BASE LTD,Stockport MBC,16.02.2019,Furniture and Equipment,17.01.2019
Services to Place,GPC01190000286,Human Resources Travel & Subsistence ,Highways & Transport Services,214.20,TRAINLINE,Stockport MBC,16.02.2019,Travelling Expenses,16.01.2019
Corporate and Support Services,GPC01190000287,Human Resources Travel & Subsistence ,Cultural & Related Services,9.85,TRAINLINE,Stockport MBC,16.02.2019,Travelling Expenses,16.01.2019
Services to Place,GPC01190000288,Human Resources Travel & Subsistence ,Highways & Transport Services,117.09,TRAINLINE,Stockport MBC,16.02.2019,Travelling Expenses,16.01.2019
Services to Place,GPC01190000289,Education Library Books ,Environmental & Regulatory Services,25.00,PAYPAL  EVENTSINDUS,Stockport MBC,16.02.2019,Library Equipment,16.01.2019
Services to Place,GPC01190000290,Education Library Books ,Environmental & Regulatory Services,25.00,PAYPAL  EVENTSINDUS,Stockport MBC,16.02.2019,Library Equipment,16.01.2019
Services to Place,GPC01190000291,Human Resources Travel & Subsistence ,Highways & Transport Services,118.75,TRAVELODGE GB0000,Stockport MBC,16.02.2019,Travelling Expenses,16.01.2019
Corporate and Support Services,GPC01190000292,Human Resources Travel & Subsistence ,Central Support Costs,45.80,TRAINLINE,Stockport MBC,16.02.2019,Travelling Expenses,15.01.2019
Corporate and Support Services,GPC01190000293,Human Resources  ,Central Support Costs,62.50,PREMIER INN44014350,Stockport MBC,16.02.2019,Staff Training,14.01.2019
Services to Place,GPC01190000294,Catering  ,Highways & Transport Services,586.00,VILLAGE HOTEL COVENTRY,Stockport MBC,16.02.2019,Expenses and Allowances,15.01.2019
Services to Place,GPC01190000295,Catering  ,Highways & Transport Services,625.00,VILLAGE HOTEL COVENTRY,Stockport MBC,16.02.2019,Expenses and Allowances,15.01.2019
Corporate and Support Services,GPC01190000296,Financial Services  ,Central Support Costs,35.00,CONSTRUCTION INDUS,Stockport MBC,16.02.2019,Fees and Charges,10.01.2019
Services to Place,GPC01190000297,Human Resources Travel & Subsistence ,Highways & Transport Services,18.15,TRAINLINE,Stockport MBC,16.02.2019,Travelling Expenses,28.01.2019
Corporate and Support Services,GPC01190000298,Human Resources Travel & Subsistence ,Central Support Costs,40.30,TRAINLINE,Stockport MBC,16.02.2019,Travelling Expenses,28.01.2019
Corporate and Support Services,GPC01190000299,Human Resources Travel & Subsistence ,Cultural & Related Services,84.45,TRAINLINE,Stockport MBC,16.02.2019,Travelling Expenses,28.01.2019
Corporate and Support Services,GPC01190000300,Human Resources Travel & Subsistence ,Cultural & Related Services,9.85,TRAINLINE,Stockport MBC,16.02.2019,Travelling Expenses,25.01.2019
Corporate and Support Services,GPC01190000301,Human Resources Travel & Subsistence ,Cultural & Related Services,7.25,TRAINLINE,Stockport MBC,16.02.2019,Travelling Expenses,25.01.2019
Corporate and Support Services,GPC01190000302,Human Resources Travel & Subsistence ,Cultural & Related Services,13.75,TRAINLINE,Stockport MBC,16.02.2019,Travelling Expenses,08.01.2019
Services to Place,GPC01190000303,Human Resources Travel & Subsistence ,Highways & Transport Services,291.10,TRAINLINE,Stockport MBC,16.02.2019,Travelling Expenses,04.01.2019
Corporate and Support Services,GPC01190000304,Human Resources Travel & Subsistence ,Cultural & Related Services,97.10,TRAINLINE,Stockport MBC,16.02.2019,Travelling Expenses,04.01.2019
Corporate and Support Services,GPC01190000305,Human Resources Travel & Subsistence ,Corporate & Democratic Core,231.60,TRAINLINE,Stockport MBC,16.02.2019,Travelling Expenses,04.01.2019
Corporate and Support Services,GPC01190000306,Human Resources Travel & Subsistence ,Central Support Costs,35.55,TRAINLINE,Stockport MBC,16.02.2019,Travelling Expenses,04.01.2019
Corporate and Support Services,GPC01190000307,Human Resources Travel & Subsistence ,Central Support Costs,184.10,TRAINLINE,Stockport MBC,16.02.2019,Travelling Expenses,04.01.2019
Services to People,GPC01190000308,Catering Food & Beverages ,Adult Social Care,6.69,CO-OP GROUP 070285,Stockport MBC,16.02.2019,Catering Supplies,29.01.2019
Services to People,GPC01190000309,Catering Food & Beverages ,Adult Social Care,70.02,APPNA CASH & CARRY (MA,Stockport MBC,16.02.2019,Catering Supplies,28.01.2019
Services to People,GPC01190000310,Catering Food & Beverages ,Adult Social Care,18.57,CO-OP GROUP FOOD,Stockport MBC,16.02.2019,Catering Supplies,21.01.2019
Services to People,GPC01190000311,Catering Food & Beverages ,Adult Social Care,21.78,CO-OP GROUP 070285,Stockport MBC,16.02.2019,Catering Supplies,17.01.2019
Services to People,GPC01190000312,Catering Food & Beverages ,Adult Social Care,10.71,CO-OP GROUP 070285,Stockport MBC,16.02.2019,Catering Supplies,15.01.2019
Services to People,GPC01190000313,Catering Food & Beverages ,Adult Social Care,50.08,APPNA CASH & CARRY (MA,Stockport MBC,16.02.2019,Catering Supplies,12.01.2019
