Service Category Label,Purpose of Expenditure,Purchase Date,Settlement Date,Transaction Number,Supplier (Beneficiary),Organisation Name,Net Amount (£),Department where exp. Incurred,Procurement (Merchant) Category
Central Services to the public,Office Expenses,30.08.2018,16.09.2018,GPC08180000001,AMZN MKTP UK,Stockport MBC,53.98,Corporate and Support Services,Stationery    
Central Support Costs,Publicity and Promotion,20.08.2018,16.09.2018,GPC08180000002,TWITTER ONLINE ADS,Stockport MBC,79.0,Corporate and Support Services,Facilities & Management Services  
Childrens & Educational Services,Fees and Charges,06.08.2018,16.09.2018,GPC08180000003,TWINKL LTD,Stockport MBC,53.88,Services to People,Financial Services  
Childrens & Educational Services,Travelling Expenses,02.08.2018,16.09.2018,GPC08180000004,TRAINLINE,Stockport MBC,252.0,Services to People,Human Resources Travel & Subsistence 
Childrens & Educational Services,Expenses and Allowances,13.08.2018,16.09.2018,GPC08180000005,SERENATA FLOWERS,Stockport MBC,-15.0,Services to People,Human Resources Travel & Subsistence 
Childrens & Educational Services,Staff Training,13.08.2018,16.09.2018,GPC08180000006,EB  MISSING AND CHILD,Stockport MBC,59.0,Services to People,Human Resources  
Childrens & Educational Services,Staff Training,09.08.2018,16.09.2018,GPC08180000007,EB  ADDRESSING YOUNG P,Stockport MBC,129.95,Services to People,Human Resources  
Central Support Costs,Information and Communications Technology,29.08.2018,16.09.2018,GPC08180000008,PC WORLD ONLINE,Stockport MBC,32.18,Corporate and Support Services,Information Communication Technology  
Corporate & Democratic Core,Expenses and Allowances,08.08.2018,16.09.2018,GPC08180000009,WWW.ICO.GOV.UK,Stockport MBC,40.0,Corporate and Support Services,UNCLASSIFIED  
Corporate & Democratic Core,Expenses and Allowances,08.08.2018,16.09.2018,GPC08180000010,WWW.ICO.GOV.UK,Stockport MBC,40.0,Corporate and Support Services,UNCLASSIFIED  
Corporate & Democratic Core,Expenses and Allowances,08.08.2018,16.09.2018,GPC08180000011,WWW.ICO.GOV.UK,Stockport MBC,40.0,Corporate and Support Services,UNCLASSIFIED  
Corporate & Democratic Core,Expenses and Allowances,08.08.2018,16.09.2018,GPC08180000012,WWW.ICO.GOV.UK,Stockport MBC,40.0,Corporate and Support Services,UNCLASSIFIED  
Corporate & Democratic Core,Expenses and Allowances,08.08.2018,16.09.2018,GPC08180000013,WWW.ICO.GOV.UK,Stockport MBC,40.0,Corporate and Support Services,UNCLASSIFIED  
Corporate & Democratic Core,Expenses and Allowances,08.08.2018,16.09.2018,GPC08180000014,WWW.ICO.GOV.UK,Stockport MBC,40.0,Corporate and Support Services,UNCLASSIFIED  
Corporate & Democratic Core,Expenses and Allowances,08.08.2018,16.09.2018,GPC08180000015,WWW.ICO.GOV.UK,Stockport MBC,40.0,Corporate and Support Services,UNCLASSIFIED  
Corporate & Democratic Core,Expenses and Allowances,08.08.2018,16.09.2018,GPC08180000016,WWW.ICO.GOV.UK,Stockport MBC,40.0,Corporate and Support Services,UNCLASSIFIED  
Corporate & Democratic Core,Expenses and Allowances,08.08.2018,16.09.2018,GPC08180000017,WWW.ICO.GOV.UK,Stockport MBC,40.0,Corporate and Support Services,UNCLASSIFIED  
Childrens & Educational Services,Library Equipment,24.08.2018,16.09.2018,GPC08180000018,AMZN MKTP UK,Stockport MBC,118.44,Services to People,Education Library Books 
Childrens & Educational Services,Furniture and Equipment,23.08.2018,16.09.2018,GPC08180000019,AMZN MKTP UK,Stockport MBC,46.74,Services to People,Furniture & Soft Furnishings  
Childrens & Educational Services,Library Equipment,23.08.2018,16.09.2018,GPC08180000020,OUT OF THE ARK MUSIC,Stockport MBC,11.95,Services to People,Education Library Books 
Childrens & Educational Services,Furniture and Equipment,22.08.2018,16.09.2018,GPC08180000021,AMZN MKTP UK,Stockport MBC,47.7,Services to People,Furniture & Soft Furnishings  
Childrens & Educational Services,Furniture and Equipment,04.08.2018,16.09.2018,GPC08180000022,PSD - FRAUD PERM. CREDIT,Stockport MBC,-16.28,Services to People,Furniture & Soft Furnishings  
Childrens & Educational Services,Furniture and Equipment,29.07.2018,16.09.2018,GPC08180000023,PSD - FRAUD PERM. CREDIT,Stockport MBC,-16.13,Services to People,Furniture & Soft Furnishings  
Childrens & Educational Services,Furniture and Equipment,27.07.2018,16.09.2018,GPC08180000024,PSD - FRAUD PERM. CREDIT,Stockport MBC,-16.13,Services to People,Furniture & Soft Furnishings  
Childrens & Educational Services,Furniture and Equipment,27.07.2018,16.09.2018,GPC08180000025,PSD - FRAUD PERM. CREDIT,Stockport MBC,-16.13,Services to People,Furniture & Soft Furnishings  
Childrens & Educational Services,Furniture and Equipment,27.07.2018,16.09.2018,GPC08180000026,PSD - FRAUD PERM. CREDIT,Stockport MBC,-16.13,Services to People,Furniture & Soft Furnishings  
Childrens & Educational Services,Furniture and Equipment,21.08.2018,16.09.2018,GPC08180000027,DISPUTE REFUND REVERSAL,Stockport MBC,16.32,Services to People,Furniture & Soft Furnishings  
Childrens & Educational Services,Furniture and Equipment,31.07.2018,16.09.2018,GPC08180000028,PSD - FRAUD PERM. CREDIT,Stockport MBC,-16.32,Services to People,Furniture & Soft Furnishings  
Childrens & Educational Services,Furniture and Equipment,04.08.2018,16.09.2018,GPC08180000029,PSD - FRAUD PERM. CREDIT,Stockport MBC,-16.28,Services to People,Furniture & Soft Furnishings  
Childrens & Educational Services,Furniture and Equipment,21.08.2018,16.09.2018,GPC08180000030,DISPUTE REFUND REVERSAL,Stockport MBC,16.32,Services to People,Furniture & Soft Furnishings  
Childrens & Educational Services,Furniture and Equipment,08.08.2018,16.09.2018,GPC08180000031,PSD - FRAUD PERM. CREDIT,Stockport MBC,-16.28,Services to People,Furniture & Soft Furnishings  
Childrens & Educational Services,Furniture and Equipment,21.08.2018,16.09.2018,GPC08180000032,DISPUTE REFUND REVERSAL,Stockport MBC,16.13,Services to People,Furniture & Soft Furnishings  
Childrens & Educational Services,Furniture and Equipment,21.08.2018,16.09.2018,GPC08180000033,DISPUTE REFUND REVERSAL,Stockport MBC,16.28,Services to People,Furniture & Soft Furnishings  
Childrens & Educational Services,Furniture and Equipment,21.08.2018,16.09.2018,GPC08180000034,DISPUTE REFUND REVERSAL,Stockport MBC,16.13,Services to People,Furniture & Soft Furnishings  
Childrens & Educational Services,Furniture and Equipment,29.07.2018,16.09.2018,GPC08180000035,PSD - FRAUD PERM. CREDIT,Stockport MBC,-16.13,Services to People,Furniture & Soft Furnishings  
Childrens & Educational Services,Furniture and Equipment,31.07.2018,16.09.2018,GPC08180000036,PSD - FRAUD PERM. CREDIT,Stockport MBC,-16.32,Services to People,Furniture & Soft Furnishings  
Childrens & Educational Services,Furniture and Equipment,21.08.2018,16.09.2018,GPC08180000037,DISPUTE REFUND REVERSAL,Stockport MBC,16.13,Services to People,Furniture & Soft Furnishings  
Childrens & Educational Services,Furniture and Equipment,21.08.2018,16.09.2018,GPC08180000038,DISPUTE REFUND REVERSAL,Stockport MBC,16.13,Services to People,Furniture & Soft Furnishings  
Childrens & Educational Services,Furniture and Equipment,21.08.2018,16.09.2018,GPC08180000039,DISPUTE REFUND REVERSAL,Stockport MBC,16.32,Services to People,Furniture & Soft Furnishings  
Childrens & Educational Services,Furniture and Equipment,21.08.2018,16.09.2018,GPC08180000040,DISPUTE REFUND REVERSAL,Stockport MBC,16.13,Services to People,Furniture & Soft Furnishings  
Childrens & Educational Services,Furniture and Equipment,21.08.2018,16.09.2018,GPC08180000041,DISPUTE REFUND REVERSAL,Stockport MBC,16.28,Services to People,Furniture & Soft Furnishings  
Childrens & Educational Services,Furniture and Equipment,01.08.2018,16.09.2018,GPC08180000042,PSD - FRAUD PERM. CREDIT,Stockport MBC,-16.32,Services to People,Furniture & Soft Furnishings  
Childrens & Educational Services,Furniture and Equipment,21.08.2018,16.09.2018,GPC08180000043,DISPUTE REFUND REVERSAL,Stockport MBC,16.32,Services to People,Furniture & Soft Furnishings  
Childrens & Educational Services,Furniture and Equipment,04.08.2018,16.09.2018,GPC08180000044,PSD - FRAUD PERM. CREDIT,Stockport MBC,-16.28,Services to People,Furniture & Soft Furnishings  
Childrens & Educational Services,Furniture and Equipment,01.08.2018,16.09.2018,GPC08180000045,PSD - FRAUD PERM. CREDIT,Stockport MBC,-16.32,Services to People,Furniture & Soft Furnishings  
Childrens & Educational Services,Furniture and Equipment,21.08.2018,16.09.2018,GPC08180000046,DISPUTE REFUND REVERSAL,Stockport MBC,16.28,Services to People,Furniture & Soft Furnishings  
Childrens & Educational Services,Furniture and Equipment,09.08.2018,16.09.2018,GPC08180000047,SP   MARNITA LTD,Stockport MBC,45.43,Services to People,Environmental Services Technical Equipment 
Childrens & Educational Services,Furniture and Equipment,29.07.2018,16.09.2018,GPC08180000048,PSD FRAUD TEMP. CREDIT,Stockport MBC,-16.13,Services to People,Furniture & Soft Furnishings  
Childrens & Educational Services,Furniture and Equipment,01.08.2018,16.09.2018,GPC08180000049,PSD FRAUD TEMP. CREDIT,Stockport MBC,-16.32,Services to People,Furniture & Soft Furnishings  
Childrens & Educational Services,Furniture and Equipment,31.07.2018,16.09.2018,GPC08180000050,PSD FRAUD TEMP. CREDIT,Stockport MBC,-16.32,Services to People,Furniture & Soft Furnishings  
Childrens & Educational Services,Furniture and Equipment,27.07.2018,16.09.2018,GPC08180000051,PSD FRAUD TEMP. CREDIT,Stockport MBC,-16.13,Services to People,Furniture & Soft Furnishings  
Childrens & Educational Services,Furniture and Equipment,27.07.2018,16.09.2018,GPC08180000052,PSD FRAUD TEMP. CREDIT,Stockport MBC,-16.13,Services to People,Furniture & Soft Furnishings  
Childrens & Educational Services,Furniture and Equipment,04.08.2018,16.09.2018,GPC08180000053,PSD FRAUD TEMP. CREDIT,Stockport MBC,-16.28,Services to People,Furniture & Soft Furnishings  
Childrens & Educational Services,Furniture and Equipment,04.08.2018,16.09.2018,GPC08180000054,PSD FRAUD TEMP. CREDIT,Stockport MBC,-16.28,Services to People,Furniture & Soft Furnishings  
Childrens & Educational Services,Furniture and Equipment,29.07.2018,16.09.2018,GPC08180000055,PSD FRAUD TEMP. CREDIT,Stockport MBC,-16.13,Services to People,Furniture & Soft Furnishings  
Childrens & Educational Services,Furniture and Equipment,31.07.2018,16.09.2018,GPC08180000056,PSD FRAUD TEMP. CREDIT,Stockport MBC,-16.32,Services to People,Furniture & Soft Furnishings  
Childrens & Educational Services,Furniture and Equipment,04.08.2018,16.09.2018,GPC08180000057,PSD FRAUD TEMP. CREDIT,Stockport MBC,-16.28,Services to People,Furniture & Soft Furnishings  
Childrens & Educational Services,Furniture and Equipment,27.07.2018,16.09.2018,GPC08180000058,PSD FRAUD TEMP. CREDIT,Stockport MBC,-16.13,Services to People,Furniture & Soft Furnishings  
Childrens & Educational Services,Furniture and Equipment,08.08.2018,16.09.2018,GPC08180000059,HTTP://WWW.ROBOKASSA.R,Stockport MBC,16.28,Services to People,Furniture & Soft Furnishings  
Childrens & Educational Services,Furniture and Equipment,01.08.2018,16.09.2018,GPC08180000060,PSD FRAUD TEMP. CREDIT,Stockport MBC,-16.32,Services to People,Furniture & Soft Furnishings  
Childrens & Educational Services,Furniture and Equipment,04.08.2018,16.09.2018,GPC08180000061,HTTP://WWW.ROBOKASSA.R,Stockport MBC,16.28,Services to People,Furniture & Soft Furnishings  
Childrens & Educational Services,Furniture and Equipment,04.08.2018,16.09.2018,GPC08180000062,HTTP://WWW.ROBOKASSA.R,Stockport MBC,16.28,Services to People,Furniture & Soft Furnishings  
Childrens & Educational Services,Furniture and Equipment,04.08.2018,16.09.2018,GPC08180000063,HTTP://WWW.ROBOKASSA.R,Stockport MBC,16.28,Services to People,Furniture & Soft Furnishings  
Childrens & Educational Services,Office Expenses,23.08.2018,16.09.2018,GPC08180000064,GOOGLE  ADS8179771860,Stockport MBC,500.0,Services to People,Facilities & Management Services  
Childrens & Educational Services,Office Expenses,18.08.2018,16.09.2018,GPC08180000065,FACEBK VTGLWGSSK2,Stockport MBC,400.0,Services to People,Facilities & Management Services  
Childrens & Educational Services,Office Expenses,13.08.2018,16.09.2018,GPC08180000066,GOOGLE  ADS8179771860,Stockport MBC,500.0,Services to People,Facilities & Management Services  
Childrens & Educational Services,Travelling Expenses,08.08.2018,16.09.2018,GPC08180000067,TRAINLINE,Stockport MBC,34.55,Services to People,Human Resources Travel & Subsistence 
Childrens & Educational Services,Travelling Expenses,06.08.2018,16.09.2018,GPC08180000068,TRAINLINE,Stockport MBC,59.5,Services to People,Human Resources Travel & Subsistence 
Childrens & Educational Services,Office Expenses,02.08.2018,16.09.2018,GPC08180000069,GOOGLE  ADS8179771860,Stockport MBC,500.0,Services to People,Facilities & Management Services  
Childrens & Educational Services,Travelling Expenses,24.08.2018,16.09.2018,GPC08180000070,HEATON CHAPEL SST,Stockport MBC,3.3,Services to People,Human Resources Travel & Subsistence 
Childrens & Educational Services,Travelling Expenses,24.08.2018,16.09.2018,GPC08180000071,METROLINK TVM,Stockport MBC,4.6,Services to People,Human Resources Travel & Subsistence 
Central Support Costs,Travelling Expenses,20.08.2018,16.09.2018,GPC08180000072,STOCKPORT STN SST,Stockport MBC,12.2,Services to Place,Human Resources Travel & Subsistence 
Central Support Costs,Travelling Expenses,01.08.2018,16.09.2018,GPC08180000073,WEST COAST TRAINS,Stockport MBC,6.1,Services to Place,Human Resources Travel & Subsistence 
Corporate & Democratic Core,Furniture and Equipment,28.08.2018,16.09.2018,GPC08180000074,AMZN MKTP UK,Stockport MBC,11.99,Corporate and Support Services,Environmental Services Technical Equipment 
Corporate & Democratic Core,Furniture and Equipment,23.08.2018,16.09.2018,GPC08180000075,AMZN MKTP UK,Stockport MBC,23.17,Corporate and Support Services,Environmental Services Technical Equipment 
Corporate & Democratic Core,Staff Training,23.08.2018,16.09.2018,GPC08180000076,WWW.WESTMINSTER-BRIEFI,Stockport MBC,354.0,Corporate and Support Services,Human Resources  
Corporate & Democratic Core,Furniture and Equipment,02.08.2018,16.09.2018,GPC08180000077,WWW.SIGN-HOLDERS.CO.UK,Stockport MBC,40.86,Corporate and Support Services,Environmental Services Technical Equipment 
Central Support Costs,Legal Fees,10.08.2018,16.09.2018,GPC08180000078,WWW.MONEYCLAIM.GOV,Stockport MBC,35.0,Corporate and Support Services,Legal Services  
Central Support Costs,Legal Fees,10.08.2018,16.09.2018,GPC08180000079,WWW.MONEYCLAIM.GOV,Stockport MBC,35.0,Corporate and Support Services,Legal Services  
Central Support Costs,Legal Fees,09.08.2018,16.09.2018,GPC08180000080,STOCKPORT M B C,Stockport MBC,10.0,Corporate and Support Services,Legal Services  
Planning Services,Publicity and Promotion,09.08.2018,16.09.2018,GPC08180000081,AMZN MKTP UK AMAZON.CO,Stockport MBC,13.96,Corporate and Support Services,Arts & Leisure Services  
Adult Social Care,Furniture and Equipment,21.08.2018,16.09.2018,GPC08180000082,WWW.ARGOS.CO.UK,Stockport MBC,506.93,Services to People,Environmental Services Technical Equipment 
Adult Social Care,Furniture and Equipment,21.08.2018,16.09.2018,GPC08180000083,WWW.ARGOS.CO.UK,Stockport MBC,226.97,Services to People,Environmental Services Technical Equipment 
Adult Social Care,Cleaning,06.08.2018,16.09.2018,GPC08180000084,STOCKPORT M B C,Stockport MBC,-180.0,Services to People,Cleaning & Janitorial  
Childrens & Educational Services,Expenses and Allowances,29.08.2018,16.09.2018,GPC08180000085,PREMIER INN44521425,Stockport MBC,136.5,Services to People,Catering  
Childrens & Educational Services,Care Payments,30.08.2018,16.09.2018,GPC08180000086,TRAINLINE,Stockport MBC,19.95,Services to People,Social Community Care Supplies & Services  
Childrens & Educational Services,Care Payments,23.08.2018,16.09.2018,GPC08180000087,PREMIER INN44017325,Stockport MBC,75.5,Services to People,Social Community Care Supplies & Services  
Childrens & Educational Services,Third party payments - Private/Voluntary Sector,24.08.2018,16.09.2018,GPC08180000088,PREMIER INN44521415,Stockport MBC,41.0,Services to People,Social Community Care Supplies & Services  
Childrens & Educational Services,Care Payments,23.08.2018,16.09.2018,GPC08180000089,BLACKPOOL DUNGEON ZEUS,Stockport MBC,158.0,Services to People,Social Community Care Supplies & Services  
Childrens & Educational Services,Furniture and Equipment,22.08.2018,16.09.2018,GPC08180000090,AMAZON.CO.UK,Stockport MBC,29.5,Services to People,Environmental Services Technical Equipment 
Childrens & Educational Services,Furniture and Equipment,22.08.2018,16.09.2018,GPC08180000091,AMZN MKTP UK AMAZON.CO,Stockport MBC,11.99,Services to People,Environmental Services Technical Equipment 
Childrens & Educational Services,Care Payments,21.08.2018,16.09.2018,GPC08180000092,WWW.JOHNLEWIS.COM,Stockport MBC,154.95,Services to People,Social Community Care Supplies & Services  
Childrens & Educational Services,Care Payments,21.08.2018,16.09.2018,GPC08180000093,BRITANNIA HOTEL,Stockport MBC,759.0,Services to People,Social Community Care Supplies & Services  
Childrens & Educational Services,Care Payments,21.08.2018,16.09.2018,GPC08180000094,WWW.ARGOS.CO.UK,Stockport MBC,235.96,Services to People,Social Community Care Supplies & Services  
Childrens & Educational Services,Travelling Expenses,20.08.2018,16.09.2018,GPC08180000095,TRAINLINE,Stockport MBC,100.5,Services to People,Human Resources Travel & Subsistence 
Childrens & Educational Services,Care Payments,17.08.2018,16.09.2018,GPC08180000096,PREMIER INN44024355,Stockport MBC,184.5,Services to People,Social Community Care Supplies & Services  
Childrens & Educational Services,Third party payments - Private/Voluntary Sector,17.08.2018,16.09.2018,GPC08180000097,PREMIER INN44521400,Stockport MBC,307.0,Services to People,Social Community Care Supplies & Services  
Childrens & Educational Services,Third party payments - Private/Voluntary Sector,15.08.2018,16.09.2018,GPC08180000098,PREMIER INN 44537615,Stockport MBC,96.5,Services to People,Social Community Care Supplies & Services  
Childrens & Educational Services,Care Payments,15.08.2018,16.09.2018,GPC08180000099,TRAINLINE,Stockport MBC,28.35,Services to People,Social Community Care Supplies & Services  
Childrens & Educational Services,Travelling Expenses,15.08.2018,16.09.2018,GPC08180000100,TRAINLINE,Stockport MBC,239.7,Services to People,Human Resources Travel & Subsistence 
Childrens & Educational Services,Travelling Expenses,14.08.2018,16.09.2018,GPC08180000101,TRAINLINE,Stockport MBC,53.8,Services to People,Human Resources Travel & Subsistence 
Childrens & Educational Services,Travelling Expenses,14.08.2018,16.09.2018,GPC08180000102,TRAINLINE,Stockport MBC,53.8,Services to People,Human Resources Travel & Subsistence 
Childrens & Educational Services,Care Payments,13.08.2018,16.09.2018,GPC08180000103,BRITANNIA HOTEL,Stockport MBC,748.0,Services to People,Social Community Care Supplies & Services  
Childrens & Educational Services,Care Payments,13.08.2018,16.09.2018,GPC08180000104,TRAINLINE,Stockport MBC,28.35,Services to People,Social Community Care Supplies & Services  
Adult Social Care,Legal Fees,10.08.2018,16.09.2018,GPC08180000105,HMCOURTS-SERVICE.G,Stockport MBC,20.0,Services to People,Legal Services  
Adult Social Care,Legal Fees,06.08.2018,16.09.2018,GPC08180000106,HMCOURTS-SERVICE.G,Stockport MBC,75.0,Services to People,Legal Services  
Childrens & Educational Services,Care Payments,10.08.2018,16.09.2018,GPC08180000107,HOLIDAY INNS,Stockport MBC,95.0,Services to People,Social Community Care Supplies & Services  
Childrens & Educational Services,Care Payments,10.08.2018,16.09.2018,GPC08180000108,PREMIER INN44024355,Stockport MBC,144.17,Services to People,Social Community Care Supplies & Services  
Childrens & Educational Services,Care Payments,10.08.2018,16.09.2018,GPC08180000109,TRAINLINE,Stockport MBC,109.7,Services to People,Social Community Care Supplies & Services  
Childrens & Educational Services,Travelling Expenses,10.08.2018,16.09.2018,GPC08180000110,TRAINLINE,Stockport MBC,133.5,Services to People,Human Resources Travel & Subsistence 
Childrens & Educational Services,Care Payments,10.08.2018,16.09.2018,GPC08180000111,TRAINLINE,Stockport MBC,217.9,Services to People,Social Community Care Supplies & Services  
Cultural & Related Services,Fees and Charges,05.08.2018,16.09.2018,GPC08180000112,DISCLOSURE AND BARRING,Stockport MBC,25.0,Corporate and Support Services,"Works - Construction, Repair & Maintenance  "
Housing (General Fund) Services,Staff Training,20.08.2018,16.09.2018,GPC08180000113,EB  AGE-FRIENDLY HOUSI,Stockport MBC,50.0,Services to Place,Human Resources  
Childrens & Educational Services,Fuel,29.08.2018,16.09.2018,GPC08180000114,BRITANNIA HOTEL,Stockport MBC,764.0,Services to People,Vehicle Management Fuel 
Childrens & Educational Services,Travelling Expenses,28.08.2018,16.09.2018,GPC08180000115,FLYBEF4SN F4SNZB,Stockport MBC,203.97,Services to People,Human Resources Travel & Subsistence 
Childrens & Educational Services,Fuel,24.08.2018,16.09.2018,GPC08180000116,BRITANNIA HOTEL,Stockport MBC,242.0,Services to People,Vehicle Management Fuel 
Childrens & Educational Services,Travelling Expenses,24.08.2018,16.09.2018,GPC08180000117,TRAINLINE,Stockport MBC,160.5,Services to People,Human Resources Travel & Subsistence 
Childrens & Educational Services,Travelling Expenses,24.08.2018,16.09.2018,GPC08180000118,TRAINLINE,Stockport MBC,174.3,Services to People,Human Resources Travel & Subsistence 
Childrens & Educational Services,Fuel,07.08.2018,16.09.2018,GPC08180000119,BRITANNIA HOTEL,Stockport MBC,731.0,Services to People,Vehicle Management Fuel 
Childrens & Educational Services,Care Payments,02.08.2018,16.09.2018,GPC08180000120,TRAINLINE,Stockport MBC,19.95,Services to People,Social Community Care Supplies & Services  
Childrens & Educational Services,Catering Supplies,29.08.2018,16.09.2018,GPC08180000121,W M MORRISONS.COM,Stockport MBC,8.0,Services to People,Catering Food & Beverages 
Childrens & Educational Services,Cleaning,29.08.2018,16.09.2018,GPC08180000122,AMZN MKTP UK,Stockport MBC,24.83,Services to People,Cleaning & Janitorial  
Childrens & Educational Services,Fees and Charges,29.08.2018,16.09.2018,GPC08180000123,AMAZON MUSIC,Stockport MBC,3.99,Services to People,Financial Services  
Childrens & Educational Services,Catering Supplies,24.08.2018,16.09.2018,GPC08180000124,TESCO STORES 3378,Stockport MBC,155.19,Services to People,Catering Food & Beverages 
Childrens & Educational Services,Information and Communications Technology,26.08.2018,16.09.2018,GPC08180000125,NETFLIX.COM,Stockport MBC,9.99,Services to People,Information Communication Technology  
Childrens & Educational Services,Catering Supplies,25.08.2018,16.09.2018,GPC08180000126,TESCO STORES 3378,Stockport MBC,192.98,Services to People,Catering Food & Beverages 
Childrens & Educational Services,Catering Supplies,18.08.2018,16.09.2018,GPC08180000127,TESCO STORES 3378,Stockport MBC,197.99,Services to People,Catering Food & Beverages 
Childrens & Educational Services,Furniture and Equipment,16.08.2018,16.09.2018,GPC08180000128,AMZN MKTP UK AMAZON.CO,Stockport MBC,18.99,Services to People,Environmental Services Technical Equipment 
Childrens & Educational Services,Catering Supplies,17.08.2018,16.09.2018,GPC08180000129,TESCO STORES 3378,Stockport MBC,155.67,Services to People,Catering Food & Beverages 
Childrens & Educational Services,Publicity and Promotion,16.08.2018,16.09.2018,GPC08180000130,TEAM KARTING,Stockport MBC,30.0,Services to People,Arts & Leisure Services  
Childrens & Educational Services,Publicity and Promotion,14.08.2018,16.09.2018,GPC08180000131,WATERWORLD 2000 LIMITE,Stockport MBC,43.47,Services to People,Arts & Leisure Services  
Childrens & Educational Services,Publicity and Promotion,14.08.2018,16.09.2018,GPC08180000132,WWW.GROUPON.CO.UK,Stockport MBC,24.0,Services to People,Arts & Leisure Services  
Childrens & Educational Services,Publicity and Promotion,14.08.2018,16.09.2018,GPC08180000133,WWW.GROUPON.CO.UK,Stockport MBC,72.0,Services to People,Arts & Leisure Services  
Childrens & Educational Services,Publicity and Promotion,13.08.2018,16.09.2018,GPC08180000134,WWW.TENPIN.CO.UK,Stockport MBC,67.96,Services to People,Arts & Leisure Services  
Childrens & Educational Services,Publicity and Promotion,13.08.2018,16.09.2018,GPC08180000135,WWW.GROUPON.CO.UK,Stockport MBC,135.0,Services to People,Arts & Leisure Services  
Childrens & Educational Services,Catering Supplies,10.08.2018,16.09.2018,GPC08180000136,TESCO STORES 3378,Stockport MBC,168.0,Services to People,Catering Food & Beverages 
Childrens & Educational Services,Catering Supplies,11.08.2018,16.09.2018,GPC08180000137,TESCO STORES 3378,Stockport MBC,249.85,Services to People,Catering Food & Beverages 
Childrens & Educational Services,Publicity and Promotion,09.08.2018,16.09.2018,GPC08180000138,WWW.GROUPON.CO.UK,Stockport MBC,18.0,Services to People,Arts & Leisure Services  
Childrens & Educational Services,Publicity and Promotion,08.08.2018,16.09.2018,GPC08180000139,WWW.GROUPON.CO.UK,Stockport MBC,24.95,Services to People,Arts & Leisure Services  
Childrens & Educational Services,Publicity and Promotion,04.08.2018,16.09.2018,GPC08180000140,WWW.GROUPON.CO.UK,Stockport MBC,135.0,Services to People,Arts & Leisure Services  
Childrens & Educational Services,Catering Supplies,03.08.2018,16.09.2018,GPC08180000141,TESCO STORES 3378,Stockport MBC,154.64,Services to People,Catering Food & Beverages 
Childrens & Educational Services,Publicity and Promotion,04.08.2018,16.09.2018,GPC08180000142,WWW.GROUPON.CO.UK,Stockport MBC,17.0,Services to People,Arts & Leisure Services  
Childrens & Educational Services,Publicity and Promotion,04.08.2018,16.09.2018,GPC08180000143,WWW.GROUPON.CO.UK,Stockport MBC,28.0,Services to People,Arts & Leisure Services  
Childrens & Educational Services,Publicity and Promotion,04.08.2018,16.09.2018,GPC08180000144,WWW.GROUPON.CO.UK,Stockport MBC,69.0,Services to People,Arts & Leisure Services  
Childrens & Educational Services,Catering Supplies,04.08.2018,16.09.2018,GPC08180000145,TESCO STORES 3378,Stockport MBC,218.72,Services to People,Catering Food & Beverages 
Childrens & Educational Services,Publicity and Promotion,05.08.2018,16.09.2018,GPC08180000146,WWW.GROUPON.CO.UK,Stockport MBC,28.0,Services to People,Arts & Leisure Services  
Childrens & Educational Services,Publicity and Promotion,04.08.2018,16.09.2018,GPC08180000147,WWW.GROUPON.CO.UK,Stockport MBC,30.0,Services to People,Arts & Leisure Services  
Childrens & Educational Services,Repairs and Maintenance,02.08.2018,16.09.2018,GPC08180000148,AMZN MKTP UK AMAZON.CO,Stockport MBC,49.0,Services to People,"Works - Construction, Repair & Maintenance  "
Cultural & Related Services,Catering Supplies,24.08.2018,16.09.2018,GPC08180000149,SAINSBURYS SACAT 2054,Stockport MBC,3.0,Corporate and Support Services,Catering  
Adult Social Care,Travelling Expenses,23.08.2018,16.09.2018,GPC08180000150,NORTHERN RAIL LTD-,Stockport MBC,3.9,Services to People,Human Resources Travel & Subsistence 
Adult Social Care,Travelling Expenses,23.08.2018,16.09.2018,GPC08180000151,STOCKPORT STN SST,Stockport MBC,5.4,Services to People,Human Resources Travel & Subsistence 
Adult Social Care,Travelling Expenses,20.08.2018,16.09.2018,GPC08180000152,STOCKPORT NHS FOUNDATI,Stockport MBC,5.5,Services to People,Human Resources Travel & Subsistence 
Adult Social Care,Catering Supplies,30.08.2018,16.09.2018,GPC08180000153,CO-OP GROUP 070285,Stockport MBC,14.5,Services to People,Catering Food & Beverages 
Adult Social Care,Catering Supplies,27.08.2018,16.09.2018,GPC08180000154,FARMFOODS- BELMONT,Stockport MBC,28.2,Services to People,Catering Food & Beverages 
Adult Social Care,Catering Supplies,27.08.2018,16.09.2018,GPC08180000155,ASDA STORE 4554,Stockport MBC,7.12,Services to People,Catering Food & Beverages 
Adult Social Care,Catering Supplies,22.08.2018,16.09.2018,GPC08180000156,ASDA STORES 4840,Stockport MBC,11.1,Services to People,Catering Food & Beverages 
Adult Social Care,Catering Supplies,13.08.2018,16.09.2018,GPC08180000157,ASDA STORES 4840,Stockport MBC,19.95,Services to People,Catering Food & Beverages 
Adult Social Care,Catering Supplies,08.08.2018,16.09.2018,GPC08180000158,FARMFOODS- BELMONT,Stockport MBC,6.0,Services to People,Catering Food & Beverages 
Adult Social Care,Catering Supplies,06.08.2018,16.09.2018,GPC08180000159,ASDA STORES 4840,Stockport MBC,12.43,Services to People,Catering Food & Beverages 
Adult Social Care,Expenses and Allowances,29.08.2018,16.09.2018,GPC08180000160,BRITANNIA,Stockport MBC,91.0,Services to People,Catering  
Adult Social Care,Furniture and Equipment,23.08.2018,16.09.2018,GPC08180000161,CARPET &FLOORING SPECI,Stockport MBC,370.0,Services to People,Furniture & Soft Furnishings  
Central Support Costs,Information and Communications Technology,28.08.2018,16.09.2018,GPC08180000162,GITHUB.COM,Stockport MBC,164.08,Corporate and Support Services,Information Communication Technology  
Central Support Costs,Information and Communications Technology,29.08.2018,16.09.2018,GPC08180000163,FASTHOSTS INTERNET,Stockport MBC,16.59,Corporate and Support Services,Information Communication Technology  
Central Support Costs,Information and Communications Technology,28.08.2018,16.09.2018,GPC08180000164,FASTHOSTS INTERNET,Stockport MBC,263.8,Corporate and Support Services,Information Communication Technology  
Central Support Costs,Information and Communications Technology,23.08.2018,16.09.2018,GPC08180000165,FASTHOSTS INTERNET,Stockport MBC,23.78,Corporate and Support Services,Information Communication Technology  
Central Support Costs,Information and Communications Technology,23.08.2018,16.09.2018,GPC08180000166,FASTHOSTS INTERNET,Stockport MBC,23.78,Corporate and Support Services,Information Communication Technology  
Central Support Costs,Information and Communications Technology,23.08.2018,16.09.2018,GPC08180000167,FASTHOSTS INTERNET,Stockport MBC,11.79,Corporate and Support Services,Information Communication Technology  
Central Support Costs,Information and Communications Technology,13.08.2018,16.09.2018,GPC08180000168,AUTH0.COM,Stockport MBC,9.71,Corporate and Support Services,Information Communication Technology  
Central Support Costs,Information and Communications Technology,14.08.2018,16.09.2018,GPC08180000169,SCREAMING FROG LTD,Stockport MBC,178.8,Corporate and Support Services,Information Communication Technology  
Central Support Costs,Information and Communications Technology,10.08.2018,16.09.2018,GPC08180000170,WWW.CONTENTFUL.COM,Stockport MBC,767.67,Corporate and Support Services,Information Communication Technology  
Central Support Costs,Information and Communications Technology,05.08.2018,16.09.2018,GPC08180000171,AUTH0.COM,Stockport MBC,47.6,Corporate and Support Services,Information Communication Technology  
Central Support Costs,Information and Communications Technology,03.08.2018,16.09.2018,GPC08180000172,AWS EMEA,Stockport MBC,800.0,Corporate and Support Services,Information Communication Technology  
Central Support Costs,Office Expenses,03.08.2018,16.09.2018,GPC08180000173,PAYPAL  ROYAL MAIL,Stockport MBC,3.38,Corporate and Support Services,Mail Services   
Central Support Costs,Furniture and Equipment,02.08.2018,16.09.2018,GPC08180000174,PAYPAL  RWHOUSEWARE,Stockport MBC,50.77,Corporate and Support Services,Environmental Services Technical Equipment 
Cultural & Related Services,Library Equipment,01.08.2018,16.09.2018,GPC08180000175,WARNERS GROUP PUBLICAT,Stockport MBC,48.0,Corporate and Support Services,Education Library Books 
Childrens & Educational Services,Library Equipment,29.08.2018,16.09.2018,GPC08180000176,AMAZON.CO.UK,Stockport MBC,40.48,Services to People,Education Library Books 
Childrens & Educational Services,Office Expenses,21.08.2018,16.09.2018,GPC08180000177,AMZN MKTP UK,Stockport MBC,6.15,Services to People,Stationery    
Childrens & Educational Services,Information and Communications Technology,01.08.2018,16.09.2018,GPC08180000178,AMAZON.CO.UK,Stockport MBC,13.99,Services to People,Information Communication Technology  
Corporate & Democratic Core,Travelling Expenses,22.08.2018,16.09.2018,GPC08180000179,TRAINLINE,Stockport MBC,88.5,Corporate and Support Services,Human Resources Travel & Subsistence 
Cultural & Related Services,Catering Supplies,08.08.2018,16.09.2018,GPC08180000180,SAINSBURYS LOC6202,Stockport MBC,3.65,Corporate and Support Services,Catering Food & Beverages 
Cultural & Related Services,Furniture and Equipment,07.08.2018,16.09.2018,GPC08180000181,4 SEASONS BEER TENT CO,Stockport MBC,38.94,Corporate and Support Services,Environmental Services Technical Equipment 
Corporate & Democratic Core,Staff Training,23.08.2018,16.09.2018,GPC08180000182,HUB BY PREMIER INN 496,Stockport MBC,169.5,Corporate and Support Services,Human Resources  
Corporate & Democratic Core,Staff Training,23.08.2018,16.09.2018,GPC08180000183,PREMIER INN44521700,Stockport MBC,73.5,Corporate and Support Services,Human Resources  
Highways & Transport Services,Expenses and Allowances,24.08.2018,16.09.2018,GPC08180000184,IBIS STYLES HOTEL BLAC,Stockport MBC,61.0,Services to Place,Human Resources Training & Conferences 
Corporate & Democratic Core,Travelling Expenses,23.08.2018,16.09.2018,GPC08180000185,TRAINLINE,Stockport MBC,44.2,Corporate and Support Services,Human Resources Travel & Subsistence 
Corporate & Democratic Core,Travelling Expenses,23.08.2018,16.09.2018,GPC08180000186,TRAINLINE,Stockport MBC,50.8,Corporate and Support Services,Human Resources Travel & Subsistence 
Highways & Transport Services,Professional Fees,23.08.2018,16.09.2018,GPC08180000187,ENVIROMENT AGENCY,Stockport MBC,446.0,Services to Place,Consultancy   
Environmental & Regulatory Services,Travelling Expenses,20.08.2018,16.09.2018,GPC08180000188,TRAINLINE,Stockport MBC,90.3,Services to Place,Human Resources Travel & Subsistence 
Highways & Transport Services,Travelling Expenses,16.08.2018,16.09.2018,GPC08180000189,TRAINLINE,Stockport MBC,21.75,Services to Place,Human Resources Travel & Subsistence 
Central Support Costs,Travelling Expenses,13.08.2018,16.09.2018,GPC08180000190,TRAINLINE,Stockport MBC,13.55,Corporate and Support Services,Human Resources Travel & Subsistence 
Highways & Transport Services,Travelling Expenses,10.08.2018,16.09.2018,GPC08180000191,TRAINLINE,Stockport MBC,127.2,Services to Place,Human Resources Travel & Subsistence 
Planning Services,Travelling Expenses,07.08.2018,16.09.2018,GPC08180000192,TRAINLINE,Stockport MBC,106.5,Corporate and Support Services,Human Resources Travel & Subsistence 
Highways & Transport Services,Travelling Expenses,03.08.2018,16.09.2018,GPC08180000193,TRAINLINE,Stockport MBC,178.9,Services to Place,Human Resources Travel & Subsistence 
Highways & Transport Services,Travelling Expenses,02.08.2018,16.09.2018,GPC08180000194,TRAINLINE,Stockport MBC,69.9,Services to Place,Human Resources Travel & Subsistence 
Adult Social Care,Catering Supplies,30.08.2018,16.09.2018,GPC08180000195,CO-OP GROUP 070285,Stockport MBC,14.05,Services to People,Catering Food & Beverages 
Adult Social Care,Catering Supplies,30.08.2018,16.09.2018,GPC08180000196,THE CHILDRENS SOCI,Stockport MBC,2.58,Services to People,Catering Food & Beverages 
Adult Social Care,Catering Supplies,23.08.2018,16.09.2018,GPC08180000197,TESCO STORE 2440,Stockport MBC,16.4,Services to People,Catering Food & Beverages 
