Other (including hospitality given),Class of travel,Accomodation/Meals,Duration of Visit (Days),Mode of transport,Start date of trip,Destination,Total Cost of Use of Official Secure Car,Purpose of trip,Senior Officials Name,"Total cost, including all visas, accommodation, travel, meals etc. (£)"
None ,Standard ,£212.05,2,Rail,19/04/2019,Newcastle,,Digital ET /part working from newcastle ,Simon McKinnon,£320.20
None ,Standard ,£54.85,2,Rail,19/04/2019,Edinburgh,,ET & Scottish Goverment event ,Simon McKinnon,£381.85
None ,Standard ,£86.00,2,Rail,01/05/2019,Manchester,,Site Visit / Project Delivery event ,Simon McKinnon,£479.00
None ,Standard ,None ,1,Rail,01/05/2019,York,,Visit sick Staff member (HR Kit),Simon McKinnon,£132.50
None ,Standard ,None ,1,Rail,16/05/2019,St Albans,,DWP Story ,Simon McKinnon,£139.50
None ,Standard ,£71.00,2,Rail,19/05/2019,Sheffield,,P&C conference ,Simon McKinnon,£307.60
None ,Standard ,£78.00,2,"Rail, Metro ",19/05/2019,Manchester,,Digital Employment Training,Simon McKinnon,£454.50
None ,Standard ,£138.00/,3,"Rail, Taxi",03/06/2019,Newcastle,,Mental Health First aide Training,Simon McKinnon,£504.60
None ,Standard ,none ,1,Train ,19/06/2019,Folkestone central ,,DWP Story ,Simon McKinnon,£57.90
None ,Standard ,£138.00,1,"Rail, Taxi",25/06/2019,Newcastle,,Site Visit /Digital ET ,Simon McKinnon,£461.00
None ,Standard,Hotel  (provided -no cost ),2,Rail,01/04/2019,York,,Gold Commander & Crisis Leadership Training,Juan Villamil,£287.83
None ,Standard,,1,Rail,03/04/2019,Manchester,,Technology Services SLT Re-Org session,Juan Villamil,£350.00
None ,Standard,£84.00 (Hotel) / £20.00 (overnight meal),2,Rail,10/04/2019,Birmingham,,Directors Away Day,Juan Villamil,£157.65
None ,Standard,,1,Rail,17/04/2019,Manchester,,Technology Services SLT Re-Org session,Juan Villamil,£225.80
None ,Standard,,1,Rail,02/05/2019,Leeds,,Technology Services SLT People Session,Juan Villamil,£146.75
None ,Standard,,1,Rail,13/05/2019,Newcastle,,TS Director Staff Road Trip Visit ,Juan Villamil,£162.85
None ,Standard,,1,Rail,23/05/2019,Manchester,,Digital ET ,Juan Villamil,£350.00
None ,Standard,,1,Rail,12/06/2019,Manchester,,TS Director Staff Road Trip Visit ,Juan Villamil,£225.80
None ,Standard,,1,Rail,26/06/2019,Blackpool,,Technology Services SLT Business Session ,Juan Villamil,£259.90
,Standard,£5.00,1,Rail,09/04/2019, Leeds,,Team conference 9th April,Tamara Bruck,£89.00
,Standard ,Accomodation- £43.25/ Meal-£12.29  ,1,Rail,09/04/2019,Birmingham,,Directors away day- Overnight stay ,Tamara Bruck,£119.69
,,Accomodation-£84.00 / Meal-£25.00  ,1,Taxi ,10/04/2019,Birmingham,,Directors away day- Day 1 ,Tamara Bruck,£116.00
,Standard ,Meals- £5.00  ,1,Rail,11/04/2019,Birmingham,,Directors away day - Day 2 ,Tamara Bruck,£63.10
,Standard ,Meals- £10.00  ,1,"Rail, Taxi",11/04/2019,Newcastle,,Digital ET ,Tamara Bruck,£177.85
,Standard ,,1,Rail,04/06/2019,Birmingham,,Director's SR session,Tamara Bruck,£85.35
,,,1,Car ,12/06/2019,St Albans,NIL return,DWP story ,Tamara Bruck,£12.60
,Standard ,Meals-£10.00,1,Rail,13/06/2019,Leeds,,Digital ET,Tamara Bruck,£227.50
,Standard ,Hotel £69.00/Meal 23.05/£4.20 for other Transport ,2,Rail,03/04/2019,Newcastle,NIL return,Internal Meeting,Helen Roberts,£96.25
,Standard ,Hotel £138.00/Meal £25.00/ £12.60 other Transport,3,Rail,23/04/2019,Newcastle,NIL return,Internal Meetings,Helen Roberts,£175.60
,Standard ,Hotel £69.00/other transport £4.20,1,Rail,01/05/2019,Newcastle,NIL return,Interviewing,Helen Roberts,£73.20
,Standard ,Hotel £83.50/meal £1.50/other transport 4.20,1,Rail,16/05/2019,Newcastle / York,NIL return,Internal Meeting (newcastle) / Meeting with Perm Sec.  In York on 17/5 ,Helen Roberts,£89.20
,Standard ,Hotel £67.00/meal £20.00,1,Rail,22/05/2019,Manchester,NIL return,Attending DET on 23/5,Helen Roberts,£87.00
,Standard ,,1,Rail,04/06/2019,Birmingham,NIL return,Internal Director meeting,Helen Roberts,£0.00
,Standard ,Hotel £69.00/Meal £25.00/ other transport £8.40,2,Rail,11/06/2019,Newcastle,NIL return,Internal Meeting,Helen Roberts,£102.40
,Standard ,,1,Rail,13/06/2019,Leeds,NIL return,DET,Helen Roberts,£0.00
,Standard,£23.50,2,Rail,01/04/2019,Newcastle Benton Park View,,IAG Team show and Tell,Kenny Robertson,£247.10
,Standard,£10.00,1,Rail,24/04/2019,Newcastle Benton Park View,,Digital ET,Kenny Robertson,£131.40
,Standard,£5.00,1,Rail,30/04/2019,"Caxton House, London",,Robotics Meeting,Kenny Robertson,£348.00
,,,1,Private Car,13/05/2019,Blackpool Peel Park,NIL return,Vme R Board,Kenny Robertson,£28.40
Car Park Tolls,,£3.49,1,Car,30/05/2019,Hatfield,,Computacenter Visit,Kenny Robertson,£9.49
Car Park Tolls,Standard,£7.90,1,Rail,13/06/2019,London Excel ,,Artifical Intellegencce Summit Exhibition,Kenny Robertson,£343.00
,Standard,£5.00,1,Tram,18/06/2019,"Oldham, Phoenix House",,DWP Story Presenter,Kenny Robertson,£11.00
,Standard,£5.00,1,Rail,19/06/2019,"Leeds, Brewery Wharf",,Digital Workplace Showcase Event,Kenny Robertson,£39.20
,Standard,£5.00,1,Train,02/04/2019,Sheffield,,Internal meetings with DWP staff,Aaron Jaffery,£3.00
,Standard,£0.00,1,Car,04/04/2019,Newcastle,,Away Day,Aaron Jaffery,£6.14
,Standard,£98.70,2,Rail,10/04/2019,Birmingham,,Directors' Away Day,Aaron Jaffery,£100.70
,Standard,£5.00,1,Rail,17/04/2019,London,,Board Meeting,Aaron Jaffery,£6.00
,Standard,£0.00,1,Hire Car,25/04/2019,Blackpool,,Meeting with teams,Aaron Jaffery,£98.21
,Standard,£0.00,1,Car,03/05/2019,Newcastle,,Supplier visit,Aaron Jaffery,£1.94
,Standard,£3.10,1,Rail,08/05/2019,London,,Site visit,Aaron Jaffery,£344.34
,Standard,£0.00,1,Car,13/05/2019,Newcastle,,Board Meeting,Aaron Jaffery,£1.29
,Standard,£9.55,1,Rail,20/05/2019,Sheffield,,Team meeting,Aaron Jaffery,£243.35
,Standard,£3.98,1,Rail,22/05/2019,London,,Board Meeting,Aaron Jaffery,£344.22
,Standard,£5.00,1,Hire Car,24/05/2019,Hull,,Site visit,Aaron Jaffery,£90.91
,Standard,£0.00,1,Car,03/06/2019,Newcastle,,Site visit,Aaron Jaffery,£10.30
,Standard,£5.00,1,Rail,06/06/2019,Sheffield,,Meeting with teams,Aaron Jaffery,£119.90
,Standard,£0.00,1,Hire Car,11/06/2019,Blackpool,,Internal meetings,Aaron Jaffery,£97.57
,Standard,£3.60,1,Rail,12/06/2019,London,,Internal meetings,Aaron Jaffery,£343.70
,Standard,£5.00,1,Rail,13/06/2019,Leeds,,Internal meetings,Aaron Jaffery,£112.00
,Standard,£0.00,1,Rail,19/06/2019,Leeds,,Event,Aaron Jaffery,£90.00
,Standard,£0.00,1,Rail,20/06/2019,London,,Site visit,Aaron Jaffery,£334.10
,Standard,£3.10,1,Hire Car,21/06/2019,Blackpool,,Meeting with teams,Aaron Jaffery,£92.46
,Standard,£10.00,1,Rail,25/06/2019,Leeds,,Internal meetings with DWP staff,Aaron Jaffery,£174.80
,Standard,£4.45,1,Car,26/06/2019,Newcastle,,DWP Story,Aaron Jaffery,£4.45
,Standard,"Hotel - £71.60 , Meals - £13.34",2,"Rail, Taxi",01/04/2019,Newcastle office,,Meetings with colleagues and team,Aleksei Doroshko,£278.51
,Standard,"Hotels - £82.60, Meals - £23.28",1,"Rail, Metro, Tube",08/04/2019,Manchester office,,Meeting with colleagues,Aleksei Doroshko,£286.28
,Standard,"Hotels - £90.60, Meals - £19.44",1,"Rail, Taxi",09/04/2019,Blackpool,,Meeting with colleagues,Aleksei Doroshko,£135.74
,Standard,"Hotel - £75.60, Meals - £16.04",1,"Rail, Taxi",10/04/2019,"Newcastle Upon Tyne, Preston, Blackpool",,Meeting with colleagues,Aleksei Doroshko,£191.14
,Standard,Meals - £4.25,1,"Rail, Taxi",11/04/2019,Newcastle,,Meeting with colleagues,Aleksei Doroshko,£160.19
,Standard,Meals - £12.10,1,"Rail,  Metro, Tube, Taxi",24/04/2019,Newcastle,,Digital Executive Team Meeting,Aleksei Doroshko,£284.87
,Standard,,1,"Rail, Taxi",10/05/2019,Sheffield,,Digital Executive Team Meeting,Aleksei Doroshko,£106.10
,,Meals,1,,13/05/2019,London St Pancras,,Meeting with colleagues,Aleksei Doroshko,£2.33
,Standard,"Hotels - £0.60, Meals - £40.50",1,"Rail, Taxi",14/05/2019,"Newcastle Upon Tyne, Sheffield, London",,Meeting with colleagues,Aleksei Doroshko,£262.10
,Standard,"Hotel - £71.33, Meals - £8.75",2,"Bus, Rail, Taxi",15/05/2019,"Newcastle Upon Tyne, Sheffield",,Meeting with colleagues,Aleksei Doroshko,£291.58
,Standard,,1,Bus,21/05/2019,King's Court Office,,Engineering Practice Team Meeting,Aleksei Doroshko,£4.70
,Standard,Meals - £7.38,1,"Rail, Taxi",23/05/2019,"Manchester, Sheffield",,Digital Executive Team Meeting,Aleksei Doroshko,£105.08
,Standard,"Hotels - £255.60, Meals - £86.35",4,"Rail, Taxi",28/05/2019,"Manchester, Sheffield",,Training course,Aleksei Doroshko,£396.15
,Standard,,1,"Rail, Taxi",03/06/2019,"Manschester , Sheffield",,Meeting with colleagues,Aleksei Doroshko,£66.20
,Standard,Meals - £5.00,1,Bus,05/06/2019,Office,,Meetings with colleagues and team,Aleksei Doroshko,£9.70
,Standard,,1,Rail ,07/06/2019,London St Pancras,,Meetings with colleagues and team,Aleksei Doroshko,£121.50
,Standard,,1,"Rail, Taxi",14/06/2019,"London St Pancras, Sheffield",,Meeting with colleagues,Aleksei Doroshko,£232.70
,Standard,,1,Bus,17/06/2019,King's Court office,,Meeting with colleagues,Aleksei Doroshko,£4.70
,Standard,,1,Bus,18/06/2019,DWP story Sheffield office,,Presenting an event to colleagues,Aleksei Doroshko,£4.70
,Standard,Meals - £7.55,2,"Rail, Metro, Tube, Taxi",19/06/2019,"Newcastle, Sheffield",,Strategic service review meeting,Aleksei Doroshko,£148.85
,,accommodation provided by training provider,2,Hire Car,01/04/2019,York,,Gold Commander Training,Paul Lodge,Not Known
,Standard,,2,Rail,08/04/2019,london,,Senior Civil Sservant Coaching Session,Paul Lodge,£321.00
,Standard,£68.00 - Hotel,2,Rail,10/08/2019,Birmingham,,Directors away day,Paul Lodge,£293.75
,Standard,"£79.00 Said Business School, Egrove park",2,Rail,24/04/2019,Oxford,,Risk management Master Class,Paul Lodge,£406.30
,Standard,,1,Rail,22/05/2019,london,,Universal Credit - The Mid Point Mega Show and Telll,Paul Lodge,£161.00
,Standard,£67.00 Hotel,1,Rail,22/05/2019,Manchester,,ahead of DET held in Manchester on 23/5,Paul Lodge,£243.00
,Standard,,1,Rail,23/05/2019,Newcastle,,Digital Executive Team,Paul Lodge,£74.00
,Standard,,1,Rail,04/06/2019,Birmingham,,Spending Review,Paul Lodge,£226.50
,Standard,196.00 for 24 hour day delegate rate,2,Rail,10/06/2019,Leeds,,Senior Leadership Team event,Paul Lodge,£285.25
,Standard,,1,Rail,13/06/2019,Leeds,,Digital Executive Team,Paul Lodge,£90.00
,Standard,£169.50 - Hotel,2,Rail,25/06/2019,london,,Public Sector Solutions Expo,Paul Lodge,£490.50
£0.00,Standard,£77.00,2,Rail ,03/04/2019,Leeds,NIL return,Internal Meeting - Function review,Nick Harrison,£190.50
£0.00,Standard,£206.68,3,Rail ,09/04/2019,Manchester / Birmingham,NIL return,Internal Meetings Manchester/ Directors Away Day Birmingham,Nick Harrison,£452.13
£33.00,Standard,£0.00,2,"Rail, Taxi",15/04/2019,York,NIL return,Personal Training - Gold Commander Training,Nick Harrison,£222.25
£2.90,Standard,£89.00,1,"Rail, Metro",18/04/2019,Newcastle,NIL return,Internal meeting - Service Review,Nick Harrison,£412.50
£8.40,Standard,£93.60,2,"Rail, Metro",23/04/2019,Newcastle,NIL return,Internal meeting - 121's and Executive team meeting,Nick Harrison,£348.00
£0.00,Standard,£0.00,1,Rail ,01/05/2019,Manchester,NIL return,Internal Meeting - Senior Leadership Team,Nick Harrison,£259.00
£4.20,Standard,£87.25,1,"Rail , Metro",15/05/2019,Newcastle,NIL return,Internal meeting - Service Review,Nick Harrison,£322.30
£4.20,Standard,£0.00,1,"Rail, Metro",20/05/2019,Newcastle,NIL return,Internal meeting - Service Design Forum,Nick Harrison,£161.05
£40.00,Standard,£84.00,1,"Rail, Taxi",30/05/2019,Newcastle,NIL return,Internal meeting - Service Review,Nick Harrison,£398.80
£0.00,Standard,£4.00,1,Rail ,04/06/2019,Birmingham,NIL return,Internal meeting - Directors SR Session,Nick Harrison,£98.35
£0.00,Standard,£97.00,1,Rail ,13/06/2019,Leeds,NIL return,Internal meeting - Executive team meeting,Nick Harrison,£286.25
£4.20,Standard,£4.65,1,"Rail , Metro",19/06/2019,Newcastle,NIL return,Internal meeting - Service Review,Nick Harrison,£165.70
£0.00,Standard,£8.99,1,Rail ,25/06/2019,Ipswich,NIL return,DWP Story facilitation,Nick Harrison,£103.99
£4.20,Standard,£74.00,1,"Rail,  Metro",27/06/2019,Newcastle,NIL return,Internal meeting - Executive team meeting,Nick Harrison,£309.05
,Standard,£70.60 + £15.00,2,Rail ,27/03/2019,Sheffield,,Finance Executive Team meeting / Cavendish Court JCP visit,Nick Joicey ,£241.15
,Standard,,1,Rail ,08/04/2019,Newcastle,,Various meetings in DWP Hub,Nick Joicey ,£14.90
,Standard,,1,Rail ,09/04/2019,Leeds,,Various meetings in DWP Hub,Nick Joicey ,£25.60
,Standard,£106.04,2,Rail ,10/04/2019,Birmingham,,Various meetings in DWP Hub / Directors Away Day,Nick Joicey ,£215.59
,Standard,,1,Rail ,17/04/2019,London Liverpool Street,,DARAC meeting,Nick Joicey ,£59.00
,Standard,£83.60,2,Rail ,24/04/2019,Leeds,,Finance Executive Team meeting,Nick Joicey ,£139.10
,Standard,£79.93,2,Rail ,15/05/2019,Sheffield,,SLG event / Grimsby Service Centre visit,Nick Joicey ,£214.63
,Standard,,1,Rail ,22/05/2019,Cardiff,,Government Finance Event / Cardiff Charles St JCP visit,Nick Joicey ,£129.00
,Standard,£83.60,2,Rail ,29/05/2019,Blackpool,,Finance Executive Team meeting,Nick Joicey ,£178.40
,Standard,,1,Rail ,04/06/2019,Birmingham,,Directors' Session ,Nick Joicey ,£91.35
,Standard,£0.60,1,Rail ,26/06/2019,Newcastle,,Meeting was cancelled,Nick Joicey ,
£0.00,Standard,£0.00,1,Rail ,07/03/2019,Birmingham,,SLT away day,Jane Cunliffe ,£108.80
£0.00,Standard,£97.10,2,Rail ,27/03/2019,Sheffield,,FET meeting,Jane Cunliffe ,£209
£0.00,Standard,£5.00,2,Rail ,25/04/2019,Leeds,,FET meeting,Jane Cunliffe ,£178.70
£0.00,Standard,£3.98,1,Rail ,15/05/2019,Sheffield,,SLG Event,Jane Cunliffe ,£190
£0.00,Standard,£10.00,1,Rail ,16/05/2019,Canterbury,,Site Visit,Jane Cunliffe ,£57
£0.00,Standard,£0.00,2,Rail ,20/05/2019,Sheffield,,Directorate awayday,Jane Cunliffe ,£207
£0.00,Standard,£0.00,1,Rail ,04/06/2019,Birmingham,,Director's event,Jane Cunliffe ,£96
£0.00,Standard,£22.10,1,Rail ,06/06/2019,Leeds,,Site Visit,Jane Cunliffe ,£169
£0.00,Standard,£0.00,1,Rail ,19/06/2019,Grantham ,,Site Visit,Jane Cunliffe ,£59
£0.00,Standard,£48.35,2,Rail ,26/06/2019,Newcastle,,FET meeting,Jane Cunliffe ,£210
,Standard,,2,Car,01/04/2019,York,,Security Training,Tara Smith ,£33.30
,Standard,£4.59,1,Rail,04/04/2019,London,,Meeting with NAO,Tara Smith ,£275.39
,Standard,£109.75,2,Rail,10/04/2019,Birmingham,,Directors away day,Tara Smith ,£258
,Standard,,2,Rail,25/04/2019,Edinburgh,,ET meeting on behalf of FDG,Tara Smith ,£121.20
,Standard,,1,Rail,30/04/2019,Runcorn,,Meeting with staff,Tara Smith ,£79
,Standard,,1,Rail,08/05/2019,London,,Moderating meeting,Tara Smith ,£266
,Standard,,1,Rail,15/05/2019,Sheffield,,Senior leadership Group,Tara Smith ,£23
,Standard,,1,Rail,21/05/2019,Sheffield,,Meeting with staff,Tara Smith ,£32
,Standard,,1,Rail,22/05/2019,London,,OGD meeting on behalf of FDG,Tara Smith ,£271
,Standard,£87.75,2,Car,29/05/2019,Peel Park,,Finance Executive Team meeting,Tara Smith ,£222
,Standard,£5.00,1,Rail,04/06/2019,Birmingham,,Directors SR session,Tara Smith ,£142
,Standard,,1,Rail,06/06/2019,Barnsley,,Host DWP Story Event,Tara Smith ,£16
,Standard,,1,Rail,11/06/2019,Sheffield,,Workshop attendance,Tara Smith ,£32
,Standard,,1,Rail,18/06/2019,London,,Meeting with staff,Tara Smith ,£271
,Standard,,1,Rail,21/06/2019,London,,DARAC,Tara Smith ,£180
£25.00,Standard,,1,Car,13/03/2019,"Peel Park, Blackpool",,Programme workshop,Stuart Proud,£25.00
£37.00,Standard,,1,Car,19/03/2019,"Quarry House, Leeds",,F2F Team meeting,Stuart Proud,£37.00
£12.50,Standard,,1,Rail,20/03/2019,"Caxton House, London",,Programme Board and Stand-up,Stuart Proud,£12.50
£14.20,Standard,,1,Rail,21/03/2019,Manchester,,Stand-up,Stuart Proud,£14.20
None,Standard,£20.00,1,Rail,19/03/2019,Newcastle,NIL return,Welcome To Your Future - Senior Leader session,Campbell Mccafferty,£185.00
None,Standard,None,1,Rail,20/03/2019,Oxford,NIL return,"MPLA Masterclass, Oxford Business School, Oxford",Campbell Mccafferty,£182.70
None,Standard,£32.44,2,Rail,26/03/2019,Sheffield ,NIL return,"FET March - Sheffield, Hartshead Square",Campbell Mccafferty,£135.34
None,Standard,£111.59,1,Rail,11/04/2019,Birmingham,NIL return,Directors' away day,Campbell Mccafferty,£276.34
None,Standard,None,1,Taxi,18/04/2019,High Wycombe ,NIL return,High Wycombe Jobcentre visit,Campbell Mccafferty,£38.70
None,Standard,£50.00,3,Air,23/04/2019,Glasgow,NIL return,"Cyber UK, Glasgow",Campbell Mccafferty,£328.66
None,Standard,None,5,Car,29/04/2019,Oxford,NIL return,"MPLA Course, Saïd Business School, 
University of Oxford",Campbell Mccafferty,£46.80
None,Standard,£86.64,2,Rail,13/05/2019,Leeds,NIL return,Grade 6s Face to Face & Strategy meeting,Campbell Mccafferty,£133.19
None,Standard,£4.99,1,Rail,04/06/2019,Sheffield ,NIL return,SLT Face to Face,Campbell Mccafferty,£202.49
None,Standard,£214.30,1,Rail,11/06/2019,Leeds,NIL return,ESRM Conference,Campbell Mccafferty,£214.30
£36.95,Standard,£175.59,2,Rail,02/04/2019,London ,NIL return,Meetings - internal to DWP,Sue Moore ,£212.54
£221.70,Standard,£222.55,3,Rail,07/05/2019,London ,NIL return,Meetings - internal to DWP to include the Risk Assurance Board,Sue Moore ,£444.25
£44.10,,,1,Car,22/05/2019,Lancaster ,NIL return,Risk Assurance Division Conference,Sue Moore ,£44
,Standard,£78.80,1,Rail,04/06/2019,Biringham ,NIL return,Directors Meeting - Spending Review,Sue Moore ,£78.80
,Standard,£164.30,1,Rail,11/06/2019,London ,NIL return,Meetings - internal to DWP including Perm Sec meeting,Sue Moore ,£164
,Standard,£144.60,2,Rail,25/06/2019,London ,NIL return,Meetings - internal to DWP to include the Risk Assurance Board,Sue Moore ,£145
,Standard,£101.99,1,Rail,10/04/2019,Birmingham,NIL return,Director away day,Debbie Alder,£212.74
£53.40,Standard,£162.15,3,"Air, Rail",24/04/2019,Glasgow/Edinburgh,NIL return,ET/Scottish Government visit,Debbie Alder,£549
£5.00,Standard,£5.00,1,Rail,03/05/2019,Manchester,NIL return,P&C Road Show,Debbie Alder,£179.80
£55.60,Standard,£103.00,2,Rail,08/05/2019,Bristol,NIL return,P&C Road Show,Debbie Alder,£303
£5.70,Standard,,1,Rail,10/05/2019,Leeds,NIL return,P&C Road Show,Debbie Alder,£90
,Standard,,1,Rail,16/05/2019,St Albans,NIL return,DWP Story - Staff Engagment,Debbie Alder,£13
£4.40,Standard,£211.20,2,Rail,20/05/2019,Sheffield,NIL return,P&C Conference,Debbie Alder,£328
,,,,,01/06/2019,,NIL return,Professional Fees,Debbie Alder,£216
,Standard,£86.60,1,Rail,24/06/2019,Cardiff,NIL return,CS Live - Speaker,Debbie Alder,£236
,Standard,£5.00,1,Rail,27/06/2019,Birmingham,NIL return,CS Live - Speaker,Debbie Alder,£92
No DWP expense - paid for by TPR,Taxi both ways,1 night accomodation.  1 Evening meal and 1 breakfast,1,Taxi,06/11/2018,Buxted,NIL return,To attend TPR (The Pension Regulator) Awayday,Charlotte Clark,£13.40
None,Return,None,1,Tube,20/11/2018,London ,NIL return, Holborn - SFGB Interviews (COO),Charlotte Clark,£4.80
None,Return,None,1,Tube,20/11/2018,London ,NIL return,Canary Wharf - KPMG - Crossing Thresholds mentoring,Charlotte Clark,£4.80
None,Return,None,1,Tube,22/11/2018,Leeds,NIL return,Policy SLT Away day,Charlotte Clark,£4.80
None,Various locations,None,1,Tube,11/12/2018,London ,NIL return,Mtg with NEST (Canary Wharf) and DoDs Workshop (London Bridge),Charlotte Clark,£7.20
None,,None,1,Bus,04/01/2019,London ,NIL return,Prep for Inquiry Workshop,Charlotte Clark,£1.50
None,,None,1,Bus,08/01/2019,London ,NIL return,Inquiry Workshop,Charlotte Clark,£3.00
None,Return,None,1,Tube,09/01/2019,London ,NIL return,Paddington - Visit to Smart Pensions,Charlotte Clark,£4.80
None,Standard,None,2,"Rail , Taxi",16/01/2019,Dorking,NIL return,Leadership Course (Hartsfield Manor),Charlotte Clark,£34.60
None,Return,None,1,Tube,01/02/2019,London ,NIL return,ET Org Design mtg at Deloitte,Charlotte Clark,£4.80
None,Return,None,1,Tube,05/02/2019,London ,NIL return,Fidelity's Women & Money Innovation Lab Event,Charlotte Clark,£4.80
None,Return,None,1,Tube,19/02/2019,London ,NIL return,Meeting at NEST   Canary Wharf,Charlotte Clark,£4.80
None,,None,1,Bus,13/03/2019,London ,NIL return,Visiting Kennington Jobcentre,Charlotte Clark,£1.50
None,Return,None,1,Tube,18/03/2019,London ,NIL return,Attending Joint Industry Forum (Pensions Management Forum) Mtg,Charlotte Clark,£4.80
None,,None,1,Tube,19/03/2019,Brighton,NIL return,Speaking at TPR (The Pension Regulator) Event,Charlotte Clark,£2.40
None,,None,1,Tube,20/03/2019,London ,NIL return,"(Holborn) Korn Ferry, Ryder Court (DWP coaching session)",Charlotte Clark,£2.40
None,,None,1,Tube,02/04/2019,London ,NIL return,(Holborn)Meeting with SFGB (Single Financial Guidance Body),Charlotte Clark,£2.40
None,Return,None,1,Tube,03/04/2019,London ,NIL return,Mtg with PLSA (Pensions and Lifetime Savings Association ,Charlotte Clark,£4.80
None,Standard,£85.60,1,Tube and Rail,10/04/2019,Birmingham / Coventry,NIL return,Directors Away day,Charlotte Clark,£134.00
2 rooms booked @£75.00 per night.  1 for C. Clark and 1 for Y Woolven (Business Manager),Standard,£87.50,1,Tube and Rail,24/04/2019,Leeds,NIL return,Deputy Director Mtg Quarry Hse,Charlotte Clark,£209.25
£0.60 for Hotel in Blackpool.,Standard,£168.20,3,Tube and Rail,01/05/2019,Blackpool and Manchester,NIL return,Apprenticeshop Workshop Holborn.  Visit to Peel Park.   Manchester P&C Roadshow,Charlotte Clark,£414.20
,Return,,1,Tube,07/05/2019,London ,NIL return,Holborn - SFGB Interview,Charlotte Clark,£4.80
None,Standard,£80.40,2,Tube and Rail,09/05/2019,London and Leeds,NIL return,Mtg and PWC London and P&C Roadshow Leeds,Charlotte Clark,£273.20
None,Standard,,2,Train and Taxi,14/05/2019,Dorking,NIL return,Leadership Course (Hartsfield Manor),Charlotte Clark,£34.30
None,Standard,£182.93,3,Tube and Train,20/05/2019,Sheffield,NIL return,P&C Conference,Charlotte Clark,£316.23
None,Standard,£67.30,2,"lTube, Taxi, Rai",27/05/2019,Plymouth,NIL return,DWP Story,Charlotte Clark,£207.13
None,Standard,None,1,Train,05/06/2019,Leeds,NIL return,Deputy Director Mtg Quarry Hse,Charlotte Clark,£76.20
None,Standard,£130.60,3,Rail,17/06/2019,Leeds and Sheffield,NIL return,"Training course Leeds, various mtgs Sheffield and Team mtg Leeds",Charlotte Clark,£247.10
Delivered DWP Story on 03/07/2019.,Standard,£130.00,1,Rail,02/07/2019,Sunderland,NIL return,DWP Story,Charlotte Clark,£130.00
,Standard,,2,Rail,10/04/2019,Birmingham,NIL return,Director's Awayday,Crystal Akass,£128.10
,Standard,,2,Rail,21/05/2019,Sheffield ,NIL return,P&C Conference,Crystal Akass,£225.03
,Standard,,1,Rail,06/06/2019,Blackpool,NIL return,Blackpool Site Visit with Perm Sec,Crystal Akass,£95.00
,Standard,,3,Rail,19/06/2019,Betchworth,NIL return,High Potential DS Workshop,Crystal Akass,£55.30
,Standard,£92.94,1,Rail ,09/05/2019,Sheffield ,NIL return,Visiting DWP staff as part of induction programme ,Deborah Walton ,£168.44
,Standard,,1,Rail ,10/05/2019,Nottingham ,NIL return,Visiting DWP staff as part of induction programme ,Deborah Walton ,£47.00
,Standard,£92.40,1,Rail ,13/05/2019,Newcastle,NIL return,Visiting DWP staff as part of induction programme ,Deborah Walton ,£233.00
,Standard,£4.85,1,Rail ,14/05/2019,Leeds,NIL return,Visiting DWP staff as part of induction programme ,Deborah Walton ,£39.85
,Standard,£91.00,1,Rail ,21/05/2019,Sheffield ,NIL return,Visiting DWP staff as part of induction programme ,Deborah Walton ,£203.00
,Standard,none claimed,1,"Rail, Taxi",27/03/2019,London,NIL return,Meetings with directors/Director general,Helen Pickles,£277.00
,Standard,none claimed,1,"Rail, Metro",08/04/2019,Manchester,NIL return,Programme Board Meeting (as chair),Helen Pickles,£35.00
,Standard,£111.10,2,"Rail, Taxi",10/04/2019,Birmingham,NIL return,Director's Away-Day,Helen Pickles,£247.85
,Standard,£119.00,2,"Rail, Taxi",24/04/2019,London,NIL return,Meetings with directors/Director general,Helen Pickles,£403.40
,Standard,£7.00,3,"Rail, Taxi",30/04/2019,Cranfield,NIL return,PLP Training Course,Helen Pickles,£286.70
,Standard,£142.37,2,"Rail, Taxi",07/05/2019,London,NIL return,Meetings with directors/Director general,Helen Pickles,£426.47
,Standard,£77.19,2,"Rail, Taxi",14/05/2019,London and Blackpool,NIL return,Meetings with directors/Director general then onto People & Capability Roadshow as presenter,Helen Pickles,£350.94
,Standard,£5.00,1,"Rail, Taxi",20/05/2019,London,NIL return,Meetings with directors/Director generals/Permanent secretary,Helen Pickles,£211.90
,Standard,none claimed,1,Rail,04/06/2019,Birmingham,NIL return,Directors Session regarding SR Activity,Helen Pickles,£128.95
,Standard,none claimed,1,"Rail, Taxi",12/06/2109,London,NIL return,Meetings with directors/Director general ,Helen Pickles,£200.00
,Standard,none claimed,2,Rail,25/06/2019,Cranfield,NIL return,PLP Training Course,Helen Pickles,£107.40
,Standard,81.9,1,Rail,04/04/2019,Newcastle,NIL return,Departmental Business,Peter Schofield,£163.70
,Standard,£85.70,2,Rail,10/04/2019,Birmingham,NIL return,Departmental Business,Peter Schofield,£142.90
,Standard,,1,Rail,18/04/2019,High Wycombe,NIL return,Departmental Business,Peter Schofield,£13.60
,Standard,£71.60,2,Air,25/04/2019,Edinburgh (Joint ET),NIL return,Departmental Business,Peter Schofield,£220.23
,Standard,£86.00,2,Rail,01/05/2019,Manchester,NIL return,Site Visit,Peter Schofield,£218.00
,Standard,,2,,16/05/2019,Leeds,NIL return,HASSRA Awards Dinner,Peter Schofield,£141.90
,Standard,£95.00,2,Air,22/05/2019,Glasgow,NIL return,Site Visit,Peter Schofield,£286.33
,Standard,£96.00,2,Rail,05/06/2019,Blackpool,NIL return,Site Visit,Peter Schofield,£182.90
,Standard,,1,Rail,19/06/2019,Grantham,NIL return,Site Visit,Peter Schofield,£45.50
,Standard,,1,Rail,27/06/2019,Margate,NIL return,Site Visit,Peter Schofield,£51.40
taxi - reasonable adjustment,,£0.00,1,Taxi,03/04/2019,London ,NIL return,Departmental Board,Sara Weller,£390.42
,Standard,£0.00,1,"Rail, Taxi",23/04/2019,London,NIL return,Meeting with PS,Sara Weller,£71
,Standard,£0.00,1,"Rail, Taxi",24/04/2019,London,NIL return,DWP meeting ,Sara Weller,£73
£0.00,,£0.00,1,Taxi,02/05/2019,London,NIL return,Meeting with senior DWP staff,Sara Weller,£7
£0.00,Standard,£0.00,1,"Rail, Taxi",09/05/2019,London,NIL return,Delivery Board,Sara Weller,£60
£0.00,Standard,£0.00,1,"Rail, Taxi, Bus",28/05/2019,London,NIL return,People and Resource Committee,Sara Weller,£54.50
£0.00,Standard,£0.00,1,"Rail, Taxi ",12/06/2019,London,NIL return,Nomination Committee,Sara Weller,£54
£0.00,Standard,£0.00,1,Rail,18/06/2019,London,NIL return,Service Transformation Baord,Sara Weller,£43
£0.00,Standard,£0.00,1,"Rail, Taxi",11/07/2019,London,NIL return,Delivery Board,Sara Weller,£50
£0.00,,£0.00,1,Taxi,29/07/2019,London,NIL return,Meeting with senior DWP staff,Sara Weller,£8
£0.00,Standard,£0.00,1,"Rail, Tube",03/04/2019,London,NIL return,Departmental Board and Nominations Committee,Hayley Tatum,£27.10
£0.00,Standard,£0.00,1,"Rail, Tube",09/05/2019,London,NIL return,Delivery Board and Nominations Committee,Hayley Tatum,£27
£0.00,Standard,£0.00,1,"Rail, Tube",17/04/2019,London,NIL return,DARAC ,Martin Hagen,£104.80
£0.00,Standard,£0.00,1,"Rail, Tube",17/06/2019,London,NIL return,DARAC Pre meet ,Martin Hagen,£153
£0.00,Standard,£0.00,1,"Rail, Tube",21/06/2019,London,NIL return,DARAC ,Martin Hagen,£153
Nil Return,,,1,Car,02/04/2019,York,NIL return,Gold Commander Leadership course,Stephen Buckingham,£63.90
Nil Return,Standard,£114.55,2,Rail,03/04/2019,London,NIL return,End of Year Discussion with Nick Joicy,Stephen Buckingham,£481.75
Nil Return,Standard,£110.15,2,Rail,09/04/2019,London,NIL return,LGBT workshop,Stephen Buckingham,£477.35
Nil Return,Standard,104.55,2,Rail,16/04/2019,London,NIL return,Universal Credit Programme Board,Stephen Buckingham,£431.20
Nil Return,Standard,£5,1,Rail,23/04/2019,Manchester,NIL return,IR35 Worshop,Stephen Buckingham,£176.20
Nil Return,Standard,Nil Return,1,Rail,24/04/2019,Edinburgh,NIL return,Pension Tax course,Stephen Buckingham,£106.70
Nil Return,Standard,Nil Return,1,Rail,25/04/2019,Leeds,NIL return,Finance Executive Team meeting,Stephen Buckingham,£125.60
Nil Return,Standard,Nil Return,1,Rail,29/04/2019,London,NIL return,Individual coaching Leadership development,Stephen Buckingham,£536.10
£0.00,Standard,£0.00,1,Rail,03/04/2019,London,NIL return,DB meeting ,Andrew Graham ,£99
£0.00,Standard,£0.00,1,Rail,09/04/2019,London,NIL return,DARAC Chair's meeting ,Andrew Graham ,£61.45
£0.00,Standard,£0.00,1,Rail,15/04/2019,London,NIL return,All NED meeting ,Andrew Graham ,#REF!
£0.00,Standard,£0.00,1,Rail,17/04/2019,London,NIL return,DARAC ,Andrew Graham ,#REF!
£0.00,Standard,£0.00,1,Rail,09/05/2019,London,NIL return,Delivery Board,Andrew Graham ,#REF!
£0.00,Standard,£0.00,1,Rail,17/06/2019,London,NIL return,DARAC Pre meet ,Andrew Graham ,#REF!
£0.00,Standard,£0.00,1,Rail,20/06/2019,London,NIL return,DARAC,Andrew Graham ,#REF!
,Standard,,1,Rail,01/04/2019,London/Liverpool,NIL return,Official meetings,David Snowball,£149.90
,Standard,,1,Rail,03/04/2019,Leeds ,NIL return,Official meetings,David Snowball,£34.20
,Standard,,1,Rail,16/04/2019,London/Liverpool,NIL return,Official meetings,David Snowball,£149.90
,Standard,,1,Rail,02/05/2019,London,NIL return,Official meetings,David Snowball,£166.65
,Standard,,1,Rail,13/05/2019,London/Liverpool,NIL return,Official meetings,David Snowball,£149.90
,Standard,£250.15,3,Rail,03/06/2019,London,NIL return,Official meetings,David Snowball,£400.05
,Standard/Economy,£152.89,4,"Rail, Air",10/06/2019,London/Glasgow,NIL return,Official meetings,David Snowball,£613.37
,,,1,Car,14/06/2019,Buxton,NIL return,Official meetings,David Snowball,£42.30
,Standard,£320.25,4,Rail,24/06/2019,Ashford/London/Bedford,NIL return,Official meetings,David Snowball,£603.45
,Standard,,2,Rail,10/04/2019,Birmingham,,Directors Away Day,Jonathan Mills,£135.35
,Standard,,2,Rail,25/04/2019,Edinburgh,,Joint ET with Scottish Government,Jonathan Mills,£131.50
,Standard,,1,Rail,08/05/2019,Sheffield,,Site visit to Policy Group Offices,Jonathan Mills,£112.00
,Standard,,1,Rail,20/05/2019,Ashridge,,Future Leaders Scheme into event,Jonathan Mills,£19.50
,Standard,,1,Rail,24/05/2019,Leeds,,Four Nations Policy Conference,Jonathan Mills,£125.75
,Standard,,1,Rail,06/06/2019,Cambridge,,Csap Policy Leaders Event,Jonathan Mills,£38.70
,Standard,,1,Rail,27/06/2019,Birmingham,,CSLive sessions (Host),Jonathan Mills,£68.55
,,£68.60,2,Hotel,10/04/2019,Birmingham,NIL return,Director's Away Day,James Wolfe,£68.60
,Standard,,2,Rail,10/04/2019,Birmingham,NIL return,Director's Away Day,James Wolfe,£30.00
,Standard,,2,Rail,16/05/2019,London,NIL return,Nuffield Conference,James Wolfe,£16.40
,Standard,,2,Rail,17/05/2019,Oxford,NIL return,Nuffield Conference,James Wolfe,£27.30
,Standard,,1,Rail,06/06/2019,Ipswich,NIL return,DWP Story,James Wolfe,£21.00
,Standard,£52.60,2,Hotel,11/06/2019,Hull,NIL return,DWP Story,James Wolfe,£52.60
,Standard,,2,Rail,11/06/2019,Leeds,NIL return,DWP Story,James Wolfe,£84.00
,Standard,,2,Rail,11/06/2019,Hull,NIL return,DWP Story,James Wolfe,£12.30
,Standard,,2,Rail,12/06/2019,London Kings Cross,NIL return,DWP Story,James Wolfe,£12.30
,Standard,,3,,18/06/2019,London,NIL return,KPMG C-Suite Leadership Training programme,James Wolfe,"£7,500.00"
NIL,Standard,Nil,1,Rail,18/06/2019,Sheffield,NIL return,DWP Story - presenting,Donna Ward,£81.50
NIL,Standard,Nil,1,Rail,27/06/2019,Manchester,NIL return,EIF/RPC conference,Donna Ward,£153.00
NIL,Standard,Nil,1,Rail,03/07/2019,Sheffield,NIL return,Directorate Away Day,Donna Ward,£215.00
,Standard,,1,Tube,25/03/2019,The Oval,,People Performance Workshop,Pete Searle,£4.70
,Standard,£22.90,2,Rail,26/03/2019,Sheffield,Nil return,Internal Meeting SLT,Pete Searle,£107.80
,Standard,,2,Rail,01/04/2019,York,,,Pete Searle,£248
,Standard,,2,"Tube, Rail",02/04/2019,York,Nil return,,Pete Searle,£30.30
,Standard,"Hotel - £96.60, Meal - £20.00",2,Rail,10/04/2019,Birmingham,Nil return,Directors Away Day,Pete Searle,£154.20
,Standard,Lunch,2,Rail,11/04/2019,Birmingham,Nil return,,Pete Searle,£6.55
,Standard,"Hotel - £83.00, Meal - £11.55",2,"Air, Metro",24/04/2019,Edinburgh,Nil return,Select Committee,Pete Searle,£426.27
,Standard,Meal - £5.00,2,Air Fees,25/04/2019,Edinburgh,Nil return,,Pete Searle,£24.00
,Standard,"Hotel - £93.00, Meal - £25.00",1,Rail,30/04/2019,Leeds,Nil return,Wellbeing SCS Training,Pete Searle,£154.90
,Standard,"Hotel - £86.60, Meal - £13.90",2,Rail,01/05/2019,Manchester,Nil return,Permanent Secretary Visit,Pete Searle,£196.50
,Standard,Meal - 21.17,2,Rail,15/05/2019,Sheffield,Nil return,Locations Work,Pete Searle,£194.60
,Standard,Park Plaza Leeds,1,Rail,23/05/2019,Leeds,Nil return,Four Nations Policy Conference,Pete Searle,£238.07
,Standard,Mercure Cardiff,1,,03/06/2019,Cardiff,Nil return,DWP Story,Pete Searle,£80.60
,Standard,Meals - £21.60,2,"Rail, Taxi",03/06/2019,Cardiff,Nil return,DWP Story,Pete Searle,£140.40
,Standard,,1,Rail,06/06/2019,London Bridge,Nil return,Learning Day,Pete Searle,£4.35
,Standard,,1,Rail,12/06/2019,Peckham,Nil return,DWP Story,Pete Searle,£8.20
,Standard,Hotel - £90.60,2,Rail,26/06/2019,Blackpool,Nil return,,Pete Searle,£318.60
,Standard,Taunton House,2,Rail,01/07/2019,Taunton,Nil return,DWP Story,Pete Searle,£126.50
,Standard,,2,Rail,02/07/2019,Manchester,Nil return,DWP Story,Pete Searle,£152.10
,Standard,,2,Rail,10/07/2019,Hull,Nil return,DWP Story,Pete Searle,£77.90
,Standard,£149.33,2,Rail,08/04/2019,"Brussels, Belgium",NIL return,Conference,Iain Walsh,£149.33
,Standard,,1,Rail,10/04/2019,Birmingham,NIL return,Directors' away day,Iain Walsh,£29.50
,Standard,,1,Rail,10/04/2019,London,NIL return,Directors' away day,Iain Walsh,£27.50
,Standard,£81.90,2,Rail,23/05/2019,Leeds,NIL return,Four Naions Policy Conference,Iain Walsh,£195.90
,Standard,£79.50,2,Rail,12/06/2019,Wrexham,NIL return,DWP Story Event,Iain Walsh,£160.30
,Standard,£53.00,2,Rail,18/06/2019,Cardiff,NIL return,DWP Story Event,Iain Walsh,£128.00
,Standard,,1,Rail,20/06/2019,Sheffield,NIL return,Internal DWP Staff meeting,Iain Walsh,£113.00
£112.25,2nd Class,£4.89,1,Rail via Contract,14/03/2019,Leeds,,Visit Staff,Kate Davies,£4.89
£163.50,2nc Class,£20.00,1,Rail via Contract,20/03/2019,Blackpool North,,Accompanpied Peter,Kate Davies,£20.00
£98.50,2nd Class,£4.99,1,Rail via Contract,28/03/2019,Sheffield,,SLT Visit,Kate Davies,£4.99
£39.85,2nd Class,£94.03,2,Rail via Contract,10/04/2019,Birmingham,,Directors Away Day,Kate Davies,£133.88
£69.00,2nd Class,,2,Rail via Contract,24/04/2019,Leeds,,Team Meeting,Kate Davies,£69.00
£112.50,2nd Class,,1,Rail via Contract,24/04/2019,London Kings Cross,,Team Meeting,Kate Davies,£112.50
£139.90,2nd Class,£13.00,1,Rail via Contract,29/05/2019,Blackpool North,,DWP Story,Kate Davies,£139.90
£22.00,2nd Class,,2,Rail via Contract,04/06/2019,Birmingham New Street,,Director's Session SR,Kate Davies,£22.00
,Standard,,2,Rail,10/04/2019,Birmingham,NIL return,DWP Senior Leaders meeting,Mary Pattison,£31.00
,Standard,£106.50,3,Rail,24/04/2019,Edinburgh,NIL return,Meeting with Scottish Government,Mary Pattison,£238
,Standard,,1,Rail,15/05/2019,Leeds,NIL return,Staff Meeting,Mary Pattison,£98.00
£74.35,Standard,£88.60,1,Rail,10/04/2019,Birmingham,NIL return,Director's Away Day & Team Event,Emma Haddad,£162.95
£184.56,Standard,£73.85,2,Air,25/04/2019,Edinburgh,NIL return,ET and Site & Staff Visit,Emma Haddad,£258.41
£180.70,Standard,,1,Rail,01/05/2019,Preston,NIL return,Site and Staff Visit,Emma Haddad,£180.70
£168.10,Standard,,1,Rail,08/05/2019,Bridgend,NIL return,Team Event and Site & Staff Visit,Emma Haddad,£168.10
£91.35,Standard,,1,Rail,16/05/2019,Dudley,NIL return,Site and Staff Visit,Emma Haddad,£91.35
£285.00,Standard,,1,Rail,22/05/2019,Manchester & Sheffield,NIL return,Team Event and Conference Attendance,Emma Haddad,£285.00
£240.50,Standard,,1,Rail,10/06/2019,Thornaby,NIL return,Site visit and meeting with Customer,Emma Haddad,£240.50
£147.15,Standard,,1,Rail,12/06/2019,Leeds,NIL return,Team Meeting,Emma Haddad,£147.15
£51.50,Standard,,1,Rail,27/06/2019,Birmingham,NIL return,Civil Service Live - Presented a slot,Emma Haddad,£51.50
£303.10,Standard,£0.00,1,Rail,02/04/2019,London,NIL return,Operations Executive Team Meeting,Richard West,£303.10
£164.20,Standard,£93.34,2,Rail,10/04/2019,Birmingham,NIL return,Directors Away Day & Site Visit,Richard West,£257.54
£97.77,Standard,£5.00,1,Hire Car ,18/04/2019,Newcastle,NIL return,Site Visit,Richard West,£102.77
£311.20,Standard,£147.30,2,Rail,29/04/2019,London,NIL return,Interview Panel / Service Transformation Board ,Richard West,£458.50
£298.10,Standard,£4.68,1,Rail ,07/05/2019,London,NIL return,Operations Executive Team Meeting,Richard West,£302.78
£298.10,Standard,£4.04,1,Rail,15/05/2019,London,NIL return,Senior Leaders Meeting,Richard West,£302.14
£298.10,Standard,£3.95,1,Rail,20/05/2019,London,NIL return,Site Visit,Richard West,£302.05
£291.20,Standard,£136.60,2,Rail,23/05/2019,London,NIL return,Senior Leaders Meeting/ Engagement Session ,Richard West,£427.80
£151.20,Standard,£0.00,1,Rail ,04/06/2019,Birmingham,NIL return,Directors Session - Spending Review ,Richard West,£151.20
£304.10,Standard,£0.00,1,Rail  ,05/06/2019,London,NIL return,Investment Committee,Richard West,£304.10
£298.10,Standard,£0.00,1,Rail,10/06/2019,London,NIL return,Executive Team Meeting ,Richard West,£298.10
£305.90,Standard,£148.35,2,Rail,13/06/2019,London,NIL return,Senior Leaders Meeting/Interview ,Richard West,£454.25
,Standard,None,1,Rail,08/04/2019,Manchester,,ESTP Programme Board meeting,Matthew Briggs,£193.80
,Standard,£68.60,2,Rail,10/04/2019,Birmingham,,Directors away day,Matthew Briggs,£131.30
,Standard,£77.60,2,Rail,23/04/2019,Leeds,,Induction Event / SPO/SDT Senior Leader Event,Matthew Briggs,£343.60
,,None,1,Private Car,23/05/2019,Ipswich ,£45.90,DWP Story,Matthew Briggs,£45.90
,Standard,None,1,Rail,04/06/2019,Birmingham,,Directors session - Spending Review,Matthew Briggs,£117.35
,Standard,£88.59,2,Rail,11/06/2019,Sheffield,£7.00,Working Together Workshop,Matthew Briggs,£310.19
,Standard,£5.00,1,Rail / Metro,25/06/2019,Newcastle,,Site visit,Matthew Briggs,£244.20
,Standard,£291.24,3,Rail,01/04/2019,London/Dover,NIL return,Meeting with Operational Exectutive team/Dover site visit ,Graeme Wallace ,£511.94
,Standard,£92.55,2,Rail,10/04/2019,Birmingham,NIL return,Directors Away Day,Graeme Wallace ,£360.50
,Standard,£160.59,2,Rail,15/04/2019,London ,NIL return,Meeting with Operational Exectutive team ,Graeme Wallace ,£541.69
,Standard,£149.90,2,Rail,29/04/2019,London ,NIL return,Attending Service Transformation Board,Graeme Wallace ,£523.25
,Standard,£255.52,3,Rail,06/05/2019,London/Leeds,NIL return,Meeting with Operational Exectutive team/SCS Training Event,Graeme Wallace ,£624.72
,Standard,£5,1,Car,16/05/2019,Washington ,NIL return,Presenting DWP Story,Graeme Wallace ,£26.15
,Standard,£96.70,2,Train / Air,21/05/2019,London/Salisbury,NIL return,Attending Service Transformation Board/presenting DWP Story,Graeme Wallace ,£335.37
,Standard,£88.38,2,Rail,03/06/2019,Birmingham,NIL return,Directors Spending Session,Graeme Wallace ,£347.38
,Standard,£9.98,1,Rail,12/06/2019,London ,NIL return,SCS Event,Graeme Wallace ,£340.38
£1.35,Standard,£0.00,1,Car,13/06/2019,Benton Park View,NIL return,Retirement Provision Programme Board,Graeme Wallace ,£1.35
,Standard,£150.94,3,Rail,17/06/2019,London/Leeds,NIL return,Attending Service Transformation Board,Graeme Wallace ,£439.14
,Standard,£91.89,2,Rail,26/06/2019,Glasgow,NIL return,Presenting DWP Story,Graeme Wallace ,£235.49
,Standard,£162.55,2,Rail,02/04/2019,London,NIL return,Meetings,Tom McCormack,£540.05
,Standard,£126.85,2,Rail,10/04/2019,Birmingham,NIL return,Director's Meetings,Tom McCormack,£417.15
,Standard,£0.00,1,Rail,24/04/2019,Leeds,NIL return,Meetings,Tom McCormack,NIL return
,Standard,£5.00,1,Rail,07/05/2019,London,NIL return,Meetings,Tom McCormack,£361.30
,Standard,£5.00,1,Rail,08/05/2019,Falkirk,NIL return,Site Visit,Tom McCormack,£159.15
,Standard,£0.00,1,Rail,13/05/2019,Bury St Edmunds/London,NIL return,Training/meeting,Tom McCormack,NIL return
,Standard,£0.00,1,Air,14/05/2019,Belfast,NIL return,Site Visit,Tom McCormack,NIL return
,Standard,£8.90,2,Rail,16/05/2019,Leeds/York,NIL return,Event/Awards Dinner,Tom McCormack,£172.80
,Standard,£200.85,3,Rail,22/05/2019,Falkirk/Glasgow,NIL return,Site Visit,Tom McCormack,£382.20
,Standard,£89.65,2,Rail,03/06/2019,Dudley/Birmingham,NIL return,Delivering Training/Meetings,Tom McCormack,£378.75
,Standard,£5.00,1,Rail,05/06/2019,Falkirk,NIL return,Delivering Training,Tom McCormack,£152.60
,Standard,£114.75,2,Rail,11/06/2019,Birkenhead,NIL return,Delivering Training,Tom McCormack,£268.55
,Standard,£154.56,2,Rail,17/06/2019,London,NIL return,Meetings,Tom McCormack,£532.06
,Standard,£4.48,1,Rail,24/06/2019,Leicester,NIL return,Delivering Training,Tom McCormack,£257.08
,Standard,£200.53,3,Rail / Air,25/06/2019,London/Plymouth,NIL return,Meetings/Site Visits/Delivering Training,Tom McCormack,£671.44
Nil return,Standard,Nil,1,Rail,02/04/2019,London,NIL return,Executive Team Meeting ,Richard Cornish,£40.80
Nil return,Standard,Nil,1,Rail,03/04/2019,London,NIL return,Meetings with staff,Richard Cornish,£40.80
Nil return,Standard,Nil,1,Rail,04/04/2019,London,NIL return,Meetings with staff,Richard Cornish,£40.80
Nil return,Standard,Nil,1,Rail,05/04/2019,London,NIL return,Training,Richard Cornish,£40.80
Nil return,Standard,£58.50,2,Hire Car / Ferry,08/04/2019,Isle of Wight,NIL return,Executive Team Meeting ,Richard Cornish,£274.47
Nil return,Standard,£158.85,2,Rail,10/04/2019,London,NIL return,Yellowhammer,Richard Cornish,£195.52
Nil return,Standard,Nil,1,Rail,16/04/2019,London,NIL return,Meetings with staff,Richard Cornish,£40.80
Nil return,Standard,Nil,1,Rail,18/04/2019,London,NIL return,Meetings with staff,Richard Cornish,£40.80
Nil return,Standard,£4.75,2,"Air, Rail",23/04/2019,Scotland,NIL return,Speaking at an Event,Richard Cornish,£355.65
Nil return,Standard,Nil,1,Rail,30/04/2019,London,NIL return,Executive Team Meeting ,Richard Cornish,£40.80
Nil return,Standard,Nil,1,Rail,01/05/2019,London,NIL return,Meetings with staff,Richard Cornish,£40.80
Nil return,Standard,Nil,1,Rail,02/05/2019,London,NIL return,Meetings with staff,Richard Cornish,£40.80
Nil return,Standard,Nil,1,Rail,07/05/2019,London,NIL return,Meetings with staff,Richard Cornish,£40.80
Nil return,Nil return,Nil return,Nil return,Nil return,Nil return,Nil return,Nil return,Nil return,Gail Adams,Nil return
,Standard,£94.60,2,"Air, Taxi & Own Car",2019 04 25,Edinburgh,NIL return,Edinburgh Joint ET Scottish Govt meeting,Neil Couling,£466.19
"Evening meal 01.05.19,  accommodation 01.05.19 and taxi from university to Milton Keynes station 02.05.19 b y th University",Standard,,1,"Rail, Taxi",2019 05 01,Milton Keynes,NIL return,Guest speaker at Cranfield University,Neil Couling,£44.40
,Standard,,1,Rail,2019 05 02,Manchester,NIL return,Project Delivery profession annual conference,Neil Couling,£291.50
,Standard,,1,Rail,2019 05 16,York,NIL return,National HASSRA Awards Dinner 16.05.19,Neil Couling,£135.50
,Standard,£4.99,1,Rail,2019 05 17,Harrogate,NIL return, Visit Harrogate JCP 17.05.19,Neil Couling,£151.69
,Standard,£123.96,1,Rail,2019 05 29,Harrogate,NIL return, UC PDE meeting 29.05,Neil Couling,£270.36
,Standard,£4.75,1,Rail,2019 05 30,Leeds,NIL return,Change ET away day ,Neil Couling,£140.25
,Standard,£120.80,2,"Rail, Taxi, Air",2019 06 03,Edinburgh,NIL return,"Civil Service Live, Edinburgh",Neil Couling,£407.53
,Standard,,1,Rail,2019 06 13,London,NIL return,Civil Service Leadership Group at the Oval,Neil Couling,£13.10
,Standard,£4.75,1,Rail,2019 06 21,Leeds,NIL return,Roadshow at Quarry House Leeds,Neil Couling,£275.75
,Standard,,1,"Rail, Taxi",2019 06 26,"Peel Park, Blackpool",NIL return, Programme Inductions at Peel Park,Neil Couling,£442.10
,Standard,£85.60,2,"Rail, Air",2019 06 27,Newcastle,NIL return,Roadshow in Newcastle,Neil Couling,£445.64
,Standard,,2,Rail,2019 07 04,Leeds & Sheffield,NIL return,Change Group Programme Directors & SCS Away day & Roadshow Sheffield,Neil Couling,£263
,Standard,£174.20,2,"Taxi, Rail",09/04/2019,London,NIL return,Non-Executive Director role and Governance meeting,Ian Wright,£364.30
,Standard,£116.95,2,"Taxi, Rail",10/04/2019,Birmingham,NIL return,Senior Leaders Event,Ian Wright,£350.25
,Standard,£338.90,3,"Taxi, Rail",15/04/2019,London,NIL return,Governance meetings,Ian Wright,£693.90
,Standard,£0.00,1,"Taxi, Rail",24/04/2019,Leeds,NIL return,Governance meetings,Ian Wright,£68.40
,Standard,£170.45,1,"Taxi, Rail",24/04/2019,London,NIL return,Non-Executive Director role,Ian Wright,£486.95
,Standard,£0.00,1,Taxi,25/04/2019,Newcastle,NIL return,Senior Event (Evening),Ian Wright,£27.00
,Standard,£99.65,1,"Taxi, Rail",01/05/2019,Manchester,NIL return,Conference,Ian Wright,£239.75
,Standard,£495.25,3,"Taxi, Rail",13/05/2019,London,NIL return,Governance meetings,Ian Wright,£671.25
"HASSRA event, accomodation/meal booked and paid for by HASSRA",Standard,,1,"Taxi, Rail",16/05/2019,York,Nil Return,Senior Event (Evening),Ian Wright,£182.40
,Standard,£511.80,4,"Taxi, Rail",20/05/2019,London,Nil Return,Governance meetings / interviewing ,Ian Wright,£864.80
,Standard,£5.00,1,"Taxi, Rail",29/05/2019,Harrogate,Nil Return,Governance meeting,Ian Wright,£73.40
,Standard,£110.51,2,"Taxi, Rail",29/05/2019,Leeds,Nil Return,Senior Away Day,Ian Wright,£191.81
,Standard,£0.00,1,Bus,04/06/2019,Washington,Nil Return,Delivering event,Ian Wright,£10.00
,Standard,£160.85,1,"Taxi, Rail",05/06/2019,London,Nil Return,Interviewing,Ian Wright,£512.85
£34.10,Standard,£171.60,2,Rail,02/04/2019,London ,NIL return,Meeting DG and also leadershio day,Craig Eblett,£532.70
£14.60,,,1,Car,04/04/2019,Newcastle,NIL return,Programme Wide Event ,Craig Eblett,£15
£21.10,Standard,£10.15,1,Rail,09/04/2019,London ,NIL return,Programme Director 121 and Programme Board ,Craig Eblett,£358.25
£38.10,Standard,£117.70,2,Rail,10/04/2019,Birmingham,NIL return,Directors Away Day- 2 day,Craig Eblett,£384.75
£34.10,Standard,£29.00,2,Rail,16/04/2019,London ,NIL return,"Commericals Deep Dive, Programme Board ",Craig Eblett,£390.10
£34.10,Standard,£111.40,2,Rail,01/05/2019,Manchester,NIL return,Wellbeing Confident Leaders SCS Training and PDP Conference ,Craig Eblett,£262.00
£21.10, Standard ,£5.00,1,Rail,07/05/2019,London ,NIL return,HTP Stocktake,Craig Eblett,£353.10
£27.10, Standard ,£14.95,2,Rail,09/05/2019,London ,NIL return,Delivery Board Meeting ,Craig Eblett,£369.05
£4.05,Standard,£5.00,1,Rail,21/05/2019,Leeds,NIL return,PD Fast Stream Event ,Craig Eblett,£65.45
£53.93,Standard,£594.20,2,Rail,21/05/2019,London ,NIL return,Programme Board ,Craig Eblett,£953.43
£33.10,Standard ,£3.60,1,Rail,28/05/2019,Sheffield ,NIL return,Team Objectives Session ,Craig Eblett,£145.60
£22.50,Standard,£120.90,2,Rail,29/05/2019,Leeds,NIL return,Change ET Away Day ,Craig Eblett,£233.40
£34.10,Standard,£279.40,3,Rail,04/06/2019,London ,NIL return,"Work and Health Team Meeting, Perm Sec Stocktake ",Craig Eblett,£642.70
£8.00, Standard ,£30.00,1,Rail,10/06/2019,London ,NIL return,"Change/Digital Directors Session, Career Conversations with staff ",Craig Eblett,£202.00
£46.00,Standard,£97.00,1,"Air, Train, Hire Car",11/06/2019,Glasgow,NIL return,DWP Story Sesson ,Craig Eblett,£332.57
£21.10,Standard,£4.99,1,Rail,17/06/2019,Newcastle,NIL return,Minister Meeting ,Craig Eblett,£353.09
£109.55,Standard,£4.25,1,Air,18/06/2019,Belfast,NIL return,Project Board ,Craig Eblett,£176.26
£21.10,Standard,£8.60,1,Rail,20/06/2019,London ,NIL return,"Programme Board, Portfolio Board ",Craig Eblett,£359.10
,Standard,,2,"Rail, Taxi",2019 04 15,"Easingwold, near York",NIL return,Gold Commander Training,Pauline Crellin,£295.00
,Standard,,1,Rail,2019 04 24,Leeds,NIL return,Universal Credit PDE meeting Leeds,Pauline Crellin,£265
,Standard,,1,Rail,2019 05 29,Harrogate,NIL return,UC PDE meeting Harrogate,Pauline Crellin,£269.00
,Standard,£89.60,2,Rail,2019 06 17,Harrogate,NIL return,IPA Assurance Workshop,Pauline Crellin,358.6
Parking £11.00,Standard,,1,Car,18/03/2019,Manchester,NIL return,Team Visit & Meetings,Paul Francis,£37.55
,,£25.00,2,,27/03/2019,"Leeds, England",NIL return,Team Visit & Meetings,Paul Francis,£25
Parking £11.00,Standard,,1,"Car, Rail",04/04/2019,Manchester,NIL return,Team Visit & Meetings,Paul Francis,£169.55
,Standard,£86.70,2,Rail,10/04/2019,Birmingham,NIL return,Conference & Training,Paul Francis,£211
,Standard,,1,Rail,24/04/2019,Leeds,NIL return,Team Visit & Meetings,Paul Francis,£129
,Standard,,1,Rail,24/04/2019,Newcastle,NIL return,Conference & Training,Paul Francis,£194
,Standard,,1,Rail,02/05/2019,Leeds,NIL return,Team Visit & Meetings,Paul Francis,£125
,Standard,,1,"Car, Rail",13/05/2019,Manchester,NIL return,Team Visit & Meetings,Paul Francis,£122
,Standard,,1,Rail,15/05/2019,Newcastle,NIL return,Conference & Training,Paul Francis,£194
,Standard,,1,Rail,20/05/2019,Leeds,NIL return,Team Visit & Meetings,Paul Francis,£187
Parking £11.00,Standard,£5.00,1,"Car, Rail",23/05/2019,Manchester,NIL return,Team Visit & Meetings,Paul Francis,£164
,Standard,,1,Rail,04/06/2019,Birmingham,NIL return,Conference & Training,Paul Francis,£96
,Standard,,1,Rail,13/06/2019,Leeds,NIL return,Team Visit & Meetings,Paul Francis,£124
,Standard,,1,Rail,20/06/2019,Manchester,NIL return,Team Visit & Meetings,Paul Francis,£121
,Standard,,1,Rail,27/06/2019,Newcastle,NIL return,Conference & Training,Paul Francis,£202
,Economy,£84.60,2,Rail,10/04/2019,Birmingham,NIL return,"Directors Away Day, New Ways of Working - It starts at the top and site visit to CFCD",Julie Gillis,£156.45
,Economy,£0.60,1,Rail,01/05/2019,Manchester,NIL return,Project Delivery Profession Conference,Julie Gillis,£12
,Economy,£77.60,2,Rail,21/05/2019,Leeds,NIL return,"G6 and Above PAAD & Change Mtg, & PAAD Away Day",Julie Gillis,£249.60
,Economy,£100.50,1,Rail,29/05/2019,Leeds,NIL return,Change ET Away Day,Julie Gillis,£281
,Standard,£82.30,2,"Taxi, Rail",02/04/2019,Sheffield,NIL return,Workshops,Peter Knight,£190.80
,Standard,£105.00,1,"Rail, Taxi, Air",03/04/2019,Newcastle,NIL return,Conference,Peter Knight,£487.78
,Standard,£8.10,1,Rail,10/04/2019,Sheffield,NIL return,Governance meeting,Peter Knight,£116.60
,Standard,£116.10,1,Rail,10/04/2019,Birmingham,NIL return,Senior Leaders event,Peter Knight,£258.80
Meal paid by Scottish Government,Standard,£61.95,1,Rail,25/04/2019,Edingburgh,NIL return,Board meeting,Peter Knight,£385.95
,Standard,£99.95,2,Rail,01/05/2019,Manchester,NIL return,Workshop & Conference,Peter Knight,£450.95
,Standard,£0.00,1,Rail,07/05/2019,Oxford,NIL return,MPLA,Peter Knight,£67.60
,Standard,£5.00,1,Rail,08/05/2019,Sheffield,NIL return,Workshop,Peter Knight,£207.00
,Standard,£99.50,2,Rail,14/05/2019,Newcastle,NIL return,Workshops & Governance meeting,Peter Knight,£428.90
,Standard,£0.00,1,Rail,20/05/2019,Sheffield,NIL return,Governance meeting,Peter Knight,£202.00
,Standard,£0.00,1,Rail,28/05/2019,Sheffield,NIL return,Workshop & Board meeting,Peter Knight,£216.00
,Standard,£0.00,1,Rail,29/05/2019,Leeds,NIL return,Governance meeting,Peter Knight,£133.50
,Standard,£80.00,1,Rail,29/05/2019,Newcastle,NIL return,Delivering event,Peter Knight,£297.40
,Standard,£91.00,1,Rail,26/06/2019,Birmingham,NIL return,Workshop,Peter Knight,£270.00
,Standard,,1,Rail,10/04/2019,London to Birmingham,,Permanent Secretary & departmental directors awayday,Lara Sampson,£178.00
,Standard,,1,Rail,11/04/2019,London to Birmingham,,Permanent Secretary & departmental directors awayday,Lara Sampson,£89
,Standard,,1,Rail,11/04/2019,Birmingham to London,,speaking at a departmental stakeholder conference ,Lara Sampson,£89.00
,Standard,,1,Rail,24/04/2019,london to Leeds,,programme delivery executive team meeting,Lara Sampson,£217
,Standard,,1,Rail,08/05/2019,London to Oxford,,"Major Projects Leadership Academy, Cabinet Office",Lara Sampson,£67
,Standard,,1,Rail,18/06/2019,london to Leeds,,departmental site visit,Lara Sampson,£193
,Standard,,1,Rail,19/06/2019,London to Surrey,,"departmental leadership course, Cabinet Office",Lara Sampson,£24
,Standard,£98.20,2,Air,04/04/2019,"Glasgow, Scotland",Nil return,Scotland business review including two site visits over two days EYR with AD and evening meal with SLT as part of engagement,John Paul Marks,£98.20
£0.00,Standard,£89.20,2,Rail,10/04/2019,Birmingham,Nil return,DWP ET Awayday over a two day period including a site visit as part of DG's enagement,John Paul Marks,£160
£0.00,Standard,£0.00,1,Rail,18/04/2019,Birmingham,Nil return,Homelessness workshop followed by Central England Work & Health Business Review,John Paul Marks,£89.85
£0.00,Standard,£0.00,2,Air,25/04/2019,Edinburgh,Nil return,DWP joint ET with Scottish Government,John Paul Marks,£246
,,,3,,,,,,,
,Standard,£381.21,3,"Rail, Taxi",02/04/2019,London,Nil return,Meetings in Caxton House,Colin Stewart,£398.91
,Standard,£98.60,2,"Rail, Taxi",10/04/2019,Birmingham,Nil return,Directors away day,Colin Stewart,£238.05
,Standard,£5.00,1,"Rail, Taxi",26/04/2019,Leeds,Nil return,Senior Leaders Meeting,Colin Stewart,£54.70
,Standard,£5.00,1,"Rail, Taxi",30/04/2019,London,Nil return,Meetings in Caxton House,Colin Stewart,£370.40
,Standard,,1,Metro,02/05/2019,Manchester,Nil return,Conference,Colin Stewart,£3.40
,Standard,£5.00,1,"Rail, Taxi",07/05/2019,London,Nil return,Meetings in Caxton House,Colin Stewart,£335.50
,Standard,£3.85,1,"Rail, Taxi",09/05/2019,Preston,Nil return,Site visit ,Colin Stewart,£41.45
,Standard,£5.00,1,"Rail, Taxi",14/05/2019,London,Nil return,Meetings in Caxton House,Colin Stewart,£372.40
,Standard,£5.00,1,"Rail, Taxi",15/05/2019,Birmingham,Nil return,Leadership event,Colin Stewart,£114.10
,Standard,,1,"Rail, Taxi",16/05/2019,Grimsby,Nil return,Site visit ,Colin Stewart,£84.50
,Standard,£5.00,1,"Rail, Taxi",21/05/2019,London,Nil return,Meetings in Caxton House,Colin Stewart,£372.00
,Standard,£4.80,1,Milleage,23/05/2019,Ashton under lyne,Nil return,Site visit ,Colin Stewart,£25.30
,Standard,£40.98,3,"Air, Taxi",05/06/2019,"Bucharest, Romania",Nil return,PES Board meeting,Colin Stewart,£523.54
,Standard,,1,"Rail, Taxi",10/06/2019,Thornaby,Nil return,Customer visit,Colin Stewart,£101.70
,Standard,£758.53,3,"Air, Taxi",11/06/2019,"Stockholm, Sweden",Nil return,PES Board meeting,Colin Stewart,"£1,115.10"
,Standard,£5.00,1,"Rail, Taxi",18/06/2019,London,Nil return,ET meeting,Colin Stewart,£346.00
,Standard,£4.75,1,"Rail, Taxi",25/06/2019,Birkenhead,Nil return,Presenting DWP Story ,Colin Stewart,£52.45
,,Nil,1,PUS Car,01/04/2019,Glossop,Nil return,Site Visit - Glossop Job centre,Karen Gosden ,£10.34
,standard,£128.93,2,Train ,02/04/2019,London,Nil return,Operational Executive team meeting and Leadership day ,Karen Gosden ,£348.43
,,£102.27,2,PUS Car,08/04/2019,Wales,Nil return,"Site Visit- Morriston,Porth, Cardiff, Kiderminster ",Karen Gosden ,£163.99
,standard,Nil,1,Rail,10/04/2019,Birmingham,Nil return,Quality in UC Meeting ,Karen Gosden ,£28.00
,standard,Nil,1,Rail,11/04/2019,Birmingham,Nil return,Directors Away Day ,Karen Gosden ,£28.00
,standard,£96.60,2,Rail,15/04/2019,London,Nil return,member of interview panel and Operations Executive team meeting,Karen Gosden ,£385.60
,,Nil,1,PUS Car,17/04/2019,Birmingham,Nil return,Legacy Benefits event   ,Karen Gosden ,£19.65
,standard,Nil,1,Rail,18/04/2019,Birmingham,Nil return,Business review with Group Direcotr and team ,Karen Gosden ,£28.00
,,Nil,1,PUS Car,24/04/2019,Ashfield,Nil return,site visit - Ashfield JC,Karen Gosden ,£5.72
,standard,£0.60,1,Rail,29/04/2019,London,Nil return,Complex Needs meeting ,Karen Gosden ,£204.10
,standard,£1.20,1,Rail,01/05/2019,London,Nil return,Work and Health Executive team meeting ,Karen Gosden ,£172.20
,,Nil,1,PUS Car,02/05/2019,Birmingham,Nil return,Area Directors senior Leaders team meeting,Karen Gosden ,£21.59
,Standard ,£271.10,3,Rail,07/05/2019,London,Nil return,"Executive team meeting, Universal Credit Delivery Group, ",Karen Gosden ,£424.60
,Standard ,Nil,1,Rail,10/05/2019,London,Nil return,Tax Seminar for SCS,Karen Gosden ,£155.50
,Standard ,£111.10,2,Train ,15/05/2019,London,Nil return,internal meetign DWP staff and Consular Board meeting ,Karen Gosden ,£302.60
,,Nil,1,PUS Car,20/05/2019,Walsall,Nil return,Site Visit Walsall Jobcentre,Karen Gosden ,£7.92
,,Nil,1,PUS Car,21/05/2019,Wolverhampton,Nil return,Site Visit Wolverhampton Jobcentre ,Karen Gosden ,£21.99
,Standard ,£113.80,2,Rail,22/05/2019,London,Nil return,Universal Credit Mega show and tell event and Uinviersal Credit Delivery Group,Karen Gosden ,£306.30
,,Nil,1,PUS Car,28/05/2019,Wolverhampton,Nil return,Attend on site during IA,Karen Gosden ,£25.99
,,Nil,1,PUS Car,29/05/2019,Walsall,Nil return,Attend on site during IA,Karen Gosden ,£10.42
,,Nil,1,PUS Car,30/05/2019,Bilston/ Willenhall,Nil return,Site Visits to Bilston JC and Willenhall JC,Karen Gosden ,£11.44
£78.99,Standard ,£137.60,2,Air,02/04/2019,London ,Nil return,Work & Health Leadership Day ,Margarita Morrison,£216.59
£0.00,,£20.00,1,N/A ,04/04/2019,Glasgow,Nil return,Business Review Meeting ,Margarita Morrison,£20.00
£23.40,Standard ,£0.00,1,Car,08/04/2019,"Shettleston, Glasgow ",Nil return,Site Visit ,Margarita Morrison,£23.40
£54.44,Standard ,£0.00,1,"Car, Rail",09/04/2019,"High Riggs, Edinburgh",Nil return,Senior Leader Team Meeting ,Margarita Morrison,£54.44
£261.65,Standard ,£117.50,2,Train/Car,10/04/2019,Birmingham ,Nil return,Directors Away Day ,Margarita Morrison,£379.15
£14.85,Standard ,£0.00,1,Car ,12/04/2019,"Kirkintiloch, Scotland",Nil return,Site Visit ,Margarita Morrison,£14.85
£717.34,Standard ,£149.76,3,"Car, Rail, Air",15/04/2019,York then London ,Nil return,York (Training) London (Executive Team Meeting) ,Margarita Morrison,£867.10
£31.50,Standard ,£0.00,1,Car ,18/04/2019,Falkirk,Nil return,Site Visit ,Margarita Morrison,£31.50
£5.00,Standard ,£0.00,1,Taxi,23/04/2019,Glasgow,Nil return,Introductory Meeting ,Margarita Morrison,£5.00
£22.86,Standard ,£0.00,1,Car,24/04/2019,Laurieston then Glasgow ,Nil return,Development Day/External Meeting ,Margarita Morrison,£22.86
£80.62,Standard ,£62.55,2,Car/Train,25/04/2019,Edinburgh ,Nil return,External Meeting/Site Visit ,Margarita Morrison,£143.17
£479.12,Standard ,£287.55,3,"Car. Rail, Air ",30/04/2019,London/Edinburgh ,Nil return,Executive Meeting/External Visit/Site Visit ,Margarita Morrison,£766.67
£456.48,Standard ,£335.20,3,"Air, Car ",06/05/2019,London ,Nil return,Executive Team Meetings ,Margarita Morrison,£791.68
£220.08,Standard ,£250.45,3,"Car, Rail",14/05/2019,"Dundee/Inverness, Scotland",Nil return,Senior Leader Team Meeting/Site Visits ,Margarita Morrison,£470.53
£499.07,Standard ,£0.00,1,"Car, Air",22/05/2019,London,Nil return,Show and Tell/Delivery Group,Margarita Morrison,£499.07
£446.63,Standard,£33.35,2,"Car, Rail, Air",18/06/2019,Edinburgh then London,Nil return,External Meeting/Non State Honours Meeting ,Margarita Morrison,£479.98
£30.90,Standard ,£0.00,1,"Car, Rail, Air",20/06/2019,Paisley then Glasgow ,Nil return,Site Visit then External Meeting,Margarita Morrison,£30.90
,,Hotel ,2,,10/04/2019,Birmingham ,Nil return,Directors Away Day ,Carol Morris ,£0.60
,,Hotel ,2,,10/04/2019,Birmingham ,Nil return,Directors Away Day ,Carol Morris ,£84.60
,Economy ,N/A ,2,Rail ,16/05/2019,Berkhamsted,Nil return,Residential Training at Ashridge - Senior leadership Scheme ,Carol Morris ,£29.90
,Economy ,N/A ,1,Rail ,21/05/2019,Watford Junction ,Nil return,Site visit to Watford Jobcentre ,Carol Morris ,£11.90
,Economy ,N/A ,1,Rail ,24/05/2019,Southampton Central ,Nil return,Site visit to Southampton Jobcentre ,Carol Morris ,£47.20
,Economy ,N/A ,1,Rail ,04/06/2019,Five Ways ,Nil return,Directors Session - Spending Review Activity ,Martin Brown,£117.35
,Business,N/A ,1,Rail,10/04/2019,"London, Caxton House",,Spring Event meeting,Martin Brown,£238.00
,Business,£151.10,2,Rail,29/04/2019,"London, Caxton House",,Capacity Board meeting,Martin Brown,£389.10
,Business,N/A ,1,Rail,03/05/2019,"London, Caxton House",,coaching session - DWP Our Leadership ,Martin Brown,£238.00
,,£95.60,1,Rail,08/05/2019,Blackpool,,SCS Staff engagement event,Martin Brown,£95.60
,Business,£89.55,2,Rail,13/05/2019,Liverpool,,Meet with Teams in Liverpool ,Martin Brown,£225.35
,Business,£5.00,1,Rail,15/05/2019,Manchester,,Meet with the Teams in Manchester ,Martin Brown,£172.20
,Business,£136.60,2,Rail,22/05/2019,"London, Caxton House",,UC Delivery Group Meeting with John-Paul Marks,Martin Brown,£417.70
,Business,N/A ,1,Rail,05/06/2019,"London, Caxton House",,Work & Health Executive Team Meeting,Martin Brown,£102.00
,Business,N/A ,1,Rail,05/06/2019,"London, Caxton House",,Work & Health Executive Team Meeting,Martin Brown,£102.00
,Business,N/A ,1,Rail,10/06/2019,London Caxton,,ET - Compassionate Culture/Dignity & Respect,Martin Brown,£193.00
,Business,N/A ,1,Rail,14/06/2019,London Westminster,,DWP Talent Event,Martin Brown,£111.00
,Business,£115.60,2,Rail,25/06/2019,"London, Caxton House",,Face to Face meeting with Michelle Farnie,Lisa Hunter,£271.60
Nil,Economy,Nil,1,Rail,15/04/2019,Sheffield,Nil Return ,site visit meeting with town team based in Sheffield.,Lisa Hunter,£168.65
Nil,Economy,£78.60,1,"Air, Taxi",03/06/2019,"Edinburgh, Scotland",Nil Return ,Host and present at civil service live,Lisa Hunter,£264
Nil,Economy,£68.60,2,"Air, Rail , Taxi",11/06/2019,Dundee,Nil Return ,Host DWP story event and attend director of communciations monthly meeting hed in Scotland ,John Stevenson,£338.36
Nil,Economy,Nil,2,Rail,15/04/2019,York,Nil Return ,attend gold commder and cirisis leadership training,Trevor Huddleston,£95
,Standard,,1,,02/04/2019,Newcastle,Nil Return ,"Newcastle, Speeches & Staff Meetings",Trevor Huddleston,£114.70
,Standard,,1,,10/04/2019,Birimingham,Nil Return ,Meeting with the Perm Sec,Trevor Huddleston,£57.10
,Standard,,1,,15/05/2019,Peterborough,Nil Return ,Senior Analyst Offsite,Trevor Huddleston,£9.50
,Standard,,1,,23/05/2019,Sheffield,Nil Return ,"Sheffield, Speeches & Staff Meetings",Trevor Huddleston,£99.50
,,,1,Private Mileage,29/09/2019,Gantham,Nil Return ,DWP Story,Trevor Huddleston,£47.70
,Standard,,1,,26/06/2019,Grantham,Nil Return ,DWP Story,Trevor Huddleston,£44.50
,Standard,,1,,27/06/2019,Peterborough,Nil Return ,Team Directorate Launch Event,,£9.50
