Destination,Accomodation/Meals,Duration of Visit (Days),Total Cost of Use of Official Secure Car,"Total cost, including all visas, accommodation, travel, meals etc. ()",Start date of trip (DD/MM/YYYY),"Name (Firstname, Surname)",Class of travel,Mode of transport,Other (including hospitality given),Purpose of trip
Manchester ,80.00,2 days,NIL RETURN,264.70,2018-04-05,Peter Schofield ,Standard,Rail,NIL RETURN,Departmental Business
Kingston,NIL RETURN,1 day,NIL RETURN,12.70,2018-04-12,Peter Schofield ,Standard,Rail,NIL RETURN,Departmental Business
Slough/ Reading ,NIL RETURN,1 day,NIL RETURN,38.00,2018-04-13,Peter Schofield ,Standard,Rail,NIL RETURN,Departmental Business
Leeds,NIL RETURN,1 day,NIL RETURN,121.00,2018-04-26,Peter Schofield ,Standard,Rail,NIL RETURN,Departmental Business
Lewes/Brighton,NIL RETURN,1 day,NIL RETURN,32.70,2018-05-03,Peter Schofield ,Standard,Rail,NIL RETURN,Departmental Business
Bangor/ Wrexham,80.00,2 days,NIL RETURN,329.00,2018-05-10,Peter Schofield ,Standard,Rail,NIL RETURN,Departmental Business
Birmingham/ Coventry ,70.00,2 days,NIL RETURN,220.30,2018-05-17,Peter Schofield ,Standard,Rail,NIL RETURN,Departmental Business
Crawley,NIL RETURN,2 days,NIL RETURN,15.00,2018-06-06,Peter Schofield ,Standard,Rail,NIL RETURN,Departmental Business
,,,,,,,,,,
Manchester ,,1 day,NIL RETURN,230.90,2018-04-26,Mayank Prakash ,Standard,Rail,NIL RETURN,Departmental Business
Manchester ,92.92,2 day,NIL RETURN,170.05,2018-06-26,Mayank Prakash,Standard,Rail,NIL RETURN,Departmental Business
,,,,,,,,,,
Oxford,NIL RETURN,1 day,NIL RETURN,26.60,2018-05-08,Aleksei Doroshko,Standard,Rail,NIL RETURN,Departmental Business
Manchester,NIL RETURN,1 day,NIL RETURN,61.50,2018-06-04,Aleksei Doroshko,Standard,Rail,NIL RETURN,Departmental Business
Sheffield,NIL RETURN,1 day,NIL RETURN,22.00,2018-06-18,Aleksei Doroshko,Standard,Taxi,NIL RETURN,Departmental Business
Manchester,NIL RETURN,1 day,NIL RETURN,42.00,2018-06-19,Aleksei Doroshko,Standard,Rail,NIL RETURN,Departmental Business
,,,,,,,,,,
London,NIL RETURN,1 day,NIL RETURN,307.00,2018-04-12,Paul Lodge,Standard,Rail,NIL RETURN,Departmental Business
London,NIL RETURN,1 day,NIL RETURN,307.00,2018-04-19,Paul Lodge,Standard,Rail,NIL RETURN,Departmental Business
London,NIL RETURN,1 day,NIL RETURN,307.00,2018-04-24,Paul Lodge,Standard,Rail,NIL RETURN,Departmental Business
London,NIL RETURN,1 day,NIL RETURN,307.00,2018-04-26,Paul Lodge,Standard,Rail,NIL RETURN,Departmental Business
Manchester,NIL RETURN,1 day,NIL RETURN,109.50,2018-04-26,Paul Lodge,Standard,Rail,NIL RETURN,Departmental Business
London,NIL RETURN,1 day,NIL RETURN,307.00,2018-05-01,Paul Lodge,Standard,Rail,NIL RETURN,Departmental Business
Manchester,NIL RETURN,1 day,NIL RETURN,109.50,2018-05-02,Paul Lodge,Standard,Rail,NIL RETURN,Departmental Business
Leeds,NIL RETURN,1 day,NIL RETURN,85.70,2018-05-04,Paul Lodge,Standard,Rail,NIL RETURN,Departmental Business
Leeds,NIL RETURN,1 day,NIL RETURN,55.00,2018-05-08,Paul Lodge,Standard,Rail,NIL RETURN,Departmental Business
Leeds,NIL RETURN,1 day,NIL RETURN,53.70,2018-05-09,Paul Lodge,Standard,Rail,NIL RETURN,Departmental Business
London,NIL RETURN,1 day,NIL RETURN,237.00,2018-05-10,Paul Lodge,Standard,Rail,NIL RETURN,Departmental Business
London,NIL RETURN,1 day,NIL RETURN,307.00,2018-05-15,Paul Lodge,Standard,Rail,NIL RETURN,Departmental Business
London,NIL RETURN,1 day,NIL RETURN,307.00,2018-06-05,Paul Lodge,Standard,Rail,NIL RETURN,Departmental Business
Manchester,NIL RETURN,1 day,NIL RETURN,378.80,2018-06-19,Paul Lodge,Standard,Rail,NIL RETURN,Departmental Business
Newcastle,NIL RETURN,1 day,NIL RETURN,149.80,2018-06-20,Paul Lodge,Standard,Rail,NIL RETURN,Departmental Business
Manchester,NIL RETURN,1 day,NIL RETURN,116.60,2018-06-26,Paul Lodge,Standard,Rail,NIL RETURN,Departmental Business
Newcastle,NIL RETURN,1 day,NIL RETURN,,2018-06-27,Paul Lodge,Standard,Rail,NIL RETURN,Departmental Business
London,NIL RETURN,1 day,NIL RETURN,307.00,2018-06-28,Paul Lodge,Standard,Rail,NIL RETURN,Departmental Business
Manchester,NIL RETURN,1 day,NIL RETURN,217.00,2018-06-06,Paul Lodge,Standard,Rail,NIL RETURN,Departmental Business
Blackpool,63.00,2 days,NIL RETURN,237.80,2018-06-19,Paul Lodge,Standard,Rail,NIL RETURN,Departmental Business
Manchester,50.00,2 days,NIL RETURN,218.85,2018-06-26,Paul Lodge,Standard,Rail,NIL RETURN,Departmental Business
,,,,,,,,,,
Leeds,75.60,2 days,NIL RETURN,205.60,2018-04-18,Paul Francis,Standard,Rail,NIL RETURN,Departmental Business
Manchester,198.19,3 days,NIL RETURN,536.19,2018-04-24,Paul Francis,Standard,Rail,NIL RETURN,Departmental Business 
Manchester/Leeds,NIL RETURN,1 day,NIL RETURN,229.50,2018-05-16,Paul Francis,Standard,Rail,NIL RETURN,Departmental Business 
Leeds,NIL RETURN,2 days,NIL RETURN,118.00,2018-05-22,Paul Francis,Standard,Rail,NIL RETURN,Departmental Business 
Leeds,NIL RETURN,1 day,NIL RETURN,119.50,2018-06-21,Paul Francis,Standard,Rail,NIL RETURN,Departmental Business 
Manchester,NIL RETURN,1 day,NIL RETURN,188.50,2018-06-25,Paul Francis,Standard,Rail,NIL RETURN,Departmental Business 
,,,,,,,,,,
Manchester,NIL RETURN,1 day,NIL RETURN,213.45,2018-04-19,Tamara Bruck ,Standard,Rail,NIL RETURN,Departmental Business
Manchester,NIL RETURN,1 day,NIL RETURN,169.00,2018-04-19,Tamara Bruck ,Standard,Rail,NIL RETURN,Departmental Business
Manchester,5.55,1 day,NIL RETURN,12.65,2018-04-19,Tamara Bruck ,NIL RETURN,Taxi,,Departmental Business
Manchester,NIL RETURN,1 day,NIL RETURN,254.90,2018-04-26,Tamara Bruck ,Standard,Rail,NIL RETURN,Departmental Business
Manchester,NIL RETURN,1 day,NIL RETURN,2.40,2018-04-26,Tamara Bruck ,Standard,Rail,NIL RETURN,Departmental Business
Manchester,NIL RETURN,1 day,NIL RETURN,132.45,2018-06-27,Tamara Bruck ,Standard,Rail,NIL RETURN,Departmental Business
Manchester,NIL RETURN,1 day,NIL RETURN,1.20,2018-06-27,Tamara Bruck ,NIL RETURN,Tram,NIL RETURN,Departmental Business
Manchester,NIL RETURN,1 day,NIL RETURN,30.00,2018-06-27,Tamara Bruck ,NIL RETURN,Taxi,NIL RETURN,Departmental Business
Romford,NIL RETURN,1 day,NIL RETURN,16.20,2018-06-29,Tamara Bruck ,NIL RETURN,Car,NIL RETURN,Departmental Business
,,,,,,,,,,
Lancaster,78.60,2 days,NIL RETURN,370.00,2018-04-18,Simon McKinnon,Standard,Rail/Taxi,NIL RETURN,Departmental Business
PP/M'Cr/N'castle,238.30,4 days,NIL RETURN,751.40,2018-04-24,Simon McKinnon,Standard,Rail/Taxi/Car Hire,NIL RETURN,Departmental Business
Newcastle,195.60,3 days,NIL RETURN,556.13,2018-05-01,Simon McKinnon,Standard,Rail/Taxi,NIL RETURN,Departmental Business
Manchester,238.20,1 day,NIL RETURN,238.20,2018-05-14,Simon McKinnon,Standard,Rail,NIL RETURN,Departmental Business
Manchester,524.80,2 days,NIL RETURN,615.40,2018-06-26,Simon McKinnon,Standard,Rail,NIL RETURN,Departmental Business
,,,,,,,,,,
Preston,65.69,2 days,NIL RETURN,205.19,2018-06-26,Charu Gorasia ,Standard,Rail,NIL RETURN,Departmental Business
,,,,,,,,,,
London,160.00,1 day,NIL RETURN,296.90,2018-04-18,Tara Smith,Standard,Rail/Taxi,NIL RETURN,Departmental Business
London,3.25,1 day,NIL RETURN,134.65,2018-04-19,Tara Smith,Standard,Rail,NIL RETURN,Departmental Business
Manchester,NIL RETURN,1 day,NIL RETURN,26.20,2018-05-08,Tara Smith,Standard,Rail,NIL RETURN,Departmental Business
London,16.00,1 day,NIL RETURN,174.00,2018-05-09,Tara Smith,Standard,Rail/Taxi,NIL RETURN,Departmental Business
Watford,NIL RETURN,2 day,NIL RETURN,213.50,2018-05-11,Tara Smith,Standard,Rail/Taxi,NIL RETURN,Departmental Business
London,4.95,1 day,NIL RETURN,150.45,2018-05-14,Tara Smith,Standard,Rail,NIL RETURN,Departmental Business
London,10.00,1 day,NIL RETURN,227.80,2018-05-16,Tara Smith,Standard,Rail,NIL RETURN,Departmental Business
Manchester,NIL RETURN,1 day,NIL RETURN,37.10,2018-05-22,Tara Smith,Standard,Rail,NIL RETURN,Departmental Business
London,5.00,1 day,NIL RETURN,267.80,2018-05-23,Tara Smith,Standard,Rail,NIL RETURN,Departmental Business
London,4.69,1 day,NIL RETURN,237.99,2018-06-22,Tara Smith,Standard,Rail,NIL RETURN,Departmental Business
Manchester,110.00,1 day,NIL RETURN,141.50,2018-06-26,Tara Smith,Standard,Rail/Taxi,NIL RETURN,Departmental Business
Manchester,5.00,1 day,NIL RETURN,42.80,2018-06-27,Tara Smith,Standard,Rail/Taxi,NIL RETURN,Departmental Business
,,,,,,,,,,
London,150.00,2 days,NIL RETURN,502.20,2018-04-18,Steve Buckingham,Standard,Rail/Car,NIL RETURN,Departmental Business
Leeds,NIL RETURN,1 day,NIL RETURN,174.90,2018-04-23,Steve Buckingham,Standard,Rail/Car,NIL RETURN,Departmental Business 
London,4.50,1 day,NIL RETURN,340.20,2018-04-25,Steve Buckingham,Standard,Rail/Car,NIL RETURN,Departmental Business
Newcastle,NIL RETURN,1 day,NIL RETURN,7.00,2018-04-27,Steve Buckingham,Standard,Car,NIL RETURN,Departmental Business
London,NIL RETURN,1 day,NIL RETURN,335.70,2018-04-30,Steve Buckingham,Standard,Rail/Car,NIL RETURN,Departmental Business
Manchester,NIL RETURN,1 day,NIL RETURN,132.20,2018-05-08,Steve Buckingham,Standard,Rail/Car,NIL RETURN,Departmental Business
London,30.00,2 days,NIL RETURN,420.60,2018-05-15,Steve Buckingham,Standard,Rail/Car,NIL RETURN,Departmental Business
Leeds,NIL RETURN,1 day,NIL RETURN,124.90,2018-05-18,Steve Buckingham,Standard,Rail/Car,NIL RETURN,Departmental Business
Leeds,NIL RETURN,1 day,NIL RETURN,93.50,2018-05-22,Steve Buckingham,Standard,Rail/Car,NIL RETURN,Departmental Business
Stirling,NIL RETURN,1 day,NIL RETURN,117.70,2018-05-31,Steve Buckingham,Standard,Rail/Car,NIL RETURN,Departmental Business
Bristol,NIL RETURN,1 day,NIL RETURN,174.70,2018-06-04,Steve Buckingham,Standard,Rail,NIL RETURN,Departmental Business
London,5.00,1 day,NIL RETURN,240.50,2018-06-05,Steve Buckingham,Standard,Rail/Car,NIL RETURN,Departmental Business
Leeds,NIL RETURN,1 day,NIL RETURN,56.40,2018-06-07,Steve Buckingham,Standard,Rail,NIL RETURN,Departmental Business
London,NIL RETURN,2 days,NIL RETURN,305.60,2018-06-19,Steve Buckingham,Standard,Rail,NIL RETURN,Departmental Business
,,,,,,,,,,
Leeds,102.10,2 days,NIL RETURN,224.60,2018-04-04,Phillip Wells,Standard,Rail,NIL RETURN,Departmental Business
Newcastle,107.33,2 days,NIL RETURN,254.73,2018-04-25,Phillip Wells,Standard,Rail/Car,NIL RETURN,Departmental Business
,,,,,,,,,,
Sheffield ,85.90,2 days,NIL RETURN,191.90,2018-05-09,Debbie Alder ,Standard,Rail,NIL RETURN,Departmental Business
Glasgow,10.00,1 day,NIL RETURN,154.11,2018-06-01,Debbie Alder ,Standard,Air,NIL RETURN,Departmental Business
Manchester ,NIL RETURN,1 day,NIL RETURN,169.45,2018-06-22,Debbie Alder ,Standard,Rail,,Departmental Business
Manchester ,85.60,2 days,NIL RETURN,256.25,2018-06-26,Debbie Alder ,Standard,Rail,NIL RETURN,Departmental Business
,,,,,,,,,,
Sheffield,71.33,1 day,NIL RETURN,214.43,2018-05-09,Lorraine Jainudeen,Standard,Rail,NIL RETURN,Departmental Business
Shieffield,68.60,1 day,NIL RETURN,147.20,2018-05-24,Lorraine Jainudeen,Standard,Rail,NIL RETURN,Departmental Business
Glasgow,19.30,1 day,NIL RETURN,498.23,2018-05-31,Lorraine Jainudeen,Standard,Air/Taxi,NIL RETURN,Departmental Business
Redhill,NIL RETURN,1 day,NIL RETURN,22.20,2018-06-20,Lorraine Jainudeen,Standard,Rail,NIL RETURN,Departmental Business
,,,,,,,,,,
Sheffield,NIL RETURN,1 day,NIL RETURN,247.40,2018-05-09,Crystal Akass,Standard,Rail,NIL RETURN,Departmental Business
Sheffield,NIL RETURN,1 day,NIL RETURN,247.40,2018-05-10,Crystal Akass,Standard,Rail,NIL RETURN,Departmental Business
Manchester,NIL RETURN,1 day,NIL RETURN,219.00,2018-06-27,Crystal Akass,Standard,Rail,NIL RETURN,Departmental Business
Leeds,NIL RETURN,1 day,NIL RETURN,193.00,2018-06-28,Crystal Akass,Standard,Rail,NIL RETURN,Departmental Business
,,,,,,,,,,
London,115.60,2 days,NIL RETURN,304.35,2018-04-17,Julie Pinder,Standard,Rail,NIL RETURN,Departmental Business
London,251.70,2 days,NIL RETURN,453.70,2018-04-24,Julie Pinder,Standard,Rail,NIL RETURN,Departmental Business
London,149.60,1 day,NIL RETURN,351.60,2018-05-01,Julie Pinder,Standard,Rail,NIL RETURN,Departmental Business
London,133.00,1 day,NIL RETURN,335.00,2018-05-22,Julie Pinder,Standard,Rail,NIL RETURN,Departmental Business
London,126.26,1 day,NIL RETURN,328.26,2018-06-05,Julie Pinder,Standard,Rail,NIL RETURN,Departmental Business
London,257.20,2 days,NIL RETURN,459.20,2018-06-18,Julie Pinder,Standard,Rail,NIL RETURN,Departmental Business
Manchester,NIL RETURN,1 day,NIL RETURN,31.70,2018-06-27,Julie Pinder,Standard,Rail,NIL RETURN,Departmental Business
Manchester,NIL RETURN,1 day,NIL RETURN,31.70,2018-06-28,Julie Pinder,Standard,Rail,NIL RETURN,Departmental Business
,,,,,,,,,,
Bury St Edmunds,NIL RETURN,1 day,NIL RETURN,62.25,2018-05-10,Susan Park,NIL RETURN,Hire Car,NIL RETURN,Departmental Business
Canterbury,4.48,1 day,NIL RETURN,63.58,2018-05-16,Susan Park,Standard,Rail,NIL RETURN,Departmental Business
Leeds,10.00,1 day,NIL RETURN,130.75,2018-05-24,Susan Park,Standard,Rail,NIL RETURN,Departmental Business
Eastbourne,2.85,1 day,NIL RETURN,62.65,2018-05-31,Susan Park,Standard,Rail,NIL RETURN,Departmental Business
Seaham Pensions Centre,30.00,2 days,NIL RETURN,164.16,2018-06-06,Susan Park,Standard,Rail,NIL RETURN,Departmental Business
London,5.00,1 day,NIL RETURN,43.10,2018-06-12,Susan Park,Standard,Rail,NIL RETURN,Departmental Business
York,101.10,2 days,NIL RETURN,218.00,2018-06-19,Susan Park,Standard,Rail,NIL RETURN,Departmental Business
Birmingham/Letchworth,5.00,1 day,NIL RETURN,154.20,2018-06-22,Susan Park,Standard,Rail,NIL RETURN,Departmental Business
Manchester,127.09,2 days,NIL RETURN,401.59,2018-06-26,Susan Park,Standard,Rail,NIL RETURN,Departmental Business
Birmingham,5.00,1 day,NIL RETURN,202.50,2018-06-29,Susan Park,Standard,Rail,NIL RETURN,Departmental Business
,,,,,,,,,,
Lichfield,9.70,2 days,NIL RETURN,58.50,2018-04-10,Tom McCormack,Standard,Rail/Taxi/Car,NIL RETURN,Departmental Business
London,4.95,1 day,NIL RETURN,54.95,2018-04-30,Tom McCormack,NIL RETURN,Taxi,NIL RETURN,Departmental Business
Liverpool,20.00,1 day,NIL RETURN,28.35,2018-05-02,Tom McCormack,Standard,Rail/Car,NIL RETURN,Departmental Business
Liverpool,,1 day,NIL RETURN,38.40,2018-05-03,Tom McCormack,NIL RETURN,Car,,Departmental Business
Leicester,17.80,1 day,NIL RETURN,23.20,2018-05-09,Tom McCormack,NIL RETURN,Car,NIL RETURN,Departmental Business
Leicester,4.99,1 day,NIL RETURN,43.39,2018-05-10,Tom McCormack,NIL RETURN,Car,NIL RETURN,Departmental Business
London / Gravesend,25.60,2 days,NIL RETURN,76.80,2018-05-15,Tom McCormack,Standard,Rail/Taxi/Car,NIL RETURN,Departmental Business
London,17.35,1 day,NIL RETURN,22.75,2018-05-21,Tom McCormack,NIL RETURN,Car,NIL RETURN,Departmental Business
London,5.00,1 day,NIL RETURN,34.40,2018-05-22,Tom McCormack,NIL RETURN,Car,NIL RETURN,Departmental Business
London,5.00,1 day,NIL RETURN,32.30,2018-06-05,Tom McCormack,NIL RETURN,Car,NIL RETURN,Departmental Business
York,15.95,1 day,NIL RETURN,21.35,2018-06-19,Tom McCormack,NIL RETURN,Car,NIL RETURN,Departmental Business
York,4.80,1 day,NIL RETURN,35.10,2018-06-20,Tom McCormack,NIL RETURN,Car,NIL RETURN,Departmental Business
Leeds,5.00,1 day,NIL RETURN,33.40,2018-06-22,Tom McCormack,NIL RETURN,Car,NIL RETURN,Departmental Business
Manchester,NIL RETURN,1 day,NIL RETURN,69.50,2018-06-26,Tom McCormack,Standard,Rail,NIL RETURN,Departmental Business
Manchester,NIL RETURN,1 day,NIL RETURN,87.00,2018-06-27,Tom McCormack,Standard,Rail,NIL RETURN,Departmental Business
,,,,,,,,,,
London,5.00,1 day,NIL RETURN,30.00,2018-04-03,Susan Moore,NIL RETURN,Car,NIL RETURN,Depatmental Business
Birmingham,5.00,1 day,NIL RETURN,30.00,2018-04-04,Susan Moore,NIL RETURN,Car,NIL RETURN,Depatmental Business
Manchester,5.00,1 day,NIL RETURN,30.00,2018-04-05,Susan Moore,NIL RETURN,Car,NIL RETURN,Depatmental Business
London,55.00,2 days,NIL RETURN,301.50,2018-04-11,Susan Moore,Standard,Rail/Car,NIL RETURN,Depatmental Business
London,160.20,2 days,NIL RETURN,398.70,2018-04-16,Susan Moore,Standard,Rail/Car,NIL RETURN,Depatmental Business
London,180.60,2 days,NIL RETURN,622.10,2018-04-24,Susan Moore,Standard,Rail/Car,NIL RETURN,Depatmental Business
London,NIL RETURN,1 day,NIL RETURN,183.50,2018-05-22,Susan Moore,Standard,Rail,NIL RETURN,Depatmental Business
London,NIL RETURN,1 day,NIL RETURN,98.20,2018-05-24,Susan Moore,Standard,Rail,NIL RETURN,Depatmental Business
London,NIL RETURN,1 day,NIL RETURN,98.20,2018-05-31,Susan Moore,Standard,Rail,NIL RETURN,Depatmental Business
Durham,NIL RETURN,1 day,NIL RETURN,132.80,2018-06-06,Susan Moore,Standard,Rail,NIL RETURN,Depatmental Business
London,NIL RETURN,1 day,NIL RETURN,148.00,2018-06-14,Susan Moore,Standard,Rail,NIL RETURN,Depatmental Business
Manchester,NIL RETURN,1 day,NIL RETURN,140.70,2018-06-27,Susan Moore,Standard,Rail,NIL RETURN,Depatmental Business
,,,,,,,,,,
Leeds,5.00,1 day,NIL RETURN,294.70,2018-04-03,Richard West,NIL RETURN,Rail/Taxi,NIL RETURN,Departmental Business
London,9.69,1 day,NIL RETURN,299.39,2018-04-24,Richard West,Standard,Rail/Taxi,NIL RETURN,Departmental Business
Newcastle,8.07,1 day,NIL RETURN,105.79,2018-04-26,Richard West,NIL RETURN,Hire Car,NIL RETURN,Departmental Business
Norwich,96.05,2 days,NIL RETURN,227.42,2018-05-08,Richard West,NIL RETURN,Hire Car,NIL RETURN,Departmental Business
London,154.70,2 days,NIL RETURN,457.10,2018-05-15,Richard West,Standard,Rail,NIL RETURN,Departmental Business
Sunderland,4.37,1 day,NIL RETURN,79.26,2018-05-17,Richard West,NIL RETURN,Hire Car,NIL RETURN,Departmental Business
Birmingham,4.04,1 day,NIL RETURN,156.84,2018-05-18,Richard West,Standard,Rail,NIL RETURN,Departmental Business
London,8.52,1 day,NIL RETURN,295.22,2018-05-22,Richard West,Standard,Rail,NIL RETURN,Departmental Business
London,5.00,1 day,NIL RETURN,291.70,2018-06-05,Richard West,Standard,Rail/Taxi,NIL RETURN,Departmental Business
London,9.68,1 day,NIL RETURN,296.38,2018-06-14,Richard West,Standard,Rail/Taxi,NIL RETURN,Departmental Business
London,157.96,1 day,NIL RETURN,458.36,2018-06-18,Richard West,Standard,Rail/Taxi,NIL RETURN,Departmental Business
York,NIL RETURN,1 day,NIL RETURN,45.60,2018-06-21,Richard West,NIL RETURN,Car,,Departmental Business
London,9.64,1 day,NIL RETURN,293.44,2018-06-25,Richard West,Standard,Rail/Taxi,NIL RETURN,Departmental Business
Manchester,9.64,1 day,NIL RETURN,66.84,2018-06-27,Richard West,Standard,Rail,NIL RETURN,Departmental Business
,,,,,,,,,,
London,NIL RETURN,1 day,NIL RETURN,39.60,2018-04-09,Richard Cornish,Standard,Rail,NIL RETURN,Departmental Business
London,NIL RETURN,1 day,NIL RETURN,53.40,2018-04-11,Richard Cornish,Standard,Rail,NIL RETURN,Departmental Business
Leeds,98.10,2 days,NIL RETURN,321.43,2018-04-12,Richard Cornish,Standard,Rail/Taxi,NIL RETURN,Departmental Business
Didcot,NIL RETURN,1 day,NIL RETURN,80.10,2018-04-16,Richard Cornish,Standard,Rail,NIL RETURN,Departmental Business
London,NIL RETURN,1 day,NIL RETURN,39.60,2018-04-17,Richard Cornish,Standard,Rail,NIL RETURN,Departmental Business
Manchester,81.53,2 days,NIL RETURN,223.03,2018-04-18,Richard Cornish,Standard,Rail,NIL RETURN,Departmental Business
London,NIL RETURN,1 day,NIL RETURN,45.60,2018-04-23,Richard Cornish,Standard,Rail,NIL RETURN,Departmental Business
London,NIL RETURN,1 day,NIL RETURN,39.60,2018-04-24,Richard Cornish,Standard,Rail,NIL RETURN,Departmental Business
London,NIL RETURN,1 day,NIL RETURN,39.60,2018-04-25,Richard Cornish,Standard,Rail,NIL RETURN,Departmental Business
London,NIL RETURN,1 day,NIL RETURN,23.50,2018-04-27,Richard Cornish,Standard,Rail,NIL RETURN,Departmental Business
Birmingham,212.35,3 days,NIL RETURN,446.70,2018-05-01,Richard Cornish,Standard,Rail,NIL RETURN,Departmental Business
London,NIL RETURN,1 day,NIL RETURN,39.60,2018-05-15,Richard Cornish,Standard,Rail,NIL RETURN,Departmental Business
Warwick,NIL RETURN,2 day,NIL RETURN,222.43,2018-05-17,Richard Cornish,Standard,Rail,NIL RETURN,Departmental Business
London,NIL RETURN,1 day,NIL RETURN,39.60,2018-05-21,Richard Cornish,Standard,Rail,NIL RETURN,Departmental Business
London,NIL RETURN,1 day,NIL RETURN,39.60,2018-05-22,Richard Cornish,Standard,Rail,NIL RETURN,Departmental Business
Guildford,NIL RETURN,3 days,NIL RETURN,66.70,2018-05-23,Richard Cornish,Standard,Rail,NIL RETURN,Departmental Business
Glasgow,266.56,4 days,NIL RETURN,575.82,2018-05-29,Richard Cornish,Standard,Rail/Air,NIL RETURN,Departmental Business
London,NIL RETURN,1 day,NIL RETURN,39.60,2018-06-05,Richard Cornish,Standard,Rail,NIL RETURN,Departmental Business
London,NIL RETURN,1 day,NIL RETURN,39.60,2018-06-06,Richard Cornish,Standard,Rail,NIL RETURN,Departmental Business
Cardiff,96.80,2 days,NIL RETURN,398.12,2018-06-11,Richard Cornish,Standard,Rail/Taxi,NIL RETURN,Departmental Business
London,NIL RETURN,1 day,NIL RETURN,39.60,2018-06-14,Richard Cornish,Standard,Rail,NIL RETURN,Departmental Business
London,NIL RETURN,1 day,NIL RETURN,39.60,2018-06-18,Richard Cornish,Standard,Rail,NIL RETURN,Departmental Business
London,NIL RETURN,1 day,NIL RETURN,45.60,2018-06-19,Richard Cornish,Standard,Rail,NIL RETURN,Departmental Business
London,NIL RETURN,1 day,NIL RETURN,39.60,2018-06-21,Richard Cornish,Standard,Rail,NIL RETURN,Departmental Business
Manchester,354.93,3days,NIL RETURN,567.88,2018-06-25,Richard Cornish,Standard,Rail,NIL RETURN,Departmental Business
Ipswich,NIL RETURN,2 days,NIL RETURN,62.16,2018-06-28,Richard Cornish,Standard,Hire Car,NIL RETURN,Departmental Business
,,,,,,,,,,
London,151.60,2 days,NIL RETURN,473.20,2018-04-02,Graeme Wallace,Standard,Rail/Car,NIL RETURN,Departmental Business
Middlesborough,9.39,1 day,NIL RETURN,42.79,2018-04-05,Graeme Wallace,Standard,Rail/Car,NIL RETURN,Departmental Business
Seaham,3.75,1 day,NIL RETURN,32.55,2018-04-13,Graeme Wallace,NIL RETURN,Car,NIL RETURN,Departmental Business
Manchester,109.60,2 days,NIL RETURN,263.87,2018-04-24,Graeme Wallace,Standard,Rail/Car/Taxi,NIL RETURN,Departmental Business
Leeds,4.99,1 day,NIL RETURN,129.79,2018-04-26,Graeme Wallace,Standard,Rail/Car,NIL RETURN,Departmental Business
Liverpool,139.88,2 days,NIL RETURN,333.18,2018-04-30,Graeme Wallace,Standard,Rail/Taxi/Bus,NIL RETURN,Departmental Business
London,158.95,2 days,NIL RETURN,489.35,2018-05-14,Graeme Wallace,Standard,Rail/Car,NIL RETURN,Departmental Business
London,NIL RETURN,1 day,NIL RETURN,329.70,2018-05-21,Graeme Wallace,Standard,Rail,NIL RETURN,Departmental Business
Dundee,101.50,2 days,NIL RETURN,258.40,2018-05-30,Graeme Wallace,Standard,Rail/Car,NIL RETURN,Departmental Business
London,159.59,2 days,NIL RETURN,487.29,2018-06-04,Graeme Wallace,Standard,Rail/Car/Metro,NIL RETURN,Departmental Business
Wallsend / Newcastle,,1 day,NIL RETURN,13.50,2018-06-07,Graeme Wallace,,Car,,Departmental Business
Swansea,NIL RETURN,1 day,NIL RETURN,198.92,2018-06-08,Graeme Wallace,Standard,Air,NIL RETURN,Departmental Business
London,9.59,1 day,NIL RETURN,327.09,2018-06-11,Graeme Wallace,Standard,Rail/Car,NIL RETURN,Departmental Business
London,10.00,1 day,NIL RETURN,329.70,2018-06-14,Graeme Wallace,Standard,Rail/Car/Bus,NIL RETURN,Departmental Business
Seaham,,1 day,NIL RETURN,32.20,2018-06-15,Graeme Wallace,,Car,,Departmental Business
London,NIL RETURN,1 day,NIL RETURN,137.40,2018-06-18,Graeme Wallace,Standard,Metro,NIL RETURN,Departmental Business
Swansea,100.80,2 days,NIL RETURN,484.52,2018-06-19,Graeme Wallace,Standard,Rail/Car,NIL RETURN,Departmental Business
Hull/Manchester,185.20,3 days,NIL RETURN,372.70,2018-05-26,Graeme Wallace,Standard,Rail,NIL RETURN,Departmental Business
,,,,,,,,,,
Birmingham,107.60,1 day,NIL RETURN,232.10,2018-04-17,Emma Haddad,Standard,Rail/Taxi,NIL RETURN,Deparmtental Business
Doncaster,NIL RETURN,1 day,NIL RETURN,89.00,2018-04-26,Emma Haddad,Standard,Rail,NIL RETURN,Deparmtental Business
Milton Keynes,NIL RETURN,1 day,NIL RETURN,39.80,2018-05-03,Emma Haddad,Standard,Rail,NIL RETURN,Deparmtental Business
Glouster,NIL RETURN,1 day,NIL RETURN,172.00,2018-05-10,Emma Haddad,Standard,Rail,NIL RETURN,Deparmtental Business
Cosham,NIL RETURN,1 day,NIL RETURN,40.10,2018-05-23,Emma Haddad,Standard,Rail,NIL RETURN,Deparmtental Business
Darlington,NIL RETURN,1 day,NIL RETURN,90.40,2018-06-07,Emma Haddad,Standard,Rail,NIL RETURN,Deparmtental Business
Manchester/Bolton,100.91,2 days,NIL RETURN,282.11,2018-06-27,Emma Haddad,Standard,Rail,NIL RETURN,Deparmtental Business
,,,,,,,,,,
Coventry,NIL RETURN,1 day,NIL RETURN,36.00,2018-05-17,Matthew Briggs,Standard,Rail,NIL RETURN,Departmental Business
Leeds,NIL RETURN,1 day,NIL RETURN,134.50,2018-05-23,Matthew Briggs,Standard,Rail,NIL RETURN,Departmental Business
Manchester,NIL RETURN,1 day,NIL RETURN,188.45,2018-06-19,Matthew Briggs,Standard,Rail,NIL RETURN,Departmental Business
Manchester,NIL RETURN,1 day,NIL RETURN,257.45,2018-06-20,Matthew Briggs,Standard,Rail,NIL RETURN,Departmental Business
Manchester/Cardiff,170.20,3 days,NIL RETURN,357.10,2018-06-26,Matthew Briggs,Standard,Rail,NIL RETURN,Departmental Business
,,,,,,,,,,
Leeds ,NIL RETURN,1 day,NIL RETURN,92.00,2018-04-11,Jonathan Mills ,Standard,Rail,NIL RETURN,Departmental Business
Sheffield,NIL RETURN,1 day,NIL RETURN,95.60,2018-05-24,Jonathan Mills ,Standard,Rail,NIL RETURN,Departmental Business
Leeds ,NIL RETURN,1 day,NIL RETURN,121.00,2018-06-21,Jonathan Mills ,Standard,Rail,NIL RETURN,Departmental Business
Manchester,77.60,2 days,NIL RETURN,266.05,2018-06-26,Jonathan Mills ,Standard,Rail,NIL RETURN,Departmental Business
,,,,,,,,,,
Buxted,NIL RETURN,2 days,NIL RETURN,34.90,2018-05-09,Charlotte Clark,Standard,Rail,NIL RETURN,Departmental Business
Manchester,NIL RETURN,1 day,NIL RETURN,190.00,2018-06-26,Charlotte Clark,Standard,Rail,NIL RETURN,Departmental Business
,,,,,,,,,,
Newcastle,NIL RETURN,1 day,NIL RETURN,136.00,2018-04-26,James Wolfe,Standard,Rail,NIL RETURN,Departmental Business
Swindon,NIL RETURN,1 day,NIL RETURN,87.90,2018-05-17,James Wolfe,Standard,Rail,NIL RETURN,Departmental Business
Aberdeen,NIL RETURN,1 day,NIL RETURN,117.63,2018-06-14,James Wolfe,Standard,Air,NIL RETURN,Departmental Business
Sheffield,NIL RETURN,1 day,NIL RETURN,78.60,2018-06-18,James Wolfe,Standard,Rail,NIL RETURN,Departmental Business
Manchester,NIL RETURN,1 day,NIL RETURN,86.90,2018-06-26,James Wolfe,Standard,Rail,NIL RETURN,Departmental Business
,,,,,,,,,,
Sheffield,NIL RETURN,1 day,NIL RETURN,107.60,2018-04-12,Donna Ward,Standard,Rail,NIL RETURN,Departmental Business
Manchester,NIL RETURN,1 day,NIL RETURN,188.45,2018-05-10,Donna Ward,Standard,Rail,NIL RETURN,Departmental Business
Sheffield,NIL RETURN,1 day,NIL RETURN,195.00,2018-05-22,Donna Ward,Standard,Rail,NIL RETURN,Departmental Business
Cosham,NIL RETURN,1 day,NIL RETURN,33.50,2018-06-13,Donna Ward,Standard,Rail,NIL RETURN,Departmental Business
Leeds,NIL RETURN,1 day,NIL RETURN,164.00,2018-06-20,Donna Ward,Standard,Rail,NIL RETURN,Departmental Business
London,NIL RETURN,1 day,NIL RETURN,217.20,2018-06-27,Donna Ward,Standard,Rail,NIL RETURN,Departmental Business
,,,,,,,,,,
Edinburgh,49.25,2 days,NIL RETURN,176.75,2018-04-15,Mary Pattison,Standard,Rail,NIL RETURN,Departmental Business
Lancaster,NIL RETURN,1 day,NIL RETURN,84..00,2018-04-19,Mary Pattison,Standard,Rail,NIL RETURN,Departmental Business
Edinburgh,NIL RETURN,1 day,NIL RETURN,71.27,2018-04-26,Mary Pattison,Standard,Rail/Air,NIL RETURN,Departmental Business
Edinburgh,NIL RETURN,1 day,NIL RETURN,182.06,2018-05-10,Mary Pattison,Standard,Air,NIL RETURN,Departmental Business
Manchester,NIL RETURN,1 day,NIL RETURN,66.50,2018-05-14,Mary Pattison,Standard,Rail,NIL RETURN,Departmental Business
Leeds,NIL RETURN,1 day,NIL RETURN,45.00,2018-05-21,Mary Pattison,Standard,Rail,NIL RETURN,Departmental Business
Edinburgh,52.50,2 days,NIL RETURN,184.60,2018-06-13,Mary Pattison,Standard,Rail,NIL RETURN,Departmental Business
,,,,,,,,,,
London,NIL RETURN,1 day,NIL RETURN,18.20,2018-04-24,Peter Searle,Standard,Rail,NIL RETURN,Departmental  Business
London,9.65,1 day,NIL RETURN,2.40,2018-06-05,Peter Searle,Standard,Metro,NIL RETURN,Departmental Business
Salisbury,3.50,1 day,NIL RETURN,,2018-06-05,Peter Searle,NIL RETURN,,NIL RETURN,
Glasgow,83.45,2 days,NIL RETURN,126.45,2018-06-11,Peter Searle,Standard,Bus/Taxi,NIL RETURN,Departmental Business
Glasgow,NIL RETURN,1 day,NIL RETURN,99.49,2018-06-18,Peter Searle,Standard,Air,NIL RETURN,Departmental Business
Lewes,5.00,1 day,NIL RETURN,10.00,2018-06-19,Peter Searle,Standard,Car,NIL RETURN,Departmental Business
Warrington,NIL RETURN,1 day,NIL RETURN,8.40,2018-06-27,Peter Searle,Standard,Rail,NIL RETURN,Departmental Business
London,NIL RETURN,1 day,NIL RETURN,5.15,2018-06-29,Peter Searle,Standard,Rail,NIL RETURN,Departmental Business
,,,,,,,,,,
Newcastle,NIL RETURN,1 day,NIL RETURN,82.60,2018-04-17,Trevor Huddleston,Standard,Rail/Metro,NIL RETURN,Departmental Business
Leeds,76.60,1 day,NIL RETURN,166.50,2018-04-23,Trevor Huddleston,Standard,Rail,NIL RETURN,Departmental Business
Sheffield,NIL RETURN,1 day,NIL RETURN,30.70,2018-04-24,Trevor Huddleston,Standard,Rail/Taxi,NIL RETURN,Departmental BusinessRail
Peterborough,NIL RETURN,1 day,NIL RETURN,8.30,2018-05-16,Trevor Huddleston,Standard,Rail,NIL RETURN,Departmental Business
Sheffield,NIL RETURN,1 day,NIL RETURN,54.00,2018-05-23,Trevor Huddleston,Standard,Rail,NIL RETURN,Departmental Business
Newcastle,NIL RETURN,1 day,NIL RETURN,92.00,2018-06-07,Trevor Huddleston,Standard,NIL RETURN,NIL RETURN,Departmental BusinessRail
Leeds,76.00,1 day,NIL RETURN,166.50,2018-06-11,Trevor Huddleston,Standard,NIL RETURN,NIL RETURN,Departmental BusinessRail
Sheffield,NIL RETURN,1 day,NIL RETURN,20.50,2018-06-12,Trevor Huddleston,Standard,NIL RETURN,NIL RETURN,Departmental BusinessRail
Birmingham,NIL RETURN,1 day,NIL RETURN,95.80,2018-07-13,Trevor Huddleston,Standard,Rail/Taxi,NIL RETURN,Departmental BusinessRail
Leeds,NIL RETURN,1 day,NIL RETURN,125.00,2018-07-16,Trevor Huddleston,Standard,NIL RETURN,NIL RETURN,Departmental BusinessRail
,,,,,,,,,,
Sheffield,NIL RETURN,1 day,NIL RETURN,96.60,2018-04-05,Iain Walsh,Standard,Rail,NIL RETURN,Departmental Business
Montreal,222.00,3 days,NIL RETURN,"1,367.67",2018-05-13,Iain Walsh,Standard,Air,NIL RETURN,Departmental Business
Sheffield,NIL RETURN,1 day,NIL RETURN,96.60,2018-06-06,Iain Walsh,Standard,Rail,NIL RETURN,Departmental Business
Telford,NIL RETURN,1 day,NIL RETURN,78.60,2018-06-27,Iain Walsh,Standard,Rail,NIL RETURN,Departmental Business
,,,,,,,,,,
Manchester,NIL RETURN,1 day,NIL RETURN,87.90,2018-06-26,Julie Gillis ,Standard,Rail,NIL RETURN,Departmental Business
,,,,,,,,,,
London,51.04,3 days,NIL RETURN,413.54,2018-04-16,Craig Eblett,Standard,Rail/Car,NIL RETURN,Departmental Business
London,280.00,2 days,NIL RETURN,616.50,2018-04-23,Craig Eblett,Standard,Rail/Car,NIL RETURN,Departmental Business
Blackpool,3.99,1 day,NIL RETURN,37.14,2018-04-25,Craig Eblett,NIL RETURN,Car,NIL RETURN,Departmental Business
London,25.00,2 days,NIL RETURN,338.00,2018-05-01,Craig Eblett,Standard,Rail,NIL RETURN,Departmental Business
London,5.00,1 day,NIL RETURN,341.50,2018-05-15,Craig Eblett,Standard,Rail/Car,NIL RETURN,Departmental Business
London,30.00,2 days ,NIL RETURN,365.60,2018-05-22,Craig Eblett,Standard,Rail/Car,NIL RETURN,Departmental Business
London,154,2 days,NIL RETURN,485.55,2018-05-30,Craig Eblett,Standard,Rail,NIL RETURN,Departmental Business
London,8.50,1 day,NIL RETURN,344.10,2018-06-12,Craig Eblett,Standard,Rail/Car,NIL RETURN,Departmental Business
Sheffield ,4.80,1 day,NIL RETURN,124.50,2018-06-13,Craig Eblett,Standard,Rail/Car,NIL RETURN,Departmental Business
London,5.00,1 day,NIL RETURN,340.60,2018-06-14,Craig Eblett,Standard,Rail/Car,NIL RETURN,Departmental Business
London,NIL RETURN,1 day,NIL RETURN,327.50,2018-06-19,Craig Eblett,Standard,Rail,NIL RETURN,Departmental Business
Leeds,NIL RETURN,1 day,NIL RETURN,56.00,2018-06-21,Craig Eblett,Standard,Rail,NIL RETURN,Departmental Business
London,169.73,1 day,NIL RETURN,465.83,2018-06-22,Craig Eblett,Standard,Rail,NIL RETURN,Departmental Business
Leeds,3.90,1 day,NIL RETURN,115.25,2018-06-25,Craig Eblett,Standard,Rail,NIL RETURN,Departmental Business
London ,5.00,1 day,NIL RETURN,181.05,2018-06-26,Craig Eblett,Standard,Rail ,NIL RETURN,Departmental Business
Manchester,91.95,1 day ,NIL RETURN,357.48,2018-06-27,Craig Eblett,Standard,Rail,NIL RETURN,Departmental Business
,,,,,,,,,,
Manchester,NIL RETURN,1 day,NIL RETURN,189.00,2018-06-26,Robert Specterman-Green,Standard,Rail,NIL RETURN,Departmental Business
,,,,,,,,,,
Manchester ,154.49,2 day,NIL RETURN,498.49,2018-04-24,Neil Couling ,Standard,Rail,NIL RETURN,Departmental Business
Coventry,NIL RETURN,2 day,NIL RETURN,185.80,2018-05-17,Neil Couling ,Standard,Rail,NIL RETURN,Departmental Business
Leeds ,4.99,1 day,NIL RETURN,264.99,2018-05-23,Neil Couling ,Standard,Rail,NIL RETURN,Departmental Business
Newcastle,5.00,1 days,NIL RETURN,463.15,2018-06-08,Neil Couling ,Standard,Air/Car,NIL RETURN,Departmental Business
Canterbury,NIL RETURN,1 day,NIL RETURN,92.52,2018-06-21,Neil Couling ,Standard,Rail,NIL RETURN,Departmental Business
Leeds ,NIL RETURN,1 day,NIL RETURN,260.00,2018-06-22,Neil Couling ,Standard,Rail,NIL RETURN,Departmental Business
Stockport/ Bolton,18.21,2 day,NIL RETURN,397.91,2018-06-27,Neil Couling ,Standard,Rail,NIL RETURN,Departmental Business
Manchester ,NIL RETURN,1 day,NIL RETURN,353.70,2018-06-29,Neil Couling ,Standard,Rail,NIL RETURN,Departmental Business
,,,,,,,,,,
Glasgow/Dundee/Lenzie,NIL RETURN,5 days,NIL RETURN,214.23,2018-04-11,JP Marks ,Standard,Rail,NIL RETURN,Departmental Business
Leeds,NIL RETURN,1 day,NIL RETURN,77.92,2018-04-26,JP Marks ,Standard,Rail/Taxi,NIL RETURN,Departmental Business
Canterbury,NIL RETURN,1 day,NIL RETURN,40.80,2018-05-16,JP Marks ,Standard,Rail,NIL RETURN,Departmental Business
Edinburgh,99.60,3 days,NIL RETURN,273.76,2018-06-07,JP Marks ,Standard,Air/Rail/Taxi,NIL RETURN,Departmental Business
Reigate,NIL RETURN,3 days,NIL RETURN,20.30,2018-06-20,JP Marks ,Standard,Rail,NIL RETURN,Departmental Business
Manchester/Bolton,195.81,3 days,NIL RETURN,459.31,2018-06-26,JP Marks ,Standard,Rail,NIL RETURN,Departmental Business
,,,,,,,,,,
London,NIL RETURN,1 day,NIL RETURN,367.60,2018-04-10,Janice Hartley,Standard,Rail/Car,NIL RETURN,Departmental Business
Leeds,,1 day,NIL RETURN,49.50,2018-04-26,Janice Hartley,,Car,,Departmental Business
Oldham,NIL RETURN,1 day,NIL RETURN,7.60,2018-06-07,Janice Hartley,Standard,Metro,NIL RETURN,Departmental Business
Bolton,NIL RETURN,1 day,NIL RETURN,7.60,2018-06-27,Janice Hartley,Standard,Rail,NIL RETURN,Departmental Business
,,,,,,,,,,
London,5.00,1 day,NIL RETURN,364.30,2018-04-17,Colin Stewart,Standard,Rail/Taxi/Metro,NIL RETURN,Departmental Business
Manchester & London ,158.40,2 days,NIL RETURN,457.30,2018-04-18,Colin Stewart,Standard,Rail/Taxi/Metro,NIL RETURN,Departmental Business
Leeds,5.00,1 day,NIL RETURN,51.10,2018-04-20,Colin Stewart,Standard,Rail/Taxi,NIL RETURN,Departmental Business
Manchester,NIL RETURN,1 day,NIL RETURN,4.20,2018-04-25,Colin Stewart,Standard,Metro,NIL RETURN,Departmental Business
Leeds,5.00,1 day,NIL RETURN,54.10,2018-04-26,Colin Stewart,Standard,Rail/Taxi,NIL RETURN,Departmental Business
London,159.59,2 days,NIL RETURN,524.19,2018-05-01,Colin Stewart,Standard,Rail/Taxi/Metro,NIL RETURN,Departmental Business
Oldham & Preston,3.90,1 day,NIL RETURN,53.15,2018-05-08,Colin Stewart,NIL RETURN,Mileage/Parking,NIL RETURN,Departmental Business
London,5.00,1 day,NIL RETURN,360.00,2018-05-09,Colin Stewart,Standard,Rail/Taxi,NIL RETURN,Departmental Business
London,5.00,1 day,NIL RETURN,361.00,2018-05-15,Colin Stewart,Standard,Rail/taxi,NIL RETURN,Departmental Business
Canterbury,NIL RETURN,1 day,NIL RETURN,455.00,2018-05-16,Colin Stewart,Standard,Rail/Taxi,NIL RETURN,Departmental Business
Leeds,NIL RETURN,1 day,NIL RETURN,55.10,2018-05-17,Colin Stewart,Standard,Rail/Taxi,NIL RETURN,Departmental Business
London,5.00,1 day,NIL RETURN,335.40,2018-05-22,Colin Stewart,Standard,Rail/taxi,NIL RETURN,Departmental Business
Leeds,5.00,1 day,NIL RETURN,55.20,2018-05-23,Colin Stewart,Standard,Rail/taxi,NIL RETURN,Departmental Business
London,NIL RETURN,1 day,NIL RETURN,305.00,2018-05-24,Colin Stewart,Standard,Rail/taxi,NIL RETURN,Departmental Business
London,5.00,1 day,NIL RETURN,309.70,2018-05-30,Colin Stewart,Standard,Rail/taxi,NIL RETURN,Departmental Business
Bishop Auckland,4.10,1 day,NIL RETURN,127.40,2018-06-01,Colin Stewart,NIL RETURN,Mileage/Parking,NIL RETURN,Departmental Business
Bulgaria (Sofia),44,4 days,NIL RETURN,386.54,2018-06-06,Colin Stewart,Standard,Air/taxi,NIL RETURN,Departmental Business
York,5,1 day,NIL RETURN,62.00,2018-06-12,Colin Stewart,Standard,Rail/Taxi,NIL RETURN,Departmental Business
London,5,1 day,NIL RETURN,360.60,2018-06-14,Colin Stewart,Standard,Rail/Taxi,NIL RETURN,Departmental Business
London,5,1 day,NIL RETURN,361.00,2018-06-18,Colin Stewart,Standard,Rail/Taxi,NIL RETURN,Departmental Business
London,452.00,3 days,NIL RETURN,727.00,2018-06-25,Colin Stewart,Standard,Rail/taxi,NIL RETURN,Departmental Business
Bolton,,1 day,NIL RETURN,21.20,2018-06-28,Colin Stewart,,Mileage/Parking,NIL RETURN,Departmental Business
,,,,,,,,,,
Leicester,NIL RETURN,1 day,NIL RETURN,14.00,2018-04-09,Karen Gosden,Standard,Rail,NIL RETURN,Departmental Business
Nottingham,NIL RETURN,1 day,NIL RETURN,14.40,2018-04-10,Karen Gosden,NIL RETURN,Car,NIL RETURN,Departmental Business
Birmingham,NIL RETURN,1 day,NIL RETURN,34.10,2018-04-11,Karen Gosden,Standard,Rail,NIL RETURN,Departmental Business
London,260.00,3 days,NIL RETURN,472.00,2018-04-17,Karen Gosden,Standard,Rail/Car,NIL RETURN,Departmental Business
London,NIL RETURN,1 day,NIL RETURN,203.50,2018-04-23,Karen Gosden,Standard,Rail/Car,NIL RETURN,Departmental Business
Walsall,NIL RETURN,1 day,NIL RETURN,31.50,2018-04-24,Karen Gosden,NIL RETURN,Car,NIL RETURN,Departmental Business
Staveley/Chesterfield,NIL RETURN,1 day,NIL RETURN,27.90,2018-04-25,Karen Gosden,NIL RETURN,Car,NIL RETURN,Departmental Business
Birmingham,NIL RETURN,1 day,NIL RETURN,32.80,2018-04-26,Karen Gosden,Standard,Rail/Car,NIL RETURN,Departmental Business
Birmingham,NIL RETURN,1 day,NIL RETURN,27.40,2018-05-03,Karen Gosden,Standard,Rail/Car,NIL RETURN,Departmental Business
London,NIL RETURN,1 day,NIL RETURN,203.50,2018-05-08,Karen Gosden,Standard,Rail/Car,NIL RETURN,Departmental Business
London,264.60,3 days,NIL RETURN,476.10,2018-05-14,Karen Gosden,Standard,Rail/Car,NIL RETURN,Departmental Business
Birmingham,NIL RETURN,1 day,NIL RETURN,27.40,2018-05-17,Karen Gosden,Standard,Rail/Car,NIL RETURN,Departmental Business
Birmingham,NIL RETURN,1 day,NIL RETURN,43.20,2018-05-18,Karen Gosden,NIL RETURN,Car,NIL RETURN,Departmental Business
London,300.00,3 days,NIL RETURN,511.50,2018-05-21,Karen Gosden,Standard,Rail/Car,NIL RETURN,Departmental Business
Birmingham,NIL RETURN,1 day,NIL RETURN,27.40,2018-05-24,Karen Gosden,Standard,Rail/Car,NIL RETURN,Departmental Business
London,NIL RETURN,1 day,NIL RETURN,203.50,2018-05-29,Karen Gosden,Standard,Rail/Car,NIL RETURN,Departmental Business
London,NIL RETURN,1 day,NIL RETURN,204.00,2018-06-04,Karen Gosden,Standard,Rail,NIL RETURN,Departmental Business
London,NIL RETURN,1 day,NIL RETURN,195.50,2018-06-05,Karen Gosden,Standard,Rail,NIL RETURN,Departmental Business
Cardiff,75.55,2 days,NIL RETURN,203.55,2018-06-11,Karen Gosden,Standard,Rail,NIL RETURN,Departmental Business
London,NIL RETURN,1 day,NIL RETURN,203.50,2018-06-14,Karen Gosden,Standard,Rail/Car,NIL RETURN,Departmental Business
London,NIL RETURN,1 day,NIL RETURN,203.50,2018-06-21,Karen Gosden,Standard,Rail,NIL RETURN,Departmental Business
Wales area,78.60,2 days,NIL RETURN,78.60,2018-06-25,Karen Gosden,Standard,Car ,NIL RETURN,Departmental Business
Wales/Manchester,90.60,1 day,NIL RETURN,90.60,2018-06-26,Karen Gosden,Standard,Car,NIL RETURN,Departmental Business
Barnsley,NIL RETURN,1 day,NIL RETURN,24.80,2018-06-29,Karen Gosden,Standard,Rail,NIL RETURN,Departmental Business
,,,,,,,,,,
Leeds,NIL RETURN,1 Day,NIL RETURN,111.70,2018-04-10,Ian Wright,Standard,Rail/Taxi,NIL RETURN,Departmental Business
London,475.48,4 Days,NIL RETURN,814.48,2018-04-16,Ian Wright,Standard,Rail/Taxi,NIL RETURN,Departmental Business
Leeds,4.80,1 Day,NIL RETURN,70.80,2018-04-23,Ian Wright,Standard,Rail/Taxi,NIL RETURN,Departmental Business
Manchester,219.65,2 Days,NIL RETURN,237.95,2018-04-23,Ian Wright,Standard,Rail,NIL RETURN,Departmental Business
Leeds,109.25,1 Day,NIL RETURN,193.25,2018-04-25,Ian Wright,Standard,Rail/Taxi,NIL RETURN,Departmental Business
London,312.59,2 Days,NIL RETURN,650.59,2018-05-01,Ian Wright,Standard,Rail/Taxi,NIL RETURN,Departmental Business
Leeds,4.30,1 Day,NIL RETURN,101.00,2018-05-08,Ian Wright,Standard,Rail/Taxi,NIL RETURN,Departmental Business
London,465.23,4 Days,NIL RETURN,804.23,2018-05-14,Ian Wright,Standard,Rail/Taxi,NIL RETURN,Departmental Business
London,155.45,2 Days,NIL RETURN,237.95,2018-05-21,Ian Wright,Standard,Rail/Taxi,NIL RETURN,Departmental Business
Leeds,102.05,2 Days,NIL RETURN,303.75,2018-05-22,Ian Wright,Standard,Rail/Taxi,NIL RETURN,Departmental Business
London,595.50,5 Days,NIL RETURN,934.50,2018-06-03,Ian Wright,Standard,Rail/Taxi,NIL RETURN,Departmental Business
Leeds,5.00,1 Day,NIL RETURN,107.60,2018-06-12,Ian Wright,Standard,Rail/Taxi/Metro/Bus,NIL RETURN,Departmental Business
,,,,,,,,,,
Coventry,NIL RETURN,1 day,NIL RETURN,36.00,2018-05-17,Matthew Briggs,Standard,Rail,NIL RETURN,Departmental Business
Leeds,NIL RETURN,1 day,NIL RETURN,134.50,2018-05-23,Matthew Briggs,Standard,Rail,NIL RETURN,Departmental Business
Manchester,NIL RETURN,1 day,NIL RETURN,188.45,2018-06-19,Matthew Briggs,Standard,Rail,NIL RETURN,Departmental Business
Manchester,NIL RETURN,1 day,NIL RETURN,257.45,2018-06-20,Matthew Briggs,Standard,Rail,NIL RETURN,Departmental Business
Manchester/Cardiff,170.20,3 days,NIL RETURN,357.10,2018-06-26,Matthew Briggs,Standard,Rail,NIL RETURN,Departmental Business
,,,,,,,,,,
Glasgow Northgate,38.70,1 day,NIL RETURN,38.70,2018-04-09,Denise Horsfall,NIL RETURN,Car,NIL RETURN,Departmental Business
Dundee,109.60,2 days,NIL RETURN,227.05,2018-04-11,Denise Horsfall,NIL RETURN,Car,NIL RETURN,Departmental Business
Edinburgh,5.50,1 day,NIL RETURN,5.50,2018-04-16,Denise Horsfall,NIL RETURN,Car,NIL RETURN,Departmental Business
London,142.28,2 days,NIL RETURN,366.26,2018-04-17,Denise Horsfall,Standard,Air/Rail/Car,NIL RETURN,Departmental Business
London,303.19,3 days,NIL RETURN,771.74,2018-04-24,Denise Horsfall,Standard,Air/Rail/Car,NIL RETURN,Departmental Business
Glasgow Northgate,38.70,1 day,NIL RETURN,38.70,2018-04-27,Denise Horsfall,NIL RETURN,Car,NIL RETURN,Departmental Business
London,912.14,5 days,NIL RETURN,"1,403.20",2018-04-30,Denise Horsfall,Standard,Air/Rail/Car,NIL RETURN,Departmental Business
London,145.10,1 day,NIL RETURN,181.10,2018-05-08,Denise Horsfall,NIL RETURN,Car,NIL RETURN,Departmental Business
Glasgow Shettleston,36.00,1 day,NIL RETURN,36.00,2018-05-11,Denise Horsfall,NIL RETURN,Car,NIL RETURN,Departmental Business
London,154.94,2 days,NIL RETURN,357.60,2018-05-13,Denise Horsfall,Standard,Air/Rail,NIL RETURN,Departmental Business
Canterbury,126.13,2 days,NIL RETURN,264.43,2018-05-15,Denise Horsfall,Standard,Rail/Taxi,NIL RETURN,Departmental Business
Cambuslang,89.49,1 day,NIL RETURN,89.49,2018-05-18,Denise Horsfall,NIL RETURN,Car,NIL RETURN,Departmental Business
East kilbride,43.00,1 day,NIL RETURN,43.00,2018-05-19,Denise Horsfall,NIL RETURN,Car,NIL RETURN,Departmental Business
London,7.15,1 day,NIL RETURN,141.09,2018-05-21,Denise Horsfall,Standard,Rail,NIL RETURN,Departmental Business
Leeds,88.95,1 day,NIL RETURN,216.95,2018-05-22,Denise Horsfall,Standard,Rail,NIL RETURN,Departmental Business
Leeds,17.10,1 day,NIL RETURN,17.10,2018-05-23,Denise Horsfall,NIL RETURN,Car,NIL RETURN,Departmental Business
Glasgow Northgate,38.70,1 day,NIL RETURN,38.70,2018-05-24,Denise Horsfall,NIL RETURN,Car,NIL RETURN,Departmental Business
Londond,48.64,1 day,NIL RETURN,48.64,2018-06-12,Denise Horsfall,Standard,Air,NIL RETURN,Departmental Business
Manchester,90.60,3 days,NIL RETURN,215.14,2018-06-26,Denise Horsfall,Standard,Rail/Air,NIL RETURN,Departmental Business
Saltcoats,54.50,1 day,NIL RETURN,,29/06/2018,Denise Horsfall,,,NIL RETURN,Departmental Business Car
,,,,,,,,,,
London ,NIL RETURN,1 day,NIL RETURN,96.55,2018-04-11,Andrew Graham ,Standard ,Rail,NIL RETURN,Departmental Business
London ,NIL RETURN,1 day,NIL RETURN,40.10,2018-05-01,Andrew Graham ,Standard ,Rail,NIL RETURN,Departmental Business
London ,NIL RETURN,1 day,NIL RETURN,42.70,2018-05-14,Andrew Graham ,Standard ,Rail,NIL RETURN,Departmental Business
London ,NIL RETURN,1 day,NIL RETURN,46.20,2018-06-18,Andrew Graham ,Standard ,Rail,NIL RETURN,Departmental Business
London ,NIL RETURN,1 day,NIL RETURN,96.55,2018-06-21,Andrew Graham ,Standard ,Rail,NIL RETURN,Departmental Business
,,,,,,,,,,
Manchester,NIL RETURN,1 day,NIL RETURN,179.20,2018-06-18,Robin Johnson ,Standard,Rail,NIL RETURN,Departmental Business
,,,,,,,,,,
London ,NIL RETURN,1 day,NIL RETURN,1.50,2018-04-17,Sara Weller ,NIL RETURN,Bus,NIL RETURN,Departmental Business
London ,NIL RETURN,1 day,NIL RETURN,11.50,2018-04-20,Sara Weller ,NIL RETURN,Bus/Taxi,NIL RETURN,Departmental Business
London ,NIL RETURN,1 day,NIL RETURN,2.40,2018-04-26,Sara Weller ,NIL RETURN,Tube,NIL RETURN,Departmental Business
London ,NIL RETURN,1 day,NIL RETURN,44.70,2018-04-27,Sara Weller ,Standard ,Rail/Bus,NIL RETURN,Departmental Business
London ,NIL RETURN,1 day,NIL RETURN,43.20,2018-04-30,Sara Weller ,Standard ,Rail/Bus,NIL RETURN,Departmental Business
London ,NIL RETURN,1 day,NIL RETURN,46.50,2018-05-09,Sara Weller ,Standard ,Rail/Tube,NIL RETURN,Departmental Business
London ,NIL RETURN,1 day,NIL RETURN,55.10,2018-05-14,Sara Weller ,Standard ,Rail/Taxi/Tube,NIL RETURN,Departmental Business
London ,NIL RETURN,1 day,NIL RETURN,2.40,2018-05-15,Sara Weller ,NIL RETURN,Tube,NIL RETURN,Departmental Business
London ,NIL RETURN,1 day,NIL RETURN,49.98,2018-05-16,Sara Weller ,Standard ,Rail/Taxi,NIL RETURN,Departmental Business
London ,NIL RETURN,1 day,NIL RETURN,1.50,2018-06-04,Sara Weller ,NIL RETURN,Bus,NIL RETURN,Departmental Business
London ,NIL RETURN,1 day,NIL RETURN,1.50,2018-06-11,Sara Weller ,NIL RETURN,Bus,NIL RETURN,Departmental Business
London ,NIL RETURN,1 day,NIL RETURN,2.40,2018-06-12,Sara Weller ,NIL RETURN,Tube,NIL RETURN,Departmental Business
London ,NIL RETURN,1 day,NIL RETURN,44.70,2018-06-14,Sara Weller ,Standard ,Rail/Bus,NIL RETURN,Departmental Business
London ,NIL RETURN,1 day,NIL RETURN,46.20,2018-06-19,Sara Weller ,Standard ,Rail/Bus,NIL RETURN,Departmental Business
London ,NIL RETURN,1 day,NIL RETURN,43.20,2018-06-21,Sara Weller ,Standard ,Rail/Bus,NIL RETURN,Departmental Business
London ,NIL RETURN,1 day,NIL RETURN,48.70,2018-06-26,Sara Weller ,Standard ,Rail/Bus,NIL RETURN,Departmental Business
,,,,,,,,,,
London ,NIL RETURN,1 day,NIL RETURN,33.70,2018-06-21,Hayley Tatum,Standard,Rail,NIL RETURN,Departmental Business
,,,,,,,,,,
London,NIL RETURN,1 day,NIL RETURN,148.60,2018-04-11,Martin Hagen ,Standard,Rail,NIL RETURN,Departmental Business
,,,,,,,,,,
Manchester/Liverpool,196.54,3 days,NIL RETURN,325.79,2018-04-10,Richard Judge,Standard,Rail,NIL RETURN,Departmental Business
Chelmsord/London,218.00,3 days,NIL RETURN,255.70,2018-04-17,Richard Judge,Standard,Rail,NIL RETURN,Departmental Business
London,NIL RETURN,1 day,NIL RETURN,4.00,2018-04-23,Richard Judge,Standard,Rail,NIL RETURN,Departmental Business
Bahrain,12.00,3 days,NIL RETURN,69.00,2018-04-24,Richard Judge,NIL RETURN,NIL RETURN,NIL RETURN,Departmental Business
London,NIL RETURN,1 day,NIL RETURN,4.00,2018-04-27,Richard Judge,Standard,Rail,NIL RETURN,Departmental Business
Ashbridge/Liverpool,91.00,3 days,NIL RETURN,220.00,2018-04-30,Richard Judge,Standard,Rail,NIL RETURN,Departmental Business
London,NIL RETURN,1 day,NIL RETURN,4.80,2018-05-09,Richard Judge,Standard,Rail,NIL RETURN,Departmental Business
Liverpool,294.25,3 days,NIL RETURN,396.90,2018-05-14,Richard Judge,Standard,Rail,NIL RETURN,Departmental Business
London,135.00,2 days,NIL RETURN,144.30,2018-05-22,Richard Judge,Standard,Rail,NIL RETURN,Departmental Business
London,NIL RETURN,1 day,NIL RETURN,4.00,2018-05-24,Richard Judge,Standard,Rail,NIL RETURN,Departmental Business
London,NIL RETURN,1 day,NIL RETURN,4.00,2018-05-29,Richard Judge,Standard,Rail,NIL RETURN,Departmental Business
Aberdeen/Glasgow,289.00,4 days,NIL RETURN,611.48,2018-06-04,Richard Judge,Economy,Rail,NIL RETURN,Departmental Business
Buxton,10.85,2 days,NIL RETURN,90.95,2018-06-11,Richard Judge,Standard,Rail,NIL RETURN,Departmental Business
Bootle,117.10,2 days,NIL RETURN,221.15,2018-06-12,Richard Judge,NIL RETURN,Rail,NIL RETURN,Departmental Business
Basingstoke,5.00,2 days,NIL RETURN,84.60,2018-06-14,Richard Judge,Standard,Rail,NIL RETURN,Departmental Business
,,,,,,,,,,
London,117.30,2 days,NIL RETURN,154.90,2018-06-17,David Snowball,Standard,Rail,NIL RETURN,Departmental Business
Cardiff,42.00,3 days,NIL RETURN,234.60,2018-06-18,David Snowball,Standard,Rail,NIL RETURN,Departmental Business
London,13.87,1 day,NIL RETURN,219.57,2018-06-28,David Snowball,Standard,Rail,NIL RETURN,Departmental Business
