Name of Official,Mode of travel, Base Sales including tax ,Destination,Class of travel
Michael Anderson ,Hotel Accommodation,ÃÂ£160.00,London,
Philip Duffy ,Air travel Domestic,ÃÂ£189.06,London Heathrow,Economy
Mark Sedwill ,Taxi Official Travel,ÃÂ£19.36,London,
Paul Lincoln,Air travel Domestic,,Washington,Business 
Mary Calam,Rail,ÃÂ£88.52,Birmingham New St,Standard
Michael Anderson ,Taxi Official Travel,ÃÂ£8.35,London St Pancras,
Mary Calam,Rail,ÃÂ£7.77,Farnborough North,Standard
Peter Storr,International Rail (incl Eurostar),ÃÂ£111.57,Brussels Midi,Standard
Jeremy Oppenheim ,Air travel Domestic,"ÃÂ£4,627.85",Delhi,Business 
Michael Anderson ,Hotel Accommodation,ÃÂ£71.00,London Gatwick,
Mary Calam,Rail,ÃÂ£14.01,Guildford Station,Standard
Peter Storr,Air travel Domestic,"ÃÂ£1,080.69",London Heathrow,Business 
Michael Anderson ,Hotel Accommodation,ÃÂ£125.00,London ,
Mandie Campbell ,Rail/Tube & Bus,ÃÂ£14.15,London,Standard
Michael Anderson ,Hotel Accommodation,ÃÂ£130.50,Cambridge,
Name of Official,Mode of travel, Base Sales including tax ,Destination,Class of travel
Mary Calam,Taxi Official Travel,ÃÂ£7.00,London,
Peter Storr,Hotel Accommodation,ÃÂ£169.65,Krakow,
Michael Anderson ,Rail,ÃÂ£96.98,Peterborough,Standard
Mary Calam,Taxi Official Travel,ÃÂ£5.00,London,
Michael Anderson ,Rail,ÃÂ£42.60,Heathrow Terminal 5,Standard
Mary Calam,Taxi Official Travel,ÃÂ£21.84,London,
Jeremy Oppenheim ,Hotel Accommodation,ÃÂ£327.79,Ottawa,Room
Jeremy Oppenheim ,Taxi Official Travel,ÃÂ£8.08,Ottawa,
Michael Anderson ,Air travel Domestic,ÃÂ£276.00,Paris,Business
Mandie Campbell ,Rail,ÃÂ£36.55,London Euston,Standard
Michael Parsons,Rail,ÃÂ£13.04,London Zones 1-4,Standard
Peter Storr,International Rail (incl Eurostar),ÃÂ£146.78,London St Pancras,Standard
Michael Anderson ,Air travel Domestic,"ÃÂ£4,675.45",Washington,Business
Stephen Phipson ,Hotel Accommodation,ÃÂ£291.39,Saudi,
Mandie Campbell ,Taxi Official Travel,ÃÂ£25.00,London,
Mary Calam,Rail,ÃÂ£14.01,Guildford Station,Standard
Kevin White,Rail,ÃÂ£79.98,Leeds,Standard
Mark Sedwill ,Standard Mileage Private Car,ÃÂ£63.60,London,
Mark Sedwill ,Air travel Domestic,ÃÂ£47.36,Bristol,Economy
Stephen Phipson ,Hotel Accommodation,ÃÂ£223.61,Doha,
Alan Pratt ,Taxi Official Travel,ÃÂ£9.94,Doha,
Stephen Phipson ,Air travel Domestic,"ÃÂ£3,272.67",Riyadh,Business 
Michael Anderson ,Rail,ÃÂ£205.50,London Kings Cross,Business
Richard Clarke,Hotel Accommodation,ÃÂ£140.25,Brussels,
Mark Sedwill ,Rail,ÃÂ£13.73,Clapham Junction,Standard
Michael Parsons,Rail,ÃÂ£11.18,Watford Junction,Standard
Mandie Campbell ,Rail,ÃÂ£78.71,London Euston,Standard
Jeremy Oppenheim ,Taxi Official Travel,ÃÂ£21.56,Ottowa Airport,
Mary Calam,Taxi Official Travel,ÃÂ£19.00,London,
Michael Parsons,Rail,ÃÂ£138.03,Liverpool Lime Street,Standard
Paul Lincoln,Rail,"ÃÂ£4,946.27",Heathrow Terminal 5,Standard
Stephen Phipson ,Air travel Domestic,ÃÂ£553.40,Doha,Economy
Jeremy Oppenheim ,Air travel Domestic,"ÃÂ£4,144.67",Ottawa,Economy
Peter Storr,International Rail (incl Eurostar),ÃÂ£114.58,London St Pancras,Standard
Mandie Campbell ,Hotel Accommodation,ÃÂ£79.03,Manchester,
Mandie Campbell ,Rail,ÃÂ£78.71,Manchester Airport,Standard
Michael Anderson ,Rail,ÃÂ£25.18,Sheffield,Standard
Peter Storr,Air travel Domestic,ÃÂ£973.71,Athens,Business 
Mary Calam,Rail,ÃÂ£38.50,Barrow-In-Furness,Standard
Mark Sedwill ,Hotel Accommodation,ÃÂ£61.93,Edinburgh,
,,,,
Mark Sedwill ,Rail,ÃÂ£28.18,Winchester,Standard
Mark Sedwill ,Rail,ÃÂ£41.94,Heathrow Terminal 5,Standard
