"Total cost, including all visas, accommodation, travel, meals etc. (£)",Total Cost of Use of Official Secure Car,Class of travel,Duration of Visit (Days),Accomodation/Meals,Mode of transport,"Name (Firstname, Surname)",Destination,Start date of trip (DD/MM/YYYY),Other (including hospitality given),Purpose of trip
£293.30,,standard ,3 days ,£154.20,Rail,Robert Devereux, Telford / Bradford ,2017-10-11,Nil return,Departmental Business 
£125.60,,standard ,2 days ,£81.60,Rail,Robert Devereux,Norwich ,2017-10-19,Nil return,Departmental Business 
£256.20,,standard ,2 days ,£160.60,Rail,Robert Devereux,Newcastle ,2017-10-25,Nil return,Departmental Business 
£213.00,,standard ,2 days ,£68.60,Rail,Robert Devereux,Nottingham,2017-11-02,Nil return,Departmental Business 
£262.60,,standard ,2 days ,£74.60,Rail,Robert Devereux,Wigan ,2017-11-08,Nil return,Departmental Business 
£248.10,,standard ,2 day ,£64.60,Rail,Robert Devereux,Liverpool,2017-11-20,Nil return,Departmental Business 
£36.10,,standard ,1 days ,Nil return,Rail,Robert Devereux,Hastings,2017-11-24,Nil return,Departmental Business 
£216.00,,standard ,2 days ,£80.60,Rail,Robert Devereux,Edinburgh/ Dundee/Glasgow ,2017-11-30,Nil return,Departmental Business 
£28.85,,standard ,1 day ,Nil return,Rail,Robert Devereux,Folkstone,2017-12-05,Nil return,Departmental Business 
£28.00,,standard ,1 day ,Nil return,Rail,Robert Devereux,Stansted Airport,2017-12-08,Nil return,Departmental Business 
£39.40,,standard ,1 day ,Nil return,Rail,Robert Devereux,Canterbury ,2017-12-11,Nil return,Departmental Business 
,,,,,,,,,,
£217.60,,Standard,2 days ,£76.20,rail ,Debbie Alder,Sheffield,2017-10-11,Nil return,Departmental Business
£176.48,,Standard,1 day,£10.18,rail ,Debbie Alder,Newport ,2017-11-08,Nil return,DWP Wales Awards
£82.45,,Standard,1 day ,Nil return,rail ,Debbie Alder,Coventry,2017-11-24,Nil return,Departmental Business
£128.00,,Standard,1 day,Nil return,rail ,Debbie Alder,Sheffield ,2017-11-29,Nil return,DWP Gender Diversity Event
£241.60,,Standard,2 day,£95.60,rail ,Debbie Alder,Sheffield,2017-12-05,Nil return,Departmental Business
£127.50,,Standard,1 day ,Nil return,rail ,Debbie Alder,Taunton ,2017-12-08,Nil return,Departmental Business
,,,,,,,,,,
£67.59,,Standard,1 day ,Nil return,car/rail ,Neil Couling,Hove,2017-10-04,Nil return,Departmental Business
£502.59,,Standard,2 days ,£85.59,rail / taxi ,Neil Couling,Peel park,2017-10-05,Nil return,Departmental Business
£340.26,,Standard,2 days ,£94.76,rail ,Neil Couling,Sheffield,2017-10-12,Nil return,Departmental Business
£92.62,,Car Hire,1 day ,£4.00,car hire ,Neil Couling,Bristol,2017-10-26,Nil return,Equality Champions Conference
£12.30,,Standard,1 day ,Nil return,Rail,Neil Couling,London E14,2017-10-31,Nil return,Race Equality Awards
£434.84,,Standard,1 day ,£3.80,Flight/Taxi/car,Neil Couling,Newcastle,2017-11-03,Nil return,Departmental Business
£96.10,,Car Hire,1 day ,Nil return,Hire Car ,Neil Couling,Birmingham,2017-11-07,Nil return,Departmental Business
£12.30,,Standard,1 day ,Nil return,Rail,Neil Couling,Hounslow,2017-11-10,Nil return,Departmental Business
£12.30,,Standard,1 day ,Nil return,rail,Neil Couling,Hammersmith,2017-11-16,Nil return,Departmental Business
£368.94,,Standard,2 days,£91.60,Flight/tube/taxi & own car,Neil Couling,Belfast ,2017-11-23,Nil return,Departmental Business
£432.05,,Standard,2 days ,£5.00,Flight/taxi/Car,Neil Couling,Glasgow ,2017-11-28,Nil return,Departmental Business
£29.40,,Standard,1 day ,Nil return,rail,Neil Couling,Harlow,2017-11-29,Nil return,Departmental Business
£82.99,,Car Hire,1 day ,Nil return,hire car ,Neil Couling,Oxford,2017-12-06,Nil return,Departmental Business
£167.30,,Standard,1 day ,Nil return,rail,Neil Couling,Wolverhampton ,2017-12-08,Nil return,Departmental Business
£12.30,,Standard,1 day ,Nil return,rail,Neil Couling,London ,2017-12-13,Nil return,Departmental Business
,,,,,,,,,,
£410.95,,standard,3 days ,£171.05,rail ,Andrew Rhodes,Blackpool,2017-10-02,Nil return,Departmental Business
£282.12,,standard,2 days ,£86.82,rail ,Andrew Rhodes,Birmingham ,2017-11-14,Nil return,Departmental Business
£200.19,,standard,2 days ,£29.34,rail ,Andrew Rhodes,Liverpool ,2017-11-20,Nil return,Departmental Business
,,,,,,,,,,
£96.10,,standard,1 day ,Nil return,rail,Jonathan Mills,Leeds ,2017-10-05,Nil return,Departmental Business
£96.00,,standard,1 day ,Nil return,rail,Jonathan Mills,Newcastle ,2017-10-25,Nil return,Departmental Business
£99.00,,standard,1 day ,Nil return,rail,Jonathan Mills,Leeds ,2017-11-08,Nil return,Departmental Business
£123.00,,standard,1 day ,Nil return,rail,Jonathan Mills,Sheffield,2017-12-14,Nil return,Departmental Business
£99.00,,standard,1 day ,Nil return,rail,Jonathan Mills,Leeds ,2017-12-20,Nil return,Departmental Business
,,,,,,,,,,
£120.55,,Standard,1 day ,Nil return,Rail,Peter Schofield ,Birmingham ,2017-10-12,Nil return,Departmental Business
£217.05,,Standard,2 days ,£89.50,Rail,Peter Schofield ,Manchester ,2017-11-08,Nil return,Departmental Business
£186.95,,Standard,1 day ,Nil return,Rail,Peter Schofield ,Manchester ,2017-11-23,Nil return,Departmental Business
£38.40,,Standard,1 day ,Nil return,Rail,Peter Schofield ,Berkhamsted,2017-12-01,Nil return,Departmental Business
,,,,,,,,,,
£282.15,,Standard,2 days ,£93.20,Rail,Mayank Prakash ,Warrington ,2017-10-05,Nil return,Departmental Business
"£3,905.83",,Business,8 days ,Nil return,Air,Mayank Prakash ,San Franscisco,2017-10-14,Nil return,Training
£189.60,,Standard,2 days ,£72.60,rail,Mayank Prakash ,Newcastle,2017-11-02,Nil return,Departmental Business
£248.60,,Standard,2 days ,£63.60,rail,Mayank Prakash ,Leeds ,2017-11-09,Nil return,Departmental Business
£109.00,,Standard,1 days ,Nil return,rail ,Mayank Prakash ,Newcastle ,2017-11-20,Nil return,Departmental Business
£193.60,,Standard,2 day ,£78.60,rail ,Mayank Prakash ,Leeds ,2017-11-23,Nil return,Departmental Business
£302.90,,Standard,3 days ,£184.10,rail,Mayank Prakash ,Sheffield/ Blackpool,2018-11-29,Nil return,Departmental Business
£130.10,,Standard,1 day ,Nil return,rail ,Mayank Prakash ,Leeds ,2017-12-08,Nil return,Departmental Business
£249.55,,Standard,2 days ,£92.60,rail,Mayank Prakash ,Manchester ,2017-12-12,Nil return,Departmental Business
,,,,,,,,,,
£18.90,,standard,1 day ,Nil return,rail ,Susan Park,London,2017-10-01,Nil return,Departmental Business
£360.04,,standard,2 days ,£106.99,Rail,Susan Park,Blackpool,2017-10-03,Nil return,Departmental Business
£38.20,,standard,1 day ,£4.30,rail,Susan Park,Glasgow ,2017-10-13,Nil return,Departmental Business
£58.20,,standard,1 day ,£5.00,Rail ,Susan Park,Ashford ,2017-10-27,Nil return,Departmental Business
£211.00,,standard,1 day ,Nil return,Rail ,Susan Park,Leeds ,2017-11-02,Nil return,Departmental Business
£246.43,,standard,2 days ,£89.60,Air / Rail,Susan Park,Glasgow,2017-11-13,Nil return,Departmental Business
£427.77,,standard,3 days ,£159.37,Rail,Susan Park,Liverpool,2017-11-20,Nil return,Departmental Business
£206.65,,standard,2 days ,£192.55,rail,Susan Park,Birmingham ,2017-11-23,Nil return,Departmental Business
£157.99,,standard,2 days ,£100.09,rail,Susan Park,York ,2017-11-27,Nil return,Departmental Business
£284.20,,standard,2 days ,£118.40,rail,Susan Park,Bath,2017-11-29,Nil return,Departmental Business
£57.70,,standard,1 day ,£4.50,rail,Susan Park,Ashford ,2017-12-01,Nil return,Departmental Business
£282.60,,standard,3 days ,£3.94,Air / Rail,Susan Park,Tallinn Estonia ,2017-12-06,Nil return,Departmental Business
£236.89,,standard,2 days ,£109.89,rail ,Susan Park,Birmingham ,2017-12-14,Nil return,Departmental Business
,,,,,,,,,,
£397.37,,Standard,3 days,£286.97,Rail,Richard Judge,Liverpool,2017-10-03,Nil return,Departmental Business
£81.60,,Standard,1 day,£6.00,Car,Richard Judge,Bristol,2017-10-06,Nil return,Departmental Business
£33.54,,Standard,1 day,£4.34,Car,Richard Judge,Plymouth,2017-10-09,Nil return,Departmental Business
£193.30,,Standard,2 days,£99.30,Rail,Richard Judge,London/ Liverpool,2017-10-10,Nil return,Departmental Business
£288.50,,Standard,3 days,£179.00,Rail,Richard Judge,Bedford/ Buxton,2017-10-17,Nil return,Departmental Business
£418.50,,Standard,3 days,£200.45,Rail,Richard Judge,Oxted/ Liverpool/ London,2017-10-30,Nil return,Departmental Business
£296.85,,Standard,2 days,£111.45,Rail,Richard Judge,London/ Liverpool/Buxton,2017-11-07,Nil return,Departmental Business
£414.55,,Standard,4 days,£236.15,Rail,Richard Judge,Carlisle/ Newcastle/ Leeds,2017-11-14,Nil return,Departmental Business
£248.50,,Standard,3 days,£107.00,Rail,Richard Judge,Birmingham/ Liverpool,2017-11-18,Nil return,Departmental Business
£468.45,,Standard,3 days,£293.85,Rail,Richard Judge,Liverpool/Manchester/Leeds,2017-11-27,Nil return,Departmental Business
£2.75,,Standard,1 day,,Rail,Richard Judge,London,2017-12-04,Nil return,Departmental Business
£301.76,,Standard,1 day,£128.16,Rail,Richard Judge,London/ Nottingham/ Norwich,2017-12-05,Nil return,Departmental Business
£71.10,,Standard,1 day,Nil return,Car,Richard Judge,Bristol,2017-12-08,Nil return,Departmental Business
£283.55,,Standard,3 days,£186.05,Rail,Richard Judge,London/ Liverpool,2017-12-12,Nil return,Departmental Business
£195.40,,Standard,2 days,£101.00,Rail,Richard Judge,Birmingham/ Liverpool,2017-12-18,Nil return,Departmental Business
,,,,,,,,,,
£51.30,,standard ,1 day ,Nil return,rail/taxi ,Sara Weller,London ,2017-10-03,Nil return,Departmental Business
£1.50,,standard ,1 day ,Nil return,bus,Sara Weller,London ,2017-10-12,Nil return,Departmental Business
£1.50,,standard ,1 day ,Nil return,bus,Sara Weller,London ,2017-10-17,Nil return,Departmental Business
£19.76,,standard ,1 day ,Nil return,taxi ,Sara Weller,London ,2017-10-18,Nil return,Departmental Business
£18.20,,standard ,1 day ,Nil return,taxi/tube ,Sara Weller,London ,2017-10-24,Nil return,Departmental Business
£44.80,,standard ,1 day ,Nil return,train/ bus,Sara Weller,London ,2017-10-27,Nil return,Departmental Business
£10.00,,standard ,1 day ,Nil return,taxi ,Sara Weller,London ,2017-11-01,Nil return,Departmental Business
£1.50,,standard ,1 day ,Nil return,bus ,Sara Weller,London ,2017-11-22,Nil return,Departmental Business
£42.70,,standard ,1 day ,Nil return,train/tube,Sara Weller,London ,2017-12-05,Nil return,Departmental Business
£41.80,,standard ,1 day ,Nil return,train/bus,Sara Weller,London ,2017-12-06,Nil return,Departmental Business
£45.10,,standard ,1 day ,Nil return,train/tube,Sara Weller,London ,2017-12-14,Nil return,Departmental Business
,,,,,,,,,,
£57.50,,Standard ,1 day,Nil return,Rail,Andrew Graham,London ,2017-10-18,Nil return,Departmental Business 
£41.35,,Standard ,1 day,Nil return,Rail,Andrew Graham,London ,2017-11-16,Nil return,Departmental Business 
,,,,,,,,,,
£132.35,,Standard,1 day,Nil return,Rail ,Martin Hagen,London ,2017-10-31,Nil return,Departmental Business 
£98.20,,Standard,1 day,Nil return,Rail ,Martin Hagen,London ,2017-11-16,Nil return,Departmental Business 
,,,,,,,,,,
£25.30,,standard ,1 day,Nil return,Rail,Hayley Tatum,London ,2017-12-06,Nil return,Departmental Business
,,,,,,,,,,
£97.00,,Standard,1 Day,£0.00,Rail,Robert Specterman-Green,Coventry,2017-11-22,,Departmental Business
,,,,,,,,,,
£25.00,,Standard,1 Day,£0.00,Rail,Richard Caseby,London,2017-10-20,,Departmental Business
,,,,,,,,,,
£4.00,,Standard,1 Day,,Rail,Ray Long,Newcastle,2017-10-05,,Departmental Business
£197.70,,Standard,1 Day,£65.00,Rail,Ray Long,Newcastle,2017-10-22,,Departmental Business
£4.00,,Standard,1 Day,,Rail,Ray Long,Newcastle,2017-10-23,,Departmental Business
£278.85,,Standard,2 Days,£130.00,Rail,Ray Long,Newcastle,2017-11-06,,Departmental Business
£283.00,,Standard,2 Days,£130.00,,Ray Long,Newcastle,2017-11-13,,Departmental Business
£4.00,,Standard,1 Day,,Rail,Ray Long,Newcastle,2017-11-15,,Departmental Business
£144.65,,Standard ,1 Day,,Rail / Taxi ,Ray Long,Preston,2017-11-20,,Departmental Business
£225.05,,Standard ,1 Day,£89.00,Rail / Taxi ,Ray Long,Plymouth,2017-11-27,,Departmental Business
£72.50,,Standard ,1 Day,,Rail / Taxi ,Ray Long,Reading,2017-11-28,,Departmental Business
£270.70,,Standard,2 Days,£130.00,Rail,Ray Long,Newcastle,2017-12-03,,Departmental Business
£201.70,,Standard,1 Day,£69.00,Rail,Ray Long,Newcastle,2017-12-10,,Departmental Business
£261.00,,Standard ,2 Days,£178.00,Rail / Taxi ,Ray Long,Manchester/Oldham,2017-12-11,,Departmental Business
£83.90,,Standard,1 Day,,Rail,Ray Long,"Euston, London",2017-12-13,,Departmental Business
£197.90,,Standard,1 Day,£65.00,Rail,Ray Long,Newcastle,2017-12-17,,Departmental Business
,,,,,,,,,,
£101.00,,Standard,1 Day,,Rail,Juan Villamil,Sheffield ,2017-10-09,,Departmental Business
£51.00,,Standard,1 Day,,Rail,Juan Villamil,London ,2017-10-09,,Departmental Business
£68.40,,Standard,1 Day,,Rail,Juan Villamil,Oxford,2017-10-12,,Departmental Business
£78.50,,Standard,1 Day,,Rail,Juan Villamil,Sheffield ,2017-11-01,,Departmental Business
£312.00,,Standard,1 Day,,Rail,Juan Villamil,Birchwood ,2017-11-02,,Departmental Business
£350.00,,Standard,1 Day,,Rail,Juan Villamil,Blackpool ,2017-11-08,,Departmental Business
£116.10,,Standard,1 Day,,Rail,Juan Villamil,Leeds,2017-11-23,,Departmental Business
£146.00,,Standard ,1 Day,£5.00,Rail / Car ,Juan Villamil,Sheffield ,2017-11-29,,Departmental Business
£194.00,,Standard ,1 Day,,Rail / Car,Juan Villamil,Warrington ,2017-11-30,,Departmental Business
£219.60,,Standard ,1 Day,£90.60,Rail,Juan Villamil,Warrington,2017-12-06,,Departmental Business
£432.60,,Standard,1 Day,£80.60,Rail,Juan Villamil,Blackpool ,2017-12-07,,Departmental Business
£178.50,,Standard,1  Day,,Rail,Juan Villamil,London ,2017-12-08,,Departmental Business
£276.74,,Standard,2 Days,£98.60,Rail,Juan Villamil,Manchester,2017-12-12,,Departmental Business
,,,,,,,,,,
£28.40,,,1 Day,,Car,Kenny Robertson,Blackpool,2017-10-03,,Departmental Business
£341.00,,Standard,1 Day,£5.00,Rail,Kenny Robertson,London,2017-10-04,,Departmental Business
£47.95,,Standard,1 Day,£8.45,Rail,Kenny Robertson,Manchester,2017-10-18,,Departmental Business
£28.23,,,1 Day,,Car,Kenny Robertson,Liverpool,2017-10-31,,Departmental Business
£31.77,,,1 Day,,Car,Kenny Robertson,Blackpool,2017-11-03,,Departmental Business
£60.99,,Standard,1 Day,£28.45,Rail,Kenny Robertson,Leeds,2017-11-07,,Departmental Business
£336.00,,Standard,1 Day,,Rail,Kenny Robertson,London,2017-11-09,,Departmental Business
£43.31,,,1 Day,,Car,Kenny Robertson,Newcastle,2017-11-12,,Departmental Business
£39.50,,Standard,1 Day,,Rail,Kenny Robertson,Leeds,2017-11-23,,Departmental Business
£324.00,,Standard,1 Day,,Rail,Kenny Robertson,London,2017-12-14,,Departmental Business
,,,,,,,,,,
£736,,Standard,4 Days,£417,Rail,Craig Eblett,London,2017-10-02,,Departmental Business 
£460.40,,Standard,2 days,£141.40,Rail,Craig Eblett,London,2017-10-11,,Departmental Business 
£210.90,,Standard,1 Day,£91.30,Rail,Craig Eblett,Newbury,2017-10-12,,Departmental Business 
£469.90,,Standard,2 Days,£138,Rail,Craig Eblett,London,2017-10-18,,Departmental Business 
£87.11,,,1 Day,£5.00,Hire Car,Craig Eblett,Stockport,2017-10-23,,Departmental Business 
£350.06,,Standard,2 Days,£18.16,Rail,Craig Eblett,London,2017-10-24,,Departmental Business 
£23.40,,,1 Day,,Private Car,Craig Eblett,Newcastle ,2017-10-26,,Departmental Business 
£654.50,,Standard,2 Days,£341.60,Rail,Craig Eblett,London,2017-10-30,,Departmental Business 
£65.89,,Standard,1 Day,£6.89,Rail,Craig Eblett,Leeds,2017-11-23,,Departmental Business 
£6.30,,,1 Day,,Private Car,Craig Eblett,Newcastle ,2017-11-28,,Departmental Business 
£344.10,,Standard,1 Day,£5.00,Rail,Craig Eblett,London,2017-12-04,,Departmental Business 
£590.00,,Standard,2 Days,£290,Rail,Craig Eblett,London ,2017-12-13,,Departmental Business 
,,,,,,,,,,
,,,,,,,,,,
£687.25,,Standard ,2 Days,£44.00,Rail ,Paul Lodge,London /Cardiff,2017-10-04,,Departmental Business 
£897.00,,Standard ,1 Day,,Rail ,Paul Lodge,London ,2017-10-12,,Departmental Business 
£378.50,,Standard ,1 Day ,,Rail ,Paul Lodge,London ,2017-10-17,,Departmental Business 
£299.00,,Standard ,1 Day ,,Rail ,Paul Lodge,London ,2017-10-24,,Departmental Business 
£299.00,,Standard ,1 Day ,,Rail ,Paul Lodge,London ,2017-10-25,,Departmental Business 
£378.25,,Standard ,1 Day ,,Rail ,Paul Lodge,London,2017-11-01,,Departmental Business 
£299.00,,Standard ,1 Day ,,Rail ,Paul Lodge,London ,2017-11-14,,Departmental Business 
£241.50,,Standard ,2 Days,£125.00,Rail ,Paul Lodge,London ,2017-11-16,,Departmental Business 
£162.40,,Standard ,1 Day ,,Rail ,Paul Lodge,Leeds ,2017-11-22,,Departmental Business 
£371.90,,Standard ,1 Day ,,Rail ,Paul Lodge,Leeds ,2017-11-23,,Departmental Business 
£67.60,, Standard ,1 Day,,Rail ,Paul Lodge,Leeds ,2017-11-27,,Departmental Business 
£299.00,,Standard ,1 Day ,,Rail ,Paul Lodge,London ,2017-11-28,,Departmental Business 
£299.00,,Standard ,1 Day ,,Rail ,Paul Lodge,London ,2017-11-30,,Departmental Business 
£46.80,,Standard ,1 Day ,,Rail ,Paul Lodge,Leeds ,2017-12-04,,Departmental Business 
£214.00,,Standard ,1 Day ,,Rail ,Paul Lodge,Leeds ,2017-12-06,,Departmental Business 
£299.00,,Standard ,1 Day ,,Rail ,Paul Lodge,London ,2017-12-07,,Departmental Business 
£299.00,,Standard ,1 Day ,,Rail ,Paul Lodge,London ,2017-12-12,,Departmental Business 
£62.00,,Standard ,1 Day ,,Rail ,Paul Lodge,London ,2017-12-13,,Departmental Business 
£299.00,,Standard ,1 Day ,,Rail ,Paul Lodge,London ,2017-12-14,,Departmental Business 
,,,,,,,,,,
£499.70,, Standard,2 Days,£159.10,Rail,Simon McKinnon,Blackpool,2017-10-04,,Departmental Business
£168.00,, Standard,2 Days,£80.00,Rail,Simon McKinnon,Oxford/London,2017-10-11,,MPLA Event Attendance
£266.10,, Standard,2 Days,£75.60,Rail,Simon McKinnon,Leeds,2017-11-02,,Departmental Business
£262.00,,Standard,1 Day,,Rail,Simon McKinnon,Leeds,2017-11-23,,Departmental Business
£269.50,,Standard,1 Day,,Rail,Simon McKinnon,Leeds,2017-11-27,,Departmental Business
£291.09,,Standard,2 Days,£65.59,Rail,Simon McKinnon,Peel Park,2017-11-30,,Departmental Business
£289.20,,Standard,1 Day,,Rail,Simon McKinnon,Manchester,2017-12-13,,Departmental Business
£738.47,,Standard,4 Days,£251.25,Rail/ Hire Car,Simon McKinnon,Preston/Blackpool/Newcastle/ Leeds,2017-12-18,,Departmental Business
,,,,,,,,,,
£400.57,,Standard,1 Day,£70.07,Rail,Tamara Bruck,Liverpool,2017-11-20,,Departmental Business
£264.35,,Standard,1 Day,£5.45,Rail,Tamara Bruck,Manchester,2017-12-13,,Departmental Business
,,,,,,,,,,
£289.85,,Standard,1 Day,£110.55,Rail,Phill Wells,Leeds,2017-10-04,,Departmental Business
£293.00,,Standard,2 Days,£94.30,Rail,Phill Wells,Sheffield,2017-10-18,,Departmental Business
£277.10,,Standard,1 Day,£70.10,Rail,Phill Wells,Manchester,2017-11-08,,Departmental Business
£64.00,,,2 Days,,Car,Phill Wells,Ashridge,2017-11-22,,Leadership Event
,,,,,,,,,,
£251.15,,Standard,1 Day,£88.60,Rail,Charu Gorasia,Manchester,2017-11-08,,Departmental Business
£83.55,,Standard,1 Day,,Rail,Charu Gorasia,Birmingham,2017-11-21,,Departmental Business
£165.90,,Standard,1 Day,£8.95,Rail,Charu Gorasia,Manchester,2017-11-23,,Departmental Business
,,,,,,,,,,
£447.00,,Standard,3 Days,£284.20,Rail,Stuart Proud,London,2017-10-01,,Departmental Business
£283.40,,Standard,2 Days,£115.60,Rail,Stuart Proud,London,2017-10-09,,Departmental Business
£17.50,,,1 Day,,Car,Stuart Proud,Leeds,2017-10-11,,Departmental Business
£90.10,,Standard,1 Day,,Rail,Stuart Proud,Birmingham,2017-10-12,,Departmental Business
£18.00,,,1 Day,,Car,Stuart Proud,Warrington,2017-10-16,,Departmental Business
£76.30,,Standard,1 Day,,Rail,Stuart Proud,Newport,2017-10-17,,Visit to Shared Services Provider
£194.50,,Standard,1 Day,,Rail,Stuart Proud,London,2017-10-18,,Departmental Business
£17.50,,,1 Day,,Car,Stuart Proud,Leeds,2017-10-30,,Leading Target Operating Model workshop
£576.60,,Standard,2 Days,£120.60,Rail,Stuart Proud,London,2017-10-31,,Departmental Business
£237.00,,Standard,1 Day,,Rail,Stuart Proud,London,2017-11-03,,Departmental Business
£100.10,,Standard,1 Day,,Rail,Stuart Proud,Newcastle,2017-11-08,,Departmental Business
£288.10,,Standard,1 day,,Rail,Stuart Proud,London,2017-11-13,,Departmental Business
£149.80,,Standard,2 Days,£74.20,Rail,Stuart Proud,Birmingham,2017-11-15,,Departmental Business
£213.30,,Standard,1 Day,£213.30,Rail,Stuart Proud,London,2017-11-30,,Departmental Business
£297.00,,Standard,1 Day,£297.00,Rail,Stuart Proud,London,2017-12-04,,Departmental Business
£458.60,,Standard,2 Days,£338.00,Rail,Stuart Proud,London,2017-12-06,,Departmental Business
£317.50,,Standard,1 Day,£317.50,Rail,Stuart Proud,London,2017-12-14,,Departmental Business
,,,,,,,,,,
£517.70,,Standard,2 Days,£153.50,Car/Rail,Steve Buckingham,London,2017-10-03,,Departmental Business
£324.00,,Standard,1 Day,£20.00,Car/Rail,Steve Buckingham,London,2017-10-05,,Departmental Business
£477.20,,Standard,2 Days,£133.00,Car/Rail,Steve Buckingham,London,2017-10-10,,Departmental Business
£367.90,,Standard,1 Day,£5.00,Car/Rail,Steve Buckingham,London,2017-10-19,,Departmental Business
£146.63,,Standard,1 Day,,Rail/Air/Car,Steve Buckingham,Portsmouth,2017-10-20,,Navy Audit Committee
£678.09,,Standard,2 Days,,Car/Rail,Steve Buckingham,Warrington,2017-10-24,,Departmental Business
£184.60,,Standard,1 Day,,Car/Rail,Steve Buckingham,Leeds,2017-10-31,,Departmental Business
£538.25,,Standard,3 Days,£173.25,Car/Rail,Steve Buckingham,London,2017-11-01,,Departmental Business
£901.28,,Standard,3 Days,£217.28,Car/Rail,Steve Buckingham,Leeds/London/Manchester,2017-11-07,,Departmental Business
£488.70,,Standard,2 Days,£124.50,Car/Rail,Steve Buckingham,London,2017-11-13,,Departmental Business
£789.05,,Standard,2 Days,£139.85,Car/Rail,Steve Buckingham,London,2017-11-16,,Departmental Business
£126.90,,Standard,1 Day,,Car/Rail,Steve Buckingham,Manchester,2017-11-23,,Departmental Business
£104.40,,Standard,1 Day,,Car/Rail,Steve Buckingham,Leeds,2017-11-27,,Departmental Business
£83.82,,Standard,1 Day,,Car,Steve Buckingham,Oldham,2017-11-28,,Departmental Business
£155.60,,Standard,1 Day,,Car/Rail,Steve Buckingham,Sheffield,2017-11-29,,Departmental Business
£182.70,,Standard,2 Days,,Car/Rail,Steve Buckingham,Sheffield/London,2017-12-06,,Departmental Business
£200.83,,Standard,1 Day,,Rail/Air/Car,Steve Buckingham,Portsmouth,2017-12-08,,Navy Audit Committee
£81.20,,Standard,1 Day,,Car/Rail,Steve Buckingham,Leeds,2017-12-18,,Departmental Business
£418.60,,Standard,1 Day,,Car/Rail,Steve Buckingham,Birmingham,2017-12-19,,Departmental Business
,,,,,,,,,,
£255.75,,Standard ,2 Days,£78.33,Rail ,Lorraine Jainudeen,Blackpool ,2017-10-03,,Departmental Business 
£263.60,,Standard ,2 Days,£75.60,Rail ,Lorraine Jainudeen,Sheffield ,2017-10-11,,Departmental Business 
£185.00,,Standard ,1 Day,,Rail ,Lorraine Jainudeen,Leeds ,2017-10-16,,Departmental Business 
£188.00,,Standard ,1 Day,,Rail ,Lorraine Jainudeen,Bristol ,2017-10-18,,Departmental Business 
£129.00,,Standard ,3 Days,,Rail ,Lorraine Jainudeen,Swindon,2017-10-31,,Business Acumen Course 
£383.14,,Standard ,3 Days,£45.89,Rail ,Lorraine Jainudeen,Liverpool ,2017-11-20,,Departmental Business 
£146.25,,Standard ,1 Day,£4.15,Rail ,Lorraine Jainudeen,Birmingham,2017-11-27,,Departmental Business 
£284.20,,Standard ,2 Days,£76.20,Rail ,Lorraine Jainudeen,Sheffield ,2017-12-05,,Departmental Business 
,,,,,,,,,,
£333.60,,Standard,2 Days,£144.00,Rail,Ian Pavey,London,2017-10-04,,Departmental Business
£97.35,,,2 Days,£90.35,Car,Ian Pavey,Sheffield,2017-10-11,,Departmental Business
£353.60,,Standard,2 Days,£164.00,Rail,Ian Pavey,London,2017-10-18,,Departmental Business
£181.10,,Standard,1 Day,,Rail,Ian Pavey,London,2017-10-25,,Departmental Business
£181.10,,Standard,1 Day,,Rail,Ian Pavey,London,2017-11-08,,Departmental Business
£189.60,,Standard,1 Day,,Rail,Ian Pavey,London,2017-11-13,,Departmental Business
£380.70,,Standard,2 Days,£170.00,Rail,Ian Pavey,London,2017-11-15,,Departmental Business
£181.10,,Standard,1 Day,,Rail,Ian Pavey,London,2017-11-22,,Departmental Business
£181.10,,Standard,1 Day,,Rail,Ian Pavey,London,2017-12-04,,Departmental Business
£120.50,,,2 Days,£95.00,Car,Ian Pavey,Sheffield,2017-12-06,,Departmental Business
£181.10,,Standard,1 Day,,Rail,Ian Pavey,London,2017-12-13,,Departmental Business
£206.30,,Standard,1 Day,,Rail,Ian Pavey,London,2017-12-20,,Departmental Business
,,,,,,,,,,
£228.50,,,1 Day,£87.22,Car,Jonathan Russell ,Leeds,2017-10-04,,Departmental Business
£229.02,,,1 Day,,Car,Jonathan Russell ,Sheffield,2017-10-11,,Departmental Business
£190.71,,,1 Day,£82.50,Car,Jonathan Russell ,Leeds,2017-10-17,,Departmental Business
£217.78,,,1 Day,,Car,Jonathan Russell ,Sheffield/Leeds,2017-11-06,,Departmental Business
£256.10,,Standard,1 Day,£65.50,Rail,Jonathan Russell ,Preston,2017-11-16,,Departmental Business
£135.89,,,1 Day,,Car,Jonathan Russell ,Bishops Stortford,2017-11-16,,Departmental Business
£318.00,,Standard,1 Day,,Rail,Jonathan Russell ,Liverpool,2017-11-21,,Departmental Business
£107.08,,,1 Day,£69.00,Car,Jonathan Russell ,Leeds,2017-11-23,,Departmental Business
£143.25,,Standard,1 Day,£85.35,Rail,Jonathan Russell ,Newcastle,2017-11-28,,Departmental Business
£186.10,,,1 Day,£75.60,Car,Jonathan Russell ,Leeds,2017-11-28,,Departmental Business
£175.20,,Standard,1 Day,,Rail,Jonathan Russell ,London,2019-11-29,,Departmental Business
£8.45,,,1 Day,,Car,Jonathan Russell ,Leeds,2017-12-06,,Departmental Business
£191.60,,Standard,1 Day,£69.60,Rail ,Jonathan Russell ,Leeds,2017-12-20,,Departmental Business
,,,,,,,,,,
£320.60,,Standard,2 Days,£125.60,Rail,Julie Pinder,London,2017-10-04,,Departmental Business
£445.60,,Standard,3 Days,£250.60,Rail,Julie Pinder,London,2017-10-23,,Departmental Business
£320.60,,Standard,2 Days,£125.60,Rail,Julie Pinder,London,2017-11-01,,Departmental Business
£586.53,,Standard,3 Days,£384.53,Rail,Julie Pinder,London,2017-11-06,,Departmental Business
£307.63,,Standard,2 Days,£101.13,Rail,Julie Pinder,London,2017-11-16,,Depatmental Business
£451.20,,Standard,3 Days,£256.20,Rail,Julie Pinder,London,2017-11-22,,Departmental Business
£195.00,,Standard,1 Day,,Rail,Julie Pinder,London,2017-11-30,,Departmental Business
£126.80,,Standard,1 Day,,Rail,Julie Pinder,Coventry,2017-11-24,,Departmental Business
£195.00,,Standard,1 Day,,Rail,Julie Pinder,London,2017-12-14,,Departmental Business
,,,,,,,,,,
 £422 ,,Standard ,2 Days, £283.70 ,Air/car/train/Bus,Denise Horsfall,London,2017-10-03,,Departmental Business
 £561.96 ,,Economy,1 Day, £90.64 ,Air/Car ,Denise Horsfall,Shetland,2017-10-05,,Departmental Business
 £43.20 ,,,1 Day,,Car ,Denise Horsfall,Glasgow,2017-10-09,,Departmental Business
 £108.17 ,,,1 Day, £8.17 ,Car ,Denise Horsfall,Leeds,2017-10-10,,Departmental Business
 £5.75 ,,,1 Day,,Car ,Denise Horsfall,Scottish Parliament - Edinburgh,2017-10-12,,Departmental Business
 £38.70 ,,,1 Day,,Car ,Denise Horsfall,Glasgow,2017-10-17,,Departmental Business
 £38.70 ,,,1 Day,,Car ,Denise Horsfall,Glasgow,2017-10-18,,Departmental Business
 £452.88 ,,Economy,1 Day, £5.00 ,Air,Denise Horsfall,Kirkwall (Orkney),2017-10-20,,Departmental Business
 £692.97 ,,Economy,2 Days, £285.44 ,Air,Denise Horsfall,London,2017-10-23,,Departmental Business
 £29.70 ,,,1 Day,,Car,Denise Horsfall,Eyemouth,2017-10-27,,Departmental Business
 £38.70 ,,,1 Day,,Car ,Denise Horsfall,Glasgow,2017-10-30,,Departmental Business
 £38.70 ,,,1 Day,,Car,Denise Horsfall,Glasgow,2017-10-31,,Departmental Business
 £20.70 ,,,1 Day,,Car ,Denise Horsfall,Hamilton,2017-11-03,,Departmental Business
 £41.40 ,,,1 Day,,Car,Denise Horsfall,Glasgow - Laurieston,2017-11-07,,Departmental Business
 £38.70 ,,,1 Day,,Car,Denise Horsfall,Glasgow,2017-11-08,,Departmental Business
 £271.58 ,,Standard,2 Days, £150.13 ,Car/ Train/ Taxi,Denise Horsfall,Liverpool,2017-11-20,,Departmental Business
 £38.70 ,,,1 Day,,Car,Denise Horsfall,Glasgow,2017-10-23,,Departmental Business
 £141.60 ,,,1 Day, £114.60 ,Car,Denise Horsfall,Dundee,2017-11-27,,Departmental Business
 £497.04 ,,Standard,2 Days, £148.17 ,Air/ Car ,Denise Horsfall,London,2017-11-28,,Departmental Business
 £22.50 ,,,1 Day,,Car,Denise Horsfall,Falkirk ,2017-11-30,,Departmental Business
 £47.00 ,,,1 Day,,Car,Denise Horsfall,Kilmarnock,2017-12-04,,Departmental Business
 £41.40 ,,,1 Day,,Car,Denise Horsfall,Glasgow - Laurieston,2017-12-05,,Departmental Business
 £137.07 ,,,2 Days, £93.94 ,Car,Denise Horsfall,Ayr,2017-12-06,,Departmental Business
 £38.70 ,,,1 Day,,Car,Denise Horsfall,Glasgow,2017-12-08,,Departmental Business
 £38.70 ,,,1 Day,,Car,Denise Horsfall,Glasgow,2017-12-11,,Departmental Business
 £35.25 ,,,1 Day,,Car,Denise Horsfall,Glasgow - Laurieston,2017-12-12,,Departmental Business
 £938.22 ,,Standard ,4 Days, £458.69 ,Air/ Train,Denise Horsfall,London,2017-12-17,,Departmental Business
 £38.70 ,,,1 Day,,Car,Denise Horsfall,Glasgow ,2017-12-22,,Departmental Business
,,,,,,,,,,
£196.50,,Standard,1 Day,,Rail,Karen Gosden,London,2017-10-04,,Departmental Business
£62.97,,,1 Day,,Hire Car,Karen Gosden,Wrexham ,2017-10-05,,Departmental Business
£119.28,,,1 Day,£61.20,Hire Car,Karen Gosden,Port Talbot/Porthcawl ,2017-10-09,,Departmental Business
£42.32,,,1 Day,,Hire car ,Karen Gosden,Cwmbran,2017-10-10,,Departmental Business
£40.49,,,1 Day,,Hire Car,Karen Gosden,Walsall,2017-10-11,,Departmental Business
£505.10,,Standard,2 Days,£300.60,Rail,Karen Gosden,London,2017-10-16,,Departmental Business
£188.50,,Standard,1 Day,,Rail,Karen Gosden,London,2017-10-18,,Departmental Business
£141.00,,Standard,1 Day,,Rail,Karen Gosden,London,2017-10-19,,Departmental Business
£44.10,,,1 Day,,Car,Karen Gosden,Birmingham,2017-10-27,,Departmental Business
£89.60,,,1 Day,£60.20,Car,Karen Gosden,Norwich ,2017-10-30,,Departmental Business
£69.25,,,1 Day,,Car,Karen Gosden,Beccles/Thetford/Bury St Edmunds,2017-10-31,,Departmental Business
£188.50,,Standard,1 Day,,Rail,Karen Gosden,London,2017-11-01,,Departmental Business
£186.50,,Standard,1 Day,£60.20, Rail,Karen Gosden,Glasgow,2017-11-06,,Departmental Business
£22.20,,,1 Day,,Car,Karen Gosden,Nuneaton,2017-11-08,,Departmental Business
£283.50,,Standard,1 Day,,Rail,Karen Gosden,London,2017-11-09,,Departmental Business
£189.10,,Standard,1 Day,,Rail,Karen Gosden,London,2017-11-13,,Departmental Business
£97.12,,,1 Day,,Hire Car,Karen Gosden,Wrexham/Bangor/Caernarfon ,2017-11-14,,Departmental Business
£188.50,,Standard,1 Day,,Rail,Karen Gosden,London,2017-11-17,,Departmental Business
£190.90,,Standard,1 Day,,Rail,Karen Gosden,London,2017-11-20,,Departmental Business
£136.56,,Standard,1 Day,£64.60,Car/Rail,Karen Gosden,Liverpool,2017-11-21,,Departmental Business
£70.00,,Standard,1 Day,,Car/Rail,Karen Gosden,Birkenhead ,2017-11-22,,Departmental Business
£31.60,,Standard,1 Day,,Rail,Karen Gosden,Birmingham,2017-11-28,,Departmental Business
£136.40,,Standard,1 Day,,Rail,Karen Gosden,London,2017-11-29,,Departmental Business
£26.80,,Standard,1 Day,,Rail,Karen Gosden,Birmingham,2017-11-30,,Departmental Business
£189.10,,Standard,1 Day,,Rail,Karen Gosden,London,2017-12-04,,Departmental Business
£175.80,,Standard,2 Days,£79.60,Rail/Taxi,Karen Gosden,Cardiff,2017-12-05,,Departmental Business
£26.00,,Standard,1 Day,,Rail,Karen Gosden,Birmingham,2017-12-07,,Departmental Business
£189.60,,Standard,1 Day,,Rail,Karen Gosden,London,2017-12-11,,Departmental Business
£132.50,,Standard,1 Day,,Rail,Karen Gosden,London,2017-12-13,,Departmental Business
£188.50,,Standard,1 Day,,Rail,Karen Gosden,London,2017-12-19,,Departmental Business
,,,,,,,,,,
£98.90,,Standard,1 Day,£5.00,Train/taxi,Colin Stewart,Thornaby,2017-10-03,,Departmental Business
£51.28,,,1Day,£4.00,Car,Colin Stewart,Leeds,2017-10-05,,Departmental Business
£38.75,,,1Day,£5.00,Car,Colin Stewart,Brighouse,2017-10-06,,Departmental Business
£61.10,,Standard,1 Day,£5.00,Train/taxi,Colin Stewart,Sheffield,2017-10-09,,Departmental Business
£223.60,,Standard,2 Days,£87.40,Train/taxi,Colin Stewart,Mcr-Middlesbro -Newcastle- Mcr,2017-10-12,,Departmental Business
£28.40,,,1 Day,£5.00,Car,Colin Stewart,Makerfield,2017-10-17,,Departmental Business
£104.60,,Standard,1 Day,£5.00,Train/taxi,Colin Stewart,Mcr - Leeds - sheffield - Mcr,2017-10-19,,Departmental Business
£9.86,,,1 Day,£3.56,Car,Colin Stewart,Stockport,2017-10-23,,Departmental Business
£469.78,,Standard,2 Days,£138.70,Train/taxi/Fares,Colin Stewart,London,2017-10-24,,Departmental Business
£72.55,,Standard,1 Day,£4.95,Train/taxi,Colin Stewart,Scunthorpe,2017-10-27,,Departmental Business
£60.50,,Standard,1 Day,,Train/taxi,Colin Stewart,Leeds,2017-11-02,,Departmental Business
£47.50,,,1 Day,£4.45,Car,Colin Stewart,Southport,2017-11-03,,Departmental Business
£239.56,,Standard,1 Day,£5.00,Air/Taxi,Colin Stewart,Glasgow,2017-11-07,,Departmental Business
£310.00,,Standard,1 Day,£5.00,Train/taxi,Colin Stewart,London,2017-11-09,,Departmental Business
£56.70,,Standard,1 Day,£5.00,Train/taxi,Colin Stewart,Barnsley,2017-11-14,,Departmental Business
£361.93,,Standard,2 Days,£136.13,Train/taxi,Colin Stewart,London,2017-11-16,,Departmental Business
£159.55,,Standard,2 Days,£84.00,Train/taxi,Colin Stewart,Liverpool,2017-11-21,,Departmental Business
£52.90,,Standard,1 Day,£5.00,Train/taxi,Colin Stewart,Leeds,2017-11-30,,Departmental Business
£52.95,,,1 Day,£4.80,Car,Colin Stewart,Blackpool,2017-12-08,,Departmental Business
£3.20,,,1 Day,,Tram,Colin Stewart,Manchester,2017-12-12,,Departmental Business
£52.90,,Standard,1 Day,£5.00,Train,Colin Stewart,Leeds,2017-12-14,,Departmental Business
£526.99,,Standard,2 Days,£158.99,Train/taxi,Colin Stewart,London,2017-12-19,,Departmental Business
£40.14,,,1 Day,£3.99,Car,Colin Stewart,Preston ,2017-12-21,,Departmental Business
,,,,,,,,,,
£99.22,,Economy,2 Days,,Air ,John-Paul Marks,Glasgow,2017-10-01,,Departmental Business
£228.56,,Economy,2 days,£105.10,Air,John-Paul Marks,Belfast,2017-10-05,,Departmental Business
£213.50,,Economy,1 Day,£52.90,Air ,John-Paul Marks,Newquay,2017-10-09,,Departmental Business
£223.95,,Standard,1 Day,,Rail ,John-Paul Marks,Manchester,2017-10-10,,Departmental Business
£22.50,,Standard,1 Day,,Rail,John-Paul Marks,Basildon,2017-10-13,,Departmental Business
£13.10,,Standard,1 Day,,Rail ,John-Paul Marks,Basildon,2017-10-13,,Departmental Business
£42.90,,Standard,1 Day,,Rail ,John-Paul Marks,Reading,2017-10-16,,Departmental Business
£59.00,,Standard,1 Day,,Rail ,John-Paul Marks,Portslade,2017-10-17,,Departmental Business
£156.70,,Standard,1 Day,,Rail ,John-Paul Marks,Stockport,2017-10-23,,Departmental Business
£25.70,,Standard,1 Day,,Rail ,John-Paul Marks,Oxford,2017-10-30,,Departmental Business
£25.70,,Standard,1 Day,,Rail ,John-Paul Marks,Oxford,2017-11-13,,Departmental Business
£274.55,,Standard,1 Day,£87.60,Rail ,John-Paul Marks,Liverpool,2017-11-21,,Departmental Business
£154.90,,Standard,1 Day,£25.90,Rail ,John-Paul Marks,Swindon,2017-11-24,,Departmental Business
£63.80,,Standard,1 Day,£30.00,Rail ,John-Paul Marks,High Wycombe,2017-12-07,,Departmental Business
£39.40,,Standard,1 Day,,Rail ,John-Paul Marks,Canterbury,2017-12-11,,Departmental Business
£28.10,,Standard,1 Day,,Rail ,John-Paul Marks,Brighton,2017-12-15,,Departmental Business
£22.50,,Standard,1 Day,,Rail ,John-Paul Marks,Basildon,2017-12-19,,Departmental Business
,,,,,,,,,,
£912.45,,Standard,3 Days,£604.85,Rail,Ian Wright,London,2017-09-18,,Departmental Business
£921.25,,Standard,3 Days,£591.25,Rail,Ian Wright,London,2017-10-02,,Departmental Business
£630.85,,Standard,2 Days,£307.25,Rail,Ian Wright,London,2017-10-09,,Departmental Business
£5.00,,Standard,1 Day,,Metro,Ian Wright,South Shields,2017-10-12,,Departmental Business
£28.80,,Standard,1 Day,£4.00,Rail,Ian Wright,Middlesbrough,2017-10-13,,Departmental Business
£780.10,,Standard,3 Days,£457.50,Rail,Ian Wright,London,2017-10-16,,Departmental Business
£650.63,,Standard,2 Days,£316.63,Rail,Ian Wright,London,2017-10-23,,Departmental Business
£112.20,,Standard,1 Day,£5.00,Rail,Ian Wright,Leeds,2017-11-02,,Departmental Business
£933.85,,Standard,3 Days,£611.25,Rail,Ian Wright,London,2017-11-13,,Departmental Business
£937.38,,Standard,4 Days,£607.38,Rail,Ian Wright,London,2017-11-27,,Departmental Business
£944.88,,Standard,4 Days,£612.88,Rail,Ian Wright,London,2017-12-11,,Departmental Business
,,,,,,,,,,
£408.25,,Standard,2 Days,£135.60,Rail,Janice Hartley,London,2017-10-03,,Departmental business
£189.37,,Standard,2 Days,£135.60,Rail,Janice Hartley,London,2017-10-04,,Departmental business
£65.25,,,1 Day,,Car,Janice Hartley,London,2017-10-05,,Departmental business
£44.10,,,1 Day,,Car,Janice Hartley,Blackpool,2017-10-06,,Departmental business
£193.40,,Standard,2 Days,£191.60,Rail,Janice Hartley,London,2017-10-10,,Investiture
£25.00,,,1 Day,,Taxi,Janice Hartley,London,2017-10-11,,Investiture
£428.85,,Standard,2 Days,£155.60,Rail,Janice Hartley,London,2017-10-17,,Departmental business
£83.71,,,1 Day,,hired car,Janice Hartley,Leeds,2017-10-19,,Departmental business
£113.10,,Standard,1 Day,,Rail,Janice Hartley,Birmingham,2012-11-08,,Departmental business
£36.46,,,1 Day,,hired car,Janice Hartley,Toxteth,2017-11-10,,Departmental business
£327.10,,Standard,1 Day,,Rail,Janice Hartley,London,2017-11-14,,Departmental business
£408.85,,Standard,2 Days,£135.60,Rail,Janice Hartley,London,2017-11-20,,Departmental business
£35.25,,,1 Day,,Car,Janice Hartley,London,2017-11-21,,Departmental business
£46.80,,,1 Day,,Car,Janice Hartley,Blackpool,2017-11-22,,Departmental business
£301.00,,Standard,1 Day,,Rail,Janice Hartley,London,2017-12-11,,Departmental business
£121.35,,,2 Days,£96.60,Car,Janice Hartley,Leeds,2017-12-14,,Departmental business
£24.75,,,1 Day,,Car,Janice Hartley,Leeds,2017-12-15,,Departmental business
,,,,,,,,,,
£541.70,,Standard,3 Days,£291,Rail,Will Moss,London,2017-10-03,,Departmental Business
£401.00,,Standard,2 Days,£150.00,Rail,Will Moss,London,2017-10-10,,Departmental Business
£273.50,,Standard,2 Days,£22.50,Rail,Will Moss,London,2017-10-17,,Departmental Business
£404.90,,Standard,2 Days,£153.90,Rail,Will Moss,London,2017-10-31,,Departmental Business
£35.40,,Standard,10 Days,,Tube,Will Moss,London,2017-10-30,,Departmental Business
£404.90,,Standard,2 Days,£153.90,Rail,Will Moss,London,2017-11-07,,Departmental Business
£23.00,,Standard,1 Day,,Rail,Will Moss,Sheffield,2017-11-09,,Departmental Business
£295.00,,Standard,4 Days,£179.90,Rail,Will Moss,London,2017-11-14,,Departmental Business
£9.60,,Standard,3 Days,,Tube,Will Moss,London,2017-11-14,,Departmental Business
£256,,Standard,1 Day,£5.00,Rail,Will Moss,London,2017-11-22,,Departmental Business
£381.00,,Standard,2 Days,£130.00,Rail,Will Moss,London,2017-11-28,,Departmental Business
£411.00,,Standard,2 Days,£160.00,Rail,Will Moss,London,2017-12-05,,Departmental Business
£411.00,,Standard,2 Days,£160.00,Rail,Will Moss,London,2017-12-12,,Departmental Business
£407.00,,Standard,2 Days,£156.00,Rail,Will Moss,London,2017-12-18,,Departmental Business
£32.40,,Standard,8 Days,,Tube,Will Moss,London,2017-12-14,,Departmental Business
,,,,,,,,,,
£691.03,,Standard,3 Days,£270.21,Rail/Air,Iain Walsh,Paris / Rome,2017-11-08,,Departmental Business
£144.20,,Standard,2 Days,£82.60,Rail,Iain Walsh,Sheffield / Manchester,2017-11-14,,Departmental Business
£290.10,,Standard,2 Days,£77.10,Rail,Iain Walsh,Carmarthen,2017-11-29,,Departmental Business
£93.00,,Standard,1 Day,,Rail,Iain Walsh,Sheffield ,2017-12-20,,Departmental Business
,,,,,,,,,,
£84.00,,Standard,1 Day,,Rail,Mary Pattison,Lancaster,2017-10-12,,Departmental Business
£185.45,,Economy,2 Days,£74.85,Air,Mary Pattison,Edinburgh,2017-10-23,,Departmental Business
£64.00,,Standard,1 Day,,Rail,Mary Pattison,Newcastle,2017-11-27,,Departmental Business
£31.90,,Standard,1 Day,,Rail,Mary Pattison,Lewes,2017-11-29,,Departmental Business
£84:00,,Standard,1 Day,,Rail,Mary Pattison,Lancaster,2017-12-07,,Departmental Business
£26.80,,Standard,1 Day,,Rail,Mary Pattison,High Wycombe,2017-12-08,,Departmental Business
,,,,,,,,,,
£9.10,,Standard,1 Day,,Rail,Trevor Huddleston,Peterborough,2017-10-04,,Departmental Business
£90.20,,Standard,1 Day,,Rail,Trevor Huddleston,Newcastle,2017-10-23,,Departmental Business
£116.50,,Standard,1 Day,£81.00,Rail,Trevor Huddleston,Leeds,2017-10-30,,Departmental Business
£16.60,,Standard,1 Day,,Rail,Trevor Huddleston,Sheffield,2017-10-31,,Departmental Business
£142.50,,Standard,1 Day,£101.00,Train & Taxi,Trevor Huddleston,Leeds,2017-11-27,,Departmental Business
£24.65,,Standard,1 Day,£4.55,Rail,Trevor Huddleston,Sheffield,2017-11-28,,Departmental Business
£8.10,,Standard,1 Day,,Rail,Trevor Huddleston,Peterborough,2017-11-29,,Departmental Business
£129.60,,Standard,1 Day,£5.00,Train & Taxi,Trevor Huddleston,Birmingham,2017-12-04,,DWP Story
£77.70,,Standard,1 Day,,Rail,Trevor Huddleston,Newcastle,2017-12-07,,Departmental Business
,,,,,,,,,,
£60.00,,Standard,2 Days,,Rail,Charlotte Clark,Manchester,2017-10-18,,Speaking at PLSA Conference
£128.10,,Standard,1 Day,,Rail,Charlotte Clark,Bath,2017-11-21,,Departmental Business
£123.00,,Standard,1 Day,,Rail,Charlotte Clark,Sheffield,2017-11-22,,Departmental Business
£164.60,,Standard,1 Day,£55.60,Rail,Charlotte Clark,Sheffield,2017-11-28,,Departmental Business
£30.50,,Standard,1 Day,,Rail,Charlotte Clark,Battle,2017-12-12,,Departmental Business
,,,,,,,,,,
£290,,Standard,2 Days,£98.99,Rail,Stefan Czerniawski ,Leeds/Durham/London,2017-11-07,,Departmental Business
£109,,Standard,1 Day,£71.00,Rail,Stefan Czerniawski ,Newcastle ,2017-11-26,,Departmental Business
,,,,,,,,,,
,,,,,,,,,,
,,,,,,,,,,
£116.10,,Standard,1 Day ,£116.10,Rail,James Wolfe,Leeds,2017-10-02,,Departmental Business
£109.00,,Standard,1 Day ,£109.00,Rail,James Wolfe,Birmingham,2017-10-17,,Departmental Business
£29.80,,Standard,1 Day ,£29.80,Rail,James Wolfe,London,2017-10-18,,Departmental Business
£116.10,,Standard,1 Day ,£116.10,Rail,James Wolfe,Leeds,2017-11-08,,Departmental Business
£30.00,,Standard,1 Day ,£30.00,Rail,James Wolfe,Ipswich,2017-11-23,,Departmental Business
£91.50,,Standard,1 Day ,£91.50,Rail,James Wolfe,Swindon,2017-12-06,,Departmental Business
£7.00,,,1 Day ,£7.00,,James Wolfe,Harrow,2017-12-12,,Departmental Business
,,,,,,,,,,
,,,,,,,,,,
£81.00,,Standard,1 Day,£81.00,Rail,Donna Ward,Leeds,2017-11-02,,Departmental Business
£86.00,,Standard,1 Day,£86.00,Rail,Donna Ward,Hull,2017-11-21,,Departmental Business
£51.00,,Standard,1 Day,£51.00,Rail,Donna Ward,Leeds,2017-11-28,,Departmental Business
,,,,,,,,,,
,,,,,,,,,,
£250.15,,Standard,1 Day,£134.55,Rail,Pete Searle,sheffield,2017-10-03,,Departmental Business
£26.00,,,1 Day,,,Pete Searle,Glasgow,2017-10-18,,DWP Story
£26.00,,Standard,1 Day,,Air,Pete Searle,Glasgow,2017-10-23,,DWP Story
£4.80,,Standard,1 Day,,Rail,Pete Searle,London,2017-10-26,,Departmental Business
£366.16,,Standard,2 Days,£89.60,Air,Pete Searle,Glasgow,2017-11-01,,DWP Story
£147.00,,Standard,1 Day,£80.60,Rail,Pete Searle,Leeds,2017-11-07,,Departmental Business
£24.10,,Standard,1 Day,,Rail/Bus,Pete Searle,St Albans,2017-11-08,,DWP Story
£30.30,,Standard,1 Day,,Rail,Pete Searle,London,2017-11-09,,DWP Story
£218.74,,Standard,1 Day,£85.60,Air,Pete Searle,Inverness,2017-11-13,,DWP Story
£81.20,,Standard,1 Day,£1.20,Rail,Pete Searle,Birmingham,2017-11-16,,Departmental Business
£195.10,,Standard,1 Day,£75.60,Bus,Pete Searle,Sheffield,2017-11-21,,Departmental Business
£157.88,,Standard,1 Day,£95.58,Rail,Pete Searle,Swindon,2017-11-29,,DWP Story
£286.75,,Standard,2 Days,£101.75,Air,Pete Searle,Edinburgh,2017-12-05,,DWP Story
£144.95,,Standard,1 Day,£108.55,Rail,Pete Searle,Leeds,2017-12-06,,Departmental Business
£73.90,,Standard,1 Day,£5.00,Rail,Pete Searle,York/Leeds,2017-12-07,,Departmental Business
£249.84,,Standard,1 Day,£118.29,Rail,Pete Searle,Manchester,2017-12-12,,DWP Story
,,,,,,,,,,
,,,,,,,,,,
,,,,,,,,,,
£338.00,,Standard,1 Day,£338.00,Rail,Tabitha Jay,Manchester ,2017-10-30,,Departmental Business
,,,,,,,,,,
,,,,,,,,,,
,,,,,,,,,,
£318.30,,Standard ,2 Days,£178.40,Rail ,Karl Khan ,Blackpool ,2017-10-02,,Departmental Business 
£162.63,,Standard ,1 Day,£109.53,Rail ,Karl Khan ,London ,2017-10-11,,Departmental Business 
£83.90,,Standard ,1 Day,£0.60,Rail ,Karl Khan ,London ,2017-10-17,,Departmental Business 
£211.77,,Standard ,2 Days,£127.85,Rail ,Karl Khan ,London ,2017-10-18,,Departmental Business 
£171.93,,Standard ,2 Days,£109.53,Rail ,Karl Khan ,London ,2017-10-31,,Departmental Business 
£262.08,,Standard ,2 Days,£77.20,Air,Karl Khan ,Belfast ,2017-11-02,,Departmental Business 
£52.60,,Standard ,1 Day,,Rail ,Karl Khan ,London ,2017-11-07,,Departmental Business 
£30.60,,,1 Day,,Car ,Karl Khan ,Lewes,2017-11-09,,Departmental Business 
£58.30,,Standard ,1 Day,,Rail ,Karl Khan ,London ,2017-11-16,,Departmental Business 
£170.03,,Standard ,2 Days,£10.88,Rail ,Karl Khan ,London ,2017-11-20,,Departmental Business 
£4.00,,,1 Day,£4.00,,Karl Khan ,London ,2017-11-22,,Departmental Business 
£109.53,,,1 Day,£109.53,,Karl Khan ,London ,2017-11-29,,Departmental Business 
£330.06,,Standard ,2 Days,£219.06,Rail ,Karl Khan ,London ,2017-12-04,,Departmental Business 
£20.80,,Standard ,1 Day,,Rail ,Karl Khan ,High Wycombe ,2017-12-06,,Departmental Business 
£0.60,,,1 Day,£0.60,,Karl Khan ,London ,2017-12-12,,Departmental Business 
£266.42,,Standard ,1 Day,£213.22,Rail ,Karl Khan ,London ,2018-12-18,,Departmental Business 
,,,,,,,,,,
£190.32,,,2 Days,£97.97,Car,Richard West,Blackpool,2017-10-03,,Departmental Business
£66.68,,,1 Day,£4.57,Car,Richard West,Annesley,2017-10-06,,Departmental Business
£283.26,,,1 Day,£7.96,Rail,Richard West,London,2017-10-17,,Departmental Business
£446.38,,,2 Days,£157.78,Rail,Richard West,London,2017-10-24,,Departmental Business
£598.96,,,3 Days,£298.06,Rail,Richard West,London,2017-10-31,,Departmental Business
£76.12,,,1 Day,£8.17,Car,Richard West,Sheffield,2017-11-10,,Departmental Business
£281.00,,,1 Day,£4.70,Rail,Richard West,London,2017-11-13,,Departmental Business
£304.84,,,2 Days,£16.24,Rail,Richard West,London,2017-11-15, ,Departmental Business
£281.09,,,1 Day,£4.79,Rail,Richard West,London,2017-11-20,,Departmental Business
£140.78,,,2 Days,£29.12,Car,Richard West,Liverpool ,2017-11-21,,Departmental Business
£107.28,,,2 Days,£8.34,Car,Richard West,Liverpool/Barnsley,2017-11-28,,Departmental Business
£281.30,,,1 Day,£5.00,Rail,Richard West,London,2017-11-30,,Departmental Business
£277.75,,,1 Day,£7.75,Rail,Richard West,London,2017-12-04,,Departmental Business
£10.80,,,1 Day,£0.00,Car,Richard West,Halifax,2017-12-06,,Departmental Business
£286.30,,,1 Day,£10.00,Rail,Richard West,London,2017-12-14,,Departmental Business
£448.60,,,2 Days,£25.00,Rail,Richard West,London,2017-12-18,,Departmental Business
,,,,,,,,,,
,,,,,,,,,,
£331.40,,Standard,3 Days,£168.50,Rail,Richard Cornish,Blackpool,2017-10-02,,Departmental Business
£38.30,,Standard,1 Day,,Rail,Richard Cornish,London,2017-10-05,,Departmental Business
£38.30,,Standard,1 Day,,Rail,Richard Cornish,London,2017-10-06,,Departmental Business
£38.30,,Standard,1 Day,,Rail,Richard Cornish,London,2017-10-09,,Departmental Business
£398.79,,Standard,3 Days,£164.05,Rail,Richard Cornish,Grantham/ Sheffied/ Nottingham,2017-10-11,,Depatmental Business
£38.30,,Standard,1 Day,,Rail,Richard Cornish,London,2017-10-16,,Depatmental Business
£38.30,,Standard,1 Day,,Rail,Richard Cornish,London,2017-10-17,,Departmental Business
£51.60,,Standard,1 Day,,Rail,Richard Cornish,Wood Green,2017-10-18,,Departmental Business
£38.30,,Standard,1 Day,,Rail,Richard Cornish,London,2017-10-19,,Departmental Business
£38.30,,Standard,1 Day,,Rail,Richard Cornish,London,2017-10-23,,Departmental Business
£38.30,,Standard,1 Day,,Rail,Richard Cornish,London,2017-10-24,,Departmental Business
£44.10,,Standard,1 Day,,Rail,Richard Cornish,London (Marylebone),2017-10-25,,Departmental Business
£223.76,,Standard,2 Days,£177.66,Rail,Richard Cornish,High Wycombe/Oldham,2017-10-31,,Departmental Business
£140.35,,Standard,2 Days,£79.86,Car,Richard Cornish,Oldham/Ipswich,2017-11-02,,Departmental Business
£130.20,,Standard,1 Day,,Rail,Richard Cornish,Birmingham,2017-11-06,,Departmental Business
£537.21,,Standard,4 Days,£232.23,Rail,Richard Cornish,Bristol/ Swansea,2017-11-07,,Depatmental Business
£38.30,,Standard,1 Day,,Rail,Richard Cornish,London,2017-11-14,,Departmental Business
£51.10,,Standard,1 Day,,Rail,Richard Cornish,High Wycombe,2017-11-15,,Departmental Business
£51.50,,Standard,1 Day,,Rail,Richard Cornish,London (Canary Wharf),2017-11-16,,Departmental Business
£38.30,,Standard,1 Day,,Rail,Richard Cornish,London,2017-11-17,,Departmental Business
£542.69,,Standard,5 Days,£200.35,Rail,Richard Cornish,Liverpool/Glasgow,2017-11-20,,Departmental Business
£189.55,,Standard,1 Day,£145.45,Rail,Richard Cornish,London,2017-11-27,,Departmental Business
£369.10,,Standard,3 Days,£186.35,Rail,Richard Cornish,Middlesborough,2017-11-28,,Departmental Business
£44.10,,Standard,1 Day,,Rail,Richard Cornish,London,2017-12-04,,Departmental Business
£85.20,,Standard,2 Days,,Rail,Richard Cornish,Egham,2017-12-05,,Departmental Business
£38.30,,Standard,1 Day,,Rail,Richard Cornish,London,2017-12-14,,Departmental Business
£42.20,,Standard,2 Days,,Rail,Richard Cornish,London,2017-12-18,,Departmental Business
£22.80,,Standard,1 Day,,Rail,Richard Cornish,London,2017-12-20,,Departmental Business
,,,,,,,,,,
£233.30,,standard,2 days,£101.60,Rail,Emma Haddad,Blackpool,2017-10-03,,Departmental Business
£439.52,,economy,2 days,£103.80,Air & Rail,Emma Haddad,Glasgow,2017-10-11,,Departmental Business
£331.30,,standard,2 days,£74.75,Rail,Emma Haddad,Oldham,2017-10-18,,Departmental Business
£124.50,,standard,1 day,,Rail,Emma Haddad,Salisbury,2017-10-26,,Departmental Business
£332.35,,standard,2 days,£105.85,Rail,Emma Haddad,Hull/Sheffield,2017-10-30,,Departmental Business
£596.05,,standard,2 days,£95.50,Rail,Emma Haddad,Oldham,2017-11-08,,Departmental Business
£77.20,,standard,1 day,,Rail,Emma Haddad,East Sussex,2017-11-15,,Departmental Business
£116.74,,standard,3 days,£25.84,Rail,Emma Haddad,Liverpool,2017-11-20,,Departmental Business
,,,,,,,,,,
£189.70,,,1 Day,£157.20,Car,Sue Moore,Blackpool,2017-10-03,,Departmental Business
£99.60,,Standard,1 Day,,Rail,Sue Moore,Durham,2017-10-12,,Departmental Business
£306.95,,Standard,1 Day,,Rail,Sue Moore,Chesterfield,2017-10-17,,Departmental Business
£171.25,,Standard,1 Day,£15.90,Rail,Sue Moore,London,2017-11-15,,Departmental Business
£25.45,,,1 Day,,Car,Sue Moore,London,2017-11-16,,Departmental Business
£140.20,,Standard,3 Days,£40.60,Rail,Sue Moore,Liverpool,2017-11-20,,Departmental Business
£337.90,,Standard,3 Days,£185.80,Rail,Sue Moore,Newcastle,2017-11-27,,Departmental Business
,,,,,,,,,,
£100.00,,,1 Day,£76.60,,Tom McCormack,Blackpool,2017-10-02,,Departmental Business
£98.40,,,1 Day,£5.00,,Tom McCormack,Blackpool,2017-10-04,,Departmental Business
£36.60,,,1 Day,,Car,Tom McCormack,London,2017-10-24,,Departmental Business
£5.40,,,1 Day,,Car,Tom McCormack,London,2017-11-02,,Departmental Business
£10.80,,,1 Day,,Car,Tom McCormack,London,2017-11-07,,Departmental Business
£12.60,,,1 Day,,Car,Tom McCormack,London,2017-11-09,,Departmental Business
£27.00,,,3 Days,,Car,Tom McCormack,London,2017-11-14,,Departmental Business
£16.20,,,2 Days,,Car,Tom McCormack,London,2017-11-20,,Departmental Business
£162.40,,,1 Day,£135.60,Car,Tom McCormack,Wolverhampton,2017-12-04,,Departmental Business
£114.10,,,2 Days,,Car/Taxi,Tom McCormack,Dudley,2017-12-06,,Departmental Business
,,,,,,,,,,
£306.90,,,3 Days,£187.45,Car,Graeme Wallace,Blackpool,2017-10-02,,Departmental Business
£222.05,,Standard,1 Day,£9.50,Rail/Car,Graeme Wallace,Newcastle,2017-10-09,,Departmental Business
£423.98,,Standard,2 Days,£146.93,Rail/Car,Graeme Wallace,London,2017-10-16,,Departmental Business
£194.35,,Standard,1 Day,,Rail/Car,Graeme Wallace,London,2017-10-24,,Departmental Business
£259.66,,Standard,1 Day,,Rail/Car,Graeme Wallace,London,2017-11-15,,Departmental Business
£145.10,,Standard,1 Day,,Rail/Car,Graeme Wallace,London,2017-11-20,,Departmental Business
£492.20,,Standard,3 Days,£297.00,Rail/Car,Graeme Wallace,Wales,2017-11-28,,Departmental Business
£371.40,,Standard,2 Days,£152.35,Rail/Car,Graeme Wallace,London,2017-12-04,,Departmental Business
£181.30,,Standard,2 Days,£73.60,Rail/Car,Graeme Wallace,Glasgow,2017-12-11,,Departmental Business
£201.85,,Standard,1 Day,£60.45,Rail/Car,Graeme Wallace,Warrington,2017-12-14,,Departmental Business
£330.60,,Standard,1 Day,£128.60,Rail,Graeme Wallace,London,2017-12-18,,Departmental Business
