Total Cost of Use of Official Secure Car,Accomodation/Meals,"Name (Firstname, Surname)",Mode of transport,Destination,Start date of trip (DD/MM/YYYY),Other (including hospitality given),Purpose of trip,Duration of Visit (Days),Class of travel,"Total cost, including all visas, accommodation, travel, meals etc. (£)"
Nil return,Nil return,Peter Schofield ,Rail,Swindon,2019-01-11,Nil return,Site Events,1,Standard ,£50.35
Nil return,Nil return,Peter Schofield ,Rail,Estree/Borehamwood/ Watford,2019-01-18,Nil return,Site Events,1,Standard ,£16.30
Nil return,Nil return,Peter Schofield ,Rail,Stockport/Manchester,2019-01-24,Nil return,Site Events,1,Standard ,£283.30
Nil return,Nil return,Peter Schofield ,Rail,Birmingham/Sheffield,2019-01-30,Nil return,Site Events,1,Standard ,£190.90
Nil return,Nil return,Peter Schofield ,Rail / Taxi,Blackpool,2019-03-20,Nil return,Site Events,1,Standard ,£186.10
Nil return,Nil return,Peter Schofield ,Rail,"Gabalfa, Cardiff",2019-03-28,Nil return,Site Events,1,Standard ,£237.65
Nil return,Nil return,Peter Schofield ,Rail,London Euston,2019-01-08,Nil return,Site Events,1,Standard ,£15.00
Nil return,Nil return,Peter Schofield ,Rail,London Euston,2019-03-26,Nil return,Site Events,2,Standard ,£15.00
Nil return,Nil return,Neil Couling,Tube,Kennington Park,2019-01-22,Nil return,Change Leaders Forum meeting,1,Standard ,£13.10
Nil return,Nil return,Neil Couling,Tube,Holborn,2019-01-25,Nil return,Speaking at Deputy Director D Base Camp for CS Leadership Academy,1,Standard ,£13.10
Nil return,Nil return,Neil Couling,Tube,Fulham,2019-03-06,Nil return,Visit to Fulham Job Centre,1,Standard ,£13.10
Nil return,£84.59,Neil Couling,Rail,Manchester,2019-03-07,Nil return,Meetings in Manchester Hub,1,Standard ,£91.60
Nil return,£2.20 ,Neil Couling,Rail,Hartlepool,2019-03-08,Nil return,Visit Hartlepool JCP & BSC,1,Standard ,£219.10
Nil return,£83.05,Neil Couling,Rail,Leeds,2019-03-14,Nil return,Visit teams in Leeds,2,Standard ,£354.05
Nil return,Nil return,Janice Hartley,Car/Rail,London,2019-01-17,Nil return,Universal Credit Programme Board attendance,1,Standard,£270.60
Nil return,Nil return,Janice Hartley,Car/Rail,London,2019-01-23,Nil return,Universal Credit Programme Board attendance,2,Standard,£400.60
Nil return,Nil return,Janice Hartley,Car,Leeds,2019-01-24,Nil return,Universal Credit Team Meeting,1,Standard,£49.50
Nil return,Nil return,Janice Hartley,Car,Leeds,2019-02-07,Nil return,Universal Credit Team Meeting,1,Standard,£49.50
Nil return,Nil return,Janice Hartley,Car/Rail,Birmingham,2019-02-21,Nil return,"Fraud, Error and Debt Summit",1,Standard,£121.20
Nil return,£99.00,Janice Hartley,Car,Leeds,2019-02-26,Nil return,"Fraud, Error and Debt Board, Universal Credit Programme Delivery Exec meeting",2,Standard,£148.10
Nil return,Nil return,Janice Hartley,Car/Rail,London,2019-03-06,Nil return,"Universal Credit Programme Delivery Exec, Universal Credit Operations Exec Meeting, Catalyst session",1,Standard,£270.80
Nil return,£77.00,Janice Hartley,Car,Leeds,2019-03-14,Nil return,"Future Leaders Scheme review, team meeting ",2,Standard,£144.10
Nil return,Nil return,"Francis, Paul",Rail,Leeds,2019-01-14,Nil return,Meetings with Staff,1,Standard,£89.60
Nil return,Nil return,"Francis, Paul",Rail,Manchester,2019-01-24,Nil return,Meetings with Staff,1,Standard,£154.10
Nil return,£5.00,"Francis, Paul",Rail,Leeds,2019-02-07,Nil return,Meetings with Staff,1,Standard,£129.00
Nil return,£5.00,"Francis, Paul",Rail,Manchester,2019-02-11,Nil return,Meetings with Staff,1,Standard,£164.10
Nil return,£5.00,"Francis, Paul",Rail,Manchester,2019-02-28,Nil return,Meetings with Staff,1,Standard,£174.55
Nil return,Nil return,"Francis, Paul",Rail,Leeds,2019-03-11,Nil return,Meetings with Staff,1,Standard,£125.00
Nil return,Nil return,"Francis, Paul",Rail,Manchester,2019-03-18,Nil return,Meetings with Staff,1,Standard,£132.00
Nil return,£75.00,"Francis, Paul",Rail,Leeds,2019-03-27,Nil return,Meetings with Staff,2,Standard,£200.00
Nil return,£20.00,Craig Eblett,Rail,London,2019-11-26,Nil return,Meetings with Staff ,2,Standard,£369.60
Nil return,£151.75,Craig Eblett,Rail,London,2019-11-28,Nil return,Meetings with Staff ,2,Standard,£482.50
Nil return,£288.49,Craig Eblett,Rail,London,2019-12-04,Nil return,Meetings with Staff ,2,Standard,£646.59
Nil return,£25.00,Craig Eblett,Rail,London,2019-12-13,Nil return,Meetings with Staff ,2,Standard,£376.10
Nil return,£249.00,Craig Eblett,Rail,London,2019-01-08,Nil return,Meetings with Staff,3,Standard,£697.66
Nil return,£26.10,Craig Eblett,Rail,London,2019-01-22,Nil return,Meetings with Staff,1,Standard,£353.10
Nil return,£31.09,Craig Eblett,Rail,London,2019-01-24,Nil return,Meetings with Staff,1,Standard,£358.09
Nil return,£9.50,Craig Eblett,Rail,London,2019-01-31,Nil return,Meetings with Staff,1,Standard,£367.10
Nil return,£5.00,Craig Eblett,Hire Car,Glasgow,2019-02-19,Nil return,Meetings with Staff,1,Standard,£79.96
Nil return,£168,Craig Eblett,Rail,London,2019-02-20,Nil return,Meetings with Staff,2,Standard,£506.15
Nil return,£5.00,Craig Eblett,Rail,Leeds,2019-02-27,Nil return,Meetings with Staff,1,Standard,£116.10
Nil return,£5.00,Craig Eblett,Rail,York,2019-02-28,Nil return,Meetings with Staff,1,Standard,£73.00
Nil return,£8.50,Craig Eblett,Rail,London,2019-03-05,Nil return,Meetings with Staff,1,Standard,£356.60
Nil return,£5.00,Craig Eblett,Hire Car,Preston,2019-03-11,Nil return,Meetings with Staff,1,Standard,£56.00
Nil return,£10.00,Craig Eblett,Rail,Sheffield/Leeds,2019-03-14,Nil return,Meetings with Staff,2,Standard,£179.00
Nil return,£161.50,Craig Eblett,Rail,London,2019-03-20,Nil return,Meetings with Staff,2,Standard,£361.10
Nil return,Nil return,Craig Eblett,Rail,London,2019-03-25,Nil return,Meetings with Staff,2,Standard,£327.00
Nil return,£80.40,Peter Knight,Taxi/Rail,Blackpool,2019-01-09,Nil return,Meeting with teams,2,Standard,£472.10
Nil return,£4.30,Peter Knight,Rail,Sheffield,2019-01-30,Nil return,Workshop,1,Standard,£206.30
Nil return,£3.90,Peter Knight,Rail,Leeds,2019-02-06,Nil return,Governance meetings,1,Standard,£269.90
Nil return,£10.00,Peter Knight,Rail,Leeds,2019-02-08,Nil return,Contact Centre visit,1,Standard,£276.00
Nil return,£92.95,Peter Knight,Rail,Glasgow,2019-02-18,Nil return,Trust meeting,2,Standard,£280.80
Nil return,£101.25,Peter Knight,Rail,Leeds,2019-02-19,Nil return,Governance meeting,2,Standard,£353.75
Nil return,£295.40,Peter Knight,Rail,Leeds,2019-02-25,Nil return,Governance meetings,3,Standard,£428.90
Nil return,Nil return,Peter Knight,Rail,York,2019-02-28,Nil return,Trust meeting,1,Standard,£156.70
Nil return,£4.08,Peter Knight,Rail,Bamber Bridge,2019-03-11,Nil return,Trust meeting,1,Standard,£364.08
Nil return,£93.00,Peter Knight,Rail,Sheffield,2019-03-13,Nil return,Governance meetings  & meeting with teams,2,Standard,£300.00
Nil return,Nil return,Peter Knight,Rail,Oxford,2019-03-25,Nil return,Training ,5,Standard,£86.40
Nil return,£265.00,Lara Sampson ,Rail,Leeds,2019-01-08,Nil return,Team Event ,1,Standard,£265.00
Nil return,£201.50,Lara Sampson ,Rail,Leeds,2019-01-15,Nil return,Team Event,1,Standard,£201.50
Nil return,£265.00,Lara Sampson ,Rail,Leeds,2019-02-04,Nil return,directorate event,1,Standard,£265.00
Nil return,£69.00,Lara Sampson ,Rail,Leeds,2019-03-27,Nil return,Programme Delivery Executive Team Meeting ,1,Standard,£69.00
Nil return,£134.50,Lara Sampson ,Rail,London,2019-03-27,Nil return,Departmental Visit,1,Standard,£134.50
Nil return,£499.30,Ian Wright,Taxi/Rail,London,2019-01-14,Nil return,Governance meetings and Conference attendance,4,Standard,£853.30
Nil return,£341.34,Ian Wright,Taxi/Rail,London,2019-01-29,Nil return,Governance meetings and Non-Exec Role,3,Standard,£696.34
Nil return,£5.00,Ian Wright,Taxi/Rail,Manchester,2019-02-11,Nil return,Training,1,Standard,£147.10
Nil return,£509.89,Ian Wright,Taxi/Rail,London,2019-02-18,Nil return,Governance meetings,4,Standard,£849.89
Nil return,£120.00,Ian Wright,Taxi/Rail,Leeds,2019-02-26,Nil return,Governance meetings,2,Standard,£236.60
Nil return,£332.55,Ian Wright,Taxi/Rail,London,2019-03-19,Nil return,Governance meetings and Conference attendance,3,Standard,£753.15
Nil return,Nil return,Ian Wright,Taxi/Rail,Leeds,2019-03-27,Nil return,Governance meeting ,1,Standard,£139.80
Nil return,£103.60,Pauline Crellin,Rail,Manchester,2019-03-07,Nil return,Meeting in Manchester Hub,1,Standard,£192.20
Nil return,£5.00,Pauline Crellin,Rail,Peel Park Blackpool,2019-03-08,Nil return,International Women's Day event,1,Standard,£235.50
Nil return,Nil return,Pauline Crellin,Rail,Leeds,2019-03-27,Nil return,Universal Credit PDE meeting,1,Standard,£265.00
Nil return,£25.90,Sue Moore ,Rail,London ,2019-01-08,Nil return,OET ,1,Standard ,£30.90
Nil return,£214.45,Sue Moore ,Rail,London ,2019-01-23,Nil return,Yellow Hammer training ,1,Standard ,£219.45
Nil return,£307.15,Sue Moore ,Rail,Birmingham/London ,2019-01-29,Nil return,Universal Credit Boot Camp/ OPD ASE ,5,Standard ,£647.29
Nil return,£31.00,Sue Moore ,Rail,Newcastle Upon Tyne,2019-02-11,Nil return,Back to the Floor event,5,Standard ,£413.50
Nil return,£117.45,Sue Moore ,Rail,Swindon ,2019-02-27,Nil return,Leadership Together event ,2,Standard ,£213.05
Nil return,£196.70,Sue Moore ,Rail,London ,2019-03-05,Nil return,Operation Executive Team Meeting,2,Standard ,£351.59
Nil return,Nil return,Stephen Buckingham,,,2019-01-03,Nil return,SIMA Annual Subscription (Chartered Institute Management Service),Nil return,Nil return,£285.00
Nil return,£136.55,Stephen Buckingham,Rail,London,2019-01-08,Nil return,Finance Transformation Workshop,2,Standard,£503.75
Nil return,Nil Returns,Stephen Buckingham,Own Car,Newcastle Central,2019-01-18,Nil return,Meeting Susan Mcnair PWC,1,Nil Return,£3.40
Nil return,£89.00,Stephen Buckingham,Rail,Liverpool,2019-01-22,Nil return,Government Finance Function Event,2,Standard,£159.40
Nil return,£3.70,Stephen Buckingham,Hire Car,Stockport/Manchester,2019-01-24,Nil return,Visiting Stockport/Manchester office with Peter Schofield,1,Nil Return,£60.45
Nil return,Nil Returns,Stephen Buckingham,Own Car,Centre of Newcastle,2019-01-28,Nil return,Meeting Max Tse NAO,1,Nil Return,£2.35
Nil return,£123.05,Stephen Buckingham,Rail,London,2019-01-30,Nil return,Finance Executive team meeting,2,Standard,£490.25
Nil return,£104.55,Stephen Buckingham,Rail,London,2019-02-12,Nil return,Housing and Local Government meeting,2,Standard,£430.55
Nil return,Nil Returns,Stephen Buckingham,Rail,London,2019-02-21,Nil return,Universal Credit Programme Board,1,Standard,£326.00
Nil return,Nil Returns,Stephen Buckingham,Rail,Leeds,2019-02-26,Nil return,Business Finance & Housing Delivery Full team meeting,1,Standard,£89.00
Nil return,£67.60,Stephen Buckingham,Rail,Manchester,2019-02-27,Nil return,Finance Executive team meeting,2,Standard,£181.17
Nil return,Nil Returns,Stephen Buckingham,Rail,London,2019-03-06,Nil return,Estates Property Board Meeting,1,Standard,£327.00
Nil return,Nil Returns,Stephen Buckingham,Rail,Birmingham,2019-03-07,Nil return,Senior Leadership away day,1,Standard,£224.75
Nil return,Nil Returns,Stephen Buckingham,Rail,Edinburgh,2019-03-08,Nil return,Meeting with Sheena Mathers,1,Standard,£81.50
Nil return,Nil Returns,Stephen Buckingham,Rail,London,2019-03-13,Nil return,Housing Division Meeting,1,Standard,£326.00
Nil return,110.05,Stephen Buckingham,Rail,Manchester,2019-03-26,Nil return,Business Finance & Housing meeting,1,Standard,£251.00
Nil return,Nil Returns,Stephen Buckingham,Rail,Sheffield,2019-03-27,Nil return,Finance Executive team meeting,1,Standard,£66.40
Nil return,Stayed with Family,Stephen Buckingham,Rail,London,2019-03-27,Nil return,Visit Jenny Leigenburgh,1,Standard,£203.30
Nil return,Nil Returns,Stephen Buckingham,Rail,Portsmouth,2019-03-28,Nil return,RN Audit Committee,1,Standard,£32.70
Nil return,Nil Returns,Stephen Buckingham,Flight,Newcastle ,2019-03-28,Nil return,RN Audit Committee,1,Standard,£165.87
Nil return,£4.15,Colin Stewart,Rail/taxi,London ,2019-01-08,£347.15,Meeting in Caxton,1,Standard,£348.00
Nil return,£3.00,Colin Stewart,Rail/taxi,Preston,2019-01-10,£35.30,Meeting HMRC,1,Standard,£38.30
Nil return,£3.00,Colin Stewart,Rail/taxi,Toxteth,2019-01-11,£51.10,Office site visit,1,Standard,£54.10
Nil return,85.60,Colin Stewart,Milleage,Blackpool,2019-01-15,£50.40,Finance event/planning day,2,Standard,£136.00
Nil return,£5.00,Colin Stewart,Rail/taxi,Sheffield,2019-01-17,£57.60,Leadership conference,1,Standard,£62.60
Nil return,£5.00,Colin Stewart,Rail/taxi,Leeds,2019-01-18,£51.20,Office site visit,1,Standard,£56.20
Nil return,Nil return,Colin Stewart,Milleage,Liverpool,2019-01-21,£32.40,Govt finance event,1,Standard,£32.40
Nil return,£155.60,Colin Stewart,Rail/taxi,London ,2019-01-22,£221.00,Training,2,Standard,£376.60
Nil return,£5.00,Colin Stewart,Rail/taxi,Leeds,2019-01-29,£48.90,Senior Leaders Meeting,1,Standard,£53.90
Nil return,£109.60,Colin Stewart,Rail/taxi,Liverpool,2019-01-30,£37.90,Senior Leaders Meeting,2,Standard,£147.50
Nil return,£5.00,Colin Stewart,Rail/taxi,London,2019-02-05,£368.00,ET meeting,1,Standard,£373.00
Nil return,£4.15,Colin Stewart,Rail/taxi,London,2019-02-11,£367.00,Development day,1,Standard,£371.15
Nil return,£4.05,Colin Stewart,Rail/taxi,Darlington,2019-02-12,£103.50,Business Review,1,Standard,£107.55
Nil return,£5.00,Colin Stewart,Milleage,Warrington,2019-02-14,£19.80,Office site visit,1,Standard,£24.80
Nil return,Nil return,Colin Stewart,Milleage,Oldham ,2019-02-15,£19.50,Fraud Conference,1,Standard,£19.50
Nil return,£136.60,Colin Stewart,Rail/taxi,London ,2019-02-19,£372.00,ET meeting,2,Standard,£508.60
Nil return,£3.15,Colin Stewart,Milleage,Stockport,2019-02-21,£9.90,Senior Leaders Meeting,1,Standard,£13.05
Nil return,£5.00,Colin Stewart,Rail/Metro,Manchester & Liverpool,2019-02-27,£2.30,Site visit,1,Standard,£13.70
Nil return,£20.00,Colin Stewart,Rail/Taxi,London ,2019-02-28,£373.80,Training,1,Standard,£393.80
Nil return,£5.00,Colin Stewart,Rail/Taxi,London ,2019-03-05,£320.00,ET meeting,1,Standard,£325.00
Nil return,£5.00,Colin Stewart,Milleage,Leyland,2019-03-12,£29.25,Office site visit,1,Standard,£34.25
Nil return,Nil return,Colin Stewart,Rail/Taxi,London Euston,2019-03-13,£340.00,SCS Together event,1,Standard,£340.00
Nil return,£5.00,Colin Stewart,Rail/Taxi,Leeds,2019-03-14,£50.20,Senior Leaders Meeting,1,Standard,£55.20
Nil return,£5.00,Colin Stewart,Rail/Taxi,Leeds,2019-03-21,£49.20,Senior Leaders Meeting,1,Standard,£54.20
Nil return,Nil return,Colin Stewart,Rail/Taxi,Leeds,2019-03-26,£50.50,Work & Health North Conference ,1,Standard,£50.50
Nil return,Nil return,Colin Stewart,Rail/Taxi,Stockton,2019-03-28,£102.10,Office site visit,1,Standard,£102.10
Nil return,£65.00,Nic Harrison,Train and Taxi,Peel Park,2019-01-08,10.00,Internal Meeting - Digital Services Deep Dive,2,Standard,£170.80
Nil return,£76.95,Nic Harrison,Train and Taxi,Peel Park,2019-01-14,30.00,Internal Meeting - Annual Showcase,2,Standard,£247.85
Nil return,£100.80,Nic Harrison,Rail ,Manchester,2019-01-23,Nil return,Internal meetings - 121's ,2,Standard,£314.40
Nil return,Nil return,Nic Harrison,Rail ,Manchester,2019-02-18,Nil return,Digital Forum,1,Standard,£136
Nil return,Nil return,Nic Harrison,Rail ,Leeds,2019-02-21,Nil return,Internal meetings - 121's,1,Standard,£140.75
Nil return,£98.00,Nic Harrison,Rail ,Leeds; Manchester,2019-02-27,Nil return,Digital Senior Leaders Event; Internal meeting,2,Standard,£293.60
Nil return,£80.05,Nic Harrison,Rail and Taxi,"Peel Park, Blackpool",2019-03-06,£50.00,Training,1,Standard,£339.95
Nil return,Nil return,Nic Harrison,Rail ,Leeds,2019-03-11,Nil return,Internal meetings - Conference planning,1,Standard,£125.75
Nil return,£97.00,Nic Harrison,Rail ,Leeds,2019-03-20,Nil return,Conference,1,Standard,£97
Nil return,Nil return,Tamara Bruck,Car ,Borehamwood/Watford JCP,2019-01-18,Nil return,visit with the Perm Sec,1,Nil return,£4.05
Nil return,£34.00,Tamara Bruck,"Rail, Taxi",Manchester Hub,2019-01-23,Nil return,Digital Executive team meeting,2,Economy,£276.60
Nil return,Nil return,Tamara Bruck,Rail ,Leeds,2019-02-27,Nil return,Conference with Digital Senior Leaders,1,Economy,£140.75
Nil return,Nil return,Juan Villamil ,Rail,Manchester ,2019-01-07,Nil return,TS Director Staff Visit ,1,Standard,£198.80
Nil return,£156.00,Juan Villamil ,Rail,Manchester ,2019-01-22,Nil return,"Digital Planning Forum, TS SLT, HCS Showcase, Digital ET ",3,Standard,£354.80
Nil return,£65.00,Juan Villamil ,Rail,Blackpool ,2019-02-06,Nil return,"TS SLT People Sessions, TAM Org. Mtg., TS cascade, WCS Deep Dive ",2,Standard,£263.90
Nil return,Nil return,Juan Villamil ,Rail,Newcastle ,2019-02-18,Nil return,TS Director Staff Visit ,1,Standard,£181.35
Nil return,£107.00,Juan Villamil ,Rail,Manchester ,2019-02-20,Nil return,"TS SLT Business Sessions, TS TCAB Review",1,Standard,£506.50
Nil return,Nil return,Juan Villamil ,Air,"Salzburg, Austria",2019-02-21,Nil return,GUEST SPEAKER at McKinsey & Company's 15th CIO IT Architecture Conference,1,Economy ,£496.46
Nil return,Nil return,Juan Villamil ,Rail,Leeds,2019-02-27,Nil return,Digital Senior Leaders Event ,1,Standard,£293.50
Nil return,Nil return,Juan Villamil ,Rail,Manchester ,2019-03-04,Nil return,TS SLT People Sessions,1,Standard,£151.00
Nil return,£83.00,Juan Villamil ,Rail,Edinburgh ,2019-03-04,Nil return,Guest SPEAKER at Pega Customer Engagement Summit,2,Standard,£113.00
Nil return,£65.00,Juan Villamil ,Rail,Blackpool ,2019-03-05,Nil return,TS Director Staff Visit ,2,Standard,£134.00
Nil return,Nil return,Juan Villamil ,Rail,Manchester ,2019-03-13,Nil return,TS Extended Leadership Event ,1,Standard,£225.80
Nil return,£80.00,Juan Villamil ,Rail,Leeds,2019-03-20,Nil return,TS Org Structure 2019/20 and beyond ,2,Standard,£225.75
Nil return,£124.80,Aaron Jaffery,Rail,London,2019-01-09,Nil return,Staff meetings,2,Standard,£485.80
Nil return,Nil return,Aaron Jaffery,Hire car,Blackpool,2019-01-15,Nil return,Team meetings,1,Standard,£53.46
Nil return,£101.98,Aaron Jaffery,Rail,Manchester,2019-01-23,Nil return,Staff meeting,2,Standard,£182.58
Nil return,Nil return,Aaron Jaffery,Car ,Newcastle,2019-01-28,Nil return,Meeting,1,,£13.00
Nil return,£2.00,Aaron Jaffery,Rail,London,2019-01-31,Nil return,Civil Service Event,1,Standard,£346.00
Nil return,£8.99,Aaron Jaffery,Rail,London,2019-02-04,Nil return,Board Meeting,1,Standard,£335.99
Nil return,£5.10,Aaron Jaffery,Hire car,Blackpool,2019-02-05,Nil return,Team meetings,1,Standard,£89.88
Nil return,Nil return,Aaron Jaffery,Rail,London,2019-02-07,Nil return,Internal meetings,1,Standard,£327.00
Nil return,£5.00,Aaron Jaffery,Rail,Leeds,2019-02-12,Nil return,Staff meetings,1,Standard,£108.00
Nil return,£9.19,Aaron Jaffery,Rail,Birmingham,2019-02-14,Nil return,Site visit,1,Standard,£243.88
Nil return,£71.59,Aaron Jaffery,Rail,Edinburgh,2019-02-20,Nil return,Senior Leaders meetings,2,Standard,£140.83
Nil return,£10.00,Aaron Jaffery,Hire car,Blackpool,2019-02-25,Nil return,Team meetings,1,Standard,£110.65
Nil return,£105.00,Aaron Jaffery,Rail,Leeds,2019-02-26,Nil return,Senior Leaders Event plus meetings,2,Standard,£221.00
Nil return,£10.00,Aaron Jaffery,Hire car,Blackpool,2019-02-28,Nil return,Team meetings,1,Standard,£109.96
Nil return,£5.00,Aaron Jaffery,Hire car,Blackpool,2019-03-04,Nil return,Team meetings,1,Standard,£94.90
Nil return,£102.00,Aaron Jaffery,Rail,Leeds,2019-03-05,Nil return,Conference,2,Standard,£177.54
Nil return,£5.00,Aaron Jaffery,Hire car,Blackpool,2019-03-13,Nil return,Team meetings,1,Standard,£103.44
Nil return,£10.00,Aaron Jaffery,Rail,London,2019-03-14,Nil return,DWP Meeting,1,Standard,£362.10
Nil return,£270.35,Aaron Jaffery,Rail,Swindon and London,2019-03-18,Nil return,Site visit & DWP meetings,4,Standard,£736.24
Nil return,£5.00,Aaron Jaffery,Rail,Leeds,2019-03-26,Nil return,Workshop,1,Standard,£95.00
Nil return,£5.00,Aaron Jaffery,Rail,London,2019-03-27,Nil return,DWP Meeting,1,Standard,£346.24
Nil return,£10.00,Aaron Jaffery,Hire car,Blackpool,2019-03-28,Nil return,Team meetings,1,Standard,£108.75
Nil return,£87.00,Helen Roberts,Rail,London to Manchester (Return),2019-01-23,Nil return,Face to Face meetings with Digital / FED colleagues (23/1 and DET on 24/1),2,Standard,£256.80
Nil return,£87.50,Helen Roberts,Rail,London to Newcastle (return),2019-02-06,Nil return,SLT F2F meetig ,2,Standard,£248.55
Nil return,,Helen Roberts ,Rail,Office to Newcastle Central Station,2019-02-07,Nil return,return to London,1,Standard,£4.20
Nil return,£83.00,Helen Roberts ,Rail,London to Edinburgh,2019-02-20,Nil return,Attending a Senior Technology discussion,1,Standard,£417
Nil return,£90.95,Helen Roberts ,Rail,London to Leeds,2019-02-26,Nil return,Digital Senior Leaders Event on 27/2,1,Standard,£355.95
Nil return,£85.00,Helen Roberts ,Rail,London to Leeds ,2019-03-05,Nil return,WA & CHAPS Conference,1,Standard,£132.50
Nil return,£69.00,Helen Roberts ,Rail,Leeds to Newcastle,2019-03-06,Nil return,Meetings with Teams in Newcastle,1,Standard,£93.70
Nil return,Nil return,Helen Roberts ,Rail,Newcastle to London,2019-03-07,Nil return,return to London,1,Standard,£86
Nil return,Nil return,Helen Roberts ,Rail,Newcastle to Sheffield,2019-03-12,Nil return,Meeting Digital staff in Sheffield,1,Standard,£51.50
Nil return,Nil return,Helen Roberts ,Rail,Sheffield to Manchester,2019-03-12,Nil return,FED Conference on 13/3,1,Standard,£6.20
Nil return,£67.00,Helen Roberts ,Rail,"Ibis Manchester Centre 96 Portland Street, M1 4GX",2019-03-12,Nil return,FED Conference on 13/3,1,Standard,£150
Nil return,Nil return,Helen Roberts ,Rail,London to Blackpool North (Return),2019-03-18,Nil return,Meetings in PP with Digital Teams,1,Standard,£192
Nil return,,Helen Roberts ,Taxi,Taxi to Hotel,2019-03-18,Nil return,Traveling with colleague,1,,£8
Nil return,£4.65,Helen Roberts ,Rail,Newcastle,2019-03-19,Nil return,Visit to Newcastle,,,£195.05
Nil return,Nil return,Paul Lodge,Rail,Newcastle to Leeds,2019-01-09,Nil return,Senior Leadership team event,1,Standard,£56.40
Nil return,,Paul Lodge,Rail,Leeds to Oxford,2019-01-09,Nil return,ahead of MPLA training course,1,Standard,£152.00
Nil return,£79.00,Paul Lodge,Nil return,Oxford accommodation - Egrove Park,2019-01-09,Nil return,MPLA training,1,Nil return,£79.00
Nil return,Nil return,Paul Lodge,Rail,Oxford to Newcastle,2019-01-10,Nil return,return from MPLA,1,Standard,£170.50
Nil return,Nil return,Paul Lodge,Rail,Newcastle to London,2019-01-14,Nil return,MPLA Assurance Reviewer Training ,1,Standard,£321.00
Nil return,Nil return,Paul Lodge,Rail,Newcastle to London,2019-01-16,Nil return,Data & Analytics Showcase,1,Standard,£321.00
Nil return,£79.00,Paul Lodge,Rail,Newcastle to Manchester,2019-01-23,Nil return,Extended Digital Executive Team event,2,Standard,£74.00
Nil return,Nil return,Paul Lodge,Rail,Newcastle to London,2019-01-31,Nil return,Digital F&E  enabling the FED Strategy,1,Standard,£321.00
Nil return,£123.00,Paul Lodge,Rail,Newcastle to Leeds,2019-02-04,Nil return,Data & Analytics all staff conference,2,Standard,£212.00
Nil return,£97.00,Paul Lodge,Rail,Newcastle to Sheffield,2019-02-11,Nil return,Senior Leadership team event,2,Standard,£204.90
Nil return,Nil return,Paul Lodge,Rail,Newcastle to Leeds,2019-02-27,Nil return,DWP Digital Leaders' Event,1,Standard,£90.00
Nil return,£224.00,Paul Lodge,Rail,Newcastle to London,2019-03-04,Nil return,Gartner Data & Analytics Summit,3,Standard,£545.00
Nil return,£395.00,Paul Lodge,Hire Car,Newcastle to Oxford - Egrove Park,2019-03-11,Nil return,MPLA residential,5,Standard,£537.00
Nil return,£146.00,Paul Lodge,Rail,Newcastle to London,2019-03-26,Nil return,Digital Executive team ,2,Standard,£467.00
Nil return,£80.10,Nick Joicey,Rail,Liverpool,2019-01-21,Nil return,Government Finance Function Event,2,Standard,£288.00
Nil return,£78.60,Nick Joicey,Rail,Manchester,2019-02-02,Nil return,Finance Executive Team meeting / Openshaw JCP visit,2,Standard,£168.20
Nil return,Nil return,Nick Joicey,Rail,Birmingham,2019-03-20,Nil return,Team meeting / Ravenhurst UC Centre visit  / Summer School mid-year event,1,Standard,£178.00
Nil return,£85.60,Nick Joicey,Rail,Sheffield,2019-03-27,Nil return,Finance Executive Team meeting / Cavendish Court JCP visit,2,Standard,£241.15
Nil return,Nil return,Alexksei  Doroshko ,"Rail,  Taxi",Sheffield,2019-01-21,Nil return,Meetings with colleagues and team,1,Standard,£111.00
Nil return,£79.60,Alexksei  Doroshko ,,Manchester,2019-01-23,Nil return,Digital Executive Team Meeting,2,Standard,£203.40
Nil return,Nil return,Alexksei  Doroshko ,"Rail, Taxi",Manchester Piccadilly,2019-01-23,Nil return,Digital Executive Team Meeting,1,Standard,£30.20
Nil return,£5.00,Alexksei  Doroshko ,Rail,London Euston,2019-01-24,Nil return,Meetings with colleagues and team,1,Standard,£93.60
Nil return,Nil return,Alexksei  Doroshko ,Rail,Sheffield,2019-01-28,Nil return,Meetings with colleagues and team,3,Standard,£137.90
Nil return,Nil return,Alexksei  Doroshko ,Taxi,Sheffield Railway Station to overnight stay place,2019-01-28,Nil return,Sheffield,1,Standard,£10.50
Nil return,Nil return,Alexksei  Doroshko ,Bus,Sheffield office,2019-01-29,Nil return,Engineering Senior Leadership Team Meeting,1,Standard,£4.70
Nil return,£5.00,Alexksei  Doroshko ,,,2019-01-29,Nil return,Engineering Senior Leadership Team Meeting,1,Standard,£5.00
Nil return,Nil return,Alexksei  Doroshko ,Bus,Hartshead square office in Sheffield,2019-01-30,Nil return,Engineering Senior Leadership Team Meeting,1,Standard,£2.50
Nil return,Nil return,Alexksei  Doroshko ,Bus,Sheffield office,2019-01-30,Nil return,Engineering Senior Leadership Team Meeting,1,Standard,£4.70
Nil return,£5.00,Alexksei  Doroshko ,,Sheffield office,2019-01-30,Nil return,Engineering Senior Leadership Team Meeting,1,Standard,£5.00
Nil return,£5.00,Alexksei  Doroshko ,,Sheffield office,2019-01-31,Nil return,Engineering Senior Leadership Team Meeting,1,Standard,£5.00
Nil return,Nil return,Alexksei  Doroshko ,Rail,London St Pancras,2019-01-31,Nil return,Meetings with colleagues and team,1,Standard,£79.00
Nil return,£106.60,Alexksei  Doroshko ,,Manchester,2019-02-05,Nil return,,2,Standard,£196.20
Nil return,Nil return,Alexksei  Doroshko ,Rail ,Manchester Piccadilly,2019-02-05,Nil return,Continuous Integration Pipeline Delivery Sprint 3 Demo Meeting,1,Standard,£89.60
Nil return,Nil return,Alexksei  Doroshko ,Rail,Sheffield,2019-02-21,Nil return,Learning & Development Training,2,Standard,£144.40
Nil return,Nil return,Alexksei  Doroshko ,Taxi,Office to overnight stay,2019-02-21,Nil return,Learning & Development Training,1,Standard,£8.80
Nil return,Nil return,Alexksei  Doroshko , Taxi,Overnight stay to railway station,2019-02-22,Nil return,Learning & Development Training,1,Standard,£8.60
Nil return,Nil return,Alexksei  Doroshko ,Rail,Sheffield,2019-02-26,Nil return,Digital Executive Team Meeting,1,Standard,£81.50
Nil return,Nil return,Alexksei  Doroshko ,Rail,Sheffield,2019-02-26,Nil return,Digital Executive Team Meeting,1,Standard,£100.50
Nil return,£4.90,Alexksei  Doroshko ,Taxi,Railway station to overnight stay,2019-02-26,Nil return,Digital Executive Team Meeting,1,Standard,£14.90
Nil return,£4.90,Alexksei  Doroshko , Rail,Leeds,2019-02-27,Nil return,Digital Executive Team Meeting,1,Standard,£16.50
Nil return,Nil return,Alexksei  Doroshko ,Rail,London Kings Cross,2019-02-27,Nil return,Meetings with colleagues and team,1,Standard,£112.50
Nil return,Nil return,Alexksei  Doroshko ,Rail,Sheffield,2019-02-27,Nil return,Meetings with colleagues and team,1,Standard,£17.40
Nil return,Nil return,Alexksei  Doroshko , Taxi,Sheffield railway station to overnight stay,2019-02-27,Nil return,Meetings with colleagues and team,1,Standard,£11.50
Nil return,Nil return,Alexksei  Doroshko ,Taxi,Overnight stay to Sheffield railway station,2019-02-27,Nil return,Meetings with colleagues and team,1,Standard,£8.60
Nil return,Nil return,Alexksei  Doroshko ,Bus,Sheffield office,2019-02-28,Nil return,Meetings with colleagues and team,1,Standard,£2.00
Nil return,£4.90,Alexksei  Doroshko ,,Nil return,2019-02-28,Nil return,Meetings with colleagues and team,1,Standard,£100.00
Nil return,Nil return,Alexksei  Doroshko , Rail,London St Pancras,2019-02-28,Nil return,Learning & Development Training,1,Standard,£95.10
Nil return,Nil return,Alexksei  Doroshko ,£94.00 - Rail,Sheffield,2019-03-19,Nil return,Meetings with colleagues and team,2,Standard,£119.70
Nil return,Nil return,Alexksei  Doroshko ,£11.00 - Taxi,Sheffield railway station to overnight stay,2019-03-19,Nil return,Meetings with colleagues and team,1,Standard,
Nil return,Nil return,Alexksei  Doroshko ,£4.70 - Bus,Sheffield office,2019-03-20,Nil return,Meetings with colleagues and team,1,Standard,£4.70
Nil return,Nil return,Alexksei  Doroshko ,£10.00 - Taxi,Overnight stay to Sheffield railway station,2019-03-21,Nil return,Meetings with colleagues and team,1,Standard,£10.00
Nil return,£80.10,Nick Joicey,Rail,Liverpool,2019-01-21,Nil return,Government Finance Function Event,2,Standard,£288.00
Nil return,£78.60,Nick Joicey,Rail,Manchester,2019-02-02,Nil return,Finance Executive Team meeting / Openshaw JCP visit,2,Standard,£168.20
Nil return,Nil return,Nick Joicey,Rail,Birmingham,2019-03-20,Nil return,Team meeting / Ravenhurst UC Centre visit  / Summer School mid-year event,1,Standard,£178.00
Nil return,£85.60,Nick Joicey,Rail,Sheffield,2019-03-27,Nil return,Finance Executive Team meeting / Cavendish Court JCP visit,2,Standard,£241.15
Nil return,£72.48,Jane Cunliffe,Rail/Tube,Sheffield/Leeds,2019-02-04,Nil return,Meeting with Staff,2,Standard,£179.93
Nil return,£81.95,Jane Cunliffe,Rail/Tube,Newcastle,2019-02-18,Nil return,Meeting with Staff,2,Standard,£261.93
Nil return,£114.78,Jane Cunliffe,Rail/Tube,Manchester/Blackpool,2019-02-26,Nil return,FET Meeting/meeting with staff,3,Standard,£269.98
Nil return,Nil return,Jane Cunliffe,Rail/Tube,Birmingham,2019-03-07,Nil return,Directorate away day,1,Standard,£111.20
Nil return,£93.09,Jane Cunliffe,Rail/Tube,Sheffield,2019-03-27,Nil return,FET Meeting/meeting with staff,2,Standard,£204.69
Nil return,£5.00,Tara Smith,Rail,Newcastle,2019-01-17,Nil return,Technical Accounting training event,1,Standard,£102.00
Nil return,Nil return,Tara Smith,Nil return,,2019-01-21,Nil return,Professional fees - ICAI,1,Nil return,£396.00
Nil return,Nil return,Tara Smith,Rail,Liverpool,2019-01-22,Nil return,Government Finance Function Event ,2,      Standard,£86.10
Nil return,£151.60,Tara Smith,Rail,London,2019-01-30,Nil return,Finance Executive Team meeting,2,Standard,£349.85
Nil return,£10.00,Tara Smith,Rail,London,2019-02-04,Nil return,Executive Team Meeting,1,      Standard,£291.80
Nil return,£5.00,Tara Smith,Rail,London,2019-02-20,Nil return,Interviewing,1,Standard,£275.80
Nil return,£119.30,Tara Smith,Rail,London,2019-02-26,Nil return,Development Programme attendance,1,      Standard,£230.80
Nil return,£108.00,Tara Smith,Rail,Manchester,2019-02-27,Nil return,Finance Executive Team meeting,2,Standard,£311.80
Nil return,£124.74,Tara Smith,Rail,London,2019-03-04,Nil return,Interviewing and Development Programme attendance,2,Standard,£401.94
Nil return,£4.00,Tara Smith,Rail,London,2019-03-20,Nil return,Finance Leadership Group meeting,1,Standard,£275.15
Nil return,Nil return,Tara Smith,Rail,Manchester,2019-03-26,Nil return,Meeting with staff,1,Standard,£38.20
Nil return,£2.78,Tara Smith,Rail,Sheffield,2019-03-27,Nil return,Finance Executive Team meeting,1,Standard,£34.38
Nil return,£5.00,Tom McCormack,Rail,London Caxton House,2019-01-08,Nil return,Attendance at DWP Operational Executive Team Meeting,1,Standard,£361.60
Nil return,Nil return,Tom McCormack,Car,Bishop Auckland,2019-01-21,Nil return,Meetings with Staff,1,Standard,£43.20
Nil return,£105.20,Tom McCormack,"Rail, Car, Air, taxi",Cardiff - onwards to Belfast,2019-01-23,Nil return,Meetings with Staff / Senior Leadership Team Meeting,2,Standard,£533.19
Nil return,£5.00,Tom McCormack,Car,Birkenhead ,2019-01-29,Nil return,Meetings with Staff,1,,£101.32
Nil return,£4.90,Tom McCormack,"Car, Rail",London Caxton House,2019-02-04,Nil return,Meetings with Staff / Ministerial Meeting,1,Standard,£361.50
Nil return,£123.09,Tom McCormack,"Car, Rail",London Caxton House - onwards to Ravenhurst,2019-02-05,Nil return,"Attendance at DWP Operational Executive Team Meeting / 
Meetings with Staff",2,Standard,£458.69
Nil return,£4.60,Tom McCormack,"Car, Rail",London Caxton House,2019-03-05,Nil return,Attendance at DWP Operational Executive Team Meeting,1,Standard,£360.30
Nil return,£123.30,Tom McCormack,"Car, Rail, Taxi",Kennington Park JCP London - onwards to Gravesend,2019-03-13,Nil return,DWP SCS Event / Meetings with Staff,2,Standard,£518.40
Nil return,£279.60,Tom McCormack,"Car, Rail, Air",London - onwards to Plymouth,2019-03-19,Nil return,"Attendance at DWP Operational Executive Team Meeting / 
Training /  Meetings with Staff",3,Standard,£783.32
Nil return,,Margarita Morrison,Car,Stirling,2019-03-26,3.5,Travel to train station,1,Nil return,£21.50
Nil return,,Margarita Morrison,Train,Dundee,2019-03-26,,Visit Dundee Service Centre,1,Economy,£32.00
Nil return,,Margarita Morrison,Car,Alloa,2019-03-27,,Site visit to Alloa JCP,1,Nil return,£23.40
Nil return,,Margarita Morrison,Car,Stirling,2019-03-29,,Site Visit to stirling JCP,1,Nil return,£17.10
Nil return,Nil return,Denise Horsfall ,Nil return,Nil return,Nil return,Nil return,Nil return,Nil return,Nil return,Nil return
Nil return,£95.80,Carol Morris ,Rail & Taxi,Blackpool,2019-01-15,Nil return,Area Director Away Day,2,Standard ,£163.90
Nil return,Nil return,Carol Morris ,Rail,Salisbury,2019-01-31,Nil return,South of England Senior Leadership Team,1,Standard ,£67.10
Nil return,Nil return,Carol Morris ,Rail,Basingstoke,2019-02-21,Nil return,Basingstoke Jobcentre Site Visit,1,Standard ,£24.80
Nil return,Nil return,Carol Morris ,Rail,Hastings,2019-02-26,Nil return,Hastings Jobcentre Site Visit,1,Standard ,£38.40
Nil return,Nil return,Carol Morris ,Rail,Canterbury,2019-03-05,Nil return,Canterbury Service Centre Site Visit,1,Standard ,£42.10
Nil return,Nil return,Carol Morris ,Rail & Taxi,Bristol,2019-03-12,Nil return,Bristol Service Centre Site Visit,1,Standard ,£249.50
Nil return,£79.60,Carol Morris ,Rail,Cardiff,2019-03-27,Nil return,Site Visit with Peter Schofield ,2,Standard ,£187.40
Nil return,£89.10,Matt Briggs, Car Hire,Cardiff,2019-01-15,,SCS SLT Event,2,Standard,£170.11
Nil return,£93.58,Matt Briggs,Train,Newcastle,2019-01-30,,Leadership together event,2,Standard,£413.58
Nil return,£75.60,Matt Briggs,Train & Car Hire,Swindon,2019-02-27,,Leadership together event,2,Standard,£196.06
Nil return,No,Matt Briggs,Train ,Grantham,2019-03-06,,OAPI meeting,1,Standard,£91.50
Nil return,No,Matt Briggs,Train ,Leeds,2019-03-20,,Directorate Communication meeting,1,Standard,£265.00
Nil return,No,Matt Briggs,Car Hire,High Wycombe,2019-03-21,,Project management event,1,Standard,£62.11
Nil return,Nil return,Donna Ward,Rail,Sheffield,2019-01-31,Nil return,Reducing Parental Conflict event/conference,1,Standard,£51.50
Nil return,Nil return,Donna Ward,Rail,Leeds,2019-02-27,Nil return,Directorate staff meetings,1,Standard,£125.75
Nil return,Nil return,Donna Ward,Rail,London to York,2019-03-20,Nil return,Employment Category conference,1,Standard,£186.00
Nil return,Nil return,Charlotte Clark,Bus,EC4Y 8AE,2019-01-04,Nil return,"Pre meet, Facilitating Inquiry workshop",1,Standard,£1.50
Nil return,Nil return,Charlotte Clark,Bus,EC4Y 8AE,2019-01-08,Nil return,Facilitating Inquiry workshop,1,Standard,£1.50
Nil return,Nil return,Charlotte Clark,Bus,EC4Y to Office,2019-01-08,Nil return,Travel to office,1,Standard,£1.50
Nil return,Nil return,Charlotte Clark,Tube,"Smart Pensions, Paddington W2 6LG",2019-01-09,Nil return,Talk at conference about largest DC schemes diversifying into infrastructure investment,1,Standard,£2.40
Nil return,Nil return,Charlotte Clark,Train,Home to Dorking Station RH3 7AA,2019-01-16,Nil return,High Potential Development Scheme,1,Standard,£12.30
Nil return,Nil return,Charlotte Clark,Taxi,Dorking Station to RH3 7AA,2019-01-16,Nil return,High Potential Development Scheme,1,Standard,£10.00
Nil return,Nil return,Charlotte Clark,Train,Dorking to Waterloo,2019-01-17,Nil return,Home from Dorking,1,Standard,£12.30
Nil return,Nil return,Charlotte Clark,Tube,Home to EC4A 4PA to Home,2019-02-01,Nil return,ET Organisational Design,1,Standard,£4.80
Nil return,Nil return,Charlotte Clark,Tube,Home to EC4M 5TA,2019-02-05,Nil return,Fidelity's third Women & Money Innovation Lab,1,Standard,£2.40
Nil return,Nil return,Charlotte Clark,Tube,EC4M 5TA to Office,2019-02-05,Nil return,Travel back to office,1,Standard,£2.40
Nil return,Nil return,Charlotte Clark,Tube,Home to Canary Wharf (NEST),2019-02-19,Nil return,Regular catch up with NEST,1,Standard,£2.40
Nil return,Nil return,Charlotte Clark,Tube,"Canary Wharf, National Employment Savings Trust to Office",2019-02-19,Nil return,Return to office,1,Standard,£2.40
Nil return,Nil return,Charlotte Clark,Bus,Office to Kennington Job Centre,2019-03-13,Nil return,Learning event,1,Standard,£1.50
Nil return,Nil return,Charlotte Clark,Tube,Office to Joint Industry Forum EC2N 1HQ,2019-03-18,Nil return,Regular meeting,1,Standard,£2.40
Nil return,Nil return,Charlotte Clark,Tube,Office to Joint Industry Forum EC2N 1HQ to Home,2019-03-18,Nil return,Return home,1,Standard,£2.40
Nil return,Nil return,Charlotte Clark,Tube,Caxton to Victoria Station,2019-03-19,Nil return,To get train to TPR in Brighton,1,Standard,£2.40
Nil return,Nil return,Charlotte Clark,Tube,Office to KornFerry Sw1Y 6QB,2019-03-20,Nil return,Personal Training/Coaching,1,Standard,£2.40
Nil return,Nil return,Jonathan Mills,Rail,Sheffield,2019-01-10,Nil return,Visit to Sheffield Policy hub,1,Standard,£65
Nil return,Nil return,Jonathan Mills,Rail,Leeds,2019-01-17,Nil return,Visit to Leeds Policy Hub,1,Standard,£138
Nil return,Nil return,Jonathan Mills,Rail,Leeds,2019-02-27,Nil return,Digital Leaders event in Leeds,1,Standard,£84.50
Nil return,Nil return,Jonathan Mills,Rail,Cambridge,2019-03-07,Nil return,Cambridge Skills Advisory Panel - Jonathan attends these quarterly,1,Standard,£50.20
Nil return,Nil return,Jonathan Mills,Rail,Leeds,2019-03-13,Nil return,People performance training in Leeds,1,Standard,£113
Nil return,Nil return,Jonathan Mills,Rail,Sheffield,2019-03-28,Nil return,Visit to Sheffield Policy hub,1,Standard,£98.50
Nil return,£155.60,Graeme Wallace ,Train ,London ,2019-01-07,Nil return,Meeting with Operational Executive team ,2,Standard,£395.80
Nil return,£150.09,Graeme Wallace ,Train ,London ,2019-01-14,Nil return,Visit to team in Balham ,2,Standard,£408.99
Nil return,£4.99,Graeme Wallace ,Train ,Leeds,2019-01-21,Nil return,Training event in Leeds ,1,Standard,£159.19
Nil return,£4.99,Graeme Wallace ,Car,Sunderland ,2019-01-29,Nil return,Training event in Sunderland ,1,,£31.79
Nil return,152.73,Graeme Wallace ,Train ,London ,2019-02-04,Nil return,Meeting with Operational Executive team ,2,Standard,£513.93
Nil return,£150.94,Graeme Wallace ,Train ,London ,2019-02-17,Nil return,Meeting with Line Manager - end of year,2,Standard,£409.34
Nil return,Nil return,Graeme Wallace ,Car,Benton Park View ,2019-03-26,Nil return,Meeting with Programme Board ,1,,£1.35
Nil return,£47.85,Mary Pattison,Train,Edinburgh,2019-02-19,Nil return,Meeting with Scottish Government ,2,Standard,£148.85
Nil return,Nil return,Mary Pattison,Train,Sheffield,2019-03-25,Nil return,Staff meeting,1,Standard,£98.50
Nil return,£99.49,Richard Cornish ,Rail,Newcastle ,2019-01-03,Nil return,Staff Visit ,2,Standard ,£281.19
Nil return,Nil return,Richard Cornish ,Rail,London,2019-01-08,Nil return,Executive Team Meeting ,1,Standard ,£40.80
Nil return,£273.69,Richard Cornish ,Rail,Manchester/Oldham,2019-01-14,Nil return,Meetings with staff and staff Engagement,4,Standard ,£553.09
Nil return,Nil return,Richard Cornish ,Rail,London,2019-01-21,Nil return,Meetings with staff and External Stakeholders,1,Standard,£55.00
Nil return,£95.60,Richard Cornish ,Rail,Birmingham,2019-01-23,Nil return,Team Conference,2,Standard ,£282.00
Nil return,Nil return,Richard Cornish ,Rail,London,2019-02-05,Nil return,Executive Team Meeting ,1,Standard ,£40.80
Nil return,Nil return,Richard Cornish ,Rail,London ,2019-02-06,Nil return,Meeting with External Stakeholder,1,Standard ,£55.00
Nil return,Nil return,Richard Cornish ,Car Hire,Dorking,2019-02-07,Nil return,Training,2,Standard ,£90.30
Nil return,£295.10,Richard Cornish ,Rail/Air,"Glasgow, Scotland",2019-02-11,Nil return,Staff Engagement and Executive Team Meeting,4,Standard ,£888.44
Nil return,Nil return,Richard Cornish ,Rail,London,2019-02-15,Nil return,Training,1,Standard ,£40.80
Nil return,Nil return,Richard Cornish ,Rail,London,2019-02-18,Nil return,Meetings with Staff,1,Standard ,£40.80
Nil return,Nil return,Richard Cornish ,Rail,London,2019-02-20,Nil return,Meeting with external Stakeholder and staff,1,Standard ,£40.80
Nil return,Nil return,Richard Cornish ,Rail,Birmingham,2019-02-21,Nil return,Fraud Error and Debt Summit on Universal Credit,2,Standard ,£234.20
Nil return,Nil return,Richard Cornish ,Rail,London,2019-02-22,Nil return,Training,3,Standard ,£40.80
Nil return,Nil return,Richard Cornish ,Rail,London,2019-02-26,Nil return,Meetings with Staff ,4,Standard ,£40.80
Nil return,Nil return,Richard Cornish ,Rail,London,2019-02-27,Nil return,Meeting with Secretary of State ,5,Standard ,£40.80
Nil return,Nil return,Richard Cornish ,Rail,London,2019-03-04,Nil return,Meetings with staff,6,Standard ,£40.80
Nil return,Nil return,Richard Cornish ,Rail,London,2019-03-05,Nil return,Executive Team Meeting ,7,Standard ,£40.80
Nil return,Nil return,Richard Cornish ,Rail,London,2019-03-06,Nil return,Meetings with staff,8,Standard ,£40.80
Nil return,Nil return,Richard Cornish ,Rail,London,2019-03-08,Nil return,Executive Team Meeting ,9,Standard ,£40.80
Nil return,£191.43,Richard Cornish ,Rail,London/ Manchester/ Derne Valley,2019-03-12,Nil return,Meetings with staff/ Staff Engagement ,3,Standard ,£514.52
Nil return,Nil return,Richard Cornish ,Rail,London,2019-03-15,Nil return,Training,1,Standard ,£40.80
Nil return,Nil return,Richard Cornish ,Rail,London,2019-03-18,Nil return,Trade Union meeting,1,Standard ,£40.80
Nil return,Nil return,Richard Cornish ,Rail,Swindon,2019-03-27,Nil return,Conference,1,Standard ,£147.50
Nil return,Nil return,Richard Cornish ,Rail,London,2019-03-29,Nil return,Training,1,Standard ,£40.80
Nil return,Nil return,Pete Searle,Tube,London,2019-01-16,Nil return,Homelessness visits in London,1,Standard,£11.60
Nil return,Nil return,Pete Searle,Rail,London,2019-01-16,Nil return,Homelessness visits in London,1,Standard,£6.90
Nil return,Nil return,Pete Searle,Rail,Sheffield,2019-01-28,Nil return,Workplace adjustments Workshop,1,Standard,£52.50
Nil return,£90.60,Pete Searle,Nil return,Sheffield,2019-01-28,Nil return,Workplace adjustments Workshop,1,Standard,£90.60
Nil return,£8.95,Pete Searle,Nil return,Sheffield,2019-01-28,Nil return,Workplace adjustments Workshop,1,Nil return,£8.95
Nil return,Nil return,Pete Searle,Tube,Sheffield,2019-01-28,Nil return,Workplace adjustments Workshop,1,Standard,£14.20
Nil return,Nil return,Pete Searle,Rail,Sheffield,2019-01-29,Nil return,Workplace adjustments Workshop,1,Standard,£52.50
Nil return,£5.00,Pete Searle,Nil return,Sheffield,2019-01-29,Nil return,Workplace adjustments Workshop,1,Nil return,£5.00
Nil return,Nil return,Pete Searle,Tubes,London,2019-01-31,Nil return,Workplace Implementation Group,1,Standard,£6.60
Nil return,Nil return,Pete Searle,Rail,London,2019-01-31,Nil return,Workplace Implementation Group,1,Standard,£7.60
Nil return,£90.60,Pete Searle,Nil return,Sheffield ,2019-03-13,Nil return,DfE-DWP Joint Locations meeting,3,Nil return,£90.60
Nil return,£11.99,Pete Searle,Nil return,Sheffield ,2019-03-13,Nil return,DfE-DWP Joint Locations meeting,3,Nil return,£11.99
Nil return,Nil return,Pete Searle,Rail,Sheffield ,2019-03-13,Nil return,DfE-DWP Joint Locations meeting,3,Standard,£100.50
Nil return,Nil return,Pete Searle,Tube,Sheffield ,2019-03-13,Nil return,DfE-DWP Joint Locations meeting,3,Standard,£2.40
Nil return,£90.60,Pete Searle,Nil return,Sheffield ,2019-03-14,Nil return,DfE-DWP Joint Locations meeting,1,Nil return,£90.60
Nil return,£5.00,Pete Searle,Nil return,Sheffield ,2019-03-14,Nil return,DfE-DWP Joint Locations meeting,1,Nil return,£5.00
Nil return,£7.99,Pete Searle,Nil return,Sheffield ,2019-03-14,Nil return,DfE-DWP Joint Locations meeting,1,Nil return,£7.99
Nil return,£5.00,Pete Searle,Nil return,Sheffield ,2019-03-15,Nil return,DfE-DWP Joint Locations meeting,1,Nil return,£5.00
Nil return,Nil return,Pete Searle,Rail,Derby,2019-03-15,Nil return,DfE-DWP Joint Locations meeting,1,Standard,£9.40
Nil return,£90.60,Pete Searle,Nil return,Sheffield,2019-03-26,Nil return,Senior Leadership Meeting,1,Nil return,£90.60
Nil return,Nil return,Pete Searle,Rail,Sheffield,2019-03-26,Nil return,Senior Leadership Meeting,1,Standard,£82.50
Nil return,£90.60,Pete Searle,Nil return,Sheffield,2019-03-27,Nil return,Senior Leadership Meeting,1,Nil return,£90.60
Nil return,Nil return,Pete Searle,Rail,London,2019-03-28,Nil return,Senior Leadership Meeting,1,Standard,£52.50
Nil return,Nil return,Emma Haddad,Rail,Makerfield,2019-01-24,Nil return,Meetings with Staff,1,Standard,£192.80
Nil return,£90.59,Emma Haddad,"Rail, Taxi",Blackpool,2019-01-15,Nil return,Area Director's Away Day,2,Standard,£335.49
Nil return,Nil return,Emma Haddad,Rail,Salisbury,2019-03-28,Nil return,Speaking at a Conference,1,Standard,£45.60
Nil return,£103.90,Debbie Alder,Train,Bootle,2019-01-10,Taxi 6.60,Health and Safety Executive /Bootle Service Centre Mtgs,2,2nd,£250.00
Nil return,£228.50,Debbie Alder,Train,Reading,2019-03-06,Taxi 8.90,Civil Service HR Conference,2,2nd,£266.60
Nil return,Nil return,Debbie Alder,Train,Leeds,2019-03-28,Nil return,Mental Health Conference,1,2nd,£140.75
Nil return,Nil return,Helen Pickles,Taxi/Rail,"Caxton House, London",2019-01-09,Nil return,Executive Team Meeting,1,Standard,£282.00
Nil return,£5.00,Helen Pickles,Taxi/Rail,"Caxton House, London",2019-01-15,Nil return,Meetings with staff,1,Standard,£195.90
Nil return,Nil return,Helen Pickles,Hire car,Cranfield University,2019-01-15,Nil return,Project Leadership Programme training,1,Standard,£62.66
Nil return,£142.95,Helen Pickles,Taxi/Rail,"Caxton House, London",2019-01-22,Nil return,Meetings with staff,2,Standard,£419.95
Nil return,£4.60,Helen Pickles,Taxi/Rail,Bootle Service Centre,2019-01-25,Nil return,Meetings with staff,1,Standard,£66.00
Nil return,£5.00,Helen Pickles,Taxi/Rail,"Caxton House, London",2019-01-28,Nil return,Meetings with staff,1,Standard,£282.00
Nil return,Nil return,Helen Pickles ,Taxi/Rail,"Deloittes LLP, London",2019-02-01,Nil return,Executive Team - Accelerated Solutions Event,1,Standard,£291.80
Nil return,£99.50,Helen Pickles,Taxi/Rail,"Caxton House, London ",2019-02-04,Nil return,Executive Team Meeting/Meetings with staff,2,Standard,£376.50
Nil return,Nil return,Helen Pickles,Own vehicle,"Kings Court, Sheffield",2019-02-19,Parking Expenses,Meetings with staff,1,Standard,£4.00
Nil return,Nil return,Helen Pickles,Taxi/Rail,Cranfield University,2019-02-26,Nil return,Project Leadership Programme training,2,Standard,£310.50
Nil return,£135.99,Helen Pickles,Rail,"Caxton House, London",2019-03-07,Nil return,Executive Team Meeting/Meetings with staff,2,Standard,£407.99
Nil return,£121.20,Helen Pickles,Taxi/Rail,"Caxton House, London",2019-03-12,Nil return,Meetings with staff,2,Standard,£482.30
Nil return,Nil return,Helen Pickles,Taxi/Rail/Metro,"Benton Park View, Newcastle",2019-03-14,Nil return,Meetings with staff,1,Standard,£65.30
Nil return,£5.00,Lorraine Jainudeen ,Rail,Kings Court -Sheffield ,2019-01-07,£10.00 Taxi ,Attending Stocktake Meeting ,1,Standard,£15.00
Nil return,Nil return,Lorraine Jainudeen ,Rail,Quarry House Leeds ,2019-01-23,Nil return,Attending HR Ops SLT monthly meeting,1,Standard,£102.75
Nil return,Nil return,Lorraine Jainudeen ,Rail ,Dorking ,2019-02-05,Nil return,Attending HPDS Residential Course ,2,Standard,£25.40
£109.80,Nil return,Susan Park,Car,Sunderland/ Grantham,2019-01-03,Nil return,Site Visit,1,Standard,Nil return
£36.05,£3.55,Susan Park,Rail,Marylebone,2019-01-10,Nil return,Training Course,1,Standard,£32.50
£37.74,£5.24,Susan Park,Rail,Marylebone,2019-01-11,Nil return,Training Course,1,Standard,32.5
£232.20,£87.60,Susan Park,Rail,Sheffield,2019-01-16,Nil return,Hosting Leading Operations Event,2,Standard,£144.70
£298.15,£95.60,Susan Park,Flight / Taxi,Glasgow,2019-01-23,Nil return,Site Visit,2,Standard,£202.55
£207.24,£102.04,Susan Park,Rail,Newcastle,2019-01-30,Nil return,Site Visit / LOT,2,Standard,£105.20
£29.50,Nil return,Susan Park,Rail,Blackfriars,2019-02-01,Nil return,ASE event,1,Standard,£29.50
£125.35,£25.00,Susan Park,Private Mileage,Corby/Leicester/Skegness,2019-02-06,Nil return,Site Visits,2,Standard,£100.35
£184.40,£3.40,Susan Park,Rail,Bridgend,2019-02-13,Nil return,Aspire Event,1,Standard,£181.00
£176.50,£100.60,Susan Park,Rail,Swindon,2019-02-27,Nil return,Hosting Leading Operations Event,2,Standard,£75.90
£33.50,Nil return,Susan Park,Rail,Kennington Park,2019-03-13,Nil return,Ops SCS Together Event,1,Standard,£33.50
£137.95,£5.00,Susan Park,Rail,Birmingham / Leicester,2019-03-20,Nil return,Summer School / Site Visit,1,Standard,£132.90
Nil return,£234.60,Karen Gosden ,Rail,London,2019-01-07,Nil return,"Universal Credit Operations Executive team meetings, and meetings with staff",3,Standard,£454.10
Nil return,Nil return,Karen Gosden ,Private User Car,Birmingham,2019-01-10,Nil return,Meetings with Staff,1,Nil return,£10.20
Nil return,£99.60,Karen Gosden ,Private User Car,Cardiff,2019-01-14,Nil return,Meetings with Staff,2,Nil return,£116.00
Nil return,£90.60,Karen Gosden ,Private User Car,Blackpool (from evening),2019-01-15,Nil return,Executive team meeting,2,Nil return,£90.60
Nil return,Nil return,Karen Gosden ,Rail,London,2019-01-17,Nil return,Meeting with Staff,1,Standard,£203.50
Nil return,Nil return,Karen Gosden ,Rail ,Birmingham,2019-01-22,Nil return,Meetings with Staff,1,Standard,£28.00
Nil return,£150.60,Karen Gosden ,Rail ,London,2019-01-23,Nil return,Executive team meeting/meetings with staff,2,Standard,£362.10
Nil return,£167.40,Karen Gosden ,Private User Car,Wales (Cardiff/Bangor area),2019-01-28,Nil return,Meetings with Staff,3,Nil return,£176.70
Nil return,Nil return,Karen Gosden ,Rail,London,2019-02-01,Nil return,Executive team meeting,1,Standard,£203.50
Nil return,£267.00,Karen Gosden ,Rail,London,2019-02-04,Nil return,Infrastructure products authority review,4,Standard,£462.60
Nil return,Nil return,Karen Gosden ,Rail,Birmingham,2019-02-11,Nil return,Meetings with Staff,1,Standard,£28.00
Nil return,£81.85,Karen Gosden ,Rail ,Birmingham,2019-02-12,Nil return,Meetings with Staff,2,Standard,£136.15
Nil return,Nil return,Karen Gosden ,Rail,"Newport, Wales",2019-02-18,Nil return,Meetings with Staff,1,Standard,£130.75
Nil return,£162.60,Karen Gosden ,Rail ,London,2019-02-19,Nil return,Executive team meeting and Away day,2,Standard,£374.10
Nil return,Nil return,Karen Gosden ,Private User Car,Birmingham,2019-02-21,Nil return,Meetings with Staff,1,Nil return,£5.50
Nil return,£149.60,Karen Gosden ,Rail ,London,2019-03-05,Nil return,Executive Team Meeting / Meetings with staff,2,Standard,£362.60
Nil return,Nil return,Karen Gosden ,Rail,London,2019-03-07,Nil return,Meeting with Staff,1,Standard,£185.50
Nil return,Nil return,Karen Gosden ,Private User Car,Walsall/Wolverhampton,2019-03-11,Nil return,Meeting with Staff,2,Nil return,£11.90
Nil return,Nil return,Karen Gosden ,Rail,London,2019-03-13,Nil return,Executive team- senior civil service away day/event,1,Standard,£203.50
Nil return,Nil return,Karen Gosden ,Private User Car,Liverpool,2019-03-14,Nil return,Meeting with Staff,1,Nil return,£8.50
Nil return,Nil return,Karen Gosden ,Rail,Birmingham,2019-03-18,Nil return,Meeting with Staff,1,Standard,£28.00
Nil return,Nil return,Karen Gosden ,Rail,London,2019-03-19,Nil return,Executive Team Meeting,1,Standard,£211.50
Nil return,Nil return,Karen Gosden ,Private User Car,Birmingham,2019-03-21,Nil return,Meeting with Staff,1,Standard,£4.50
Nil return,£95.60,Karen Gosden ,Private User Car,"East Anglia Staff meetings (Felixstowe, Norwich, Cromer Great Yarmouth)",2019-03-25,Nil return,Meeting with Staff on site,2,Standard,£95.60
Nil return,Nil return,Karen Gosden ,Rail,London,2019-03-28,Nil return,Meetings with Staff,1,Standard,£195.50
Nil return,Nil return,Karen Gosden ,Rail ,London,2019-04-02,Nil return,Operations Executive team meeting,1,Standard,£195.50
Nil return,£77.60,John Paul Marks,Aeroplane and Rail,Glasgow,2019-04-04,Nil return,Site visit to Northgate and Atlantic Quay ,2,Standard,£325.04
Nil return,£85.00,John Paul Marks,Train,Blackpool,2019-01-15,Nil return,Site visit to Blackpool Service Centre and AD away day,2,Standard,£179.10
Nil return,£61.65,John Paul Marks,Aeroplane,Edinburgh,2019-04-25,Nil return,Joint ET with Scottish Government,2,Standard,£282.58
Nil return,Nil return,John Paul Marks,Rail,Leeds,2019-01-31,Nil return,PIP visit to Quarry House,1,Standard,£102.75
Nil return,Nil return,John Paul Marks,Rail,Alton,2019-02-01,Nil return,Meeting with Treloars,1,Standard,£22.60
Nil return,Nil return,John Paul Marks,Train and Taxi,Dorking,2019-02-07,Nil return,HPDS Embodied Leadership,1,Standard,£33.40
Nil return,Nil return,John Paul Marks,Rail,Alton,2019-03-29,Nil return,Treloars Trustees Board Meeting,1,Standard,£33.80
Nil return,£106.40,John Paul Marks,Rail,Liverpool,2019-01-24,Nil return,Site visit to Bootle Service Centre,2,Standard,£200.10
Nil return,£98.50,James Wolfe,Rail,Sheffield,2019-02-04,Nil return,Visit to Sheffield - Staff Visit,1,Standard,£98.50
Nil return,£98.50,James Wolfe,Rail,Sheffield,2019-03-14,Nil return,Visit to Sheffield - Staff Visit,1,Standard,£98.50
Nil return,£98.50,James Wolfe,Rail,Sheffield,2019-03-28,Nil return,Visit to Sheffield - SLT,1,Standard,£98.50
Nil return,Nil return,Iain Walsh,Rail,Liverpool,2019-03-13,Nil return,WP Business Event,1,Standard,£68.80
Nil return,Nil return,Iain Walsh,Rail,Sheffield,2019-03-28,Nil return,SLT Visit to Sheffield,1,Standard,£87.00
Nil return,Nil return,Lara Sampson,Rail,London Kings Cross,2019-01-08,Nil return,Team Event,1,Standard,£265.00
Nil return,Nil return,Lara Sampson,Rail,London Kings Cross,2019-01-15,Nil return,Team Event,1,Standard,£201.50
Nil return,Nil return,Lara Sampson,Rail,London Kings Cross,2019-02-04,Nil return,Directorate Event,1,Standard,£265.00
Nil return,Nil return,Lara Sampson,Rail,Leeds,2019-03-27,Nil return,Programme Delivery Executive Team Meeting ,1,Standard,£69.00
Nil return,Nil return,Lara Sampson,Rail,York,2019-03-27,Nil return,Departmental Visit,1,Standard,£134.50
Nil return,Nil return,Julie Gillis ,Nil return,Nil return,Nil return,Nil return,Nil return,Nil return,Nil return,Nil return
Nil return,£20.00,Stuart Proud,Rail,London,2019-01-30,£13.60,Finance Executive Team meeting,2,Standard,£33.60
Nil return,Nil return,Stuart Proud,Car,Leeds,2019-02-06,£37.00,Planning Meeting,1,Standard,£37.00
Nil return,£116.55,Stuart Proud,Rail,London,2019-02-13,£292.60,Meetings ,2,Standard,£409.15
Nil return,Nil return,Stuart Proud,Rail,London,2019-02-21,£355.80,Various F2F meetings,1,Standard,£355.80
Nil return,Nil return,Stuart Proud,Rail,Manchester,2019-02-27,£28.40,Finance Executive Team meeting,2,Standard,£28.40
Nil return,Nil return,Stuart Proud,Rail,London,2019-03-20,£303.00,Programme Board/Stand-up,1,Standard,£303.00
Nil return,£219.50,Stuart Proud,Rail,London,2019-04-02,£292.00,Meetings ,3,Standard,£511.50
Nil return,Nil return,Stuart Proud,Rail,London,2019-04-12,£86.00,Meetings ,1,Standard,£86.00
Nil return,Nil return,Richard West,Rail,London,2019-01-08,£298.10,Operations Executive Team Meeting,1,Standard,£298.10
Nil return,£4.27,Richard West,Hire Car,Barnsley,2019-01-09,£50.90,Site Visit,1,Standard,£55.17
Nil return,£4.17,Richard West,Hire Car,Sheffield,2019-01-14,£69.05,Site Visit,1,Standard,£73.22
Nil return,£90.60,Richard West,Rail and Hire Car,Birmingham & Blackpool,2019-01-15,£180.02,Site Visit and Senior Leaders Meeting,2,Standard,£270.62
Nil return,£152.39,Richard West,Rail,London,2019-01-31,£313.20,Senior Leaders Event,2,Standard,£465.59
Nil return,£4.90,Richard West,Rail,London,2019-02-05,£298.10,Operations Executive Team Meeting,1,Standard,£303.00
Nil return,£0.00,Richard West,Rail,London,2019-02-13,£298.10,Operational Delivery Profession Celebration Event,1,Standard,£298.10
Nil return,£156.50,Richard West,Rail,London,2019-02-19,£311.20,Operations Executive Team Meeting,2,Standard,£467.70
Nil return,£5.00,Richard West,Rail,London,2019-02-25,£298.10,High Potential Development Scheme Review,1,Standard,£302.79
Nil return,£7.00,Richard West,Rail,London,2019-03-06,£298.10,Meeting with DWP Director General,1,Standard,£305.40
Nil return,£5.00,Richard West,Rail,London,2019-03-08,£298.10,Accelerated Solutions Event,1,Standard,£303.10
Nil return,Nil return,Richard West,Rail,London,2019-03-13,£298.10,DWP Operations SCS Event,1,Standard,£298.10
Nil return,£606.40,Richard West,Rail,London,2019-03-27,£230.75,Investiture & Meeting with Permanent Secretary,3,Standard,£837.15
