Class of travel,Start date of trip,Senior Officials Name,Destination,Mode of transport,Total Cost of Use of Official Secure Car,Accomodation/Meals (£),"Total cost, including all visas, accommodation, travel, meals etc. (£)",Purpose of trip,Other (including hospitality given),Duration of Visit (Days)
Standard ,30/07/2019,Simon Mckinnon,"Manchester, UK",Rail,NIL return,£78.00,£452.60,Visiting DWP staff in Manchester,NIL return,2
Standard ,07/08/2019,Simon Mckinnon,"Sheffield, UK, UK","Rail, Taxi ",NIL return,NIL return,£220.25,"Visiting DWP staff in Sheffield, UK",£5.00,1
Standard ,13/08/2019,Simon Mckinnon,"Blackpool, UK, UK","Rail, Taxi ",NIL return,£65.00,£489.00,"Visiting DWP staff in Blackpool, UK",£44.00,2
Standard ,09/09/2019,Simon Mckinnon,"Manchester, UK","Rail, Tram",NIL return,£20.00,£397.80,Simon's DD workshop ,£2.80,2
Standard ,24/09/2019,Simon Mckinnon,"Coverney, UK",Rail,NIL return,NIL return,£176.38,Stratey workshop ,NIL return,2
Standard,17/07/2019,Juan Villamil,"Blackpool, UK, UK",Rail,NIL return,NIL return,£274.80,Juan All Staff Roadshow,NIL return,1
Standard,05/08/2019,Juan Villamil,"Manchester, UK",Rail,NIL return,NIL return,£150.25,Senior Leadership Team People Sessions,NIL return,1
Standard,28/08/2019,Juan Villamil,"Manchester, UK",Rail,NIL return,NIL return,£188.05,Senior Leadership Team People Sessions,NIL return,1
Standard,04/09/2019,Juan Villamil,"Leeds, UK, UK",Rail,NIL return,NIL return,£132.00,Juan All Staff Roadshow,NIL return,1
Standard,10/09/2019,Juan Villamil,"Manchester, UK",Rail,NIL return,NIL return,£178.25,Digital Summer Workshop,NIL return,1
NIL return,10/09/2019,Juan Villamil,"Newcastle, UK, UK",NIL return,NIL return,£91.70,£169.15,Senior Leadership Team People Sessions,NIL return,2
Standard,13/09/2019,Juan Villamil,"Manchester, UK",Rail,NIL return,NIL return,£195.85,Fireside Chats for the Head Of Hybrid Cloud ,NIL return,1
Standard,17/09/2019,Juan Villamil,"Manchester, UK",Rail,NIL return,NIL return,£157.25,"Invitation to War, Peace and IT  Executive Roundtable ",NIL return,1
Standard,18/09/2019,Juan Villamil,"Manchester, UK",Rail,NIL return,NIL return,£335.10,All staff evolution Event ,NIL return,2
Standard,25/09/2019,Juan Villamil,"Coventry, UK",Rail,NIL return,NIL return,£112.55,Strategy Workshop ,NIL return,1
Standard,01/07/2019,Tamara Bruck,"SAP, Clockhouse Place, Feltham, UK",Car,NIL return,£19.80,£99.00,Internal Meeting with Supplier - Digital UE (SAP),£79.20,1
Standard,16/07/2019,Tamara Bruck,"Blackpool, UK, UK",Rail,NIL return,NIL return,£386.00,Hub Visit,NIL return,1
Standard,30/07/2019,Tamara Bruck,"Glasgow, UK","Taxi, Air ",NIL return,£311.15,£601.16,Internal Meeting with DWP UC / CRCF Teams,NIL return,4
Standard,10/09/2019,Tamara Bruck,"Manchester, UK",Rail ,NIL return,NIL return,£353.05,DWP Digital Summer Workshop,NIL return,1
Standard,25/09/2019,Tamara Bruck,"Coventry, UK",Rail,NIL return,NIL return,£160.25,DWP Digital ET Strategy Workshop,NIL return,1
Economy,20/08/2019,Helen Roberts,"Edinburgh, Scotland",Air,NIL return,£54.85,£375.57,Joint Strategic Design Group Meeting ,NIL return,1
Standard,04/09/2019,Helen Roberts,"Sheffield, UK, UK",Rail,NIL return,£67.50,£203.67,"Quarterly Face to Face SLT meeting in Sheffield, UK",NIL return,1
Standard,09/09/2019,Helen Roberts,"Manchester, UK",Rail,NIL return,£166.25,£166.25,DWP Digital Summer Workshop,NIL return,1
Standard,09/09/2019,Helen Roberts,"Manchester, UK",Rail,NIL return,£67.00,£176.95,DWP Digital Summer Workshop,NIL return,1
Standard,24/09/2019,Helen Roberts,"Coventry, UK",Rail,NIL return,£74.30,£157.35,Strategy workshop ,NIL return,1
Standard,22/10/2019,Helen Roberts,"Manchester, UK",Rail,NIL return,NIL return,£178.26,Transformation  rise to the challenge together - conference,NIL return,1
Standard,10/07/2019,Kenny Robertson,"London, UK, UK UK",Rail,NIL return,£133.65,£464.65,Internal Meetings Digital Exec Team Meeting,NIL return,2
Standard,16/07/2019,Kenny Robertson,"London, UK, UK",Rail,NIL return,£5.00,£336.00,Civil Service Live,NIL return,2
Standard,24/07/2019,Kenny Robertson,"London, UK ",Rail,NIL return,£125.60,£456.60,Digital Executive Team,NIL return,2
Standard,01/08/2019,Kenny Robertson,"London, UK ",Rail,NIL return,£4.99,£335.24,Senior Stakeholder Show & Tell session,NIL return,1
Standard,05/09/2018,Kenny Robertson,"Newcastle, UK",Rail,NIL return,£2.85,£152.70,"Internal Meetings Newcastle, UK Team",NIL return,1
Standard,12/09/2019,Kenny Robertson,"London, UK ",Rail,NIL return,£125.13,£465.63,Digital Executive Team,NIL return,2
Standard,01/07/2019,Aaron Jafffrey,"Sheffield, UK",Rail,£0.00,£5.00,£130.40,Team meeting,NIL return,1
Standard,04/07/2019,Aaron Jafffrey,"London, UK",Rail,£0.00,£4.85,£331.85,Railing,NIL return,1
Standard,09/07/2019,Aaron Jafffrey,"London, UK",Rail,£0.00,£11.04,£355.04,Site visit,NIL return,1
Standard,16/07/2019,Aaron Jafffrey,"Sheffield, UK",Rail,£0.00,£90.95,£221.75,Meeting with Suppliers,NIL return,2
NIL return,23/07/2019,Aaron Jafffrey,"Blackpool, UK",Hire Car,£48.71,£5.00,£60.71,Internal meeting,NIL return,1
Standard,24/07/2019,Aaron Jafffrey,"London, UK",Rail,£0.00,£218.67,£587.17,Internal Meetings,NIL return,3
Standard,30/07/2019,Aaron Jafffrey,"Leeds, UK",Rail,£0.00,£5.00,£112.00,Workshop,NIL return,1
Standard,31/07/2019,Aaron Jafffrey,Manchester,Rail,£0.00,£4.60,£141.50,Internal meeting,NIL return,1
Standard,01/08/2019,Aaron Jafffrey,"London, UK",Rail,£0.00,£9.15,£352.40,Internal meeting,NIL return,1
Standard,06/08/2019,Aaron Jafffrey,"London, UK",Rail,£0.00,£6.87,£340.12,Workshop,NIL return,1
Standard,09/08/2019,Aaron Jafffrey,"London, UK",Rail,£0.00,NIL return,£333.25,Internal meeting,NIL return,1
Standard,10/09/2019,Aaron Jafffrey,Manchester,Rail,£0.00,£4.85,£95.10,Summer Workshop,NIL return,1
Standard,11/09/2019,Aaron Jafffrey,"Birmingham, UK",Rail,£0.00,NIL return,£225.75,Conference,NIL return,1
NIL return,16/09/2019,Aaron Jafffrey,"Newcastle, UK",Car,£0.00,NIL return,£3.30,Workshop,NIL return,1
Standard,17/09/2019,Aaron Jafffrey,"London, UK",Rail,£0.00,£5.00,£358.25,Internal meetings,NIL return,1
Standard,18/09/2019,Aaron Jafffrey,"Leeds, UK",Rail,£0.00,£5.00,£74.65,Internal meetings,NIL return,1
Standard,19/09/2019,Aaron Jafffrey,"London, UK",Rail,£0.00,NIL return,£343.29,Internal meetings,NIL return,1
NIL return,20/09/2019,Aaron Jafffrey,"Newcastle, UK",Car,£0.00,NIL return,£3.30,Supplier visit,NIL return,1
Standard,24/09/2019,Aaron Jafffrey,"Leeds, UK",Rail,£0.00,£72.50,£152.15,Conference,NIL return,1
Standard,25/09/2019,Aaron Jafffrey,Coventry,Rail,£0.00,£125.55,£392.10,Workshop,NIL return,1
Standard,27/09/2019,Aaron Jafffrey,"Leeds, UK",Rail,£0.00,£116.25,£215.50,Internal meeting ,NIL return,1
Standard,30/09/2019,Aaron Jafffrey,"Leeds, UK",Rail,£0.00,£9.85,£99.10,Internal meeting ,NIL return,1
Standard,09/07/2019,Aleksei Doroshko,"Kings Court Office, UK",Taxi,NIL return,£5.00,£23.60,Meeting with staff,NIL return,1
Standard,10/07/2019,Aleksei Doroshko,"Kings Court Office, UK","Rail, Taxi",NIL return,NIL return,£181.15,Meeting with staff,£161.55,2
Standard,14/07/2019,Aleksei Doroshko,"London, UK",Rail,NIL return,NIL return,£221.00,Meeting with staff,£221.00,2
Standard,15/07/2019,Aleksei Doroshko,"Railway station, London, UK going to Sheffiled to overnight stay",Taxi,NIL return,NIL return,£20.20,Meeting with staff,NIL return,1
Standard,17/07/2019,Aleksei Doroshko,"Newcastle, UK","Taxi, Metro, Tube",NIL return,£90.60,£110.80,Senior Leaders Team Meeting ,NIL return,2
Standard,18/07/2019,Aleksei Doroshko,"Newcastle, UK","Taxi, Metro, Tube",NIL return,£10.00,£32.30,Supplier Scot Logic and DWP meeting,NIL return,1
Standard,19/07/2019,Aleksei Doroshko,"Leeds, UK","Rail, Taxi",NIL return,£3.99,£67.89,Digital Planning Forum Meeting,NIL return,1
Standard,22/07/2019,Aleksei Doroshko,"London, UK","Rail, Taxi",NIL return,NIL return,£188.10,Meetings with staff,£179.50,5
Standard,28/07/2019,Aleksei Doroshko,"London, UK",Rail,NIL return,NIL return,£86.00,Meetings with staff,£86.00,1
Standard,30/07/2019,Aleksei Doroshko,"Sheffiled railway station to overnight stay, UK",Taxi,NIL return,NIL return,£11.00,Meeting with staff,NIL return,1
Standard,31/07/2019,Aleksei Doroshko,"Manchester Oxford Road, UK","Rail, Taxi",NIL return,NIL return,£99.02,Senior Leaders Team Meeting ,£43.20,1
NIL return,07/07/2019,Paul Lodge,"Said Business School, Oxford, UK",Hire car,NIL return,NIL return,£312.85,Major Projects Leadership Academy,NIL return,5
Standard,16/07/2019,Paul Lodge,"Caxton House, UK",Rail,NIL return,NIL return,£338.00,DWP EU Exit meeting and Service transformation board,NIL return,1
Standard,17/07/2019,Paul Lodge,"Kings Court, UK",Rail,NIL return,NIL return,£216.80,Senior Leadership team meeting,NIL return,1
Standard,24/07/2019,Paul Lodge,"Caxton House, London, London, UK",Rail,NIL return,NIL return,£338.00,Data & Analytics Deep Dive run through,NIL return,1
Standard,26/07/2019,Paul Lodge,"Caxton House, London, London, UK",Rail,NIL return,NIL return,£320.50,Data & analytics Deep Dive ,NIL return,1
Standard,29/07/2019,Paul Lodge,"Caxton House, London, London, UK",Rail,NIL return,NIL return,£338.00,DWP Digital Transformation,NIL return,1
NIL return,30/07/2019,Paul Lodge,"Peel Park, UK",Hire car,NIL return,NIL return,£103.36,Senior Leadership Team Meeting,NIL return,1
Standard,01/08/2019,Paul Lodge,"Caxton House, London, London, UK",Rail,NIL return,NIL return,£348.82,Senior stakholder show and tell and Data Leaders Community,NIL return,1
Standard,27/08/2019,Paul Lodge,"Caxton House, London, London, UK",Rail,NIL return,NIL return,£358.00,Gartner DWP Leadership Partner Service Meeting,NIL return,1
Standard,09/09/2019,Paul Lodge,"Caxton House, London, London, UK",Rail,NIL return,NIL return,£354.00,Business Group Security Lead workgroup,NIL return,1
Standard,10/09/2019,Paul Lodge,"Manchester Hub, UK",Rail,NIL return,NIL return,£231.35, DWP Digital Summer Workshop,NIL return,1
Standard,12/09/2019,Paul Lodge,"Caxton House, London, London, UK",Rail,NIL return,NIL return,£320.25,Digital Executive Team,NIL return,1
Standard,17/09/2019,Paul Lodge,"Caxton House, London, London, UK",Rail,NIL return,NIL return,£401.25,German Employment Service Visit,NIL return,2
Standard,18/09/2019,Paul Lodge,"Peterborough, UK",Rail,NIL return,NIL return,£115.25,Senior Analytical Leadership Team,NIL return,1
Standard,24/09/2019,Paul Lodge,"Coventry Cofa Court JCP, UK",Rail,NIL return,NIL return,£191.90,Director General's Strategy workshop,NIL return,2
NIL return,10/07/2019,Craig Eblett,"Oldham, UK",Hire Car,NIL return,£108.45,£218.16,Deliver DWP Story Session ,NIL return,2
Standard,15/07/2019,Craig Eblett,"London, UK",Rail,NIL return,£27.97,£389.07,Various senior level meetings ,NIL return,2
Standard,17/07/2019,Craig Eblett,"Sheffield, UK, London, UK ",Rail,NIL return,£284.69,£670.19,Health Assessment Services Event and Board meeting ,NIL return,2
Standard,23/07/2019,Craig Eblett,"London, UK ",Rail,NIL return,£273.07,£307.17,Board Meetings ,NIL return,2
Standard,24/09/2019,Craig Eblett,"London, UK",Rail,NIL return,£19.99,£380.64,Internal Meetings ,NIL return,2
NIL return,NIL return,Nick Harrison,NIL return,NIL return,NIL return,NIL return,NIL return,NIL return,NIL return,NIL return
Standard,03/07/2019,Nick Joicey,"Birkenhead, UK",Rail,NIL return,£91.70,£308.75,DWP Story / Team meeting,NIL return,2
Standard,08/07/2019,Nick Joicey,"Birmingham, UK",Rail,NIL return,£76.10,£181.60,Chartered Institute of Public Finance and Accountancy Conference,NIL return,2
Standard,10/07/2019,Nick Joicey,"Dorking, UK",Rail,NIL return,NIL return,£27.20,High Potential Development Scheme Development workshop,NIL return,1
Standard,24/07/2019,Nick Joicey,"Sheffield, UK",Rail,NIL return,NIL return,£119.00,Finance Executive Team Leadership Development,NIL return,1
Standard,01/08/2019,Nick Joicey,"Blackpool, UK",Rail,NIL return,£63.60,£184.65,Staff engaagement meetings in Northern DWP sites,NIL return,2
Standard,05/08/2019,Nick Joicey,"Newcastle, UK",Rail,NIL return,NIL return,£31.85,Staff engaagement meetings in Northern DWP sites,NIL return,1
Standard,06/08/2019,Nick Joicey,"Leeds, UK",Rail,NIL return,NIL return,£44.15,Staff engaagement meetings in Northern DWP sites,NIL return,1
Standard,07/08/2019,Nick Joicey,"Sheffield, UK",Rail,NIL return,NIL return,£105.20,Staff engaagement meetings in Northern DWP sites,NIL return,1
Standard,04/09/2019,Nick Joicey,Cambridge,Rail,NIL return,£20.00,£77.45,Summer School/ET Away Day,NIL return,2
Standard,13/09/2019,Nick Joicey,High Wycombe,Rail,NIL return,NIL return,£21.45,Executive Team Business Continuity Exercise,NIL return,1
Standard,18/09/2019,Nick Joicey,Liverpool,Rail,NIL return,NIL return,£94.85,Financial Management & Planning Conference,NIL return,1
Standard,25/09/2019,Nick Joicey,"Blackpool, UK",Rail,NIL return,NIL return,£199.15,Senior Leaders Session / Team meeting,NIL return,1
Standard,24/07/2019,Jane Cunliffe,Sheffiled,Rail,NIL return,£0.00,£97.50,Finance Executive Team Meeting,NIL return,1
Standard,02/09/2019,Jane Cunliffe,Cambridge,Rail,NIL return,£0.00,£26.45,Summer School Event,NIL return,1
Standard,26/09/2019,Jane Cunliffe,"Leeds, UK",Rail,NIL return,£0.00,£155.10,Visiting Staff/Meetings,NIL return,1
Standard,03/07/2019,Tara Smith,"Newcastle, UK",Rail,NIL return,£0.00,£92.80,Chair internal meeting,NIL return,1
Standard,09/07/2019,Tara Smith,Barnsley,Rail,NIL return,£0.00,£16.70,Hosting DWP Story event,NIL return,1
Standard,24/07/2019,Tara Smith,"Sheffield, UK",Rail,NIL return,£0.00,£13.40,Leadership Development event,NIL return,1
Standard,09/09/2019,Tara Smith,"London, UK",Rail,NIL return,£0.00,£278.05,Security Workshop,NIL return,1
NIL return,12/09/2019,Tara Smith,"Blackpool, UK",Car,NIL return,£0.00,£69.32,Management Team meetig,NIL return,1
Standard,19/09/2019,Tara Smith,Liverpool,Rail,NIL return,£0.00,£60.35,Conference attendance,NIL return,1
Standard,25/09/2019,Tara Smith,"London, UK ",Rail,NIL return,£148.50,£289.25,Internal meetings and Deloitte evening event,NIL return,2
,,,,,,,,,,
Economy,02/07/2019,Campbell (Michael) Mccafferty,"Leeds, UK",Rail,NIL return,£9.40,£14.20,Security SLT face to face meeting at Quarry House,NIL return,1
NIL return,04/07/2019,Campbell (Michael) Mccafferty,"Cosham, Portsmouth",Car,NIL return,NIL return,£35.10,Campbell presented DWP Story in Cosham,£6.20,1
Economy,23/07/2019,Campbell (Michael) Mccafferty,"York, Sheffield, UK",Rail,NIL return,£201.57,£219.95,"Vetting Reform Board meeting in YorkFinance Executive Team (FET) Leadership Development in Sheffield, UK",NIL return,2
Economy,05/08/2019,Campbell (Michael) Mccafferty,"Leeds, UK, Manchester",Rail,NIL return,£185.50,£190.30,"Data Protection One Workshop in Leeds, UKSecurity SLT face to face meeting in Manchester",NIL return,2
Economy,13/08/2019,Campbell (Michael) Mccafferty,"London, UK",Rail,NIL return,NIL return,£4.80,Security to meet with Cluster 3 CEOs/Directors,NIL return,1
Economy,21/08/2019,Campbell (Michael) Mccafferty,"London, UK",Rail,NIL return,NIL return,£4.80,Security to meet with Cluster 3 CEOs/Directors,NIL return,1
Economy,02/09/2019,Campbell (Michael) Mccafferty,"Newcastle, UK",Rail,NIL return,£105.00,£181.25,Security SLT face to face meeting at Longbenton,NIL return,1
Standard,19/09/2019,Campbell (Michael) Mccafferty,"Civil Service Club, London, UK",NIL return,NIL return,£129.00,£129.00,Late meeting with Supplier,NIL return,1
Standard ,09/09/2019,Sue Moore,"Bristol, Portsmouth","Car, Rail ",NIL return,£207.80,£561.75,Infastructure Projects Authority (IPA) review ,NIL return,4
Standard,16/07/2019,Laura Squire,"Leeds, UK, Kings Cross",Rail,NIL return,£0.00,£265.00,Meetings with DWP staff,NIL return,1
Standard,24/07/2019,Laura Squire,"Leeds, UK, Sheffield, UK",Rail,NIL return,£0.00,£14.20,DWP event,NIL return,1
Standard,25/07/2019,Laura Squire,"Leeds, UK, London, UK",Rail,NIL return,£0.00,£266.00,Meetings with DWP staff,NIL return,1
Standard,28/08/2019,Laura Squire,"Leeds, UK, London, UK",Rail,NIL return,£145.00,£416.25,Meetings/interviewing,NIL return,2
Standard,30/08/2019,Laura Squire,"Leeds, UK, Grimsby",Rail,NIL return,£0.00,£57.30,Visit to meet Digital staff at Grimsby Service Staff,NIL return,1
Standard,03/09/2019,Laura Squire,"Leeds, UK, Cambridge",Rail,NIL return,£0.00,£99.75,Summer School,NIL return,1
Standard,04/09/2019,Laura Squire,"Cambridge, London, UK",Rail,NIL return,£0.00,£52.35,Meetings with DWP staff,NIL return,1
Standard,05/09/2019,Laura Squire,"Cambridge, London, UK",Rail,NIL return,£0.00,£86.45,Summer School,NIL return,1
Standard,26/09/2019,Laura Squire,"Leeds, UK, London, UK",Rail,NIL return,£0.00,£273.25,Meetings with DWP staff,NIL return,1
NIL return,04/07/2019,Nagesh Reddy,"Leeds, UK",Hire Car,NIL return,NIL return,"£73.86 
",Change Group Programme Directors & Senior Civil Servants (SCS) Away day,NIL return,1
NIL return,11/07/2019,Nagesh Reddy,"Oldham, UK",Hire Car,NIL return,NIL return,"£64.73

 ","DWP Story - Phoenix House, Oldham, UK",NIL return,1
Standard,15/07/2019,Nagesh Reddy,"Leeds, UK","Car, Rail",NIL return,NIL return,£112.60,"DWP Re-Imagine Team Meeting
Introducing Finance Transformation with HR Re-Imagine",NIL return,1
Standard,16/07/2019,Nagesh Reddy,"Caxton House, London, London, UK","Car, Rail",NIL return,NIL return,£380.00,Cloud implementation and transformation at DWP - face to face meeting,NIL return,1
Standard,18/07/2019,Nagesh Reddy,"Caxton House, London, London, UK","Car, Rail",NIL return,£3.65,£396.75,"Change Group Priorities Blueprint Work Programme - Away Day follow up 
Change Portfolio Board",NIL return,1
Standard,23/07/2019,Nagesh Reddy,"London, UK - Kensington","Car, Rail",NIL return,£149.60,£567.80,"Travel night before
MPLA Cohort 24 - Organisational Design Masterclass on 24/07/2019",NIL return,2
Standard,13/08/2019,Nagesh Reddy,"Caxton House, London, London, UK",Rail,NIL return,£129.00,£520.95,"Travel night before
Meeting John Hatton, Crystal Akass & Nagesh Reddy
Cognitive HR Tools Meeting",NIL return,2
Standard,03/09/2019,Nagesh Reddy,"Caxton House, London",Rail,NIL return,£133.00,£511.60,"Travel night before
DG & SRO meeting to discuss Re-Imagine Transformation ",NIL return,2
Standard,11/09/2019,Nagesh Reddy,"London, UK Kensington
Caxton House, London",Rail,NIL return,£143.00,£539.95,"2 days - MPLA Cohort 24 - Risk Management Master Class
DWP Re-imagine Programme Board",NIL return,2
Standard,16/09/2019,Nagesh Reddy,"London, UK Hounslow
Feltenham",Rail,NIL return,£110.00,£525.25,"Travel Night before
SAP Immersive Experience",NIL return,2
Standard,19/09/2019,Nagesh Reddy,"Caxton House, London",Rail,NIL return,NIL return,£372.60,Change Portfolio Board,NIL return,1
NIL return,24/09/2019,Nagesh Reddy,"Benton Park View - Newcastle, UK",Hire Car,NIL return,£64.20,£144.00,"Meeting with NE Hub Staff  - Finance Transformation Programme (Programme Closure) and DWP Re-imagine, Programme launch ",NIL return,2
Standard,22/08/2019,Debbie Alder,"Leeds, UK","Rail, Taxi",NIL return,,£151.28,People and Capability Hub visit,NIL return,1
Standard,28/08/2019,Debbie Alder,"Plymouth, Taunton","Rail, Taxi",NIL return,£194.28,£377.03,Site visit/Twinning site,NIL return,3
Standard,04/09/2019,Debbie Alder,Cambridge,"Rail, Taxi",NIL return,£20.00,£106.15,DWP Summer school,NIL return,3
Standard,09/09/2019,Debbie Alder,"London, UK",Taxi,NIL return,£0.00,£7.00,Civil Servive Human Rescources /Chinese Government event,NIL return,1
Standard,24/09/2019,Debbie Alder,"London, UK",Taxi,NIL return,£0.00,£27.40,Chartered Institute of Personnel and Development Awards/Profession,NIL return,1
Standard,02/07/2019,Charlotte Clark,Sunderland,Tube,,£13.30,£15.70,DWP Story,NIL return,1
Standard,03/07/2019,Charlotte Clark,Sunderland,Tube,None,£0.00,£2.40,DWP Story,NIL return,1
Standard,08/07/2019,Charlotte Clark,Hastings,Taxi,None,£71.10,£81.10,Team meeting,NIL return,1
Standard,09/07/2019,Charlotte Clark,Hasstings ,Taxi,None,£0.00,£10.00,DWP Story,NIL return,1
Standard /return,23/07/2019,Charlotte Clark,St Albans,Rail/Tube,None,£0.00,£17.90,Leadership Conference,NIL return,1
Standard,25/07/2019,Charlotte Clark,Acton,Tube,None,£0.00,£6.60,Team meeting,NIL return,1
Standard,28/08/2019,Charlotte Clark,"Blackpool, UK",Rail,None,£130.00,£273.50,Meetings with team members,NIL return,1
Standard,30/08/2919,Charlotte Clark,Dudley,Rail ,None,NIL return,£77.50,Team meeting,NIL return,1
Standard,02/09/2019,Charlotte Clark,"Stockport, Washington Tyne & Wear",Rail,None,£78.00,£360.35,Team meeting,NIL return,2
Standard,03/09/2019,Charlotte Clark,"Leeds, UK",Rail,None,£55.99,£55.99,Senior Team Day,NIL return,1
Standard,04/07/2019,Helen Pickles,"London, UK",Rail,NIL return,£0.00,£185.00,Meetings with team,NIL return,1
Standard,05/08/2019,Helen Pickles,"London, UK, Canterbury",Rail,NIL return,£0.00,£354.60,Meetings with team and site visit,NIL return,3
Standard,13/08/2019,Helen Pickles,"London, UK","Rail, taxi",NIL return,£5.00,£281.00,Meetings with team,NIL return,1
NIL return,10/09/2019,Helen Pickles,"Sheffield, UK",Own car,NIL return,£0.00,£8.50,Meetings with team,NIL return,1
Standard,28/08/2019,Helen Pickles,"London, UK",Rail,NIL return,£0.00,£271.25,Meetings with team and Cabinet Office,NIL return,1
Standard,20/09/2019,Helen Pickles,"London, UK","Rail, taxi",NIL return,£0.00,£233.00,Development Session with People & Capability senior team,NIL return,1
Standard,25/09/2019,Helen Pickles,"London, UK","Rail, taxi",NIL return,£5.00,£295.80,Meetings with team,NIL return,1
NIL return,30/09/2019,Helen Pickles,"Sheffield, UK",Car,NIL return,£0.00,£5.00,Meetings with team,NIL return,1
Standard,12/08/2019,Deb Walton,"Sheffield, UK",Rail,NIL return,£0.00,£187.05,SMT Meeting ,NIL return,1
Standard,20/08/2019,Deb Walton,"Leeds, UK",Rail,NIL return,£80.85,£176.90,Team meetings/Railing ,NIL return,2
Standard,05/09/2019,Deb Walton,Cambridge,Rail,NIL return,NIL return,£62.45,Summer School ,NIL return,2
Standard,25/09/2019,Crystal Akass,Redhill,Rail,NIL return,NIL return,£23.05,Attendance at HPDS event (Betchworth),NIL return,2
Standard,04/07/2019,Peter Schofield,"Newcastle, UK",Rail,NIL return,£92.99,£209.09,Site visit,£3.10,1
Standard,22/08/2019,Peter Schofield,Canterbury,Rail,NIL return,NIL return,£31.75,Site Visit,NIL return,1
Standard,02/09/2019,Peter Schofield,Cambridge,Rail,NIL return,NIL return,£28.48,Summer School,NIL return,5
Standard,04/09/2019,Peter Schofield,Cambridge,Rail,NIL return,NIL return,£59.25,Summer School,NIL return,5
NIL return,05/09/2019,Peter Schofield,Cambridge,NIL return,NIL return,£20.00,£20.00,Summer School,NIL return,5
Standard,06/09/2019,Peter Schofield,Cambridge,Rail,NIL return,NIL return,£25.35,Summer School,NIL return,5
Standard,13/09/2019,Peter Schofield,High Wycombe,Rail,NIL return,£2.71,£37.41,Site visit,NIL return,1
NIL return,21/09/2019,Peter Schofield,Ashridge,NIL return,NIL return,NIL return,£10.00,Windsor Conference,£10.00,1
NIL return,NIL return,Martin Hagen,NIL return,NIL return,NIL return,NIL return,NIL return,NIL return,NIL return,NIL return
Standard,11/09/2019,John Clark,"London, UK ",Rail,NIL return,NIL return,£73.55,DWP meeting ,NIL return,1
Standard,11/07/2019,Sara Weller,"London, UK","Rail, Taxi",NIL return,NIL return,£50.00,DWP meetings ,£7.00,1
Standard,29/07/2019,Sara Weller,"London, UK","Rail, Taxi",NIL return,NIL return,£8.00,DWP meetings ,£8.00,1
NIL return,04/09/2019,Sara Weller,Cambridge ,Car,NIL return,NIL return,£94.50,DWP event ,NIL return,1
Standard,17/09/2019,Sara Weller,"London, UK","Bus, Tube, Rail",NIL return,NIL return,£62.50,DWP meetings ,£19.50,1
Standard,26/09/2019,Sara Weller,"London, UK","Rail, Taxi, Tube",NIL return,NIL return,£52.40,DWP meetings ,£9.40,1
Standard,11/07/2019,Hayley Tatum,"London, UK ",Rail,NIL return,NIL return,£27.10,DWP meeting ,NIL return,1
Standard,04/09/2019,Hayley Tatum,Cambridge ,Taxi,NIL return,NIL return,£13.40,DWP Event ,NIL return,1
standard,26/09/2019,Hayley Tatum,"London, UK",Rail,NIL return,NIL return,£27.10,DWP meeting ,NIL return,1
NIL return,NIL return,Ashley Machin,NIL return,NIL return,NIL return,NIL return,NIL return,NIL return,NIL return,NIL return
NIL return,NIL return,Tim Nolan,NIL return,NIL return,NIL return,NIL return,NIL return,NIL return,NIL return,NIL return
NIL return,NIL return,David Holt,NIL return,NIL return,NIL return,NIL return,NIL return,NIL return,NIL return,NIL return
Standard,04/09/2019,Jonathon Mills,Cambridge,Rail,NIL return,NIL return,£50.45,ET Away Day/Summer School,NIL return,1
Standard,11/09/2019,Jonathon Mills,"Leeds, UK",Rail,NIL return,NIL return,£103.25,Senior Leadership Engagement Event,NIL return,1
Standard,16/07/2019,James Wolfe,"Sheffield, UK",Rail,,NIL return,£113.00,Visit staff/Team ,NIL return,1
Standard,12/08/2019,James Wolfe,"Leeds, UK",Rail,,NIL return,£68.25,Visit staff/Team ,NIL return,1
Standard,13/08/2019,James Wolfe,"Sheffield, UK",Rail,,NIL return,£44.45,Visit staff/Team ,NIL return,1
Standard,29/08/2019,Donna Ward,"Sheffield, UK",Rail,NIL return,NIL return,£215.25,Internal meeting,NIL return,1
Standard,26/06/2019,Pete Searle,"Blackpool, UK",Rail,NIL return,£114.15,£344.55,"DWP Story - Blackpool, UK",NIL return,2
Standard,01/07/2019,Pete Searle,"Taunton & Oldham, UK round trip",Rail,NIL return,£214.35,£405.75,"DWP Story - Taunton & Oldham, UK",NIL return,3
Standard,10/07/2019,Pete Searle,Hull,Rail,NIL return,£121.10,£290.55,DWP Story - Hull,NIL return,2
Standard,13/08/2019,Pete Searle,"Birmingham, UK",Rail,NIL return,£5.00,£61.05,DWP Summer School Meeting,NIL return,1
Standard,04/09/2019,Pete Searle,Cambridge,Rail,NIL return,NIL return,£54.85,DWP Summer School Meeting,NIL return,3
Standard,18/09/2019,Pete Searle,Kia Oval,Rail,NIL return,NIL return,£4.80,WAB Directorate Learning Day,NIL return,1
Economy,25/09/2019,Pete Searle,Gleneagles,Air,NIL return,£410.80,£615.14,Glenagles Conference,NIL return,3
Economy,08/07/2019,Iain Walsh,"Helsinki, Finland",Air,NIL return,£233.12,£604.66,Conference,NIL return,3
Standard,08/07/2019,Iain Walsh,"Helsinki, Finland",Taxi,NIL return,NIL return,£28.72,Conference,NIL return,3
Standard,03/09/2019,Iain Walsh,Cambridge,Rail,NIL return,NIL return,£26.45,Summer School,NIL return,1
Standard,05/09/2019,Iain Walsh,Cambridge,Rail,NIL return,NIL return,£26.45,Executive Team ,NIL return,1
Standard,23/09/2019,Iain Walsh,Berkhampsted,Rail,NIL return,NIL return,£16.05,Windsor Conference,NIL return,2
Standard,03/07/2019,Kate Davies,Colwyn Bay,Rail,NIL return,NIL return,£116.50,DWP Story,NIL return,2
Standard,10/07/2019,Kate Davies,"Birmingham, UK",Rail,NIL return,£5.00,£92.00,Summer School,NIL return,1
Standard,02/09/2019,Kate Davies,Cambridge,Rail,NIL return,£25.00,£58.95,Summer School,NIL return,2
Standard,05/09/2019,Kate Davies,Cambridge,Rail,NIL return,£2.29,£28.74,Summer School,NIL return,1
Standard,04/07/2019,Mary Pattison,"Leeds, UK",Rail,NIL return,£51.75,£137.25,Meeting with DWP Staff,NIL return,2
Standard,18/07/2019,Mary Pattison,"Leeds, UK",Rail,NIL return,NIL return,£67.50,Meeting with DWP Staff,NIL return,1
Standard,20/08/2019,Mary Pattison,"Edinburgh, Scotland",Rail,NIL return,£72.60,£230.40,Meeting with Scottish Government,NIL return,2
Standard,04/07/2019,Emma Haddad,Grantham,Rail,NIL return,NIL return,£59.50,Presenting DWP Story,NIL return,1
Standard,10/07/2019,Emma Haddad,"Dorking, UK",Rail,NIL return,NIL return,£41.40,High Potential Development Scheme Residential Module,NIL return,3
Standard,25/07/2019,Emma Haddad,Cosham,Rail,NIL return,NIL return,£90.00,Staff Engagement Sessions,NIL return,1
Standard,01/08/2019,Emma Haddad,"Birmingham, UK",Rail,NIL return,NIL return,£94.35,Speak at Conference and meet with staff,NIL return,1
Standard,22/08/2019,Emma Haddad,Cardiff,Rail,NIL return,NIL return,£231.25,Staff Engagement Sessions,NIL return,1
Standard,28/08/2019,Emma Haddad,"Sheffield, UK",Rail,NIL return,NIL return,£112.25,Staff Engagement Sessions,NIL return,1
NIL return,04/09/2019,Emma Haddad,Cambridge,Car,NIL return,£20.00,£51.00,Executive team Away Day & DWP Summer School,NIL return,3
Standard,13/09/2019,Emma Haddad,High Wycombe,Rail,NIL return,NIL return,£26.20,Executive Team Business Continuity Exercise,NIL return,1
Standard,18/09/2019,Emma Haddad,Nuneaton,Rail,NIL return,NIL return,£21.40,Staff Engagement Sessions,NIL return,1
Standard,09/07/2019,Richard West,"Dorking, UK, England ",Rail ,NIL return,£133.73,£492.73,High Potential Development Scheme Workshop ,£359.00,4
Standard,16/07/2019,Richard West,"London, UK , England ",Rail ,NIL return,£0.00,£298.10,Service Transformation Board ,£298.10,1
NIL return,17/07/2019,Richard West,"Newcastle, UK, England ",Car,NIL return,£4.77,£89.19,Site Visit to Tyne View Park,£84.42,1
Standard,14/08/2019,Richard West,"London, UK , England ",Rail ,NIL return,£144.62,£405.07,DWP Away Day ,£260.45,2
Standard,20/08/2019,Richard West,"London, UK , England ",Rail ,NIL return,£4.60,£303.20,Meeting on Service Design Transformation Model ,£298.60,1
Standard,03/09/2019,Richard West,"London, UK , England ",Rail ,NIL return,£0.00,£302.60,Service Excellence Executive  Team Meeting ,£302.60,1
NIL return,04/09/2019,Richard West,"Sheffield, UK, England",Car,NIL return,£4.50,£97.16,Site Visit to Hartshead Square ,£92.66,1
Standard,09/09/2019,Richard West,"London, UK , England ",Rail ,NIL return,£153.50,£457.70,Senior Leadership Team Meeting & Service Delivery Executive Team Meeting ,£304.20,2
Standard,17/09/2019,Richard West,"London, UK , England ",Rail ,NIL return,£0.00,£298.05,Service Transformation Board ,£298.05,1
Standard,19/09/2019,Richard West,"London, UK , England ",Rail ,NIL return,£3.15,£301.20,Natinal Excellence Awards Ceremony ,£298.05,1
Standard,23/09/2019,Richard West,"London, UK , England ",Rail ,NIL return,£8.10,£306.15,High Potential Development Scheme Workshop ,£298.05,1
Standard,24/09/2019,Richard West,"London, UK , England ",Rail ,NIL return,£307.21,£566.71,"Operational Delivery Proffesion Meeting, Customer Experience Design Workshop, Investment Committee ",£259.50,3
Standard,09/07/2019,Matthew Briggs,"Sheffield, UK",Rail,NIL return,NIL return,£112.00,Visit with OC staff,NIL return,1
Standard,23/07/2019,Matthew Briggs,"Leeds, UK",Rail,NIL return,£97.00,£243.75,Joint SPO/SDT Senior Leadership Team meeting,£146.75,1
NIL return,31/07/2019,Matthew Briggs,Canterbury,Car,NIL return,NIL return,£63.00,Site visit Canterbury Job Centre Plus,,1
NIL return,02/09/2019,Matthew Briggs,Cambridge,Car,NIL return,NIL return,£52.20,Summer school,£52.20,1
Standard,03/09/2019,Matthew Briggs,Cambridge,Rail,NIL return,NIL return,£50.45,Summer school,NIL return,1
Standard,04/09/2019,Matthew Briggs,Cambridge,Rail,NIL return,NIL return,£25.35,Summer school,NIL return,1
NIL return,06/09/2019,Matthew Briggs,Cambridge,Hire Car,NIL return,NIL return,£45.89,DWP Summer school ,NIL return,1
Economy,10/09/2019,Matthew Briggs,Edinburgh,"Air, Rail",NIL return,£80.60,£176.13,East Scotland SLT ,£95.53,2
Standard,25/09/2019,Matthew Briggs,"Birmingham, UK ",Rail,NIL return,£109.61,£227.21,Work and Health SCS Away Day,NIL return,1
Standard,27/09/2019,Matthew Briggs,Salisbury,Rail,NIL return,NIL return,£24.25,Salisbury (South West Conference),NIL return,1
Standard,01/07/2019,William (Graeme) Wallace,"London, UK/Telford",Rail,NIL return,£250.09,£578.59,Service Delivery Executive Team Meeting/presenting at the DWP Story,NIL return,3
Standard,15/07/2019,William (Graeme) Wallace,"London, UK",Rail,NIL return,£155.59,£430.44,EU Exit Programme Board/Service Transformation Board,NIL return,2
Standard,29/07/2019,William (Graeme) Wallace,"London, UK/Leeds, UK",Rail,NIL return,£234.40,£624.40,Service Excellence Executive Team meeting/SCS Pilot,NIL return,3
NIL return,20/08/2019,William (Graeme) Wallace,"Blackpool, UK",Car,NIL return,£85.00,£224.28,Presenting at the DWP Story Event,NIL return,2
Standard,27/08/2019,William (Graeme) Wallace,"Glasgow, Scotland",Rail ,NIL return,£7.48,£95.78,Presenting at the DWP Story Event,NIL return,1
Standard,02/09/2019,William (Graeme) Wallace,"London, UK",Rail ,NIL return,£152.57,£414.32,Service Excellence Executive Team meeting/Summer School Speaker,NIL return,3
Standard,16/09/2019,William (Graeme) Wallace,"London, UK",Rail,NIL return,£154.97,£504.82,Service Transformation Board,NIL return,2
Standard,23/09/2019,William (Graeme) Wallace,"London, UK",Rail,NIL return,£146.64,£400.59,Scottish Devolution Programme Board face to face,NIL return,2
Standard,01/07/2019,Tom McCormack,"Warrington/ London, UK",Rail,NIL return,£129.20,£474.60,Site Visit/ Directorate Meeting,NIL return,2
NIL return,04/07/2019,Tom McCormack,"Newcastle, UK ",Car,NIL return,£0.00,£9.30,Civil Service Live,NIL return,1
Standard,09/07/2019,Tom McCormack,"Hastings/Birkenhead, UK",Rail,NIL return,£205.30,£766.40,Delivering Railing,NIL return,3
Standard,17/07/2019,Tom McCormack,"Birkenhead, UK",Rail,NIL return,£114.65,£288.45,Site Visits,NIL return,2
Standard,23/07/2019,Tom McCormack,"London, UK",Rail,NIL return,£127.76,£830.36,Meetings,NIL return,2
Standard,29/07/2019,Tom McCormack,"Belfast/ London, UK",Rail,NIL return,£121.75,£731.71,Site Visits/ Directorate Meetings,NIL return,2
Standard,14/08/2019,Tom McCormack,York,Rail,NIL return,£5.00,£124.00,Meetings,NIL return,1
Standard,12/08/2019,Bozena Hillyer,Manchester,Rail,NIL return,£5.00,£62.50,"Meet previous temporary Director and Fraud, Error and Debt Programme Team",£14.50,1
Standard,13/08/2109,Bozena Hillyer,"Birmingham, UK",Rail,NIL return,£5.00,£26.10,Meet with Staff and HR Business Partner,£21.40,1
Standard,14/08/2019,Bozena Hillyer,Manchester,Rail,NIL return,NIL return,£34.35,Meet with Debt Management Deputy Dierector and Film Vlog,£14.50,1
Standard,20/08/2019,Bozena Hillyer,"London, UK",Rail,NIL return,£161.60,£524.25,Meetings with DWP staff and at Cabinet Office,£37.40,2
Standard,22/08/2019,Bozena Hillyer,"Blackpool, UK",Rail,NIL return,NIL return,£67.35,Meeting with FED Programme Director and Team. ,£28.70,1
Standard,28/08/2019,Bozena Hillyer,"Leeds, UK",Rail,NIL return,£2.60,£64.33,DWP Meetings,£25.50,1
Standard,29/08/2019,Bozena Hillyer,"London, UK",Rail,NIL return,£3.20,£347.15,Meetings with DWP Staff and at Cabinet Office ,£18.70,1
Standard,03/09/2019,Bozena Hillyer,"London, UK",Rail,NIL return,£153.22,£423.07,DWP meetings - SEET/AME Board/ UC PDE/ FED Board,£9.60,2
Standard,09/09/2019,Bozena Hillyer,"London, UK",Rail,NIL return,£142.35,£418.99,DWP Meetings,£40.40,2
Standard,11/09/2019,Bozena Hillyer,"Manchester/Newcastle, UK",Rail,NIL return,£102.88,£228.53,CFCD Exective Meeting/ Autumn School,£41.40,2
Standard,17/09/2019,Bozena Hillyer,"London, UK",Rail,NIL return,NIL return,£298.75,DWP Meetings,£23.50,1
Standard,23/09/2019,Bozena Hillyer,"London, UK",Rail,NIL return,£73.09,£273.19,DWP Meetings/ Autumn School,£11.50,2
Standard,26/09/2019,Bozena Hillyer,"London, UK",Rail,NIL return,£1.79,£202.54,Meeting at Cabinet Office,£25.70,1
Economy,09/09/2019,Arlene Sugden,"London, UK",Air,NIL return,£111.25,£538.23,Meetings,NIL return,2
Standard,25/09/2019,Arlene Sugden,Manchester,Rail,NIL return,£98.00,£233.35,Team meeting event,NIL return,2
Standard,04/07/2019,Neil Couling,"Leeds, UK",Rail,NIL return,£95.32,£230.22,"SCS Away day and Change Roadshow in Leeds, UK ",NIL return,1
Standard,05/07/2019,Neil Couling,"Sheffield, UK",Rail,NIL return,£6.84,£117.34,"Change Group Programme Directors in Sheffield, UK",NIL return,1
NIL return,10/07/2019,Neil Couling,Bath,Hire car,NIL return,NIL return,£83.01,Presenting DWP Story in Bath,NIL return,1
Economy,19/07/2019,Neil Couling,Manchester,"Car, Air & Hire Car",NIL return,£4.99,£374.06,Change Roadshow & Programme Induction Manchester,NIL return,1
Standard,07/08/2019,Neil Couling,Chesterfield,Rail,NIL return,NIL return,£207.25,Visit to Chesterfield Service Centre,NIL return,1
Standard,13/08/2019,Neil Couling,Manchester,Rail,NIL return,NIL return,£356.25,Change Roadshow in Manchester,NIL return,1
NIL return,13/09/2019,Neil Couling,High Wycombe,Hire Car,NIL return,£5.00,£79.04,Executive Team Business Continuity exercise,NIL return,1
Standard,18/09/2019,Neil Couling,Milton Keynes,Rail & taxi,NIL return,NIL return,£73.30,Guest speaker at Cranfield Business School,NIL return,2
Standard,25/09/2019,Neil Couling,"Leeds, UK",Rail,NIL return,NIL return,£286.60,Universal Credit Programme Delivery Executive team meeting,NIL return,1
Standard,26/09/2019,Neil Couling,"Birmingham, UK",Rail,NIL return,NIL return,£130.95,Work and Health SCS Away Day,NIL return,1
Standard,04/07/2019,Ian Wright,"Leeds, UK","Taxi, Rail",NIL return,£5.00,£124.00,Directors Away Day,NIL return,1
Standard,15/07/2019,Ian Wright,"London, UK","Taxi, Rail",NIL return,£502.83,£871.93,Governance meetings and Non-Executive role,NIL return,3
Standard,31/07/2019,Ian Wright,Harrogate,"Taxi, Rail",NIL return,NIL return,£115.50,Governance meeting,NIL return,1
Standard,23/09/2019,Ian Wright,"London, UK (travelled to Leeds, UK for 1 day then back to London, UK as per below)","Taxi, Rail",NIL return,£461.61,£825.61,Governance meetings and Non-Executive role,NIL return,2
Standard,25/09/2019,Ian Wright,"Leeds, UK",Rail,NIL return,NIL return,£280.00,Governance meeting,NIL return,1
Standard,31/07/2019,Pauline Crellin,Harrogate,Rail,NIL return,NIL return,£269.00,Universal Credit Programme Delivery Executive meeting,NIL return,1
Standard,03/09/2019,Pauline Crellin,Cambridge,"Rail, Taxi",NIL return,£20.00,£98.30,DWP Summer School,NIL return,2
Standard,12/09/2019,Pauline Crellin,"London, UK EC1M6AX",Rail,NIL return,NIL return,£13.35,"Event with Simon McDougall, the Executive Director of the Information Commissioner's Office",NIL return,1
Standard,18/09/2019,Pauline Crellin,Hendon Job Centre  ,Rail,NIL return,NIL return,£13.35,Forward Institute Session - Responsible Decision Making,NIL return,1
Standard,01/07/2019,Deb Boore,"London, UK ","Taxi, Rail",NIL return,£430.00,£693.25,Dual based location,NIL return,4
Standard,23/07/2019,Deb Boore,"London, UK","Taxi, Rail",NIL return,£428.34,£700.12,Dual based location ,NIL return,4
Standard,29/07/2019,Deborah Boore,"London, UK and a return journey to Harrogate on 31-07-2019","Taxi, Rail",NIL return,£427.55,"£1,034.14",Dual based location and Harrogate Jobcentre site visit,NIL return,4
Standard,05/08/2019,Deborah Boore,"London, UK","Taxi, Rail",NIL return,£390.00,£648.34,Dual based location ,NIL return,4
Standard,12/08/2019,Deborah Boore,"London, UK","Taxi, Rail",NIL return,£260.00,£481.79,Dual based location ,NIL return,4
Standard,19/08/2019,Deborah Boore,"London, UK","Taxi, Rail",NIL return,£447.09,£558.52,Dual based location ,NIL return,4
Standard,27/08/2019,Deborah Boore,"Birmingham, UK and London, UK","Taxi, Rail",NIL return,£227.00,£470.53,Industrial Action site support and Dual based location ,NIL return,3
Standard,02/09/2019,Deborah Boore,"London, UK","Taxi, Rail",NIL return,£390.00,£641.70,Dual based location ,NIL return,4
Standard,10/09/2019,Deborah Boore,"London, UK and Oldham, UK BC for the 2 day UCTD SLT ","Taxi, Rail",NIL return,£288.60,£582.65,"Dual based location and the UCTD SLT attendance in Oldham, UK BC ",NIL return,4
Standard,16/09/2019,Deborah Boore,"London, UK","Taxi, Rail",NIL return,£390.00,£594.25,Dual based location ,NIL return,4
Standard,22/09/2019,Deborah Boore,"London, UK","Taxi, Rail",NIL return,£520.00,£731.25,Dual Based Location and SCS CSL Academy Railing,NIL return,5
Standard,29/09/2019,Deborah Boore,"London, UK","Taxi, Rail",NIL return,£260.00,£370.75,Dual based location early morning meeting on 30/09/2019,NIL return,2
Standard,04/07/2019,Paul Francis,Quarry House,Rail,NIL return,NIL return,£124.00,SCS Awayday,NIL return,1
Standard,09/07/2019,Paul Francis,Manchester,"Car, Rail",NIL return,NIL return,£186.50,Meeting with team,£38.00,1
Standard,22/07/2019,Paul Francis,Manchester,"Car, Rail",NIL return,NIL return,£159.00,Meeting with team,£38.00,1
Standard,31/07/2019,Paul Francis,Harrogate,Rail,NIL return,NIL return,£126.00,Programme Delivery Executive Meeting,NIL return,1
Standard,05/08/2019,Paul Francis,Quarry House,Rail,NIL return,NIL return,£124.00,Meeting with team,NIL return,1
Standard,10/09/2019,Paul Francis,Manchester,"Car, Rail",NIL return,NIL return,£185.85,DWP Summer Workshop,£37.10,1
Standard,25/09/2019,Paul Francis,Coventry,Rail,NIL return,NIL return,£39.25,DWP Strategy Workshop,NIL return,1
Standard,04/07/2019,Lara Sampson,"London, UK to Leeds, UK return",Rail,NIL return,NIL return,£189.00,Change Group Programme Directors & SCS Away day,NIL return,1
Standard,16/07/2019,Lara Sampson,"London, UK to Harrogate return",Rail,NIL return,NIL return,£192.45,visit to a DWP Jobcentre ,NIL return,1
Standard,25/07/2019,Lara Sampson,"London, UK to Harrogate return",Rail,NIL return,NIL return,£269.00,visit to a DWP Jobcentre ,NIL return,1
Standard, 2019-08-08,Lara Sampson,"London, UK to Harrogate return",Rail,NIL return,NIL return,£222.25,visit to a DWP Jobcentre ,NIL return,1
Standard,13/08/2019,Lara Sampson,"London, UK to Harrogate return",Rail,NIL return,NIL return,£206.25,visit to a DWP Jobcentre ,NIL return,1
Standard,14/08/2019,Lara Sampson,"London, UK to Harrogate return",Rail,NIL return,NIL return,£269.25,visit to a DWP Jobcentre ,NIL return,1
Standard,24/09/2019,Lara Sampson,"London, UK to Redhill",Rail,NIL return,NIL return,£23.05,DWP / Cabinet Office Railing course,NIL return,1
Standard,07/08/2019,James Bolton,"Newcastle, UK",Rail,NIL return,NIL return,£159.15,Meet & Greet new staff,NIL return,1
Standard,11/09/2019,James Bolton,"Sheffield, UK",Rail,NIL return,NIL return,£194.25,Meet & Greet new staff,NIL return,1
Standard,24/09/2019,James Bolton,"Leeds, UK / Sheffield, UK",Rail,NIL return,£82.00,£220.65,All staff conference,NIL return,2
Standard,19/07/2019,Paul Mckeown,"Leeds, UK",Rail,NIL return,NIL return,£273.00,Programme Governance meeting,NIL return,1
Standard,30/07/2019,Paul Mckeown,"Leeds, UK",Rail,NIL return,NIL return,£273.00,Workshop for Health Transformation programme,NIL return,1
Standard,31/07/2019,Paul Mckeown,"Leeds, UK",Rail,NIL return,NIL return,£273.00,Programme Governance meeting,NIL return,1
Standard,06/08/2019,Paul Mckeown,"Newcastle, UK",Rail,NIL return,£86.10,£406.35,Meet & Greet Staff & Programme Governance meeting,NIL return,2
Standard,02/09/2019,Paul Mckeown,Cambridge,Rail,NIL return,NIL return,£41.55,Summer School,NIL return,1
Standard,05/09/2019,Paul Mckeown,Cambridge,Rail,NIL return,NIL return,£27.45,Summer School,NIL return,1
Standard,06/09/2019,Paul Mckeown,Cambridge,Rail,NIL return,NIL return,£41.55,Summer School,NIL return,1
Standard,11/09/2019,Paul Mckeown,"Sheffield, UK",Rail,NIL return,NIL return,£231.35,Meet & Greet new staff,NIL return,1
Standard,18/09/2019,Paul Mckeown,"Newcastle, UK",Rail,NIL return,NIL return,£252.25,Meet & Greet Staff & Programme Governance meeting,NIL return,1
Standard,24/09/2019,Paul Mckeown,"Leeds, UK / Sheffield, UK",Rail,NIL return,£71.00,£342.65,All staff conference,NIL return,2
Standard,04/07/2019,Peter Knight,"Leeds, UK",Rail,NIL return,£5.00,£270.00,SCS Away Day,NIL return,1
Standard,10/07/2019,Peter Knight,"Leeds, UK - Newcastle, UK",Rail,NIL return,£101.08,£453.18,Board Meeting - DWPStory,NIL return,2
Standard,25/07/2019,Jean Paul Marks,Slough,Rail,NIL return,NIL return,£10.50,Visit to Health Model Office,NIL return,1
Standard,26/07/2019,Jean Paul Marks,"Leeds, UK","Rail, Taxi",NIL return,NIL return,£140.70,Visit to UC Digital Hub,NIL return,1
Standard,01/08/2019,Jean Paul Marks,"Blackpool, UK",Rail,NIL return,£85.60,£85.60,To visit DWP sites for BBC filming documentary on UC,NIL return,2
Standard,09/08/2019,Jean Paul Marks,Wylde Green to Coventry Service Centre,Taxi,NIL return,NIL return,£39.80,To visit Coventry Service Centre and engage wit the team,NIL return,1
Standard,15/08/2019,Jean Paul Marks,"London, UK Waterloo",Rail,NIL return,NIL return,£120.65,To attend Secretary of State Awayday,NIL return,1
Standard,04/09/2019,Jean Paul Marks,Cambridge,Rail,NIL return,£20.00,£58.95,DWP Summer School - Cambridge,NIL return,1
Standard,11/09/2019,Jean Paul Marks,Bridgend,Rail,NIL return,NIL return,£250.13,Delivering Wellbeing Engagement Session,NIL return,1
Standard,12/09/2019,Jean Paul Marks,Alton,Rail,NIL return,NIL return,£18.95,Attending charitable board meeting,NIL return,1
Standard,20/09/2019,Jean Paul Marks,Manchester Piccadilly,Rail,NIL return,NIL return,£145.93,Delivering Wellbeing Engagement Session,NIL return,1
Standard,23/09/2019,Jean Paul Marks,Salisbury,Rail,NIL return,NIL return,£42.13,Delivering Wellbeing Engagement Session,NIL return,1
Standard,24/09/2019,Jean Paul Marks,Clapham Junction,Rail,NIL return,NIL return,£19.65,Perm Sec' Windsor Conference,NIL return,1
Standard,25/09/2019,Jean Paul Marks,Five Ways,Rail,NIL return,£20.00,£137.44,Delivering Wellbeing Engagement Session,NIL return,1
Standard,14/08/2019,Karen Gosden,"Birmingham, UK",Rail,NIL return,NIL return,£28.00,Legacy Business review,NIL return,1
Standard,16/08/2019,Karen Gosden,"London, UK",Rail,NIL return,NIL return,£202.25,Capacity Board,NIL return,1
Standard,19/08/2019,Karen Gosden,"London, UK",Rail,NIL return,NIL return,£183.75,Meeting with DWP Staff  ,NIL return,1
NIL return,20/08/2019,Karen Gosden,Daventry  / Coventry,Car,NIL return,NIL return,£4.80,Site visits Daventry and Coventry ,NIL return,1
Standard,21/08/2019,Karen Gosden,"London, UK",Rail,NIL return,NIL return,£183.75,Universal Credit Delivery Group ,NIL return,1
Standard,28/08/2019,Karen Gosden,"London, UK",Rail,NIL return,£141.00,£351.75,"Group Director Interview panel, Meeting with DWP Staff ",NIL return,2
Standard,03/09/2019,Karen Gosden,"London, UK",Rail,NIL return,£132.00,£342.75,"Meeting with DWP Staff, Work and Health Executive Meeting",NIL return,2
NIL return,05/09/2019,Karen Gosden,Cambridge,Car,NIL return,NIL return,£20.00,Summer school,NIL return,1
Standard,10/09/2019,Karen Gosden,"London, UK",Rail,NIL return,NIL return,£202.75,Capacity Board,NIL return,1
NIL return,11/09/2019,Karen Gosden,"Birmingham, UK",Car,NIL return,£78.55,£94.55, Area Directors Senior Leaders Meeting ,NIL return,2
NIL return,13/09/2019,Karen Gosden,High Wycombe,Car,NIL return,NIL return,£11.40,Executive Team Meeting,NIL return,1
NIL return,16/09/2019,Karen Gosden,Cardiff,Car,NIL return,NIL return,£11.40,Wales Senior Leadership team meeting ,NIL return,1
Standard,17/09/2019,Karen Gosden,"London, UK",Rail,NIL return,NIL return,£202.75,Meeting with DWP Staff,NIL return,1
Standard,18/09/2019,Karen Gosden,"London, UK",Rail,NIL return,NIL return,£183.75,Meeting with DWP Staff,NIL return,1
NIL return,19/09/2019,Karen Gosden,"Wrexham, Bangor, Holyhead",Car,NIL return,£77.00,£77.00,Site Visits Wrexham Bangor and Holyhead,NIL return,2
NIL return,23/09/2019,Karen Gosden,Cardiff,Car,NIL return,£152.00,£152.00,Site visit Cardiff and 2 day Mental Health First Aider course,NIL return,3
Standard,03/07/2019,Colin Stewart,"London, UK","Rail, Taxi",NIL return,£5.00,£5.00,"Meetings in Caxton House, London",NIL return,1
Standard,04/07/2019,Colin Stewart,Edinburgh,"Rail, Taxi",NIL return,NIL return,NIL return,Whitehall Industry Group meeting,NIL return,1
Standard,09/07/2019,Colin Stewart,"London, UK","Rail, Taxi",NIL return,£5.00,£5.00,Secretary of State meeting,NIL return,1
Standard,10/07/2019,Colin Stewart,Blackpol,"Rail, Taxi",NIL return,£5.00,£5.00,Presenting DWP Story sessions,NIL return,1
Standard,11/07/2019,Colin Stewart,"London, UK","Rail, Taxi",NIL return,£5.00,£5.00,Meetings in Caxton Hse,NIL return,1
Standard,16/07/2019,Colin Stewart,"London, UK","Rail, Taxi",NIL return,£5.00,£5.00,Meetings in Caxton Hse,NIL return,1
Standard,17/07/2019,Colin Stewart,Stockport,Car,NIL return,£4.85,£4.85,Site visit Stockport SC,NIL return,1
Standard,19/07/2019,Colin Stewart,"Leeds, UK","Rail, Taxi",NIL return,£5.00,£5.00,North Senior Leaders Team meeting,NIL return,1
NIL return,23/07/2019,Colin Stewart,Southport,Hire car,£48.46,£4.50,£52.96,Site visit Southport JC,NIL return,1
NIL return,25/07/2019,Colin Stewart,"Birmingham, UK",Hire car,£48.46,£5.00,£53.46,Visit to Work Capability Assessment Centre,NIL return,1
Standard,06/08/2019,Colin Stewart,"London, UK","Rail, Taxi",NIL return,£175.60,NIL return,Meetings in Caxton Hse,NIL return,2
Standard,05/09/2019,Colin Stewart,Belfast,"Rail, Taxi",NIL return,£4.35,£4.35,Meeting in OCC (UC) and Service Centre,NIL return,2
Standard,13/09/2019,Colin Stewart,Chorlton ,Taxi,NIL return,NIL return,,Meetings in Chorlton,NIL return,1
Standard,17/09/2019,Colin Stewart,"London, UK","Rail, Taxi",NIL return,£9.85,£9.85,"Meetings in Caxton House, London",NIL return,1
Standard,18/09/2019,Colin Stewart,Didsbury Job Centre,Taxi,NIL return,NIL return,NIL return,Meetings in Didsbury,NIL return,1
Standard,19/09/2019,Colin Stewart,Harrogate,"Rail, Taxi",NIL return,£2.85,£2.85,Senior Leaders Team meeting,NIL return,1
Standard,23/09/2019,Colin Stewart,Berkhamsted,"Rail, Taxi",NIL return,£7.40,£7.40,conference,NIL return,1
Standard,24/09/2019,Colin Stewart,"London, UK","Rail, Taxi",NIL return,£5.00,£5.00,"Meetings in Caxton House, London",NIL return,1
Standard ,09/07/2019,Margarita Morrison,"London, UK","Bus, Air",NIL return,£26.67,£351.17,Programme Delivery Executive Meeting ,£21.32,2
Standard,17/07/2019,Margarita Morrison,"Leeds, UK ",Rail,NIL return,£0.60,£0.60,"Due to travel to Leeds, UK night before but cancelled and travelled on 18/07/19. Admin hotel fee paid",NIL return,1
Standard ,18/07/2019,Margarita Morrison," Leeds, UK ",Rail,NIL return,£9.20,£165.20,Trade Union Meeting ,£16.50,1
Economy,23/07/2019,Margarita Morrison,"London, UK ","Air, Car ",NIL return,£179.33,£686.91,Housing Meeting and Universal Credit Delivery Group ,£91.40,2
NIL return,29/07/2019,Margarita Morrison,"Barrhead, Scotland ",Car,NIL return,NIL return,£31.95,Site Visit ,£31.91,1
Standard ,06/08/2018,Margarita Morrison,"London, UK","Air, Car",NIL return,£338.48,£758.80,"Brexit Planning Meeting, Work and Health Executive Team Meeting, South of England Senior Leader Team Meeting ",£90.14,3
Standard ,13/08/2019,Margarita Morrison,"Edinburgh, Scotland ",Rail,NIL return,£5.00,£70.10,Senior Leader Team Meeting ,£11.50,1
Standard ,15/08/2019,Margarita Morrison,"Glasgow, Scotland ",Car ,NIL return,NIL return,£27.50,Senior Leader Team Build event ,£27.50,1
Standard ,16/08/2019,Margarita Morrison,"Laurieston, Scotland ",Car ,NIL return,NIL return,£17.10,Site Visit ,£17.10,1
Standard ,20/08/2019,Margarita Morrison,"London, UK ","Car, Air ",NIL return,£262.60,£647.67,"Housing Workshop, Programme Delivery Executive Meeting",£76.89,3
Standard ,03/09/2019,Margarita Morrison,"London, UK","Car, Air ",NIL return,£163.80,£522.01,Work and Health Execututive Team Meeting ,£80.34,2
Standard ,05/09/2019,Margarita Morrison,"Edinburgh, Scotland ","Car, Rail",NIL return,NIL return,£38.95,"Site visit, Business Review ",£23.75,1
Standard ,16/09/2019,Margarita Morrison,"London, UK",Car/Air ,NIL return,£176.90,£589.19,"Business Review, Universal Credit Delivery Group Meeting ",£104.06,3
Standard ,22/09/2019,Margarita Morrison,"London, UK then Birmingham, UK ","Car, Air, Rail",NIL return,£524.46,£930.35,"Directors Induction Railing (London, UK) Directors Away Day (Birmingham, UK)",£69.52,5
Standard,08/07/2019,Carol Morris,Berkhamsted ,Rail ,NIL return,NIL return,£30.30,Senior Leadership Scheme course Attendance ,NIL return,3
Standard,23/07/2019,Carol Morris,St Albans,Rail ,NIL return,NIL return,£21.30,Senior Leadership Team Meeting ,NIL return,1
NIL return,10/09/2019,Carol Morris,Belfast ,NIL return,NIL return,£75.00,£75.00,Visit to Service Centre site ,NIL return,2
NIL return,10/09/2019,Carol Morris,Belfast Service Centre,NIL return,NIL return,£20.00,£20.00,Visit to Service Centre site ,NIL return,2
NIL return,10/09/2019,Carol Morris,Kingston to Clapham Junction Rail Station ,Taxi ,NIL return,£28.30,£28.30,Visit to Service Centre site ,NIL return,2
Economy,10/09/2019,Carol Morris,Belfast International ,Air ,NIL return,£161.09,£161.09,Visit to Service Centre site ,NIL return,2
Standard,10/09/2019,Martin Brown,"London, UK",Rail,NIL return,NIL return,£237.25,Various Meetings with ET,NIL return,1
Standard,10/09/2019,Martin Brown,"London, UK",Rail ,NIL return,NIL return,£202.50,Cancelled for Earlier Rail - Exchange form completed. ,NIL return,1
NIL return,11/09/2019,Martin Brown,"Birmingham, UK",Car,NIL return,£74.00,£74.00,Senior Leadership Team,NIL return,2
Standard,17/09/2019,Martin Brown,"London, UK ",Rail,NIL return,£164.50,£279.50,Various Meetings with DWP staff and external providers,NIL return,2
Standard,24/09/2019,Martin Brown,"London, UK",Rail,NIL return,£106.25,£106.25,Various Meetings with DWP staff,NIL return,1
Standard,24/09/2019,Martin Brown,"London, UK",Rail,NIL return,NIL return,£203.00,Cancelled Rail as  return same day,NIL return,
NIL return,NIL return,Lisa Hunter,NIL return,NIL return,NIL return,NIL return,NIL return,NIL return,NIL return,NIL return
Standard,10/07/2019,Trevor Huddleston,"Peterborough, UK",Rail,NIL return,NIL return,NIL return,Senior Analyst Off-Site Event,NIL return,1
Standard,09/09/2019,Trevor Huddleston,Oxford,Rail,NIL return,NIL return,NIL return,Chief Scientfic Officer Off-Site Event,NIL return,1
Standard,10/09/2019,Trevor Huddleston,"London, UK ",Rail,NIL return,NIL return,NIL return,Chief Scientfic Officer Off-Site Event,NIL return,1
Standard,18/09/2019,Trevor Huddleston,"Peterborough, UK",Rail,NIL return,NIL return,NIL return,Senior Analyst Off-Site Event,NIL return,1
Standard,11/07/2019,David Snowball,"London, UK",Rail,NIL return,NIL return,£185.50,Official meetings,NIL return,1
Standard,31/07/2019,David Snowball,"London, UK",Rail,NIL return,NIL return,£148.50,Offical meetings,NIL return,1
Standard,05/08/2019,David Snowball,"London, UK",Rail,NIL return,NIL return,£178.85,Offical meetings,NIL return,1
Standard,02/09/2019,Sarah Albon,Liverpool ,Rail,NIL return,£79.00,£217.55,Offical meetings,NIL return,5
Standard,10/09/2019,Sarah Albon,Chelmsford,Rail,NIL return,NIL return,£21.80,Official meetings,NIL return,1
Economy,12/09/2019,Sarah Albon,Edinburgh,Air,NIL return,NIL return,£196.93,Offical meetings,NIL return,1
Standard,18/09/2019,Sarah Albon,Cardiff,Rail,NIL return,£106.00,£285.30,HSE One event,NIL return,1
Standard,23/09/2019,Sarah Albon,"Sheffield, UK/Coventry",Rail,NIL return,£417.99,£536.24,HSE One event,NIL return,4
