Client,Supplier Type,Maximum Duration of Contract (Months),Ext. Applied to Contract,Estimated Total Value,Supplier Name,Route to Market,Review Date,Agreement Type,Maximum Extend Date,Estimated Annual Value,Contract End Date,Council Directorate,UID,Contract Start Date,Registered Number,Contract Title,Contract Term (Months),Responsible Officer,Postcode,Pro Class
Stockport Council,SME,60,Yes,"Â£80,922.00",Public-I-Group Ltd,Tender,01/10/2020,Contract,09/10/2021,"Â£13,487.00",09/10/2021,Stockport- Corporate & Support Services,650,10/10/2016,3998680,Fixed Webcasting Service for Council Meetings,60,Phil Stephens,BN3 1DD,271501-Information Communication Technology : Services : 
Stockport Council,SME,95,,"Â£2,082,416.00",Oxford Innovation Ltd,OJEU Tender,01/01/2021,Contract,20/07/2021,"Â£260,302.00",20/07/2021,Stockport- Corporate & Support Services,908,01/09/2013,2177191,Service Support for Business Incubator,95,Carla Cooke,OX1 1BY,151000-Consultancy : Business : 
Stockport Council,SME,54,Yes,"Â£2,700,000.00",Rosscare,OJEU Tender,10/01/2019,Contract,31/03/2020,"Â£600,000.00",31/03/2020,Stockport- Services to People,952,01/10/2015,469301,Supply of Complex Aids for Daily Living ,30,Lewis Sinkala,CH44 7HX,321000Â  Social Community Care Supplies & Services - Adult
Stockport Council,SME,46,Yes,"Â£1,200,000.00",Together Trust ,OJEU Tender,01/12/2019,Contract,31/08/2020,"Â£300,000.00",31/08/2020,Stockport- Services to People,1194,01/10/2016,301722,Occupational and Speech Therapy,34,Tim Kulewa,SK8 1JE ,321100-Social Community Care Supplies & Services - Children :  
Stockport Council,Large,60,Yes,"Â£7,451,485.00",Stockport Homes ,OJEU Tender,31/10/2020,Contract,31/03/2021,"Â£1,500,000.00",31/03/2021,Stockport- Services to People,1204,01/06/2015,4521257,Targeted Prevention Alliance,36,Rachael Tither,SK1 3NQ,321000Â  Social Community Care Supplies & Services - Adult
Stockport Council,SME,60,Yes,"Â£1,440,000.00",Age UK,OJEU Tender,30/09/2020,Contract,31/03/2021,"Â£300,000.00",31/03/2021,Stockport- Services to People,1314,01/10/2015,1139547,Stockport Council Wellbeing and Independence Network (WIN) Lot 1 - Wellbeing and Indepenence at Home,36,Lewis Sinkala,SK1 3AQ,321000Â  Social Community Care Supplies & Services - Adult
Stockport Council,SME,60,Yes,"Â£1,440,000.00",Pure Innovations,OJEU Tender,30/09/2020,Contract,31/03/2021,"Â£300,000.00",31/03/2021,Stockport- Services to People,1315,01/10/2015,5241249,Stockport Council Wellbeing and Independence Network (WIN) Lot 2 - Independent Living and Wellbeing in the Community,36,Lewis Sinkala,SK3 0RF,321000Â  Social Community Care Supplies & Services - Adult
Stockport Council,SME,60,Yes,"Â£576,000.00",Stockport Car Scheme,OJEU Tender,30/09/2020,Contract,31/03/2021,"Â£120,000.00",31/03/2021,Stockport- Services to People,1316,01/10/2015,1091546,Stockport Council Wellbeing and Independence Network (WIN) Lot 3 - Wellbeing and Independence through Community Transport,36,Lewis Sinkala,SK4 3LD,321000Â  Social Community Care Supplies & Services - Adult
Stockport Council,Large,60,,"Â£70,000.00",Arthur J Gallagher ,Call Off (External),01/08/2018,Contract,01/01/2021,"Â£14,000.00",01/01/2021,Stockport- Corporate & Support Services,1367,01/01/2016,8887139,Insurance Advisory and Broking Service,36,Gary Lee,M3 5AG,201800-Financial Services : Insurance : 
Stockport Council,VCSE,48,No,"Â£859,067.04",Home Focus,Mini Competition (Internal),01/07/2018,Contract,31/12/2020,"Â£214,766.76",31/12/2020,Stockport- Services to People,1378,01/12/2015,2147139,Supported Living Services (103.7 - Phase 5),36,Shirella Simms,M30 0DL,321000Â  Social Community Care Supplies & Services - Adult
Stockport Council,VCSE,53,Yes,"Â£369,999.67",Stockport & District Mind,OJEU Tender,31/08/2020,Contract,31/10/2020,"Â£74,000.00",31/10/2020,Stockport- Services to People,1578,01/11/2015,5879337,Carer Support Service (Supporting MH Recovery),29,Rachael Tither,SK1 3NP,321000Â  Social Community Care Supplies & Services - Adult
Stockport Council,VCSE,48,Yes,"Â£1,283,697.00",Fitzroy Support,Tender,01/11/2019,Contract,08/05/2020,"Â£320,924.25",08/05/2020,Stockport- Services to People,1579,09/05/2016,2699902,LD Supported Living Contract (103.8 - Phase 6),36,Shirella Simms,GU32 3JY,321000Â  Social Community Care Supplies & Services - Adult
Stockport Council,Medium,60,No,"Â£1,100,000.00",Pure Innovations Limited,OJEU Tender,01/11/2018,Contract,31/03/2021,"Â£220,000.00",31/03/2021,Stockport- Services to People,1580,01/04/2016,5241249,Supported Employment,36,Rachael Tither,SK3 0RF,321000Â  Social Community Care Supplies & Services - Adult
Stockport Council,Various - see below,48,Yes,"Â£4,400,000.00",Various - see below,OJEU Tender,01/04/2019,Framework Agreement,31/03/2020,"Â£1,100,000.00",31/03/2020,Stockport- Services to People,1606,01/04/2016,Various - see below,Day Care Services,36,Tim Kulewa,Various - see below,321000Â  Social Community Care Supplies & Services - Adult
Stockport Council,SME,-,-,-,Altruistic Care t/a plane tree,-,-,-,-,-,-,Stockport- Services to People,1606,-,2916556,Day Care Services,-,-,UB3 2RR,321000Â  Social Community Care Supplies & Services - Adult
Stockport Council,VCSE,-,-,-,Disability Stockport,-,-,-,-,-,-,Stockport- Services to People,1606,-,1133529,Day Care Services,-,-,SK1 1EG,321000Â  Social Community Care Supplies & Services - Adult
Stockport Council,SME,-,-,-,Indian Senior Citizen Centre,-,-,-,-,-,-,Stockport- Services to People,1606,-,1040167,Day Care Services,-,-,M16 8AB,321000Â  Social Community Care Supplies & Services - Adult
Stockport Council,SME,-,-,-,Lifeline Project Ltd,-,-,-,-,-,-,Stockport- Services to People,1606,-,1842240,Day Care Services,-,-,M1 1JF,321000Â  Social Community Care Supplies & Services - Adult
Stockport Council,SME,-,-,-,NAS Services Ltd,-,-,-,-,-,-,Stockport- Services to People,1606,-,269425,Day Care Services,-,-,EC1V 1NG,321000Â  Social Community Care Supplies & Services - Adult
Stockport Council,Medium,-,-,-,Pure Innovations Limited ,-,-,-,-,-,-,Stockport- Services to People,1606,-,5241249,Day Care Services,-,-,SK3 0RF,321000Â  Social Community Care Supplies & Services - Adult
Stockport Council,SME,-,-,-,Step Out Stockport,-,-,-,-,-,-,Stockport- Services to People,1606,-,8881836,Day Care Services,-,-,SK1 3AQ,321000Â  Social Community Care Supplies & Services - Adult
Stockport Council,SME,-,-,-,Stockport CP Society,-,-,-,-,-,-,Stockport- Services to People,1606,-,1009768,Day Care Services,-,-,SK4 4JZ,321000Â  Social Community Care Supplies & Services - Adult
Stockport Council,SME,-,-,-,The Weekend Day Centre,-,-,-,-,-,-,Stockport- Services to People,1606,-,1009768,Day Care Services,-,-,SK2 5EA,321000Â  Social Community Care Supplies & Services - Adult
Stockport Council,SME,-,-,-,Together Trust ,-,-,-,-,-,-,Stockport- Services to People,1606,-,301722,Day Care Services,-,-,SK8 1JE,321000Â  Social Community Care Supplies & Services - Adult
Stockport Council,SME,48,,"Â£1,000,000.00",Lyreco UK Limited,OJEU Tender,01/09/2018,Framework Agreement,28/02/2021,"Â£250,000.00",28/02/2021,Stockport- Corporate & Support Services,2273,01/03/2017,442696,Stationery and Office Supplies,24,Daniel Hart,TF2 7NB,340000-Stationery :  
Stockport Council,Large,108,No,"Â£980,964.45",Tribal Education Limited,OJEU Tender,01/10/2020,Contract,31/03/2025,"Â£108,996.05",31/03/2021,Stockport- Corporate & Support Services,2304,01/04/2016,4163300,Provision of an Education Management Information and Case Management System ,60,Phil Stephens,BS2 0HQ,271510-Information Communication Technology : Services : Application Service Provision
Stockport Council,Various - see below,48,Yes,"Â£50,000.00",Various - see below,Tender,01/01/2020,Contract,30/04/2021,"Â£12,500.00",30/04/2021,Stockport- Services to People,2329,01/05/2017,Various - see below,British Sign Language,36,Carla Cooke,Various - see below,261100-Human Resources : Interpretation & Translation : 
Stockport Council,Large,-,-,-,Action on Hearing Loss ,-,-,-,-,-,-,Stockport- Services to People,2329,-,207720,British Sign Language,-,-,EC1Y 8SL,261100-Human Resources : Interpretation & Translation : 
Stockport Council,Large,-,-,-,Manchester Deaf School ,-,-,-,-,-,-,Stockport- Services to People,2329,-,1110373,British Sign Language,-,-,M13 9GH,261100-Human Resources : Interpretation & Translation : 
Stockport Council,Small,60,Yes,"Â£50,346.00",DataSpace UK Limited,OJEU Tender,31/05/2019,Contract,31/05/2022,"Â£10,069.00",31/05/2022,Stockport- Corporate & Support Services,2333,01/06/2017,3816685,Off Site Storage ,36,Carla Cooke,CW9 6GB,191200-Facilities & Management Services : Document Archiving & Storage : 
Stockport Council,VCSE,48,Yes,"Â£1,423,550.48",Royal Mencap Society,Mini Competition (Internal),31/07/2019,Contract,31/07/2020,"Â£355,887.62",31/07/2020,Stockport- Services to People,3033,01/08/2016,550457 comp no  222377 charity,Supported Living Services (103.9 - Phase 7),36,Shirella Simms,EC1Y 0RT,321000Â  Social Community Care Supplies & Services - Adult
Stockport Council,VCSE,48,Yes,"Â£3,522,336.00",Royal Mencap  ,Tender,01/09/2020,Contract,15/01/2021,"Â£880,584.00",15/01/2021,Stockport- Services to People,3078,16/01/2017,"550457
222377",Supported Living Services (103.10 - Phase 8),36,Shirella Simms,M16 9HU,321000Â  Social Community Care Supplies & Services - Adult
Stockport Council,Medium,36,Yes,"Â£390,000.00",Pure Innovations Limited,Tender,31/03/2019,Contract,31/08/2020,"Â£130,000.00",31/08/2020,Stockport- Services to People,3110,01/09/2016,5241249,Independent Travel Training 2016 - Stockport,24,Tim Kulewa,SK3 0RF,321100-Social Community Care Supplies & Services - Children :  
Stockport Council,Various - see below,72,No,"Â£5,489,958.00",Various - see below,OJEU Tender,01/09/2018,Contract,30/09/2022,"Â£914,993.00",30/09/2020,Stockport- Services to People,3163,01/10/2016,Various - see below,TENDER FOR THE PROVISION OF COMMUNITY BASED LIFESTYLE SERVICES,48,Justina Woo-Swirad,Various - see below,151514-Healthcare : Public Health : Specialist Services
Stockport Council,Medium,-,-,-,ABL HEALTH LIMITED,-,-,-,-,-,-,Stockport- Services to People,3163,-,7074944,TENDER FOR THE PROVISION OF COMMUNITY BASED LIFESTYLE SERVICES,-,-,BL4 0JL ,151514-Healthcare : Public Health : Specialist Services
Stockport Council,Large,-,-,-,STOCKPORT SPORTS TRUST t/a LIFE LEISURE,-,-,-,-,-,-,Stockport- Services to People,3163,-,4304674,TENDER FOR THE PROVISION OF COMMUNITY BASED LIFESTYLE SERVICES,-,-,SK8 7BS   ,151514-Healthcare : Public Health : Specialist Services
Stockport Council,NHS,55,Yes,"Â£7,435,408.50",Central Manchester University Hospitals NHS Foundation Trust,OJEU Tender,01/10/2018,Contract,31/03/2021,"Â£1,652,313.00",31/03/2021,Stockport- Corporate & Support Services,3169,16/09/2016,1049274,"Sexual and Reproductive Health Services for the boroughs of Stockport, Tameside & Trafford",55,Justina Woo-Swirad,M13 0ZY,310000-Healthcare :  
Stockport Council,Large,539,,"Â£84,674,583.33",Water Plus,Local Services,,Contract,30/06/2019,"Â£1,973,000.00",30/06/2020,Stockport- Corporate & Support Services,3181,01/04/1974,4141390,"Water, Waste Water, and Ancillary Services",539,Gary Lee,ST1 4FD ,379999-Utilities : Not Elsewhere Classified : 
Stockport Council,Large,60,No,"Â£500,895.25",Virgin Media Business,Mini Competition (External),01/06/2019,Contract,05/04/2022,"Â£69,973.94",05/04/2020,Stockport- Corporate & Support Services,3184,06/04/2017,1785381,Unified Communications,36,Phil Stephens,S98 1HS,271699-Information Communication Technology : Telecommunications : 
Stockport Council,Large,60,,Income,Oxygen Finance Limited,Call Off (Internal),01/04/2022,Concession,04/04/2024,Income,04/04/2024,Stockport- Corporate & Support Services,3189,05/04/2019,5288899,Early Payment Scheme - Early payment of suppliers ,60,Michael Sellors,B2 5QB,209999-Financial Services : Not Elsewhere Classified : 
Stockport Council,Large,96,No,"Â£1,446,773.00","Liquidlogic Ltd

",Call Off (External),30/11/2020,Contract,30/11/2025,"Â£93,149.00",30/11/2021,Stockport- Services to People,3233,01/12/2017,40006349,Social Care Case Management System,48,Michael Crook,ME14 1RF,271510-Information Communication Technology : Services : Application Service Provision
Stockport Council,SME,96,Yes,"Â£18,000.00",Proactis,Call Off (External),06/12/2021,contract,31/07/2023,"Â£2,250.00",31/07/2023,Stockport- Corporate & Support Services,3238,01/08/2015,3182974,The Chest eProcurement Portal,48,Phil Stephens,LS22 6LE,271300-Information Communication Technology : Services : Maintenance & Support
Stockport Council,NHS,48,,"Â£1,400,000.00",Northumbria Healthcare NHS Foundation Trust,Call Off (External),01/07/2019,Contract,30/09/2020,"Â£350,000.00",30/09/2020,Stockport- Corporate & Support Services,3296,01/10/2016,Supplier does not have company number,Home Electronics Salary Sacrifice Scheme ,48,Gary Lee,NE27 0QJ,269999-Human Resources : Not Elsewhere Classified : 
Stockport Council,Large,48,,"Â£632,000.00",Northern Rail,Exemption,01/04/2019,Contract,09/08/2020,"Â£158,000.00",09/08/2020,Stockport- Corporate & Support Services,3316,10/08/2016,4619954,Travel Rail Scheme ,48,Gary Lee,YO1 6HZ,261600-Human Resources : Travel & Subsistence : 
Stockport Council,Large,48,,"Â£1,267,200.00",Stagecoach,Exemption,01/04/2019,Contract,09/08/2020,"Â£316,800.00",09/08/2020,Stockport- Corporate & Support Services,3317,10/08/2016,3092390,Travel Bus Scheme ,48,Gary Lee,SK3 0DU,261600-Human Resources : Travel & Subsistence : 
Stockport Council,Medium,72,No,"Â£483,000.00",NSL Ltd,OJEU Tender,01/08/2019,Contract,31/10/2023,"Â£161,000.00",31/10/2020,Stockport- Corporate & Support Services,3345,01/11/2017,6033060,Cash Collection and Banking (Parking) ,36,Carla Cooke,SL1 2BE,201300-Financial Services : Cash Collection : 
Stockport Council,,48,No,"Â£45,000,000.00",Approved supplier list maintained by the Council. Contact STAR Procurement for further details,OJEU Tender,24/10/2020,DPS (Dynamic Purchasing System),24/10/2021,"Â£11,250,000.00",24/10/2021,Stockport- Services to People,3389,25/10/2017,,Adoption Support FPS,48,Michael Sellors,,321100-Social Community Care Supplies & Services - Children :  
Stockport Council,Sole Trader,120,No,"Â£10,000.00",Redacted,Exemption,01/04/2021,Contract,14/09/2026,"Â£10,000.00",14/09/2026,Stockport- Corporate & Support Services,3397,15/09/2016,Redacted,12 x bespoke images for use on banners and in promotional campaigns related to Stopfordia exhibition,120,Michael Crook,Redacted,191100-Facilities & Management Services : Design & Photography : 
Stockport Council,Large,70,No,"Â£129,000.00",Bolinda UK Ltd,Call Off (External),25/04/2019,Contract,31/03/2023,"Â£21,500.00",31/03/2021,Stockport- Services to People,3416,01/06/2017,5086231,GM Libraries eBooks and eAudiobooks ,46,Stephanie Jones,RG14 2PZ,171111-Education : Audio Visual : 
Stockport Council,Large,48,No,"Â£400,000.00",allPay,Call Off (External),02/01/2020,Contract,30/06/2021,"Â£100,000.00",30/06/2020,Stockport- Corporate & Support Services,3429,01/07/2017,2933191,Stockport Bill Payment Service,24,Michael Halsall,HR1 3SE,201200-Financial Services : Banking : 
Stockport Council,SME,48,No,"Â£5,048,572.00",Creative Support,Tender,01/09/2019,Contract,09/04/2021,"Â£1,262,143.00",09/04/2020,Stockport- Services to People,3439,10/04/2017,27440R,Supported Living Services (103.11 - Phase 9),36,Shirella Simms,SK1 3TS,321000Â  Social Community Care Supplies & Services - Adult
Stockport Council,Various - see below,84,No,"Â£11,235,000.00",Various - see below,OJEU Tender,01/10/2020,Contract,30/09/2022,"Â£1,605,000.00",30/09/2020,Stockport- Services to People,3444,01/10/2015,Various - see below,Stockport Provision of Community Based Adult Drug and Alcohol Services,60,Justina Woo-Swirad,Various - see below,151514-Healthcare : Public Health : Specialist Services
Stockport Council,SME,-,-,-,"CGL (CHANGE, GROW, LIVE)",-,-,-,-,-,-,Stockport- Services to People,3444,-,3861209,Stockport Provision of Community Based Adult Drug and Alcohol Services,-,-,BN1 1YR,151514-Healthcare : Public Health : Specialist Services
Stockport Council,NHS,-,-,-,Pennine Care NHS Foundation Trust,-,-,-,-,-,-,Stockport- Services to People,3444,-,8436885,Stockport Provision of Community Based Adult Drug and Alcohol Services,-,-,OL6 7SR,151514-Healthcare : Public Health : Specialist Services
Stockport Council,Large,48,,"Â£64,705.00",Freshservice,Exemption,01/04/2020,Contract,30/09/2020,"Â£16,235.00",30/09/2020,Stockport- Corporate & Support Services,3494,01/10/2016,9338697,ITSM Case Management System,48,Phil Stephens,W1F 9PP,271300-Information Communication Technology : Services : Maintenance & Support
Stockport Council,NHS,48,No,"Â£604,000.00",Sheffield Teaching Hospitals NHS Foundation Trust,OJEU Tender (Light Touch),10/01/2022,Framework Agreement,22/01/2023,"Â£604,000.00",22/01/2023,Stockport- Services to People,3516,21/01/2019,232608476,Toxicology Services Framework,48,Justina Woo-Swirad,S5 7AU,151514-Healthcare : Public Health : Specialist Services
Stockport Council,Medium,41,Yes,"Â£92,933.00",Security Plus ,Call Off (External),01/07/2020,Framework Agreement,31/12/2020,"Â£27,200.00",31/12/2019,Stockport- Corporate & Support Services,3522,01/08/2017,1325489,Cash Collection  ,29,Carla Cooke,ST14 7TQ,201300-Financial Services : Cash Collection : 
Stockport Council,Large,60,No,"Â£2,947,211.05",Zurich Insurance plc (UK Branch) t/a Zurich Municipal,OJEU Tender,11/01/2019,Contract,29/11/2022,"Â£589,442.21",30/11/2020,Stockport- Corporate & Support Services,3645,01/12/2017,BR07985,"Insurance: Lot 1: Property Related, Lot 2: Property Owners, Lot 7: Motor - SMBS/SSK, Lot 8: Motor - SHL), Lot 9: Personal Accident, Lot 10: Engineering Combined, & Lot 11: Crime (FG)",36,Gary Lee,PO15 7JZ,201800-Financial Services : Insurance : 
Stockport Council,Large,60,Yes,"Â£481,148.95",Everything Everywhere (EE),Mini Competition (External),01/01/2019,Contract,04/01/2022,"Â£96,229.79",04/01/2022,Stockport- Corporate & Support Services,3694,04/01/2017,2382161,Mobile and Voice Data Aggregation (NFC60),36,Phil Stephens,AL10 9BW,271699-Information Communication Technology : Telecommunications : 
Stockport Council,SME,48,No,"Â£1,807,300.00",Creative Support,Call Off (Internal),01/01/2020,Contract,02/07/2021,"Â£610,017.00",02/07/2020,Stockport- Services to People,3704,03/07/2017,27440R,LD Supported Living Service (103.12 - phase 10),36,Shirella Simms,SK1 3TS,321000Â  Social Community Care Supplies & Services - Adult
Stockport Council,Large,48,No,"Â£45,000.00",Pre Paid Financial  Services,Call Off (External),31/07/2019,Contract,31/07/2021,"Â£12,990.00",31/07/2020,Stockport- Corporate & Support Services,3726,01/08/2017,6337638,Pre Payment Cards ,36,Liam Gilmore,W1B 3AT,201200-Financial Services : Banking : 
Stockport Council,Large,49,Yes,"Â£5,600,000.00",Reed Specialist Recruitment Limited,Mini Competition (External),28/01/2018,Contract,28/01/2021,"Â£1,400,000.00",28/01/2020,Stockport- Services to People,3822,20/12/2016,6903140,Agency and Interim Arrangements,37,Gary Lee,WC2A 1DT,261400-Human Resources : Temporary & Agency Staff : 
Stockport Council,Medium,48,Yes,"Â£208,024.00",DSI Billing,Call Off (External),01/11/2018,Contract,30/09/2021,"Â£104,012.00",30/09/2021,Stockport- Corporate & Support Services,3915,01/10/2017,3823171,Revenues & Benefits Outbound Mail Services,24,Michael Halsall,RM9 6BF,271501-Information Communication Technology : Services : 
Stockport Council,See Supplier Tab,48,No,"Â£17,120,000,00",See Supplier Tab,OJEU Tender,18/10/2019,Framework Agreement,12/09/2022,"Â£4,280,000.00",12/09/2020,Stockport- Services to Place,3924,18/10/2018,See Supplier Tab,AGMA: Civil and Structural Engineering Framework,24,Gary Lee,See Supplier Tab,159999-Consultancy : Not Elsewhere Classified : 
Stockport Council,Large ,-,-,-,AECOM,-,-,-,-,-,-,Stockport- Services to Place,3924,-,1846493,AGMA: Civil and Structural Engineering Framework,-,-,SW19 4DR,159999-Consultancy : Not Elsewhere Classified : 
Stockport Council,SME,-,-,-,Wilde Consultants Ltd,-,-,-,-,-,-,Stockport- Services to Place,3924,-,2603960,AGMA: Civil and Structural Engineering Framework,-,-,SK1 3HS,159999-Consultancy : Not Elsewhere Classified : 
Stockport Council,Large ,-,-,-,Mott MacDonald Ltd,-,-,-,-,-,-,Stockport- Services to Place,3924,-,1243967,AGMA: Civil and Structural Engineering Framework,-,-,CR0 2EE,159999-Consultancy : Not Elsewhere Classified : 
Stockport Council,Large ,-,-,-,Pell Frischmann Consultants Ltd,-,-,-,-,-,-,Stockport- Services to Place,3924,-,1777946,AGMA: Civil and Structural Engineering Framework,-,-,W1U 3PD,159999-Consultancy : Not Elsewhere Classified : 
Stockport Council,SME,-,-,-,Clancy Consulting Ltd,-,-,-,-,-,-,Stockport- Services to Place,3924,-,3693529,AGMA: Civil and Structural Engineering Framework,-,-,WA14 4NX,159999-Consultancy : Not Elsewhere Classified : 
Stockport Council,SME,-,-,-,SANDERSON WATTS ASSOCIATES,-,-,-,-,-,-,Stockport- Services to Place,3924,-,4107494,AGMA: Civil and Structural Engineering Framework,-,-,WN3 4HG,159999-Consultancy : Not Elsewhere Classified : 
Stockport Council,SME,-,-,-,Local Transport Projects Ltd,-,-,-,-,-,-,Stockport- Services to Place,3924,-,5295328,AGMA: Civil and Structural Engineering Framework,-,-,HU17 0NW,159999-Consultancy : Not Elsewhere Classified : 
Stockport Council,Large ,-,-,-,Atkins Limited,-,-,-,-,-,-,Stockport- Services to Place,3924,-,688424,AGMA: Civil and Structural Engineering Framework,-,-,KT18 5BW,159999-Consultancy : Not Elsewhere Classified : 
Stockport Council,Large,84,No,"Â£1,505,000.00",Xerox (UK) Ltd,Mini Competition (External),01/04/2022,Contract,17/11/2024,"Â£215,000.00",17/11/2022,Stockport- Corporate & Support Services,4017,18/11/2017,330754,Multi-functional devices (MFDÂs) ,60,Phil Stephens,UB8 1HS,271400-Information Communication Technology : Office & Reprographics Equipment : 
Stockport Council,SME,58,No,-,Child Action North West,Tender,01/12/2020,Contract,31/03/2023,-,31/03/2021,Stockport- Services to People,4091,01/06/2018,820660,Appropriate Adult Service,34,Tim Kulewa,BB1 9LL,401603-Social Community Care Supplies & Services - Children : Youth Services : Transition Between Children & Adults
Stockport Council,Small,48,No,"Â£488,808.00",Mosaic Event Catering Ltd,OJEU Tender,01/10/2021,Contract,30/09/2023,"Â£122,202.00",30/09/2022,Stockport- Corporate & Support Services,4096,01/10/2019,10709043,Provision of Catering Services to Stockport Metropolitan Council,36,Peter Walpole,SK7 3NX,111200-Catering : Food & Beverages : 
Stockport Council,Large,36,,"Â£37,860.00",Northgate Human Resources (Northgate Arinso UK Ltd),Exemption,14/06/2020,Contract,15/09/2020,"Â£12,620.00",15/09/2020,Stockport- Services to People,4143,16/09/2017,1587537,Job Evaluation Software,36,Liam Gilmore,HP2 4NW,271440-Information Communication Technology : Software : 
Stockport Council,Large,60,No,"Â£63,750.00",Civica UK Ltd,Exemption,01/01/2023,Contract,30/09/2018,"Â£12,750.00",01/03/2023,Stockport- Services to Place,4147,02/03/2018,1628868,OPENChannel Suite plus OPENPortal (API's),60,Michael crook,SW15 6AR,271501-Information Communication Technology : Services : 
Stockport Council,NHS,132,No,"Â£11,814,154.00",Tameside General Hospital (Tameside & Glossop NHS Foundation Trust),Exemption,28/06/2020,Contract,28/09/2028,"Â£1,074,014.00",28/09/2020,Stockport- Corporate & Support Services,4150,29/09/2017,Trust - Not Required,Mortuary and Post Mortem Services,36,Gary Lee,OL6 9RW ,129999-Cemetery & Crematorium : Not Elsewhere Classified : 
Stockport Council,medium,48,Yes,"Â£48,000.00",Personnel Checks Limited,Quote,01/06/2021,Contract,30/09/2021,"Â£12,000.00",30/09/2021,Stockport- Services to People,4159,01/10/2017,8101751,Taxi Driver Online Knowledge Test,12,Liam Gilmore,BB1 1FB,271440-Information Communication Technology : Software : 
Stockport Council,Various - see below,48,,"Â£1,223,880.00",Various - see below,OJEU Tender,31/03/2021,Framework Agreement,31/03/2022,"Â£305,970.00",31/03/2022,Stockport- Corporate & Support Services,4170,01/04/2018,Various - see below,Coroners' Body Removal Service (West and City Coronial Districts),48,Michael Halsall,Various - see below,121300-Cemetery & Crematorium : Body Transport Service : 
Stockport Council,SME,-,-,-,Kane funeral service,-,-,-,-,-,-,Stockport- Corporate & Support Services,4170,-,10703888,Coroners' Body Removal Service (West and City Coronial Districts),-,-,WA10 2JJ,121300-Cemetery & Crematorium : Body Transport Service : 
Stockport Council,SME,-,-,-,Bate & Holland ,-,-,-,-,-,-,Stockport- Corporate & Support Services,4170,-,7550105,Coroners' Body Removal Service (West and City Coronial Districts),-,-,M191FE,121300-Cemetery & Crematorium : Body Transport Service : 
Stockport Council,Micro,84,No,"Â£1,226,500.00",Market Place Management ,Tender,20/02/2023,Contract,31/08/2025,"Â£175,214.00",31/08/2023,Stockport- Services to Place,4181,01/09/2018,6253601,Management of Stockport Market,60,Michael Halsall,Ol7 0JG,151000-Consultancy : Business : 
Stockport Council,Large,46,,"Â£13,345.00",GuestLine Limited,Exemption,29/07/2020,Contract,30/11/2020,"Â£13,345.00",30/11/2020,Stockport- Corporate & Support Services,4258,01/02/2017,2661520,PMS System,46,Liam Gilmore,SY2 6LG,271440-Information Communication Technology : Software : 
Stockport Council,various,120,No,"Â£350,000,000.00",various,OJEU Tender (Light Touch),01/09/2027,Contract,31/08/2028,"Â£35,000,000.00",31/08/2028,Stockport- Services to Place,4269,01/09/2018,various,Support at Home FPS (Homecare),120,Rachael Tither,various,321000Â  Social Community Care Supplies & Services - Adult
Stockport Council,Small,60,No,"Â£543,805.00",Signpost Stockport for Carers,Tender,01/09/2020,Contract,31/03/2023,"Â£108,761.00",31/03/2021,Stockport- Services to People,4287,01/04/2018,4176004,Support for Young Carers,36,Tim Kulewa,SK4 3LD,419999-Social Community Care Supplies & Services : Not Elsewhere Classified : 
Stockport Council,Large,36,,"Â£32,511.00",BRE (Building Research Establishment),Exemption,30/09/2020,Contract,31/12/2020,"Â£10,837.00",31/12/2020,Stockport- Services to Place,4317,01/01/2018,3548352,Housing Stock Modelling,36,Liam Gilmore,WD25 9XX,152050-Consultancy : Property : 
Stockport Council,SME,60,,"Â£165,000.00",Bibliotheca,Call Off (External),01/06/2022,Contract,14/02/2023,"Â£165,000.00",14/02/2023,Stockport- Corporate & Support Services,4322,15/02/2018,2983151,Replacement of RFID Kiosks,60,Gary Lee,SK8 7BS,271200-Information Communication Technology : Hardware : 
Stockport Council,Small,36,,"Â£11,925.00",Board Works Ltd,Exemption,01/10/2020,Contract,31/01/2021,"Â£3,975.00",31/01/2021,Stockport- Services to People,4362,01/02/2018,4064340,Data Assessment Package for Schools,36,Liam Gilmore,OX4 1LF,271440-Information Communication Technology : Software : 
Stockport Council,Large,60,No,"Â£1,763,685.00",Risk Management Partners Ltd,OJEU Tender,30/11/2019,Contract,29/11/2022,"Â£375,500.00",30/11/2020,Stockport- Corporate & Support Services,4368,01/12/2017,2989025,Insurance: Lot 6: Liability & Lot 12: Directors & Officers,36,Gary Lee,EC4N 8AW,201800-Financial Services : Insurance : 
Stockport Council,Large,60,No,"Â£298,134.70",NIG: Arthur J. Gallagher Insurance Brokers Ltd,OJEU Tender,30/11/2019,Contract,29/11/2022,"Â£59,626.94",30/11/2020,Stockport- Corporate & Support Services,4369,01/12/2017,SC108909,Insurance: Lot 3: Leaseholders Property,36,Gary Lee,G2 7AT,201820-Financial Services : Insurance : Property
Stockport Council,Large,60,No,"Â£22,973.00",AXA Art Insurance UK SE,OJEU Tender,30/11/2019,Contract,29/11/2022,"Â£4,594.60",30/11/2020,Stockport- Corporate & Support Services,4370,01/12/2017,HRB91336,Insurance: Lot 4: All Risks (art & regalia),36,Gary Lee,"51067 Koln, Germany",201800-Financial Services : Insurance : 
Stockport Council,Large,60,,"Â£142,500.00",Chaucer Syndicates Limited,OJEU Tender,30/11/2019,Contract,29/11/2022,"Â£28,500.00",30/11/2020,Stockport- Corporate & Support Services,4371,01/12/2017,9588515,Insurance: Lot 5: Terrorism,36,Gary Lee,E5 9AB,201800-Financial Services : Insurance : 
Stockport Council,Large,60,,"Â£157,825.80",Bibliotheca,Call Off (External),01/08/2022,Contract,01/02/2023,"Â£9,936.46",01/02/2023,Stockport- Corporate & Support Services,4384,21/01/2018,2983151,Open Library System ,60,Daniel Hart,SK8 7BS,271200-Information Communication Technology : Hardware : 
Stockport Council,VCSE,48,Yes,"Â£120,000.00",Coram Voice,Tender,01/10/2021,Contract,31/03/2022,"Â£30,000.00",31/03/2021,Stockport- Services to People,4397,01/04/2018,3050826,"Children's Rights, Independent Visitors and Advocacy Services",36,Shirella Simms,WC1N 2QA,321100-Social Community Care Supplies & Services - Children :  
Stockport Council,Medium,48,No,"Â£114,964.00",Learning Pool Limited,Exemption,09/09/2019,Contract,13/03/2022,"Â£28,741.00",13/03/2021,Stockport- Corporate & Support Services,4413,14/03/2018,NI060102 ,E Learning Tool,36,Michael Crook,BT48 7EL ,271440-Information Communication Technology : Software : 
Stockport Council,SME,43,No,"Â£33,333.00",McClarens ,RBS - Low/Med - Simple (RFQ),01/08/2020,Contract,28/11/2022,"Â£6,700.00",28/11/2020,Stockport- Corporate & Support Services,4422,01/04/2019,2561541,Loss Adjustment Services - Loss adjusting services for our property damage claims as well as for our Balance of Risk claims,19,Carla Cooke,EC3N 1DY,201800-Financial Services : Insurance : 
Stockport Council,Small,48,No,"Â£120,000.00",Cadassist Ltd,RBS - Low/Med - Simple (RFQ),01/10/2019,Contract,31/03/2022,"Â£30,000.00",31/03/2021,Stockport- Services to Place,4437,01/04/2018,1994562,BIM Software and Specialist Training Service,36,Phil Stephens,SK7 1AH,271440-Information Communication Technology : Software : 
Stockport Council,Medium,48,No,"Â£97,297.28",Acorn Training Ltd,Call Off (External),02/01/2020,Call Off (External),02/01/2022,"Â£24,324.32",02/01/2021,Stockport- Services to People,4442,02/01/2018,6517343,Apprentice Training and End-point Assessments ,36,Catherine Judge,ST6 6BD,261520-Human Resources : Training & Conferences : Training
Stockport Council,SME,48,,"Â£565,840.00",Kane Funeral Service,OJEU Tender,31/03/2019,Framework Agreement,31/03/2022,"Â£141,460.00",31/03/2022,Stockport- Corporate & Support Services,4461,01/04/2018,10703888,Coroners' Body Removal Service (South Coronial District),48,Michael Halsall,WA10 2JJ,121300-Cemetery & Crematorium : Body Transport Service : 
Stockport Council,Small,60,,"Â£14,000.00",Magnet Solutions Ltd,Exemption,01/12/2022,Contract,31/03/2023,"Â£2,800.00",31/03/2023,Stockport- Corporate & Support Services,4471,01/04/2018,4304138,Locta Tracing Solution Software,60,Gary Lee,M3 3EB,271440-Information Communication Technology : Software : 
Stockport Council,Small,60,,"Â£31,495.00",JC Applications Developments Ltd,Exemption,01/12/2022,Contract,29/04/2023,"Â£4,999.00",29/04/2023,Stockport- Corporate & Support Services,4479,30/04/2018,7000813,"LACHS Claim Handling System Update, Support and Maintenance",60,Gary Lee,GU33 6JS,271440-Information Communication Technology : Software : 
Stockport Council,VCSE,36,No,"Â£1,953,000.00",Pennine West Citizens Advice Bureau Ltd TA Citizens Advice Stockport,Local Services,01/12/2019,Contract,31/03/2022,"Â£200,000.00",31/03/2020,Stockport- Services to People,4505,01/04/2019,8290395,Citizen Advice Service,12,Shirella Simms,OL1 1HP,321000Â  Social Community Care Supplies & Services - Adult
Stockport Council,SME,22,Yes,"Â£50,000.00",SpeechWise Therapy and Manchester Occupational Therapy Services (MOTS),Quote (DO NOT USE),31/01/2019,Contract,31/07/2020,"Â£25,000.00",31/07/2020,Stockport- Services to People,4582,01/09/2018,10936222,Therapy Services Â Valley School at Overdale Centre,11,Shirella Simms,SK5 7DL,321100-Social Community Care Supplies & Services - Children :  
Stockport Council,VCSE,47,No,"Â£720,000.00",Stockport Progress and Recovery Centre (SPARC),OJEU Tender (Light Touch),01/05/2021,Contract,31/03/2023,"Â£180,000.00",31/03/2022,Stockport- Services to People,4630,01/05/2019,1862257,Mental Health Services - Lot 1,35,Rachael Tither,SK2 6RE,321000Â  Social Community Care Supplies & Services - Adult
Stockport Council,VCSE,47,no,"Â£608,000.00",Pure Innovation Limited,OJEU Tender (Light Touch),01/05/2021,Contract,31/03/2023,"Â£152,000.00",31/03/2022,Stockport- Services to People,4631,01/04/2019,5241249,Mental Health Services - Lot 2,35,Rachael Tither,SK7 5ER,321000Â  Social Community Care Supplies & Services - Adult
Stockport Council,Large,-,-,"Â£7,578.60",Oldham College,Procured by Other,-,Contract,-,"Â£7,578.60",-,Stockport- Services to Place,4662,-,-,Additional support provided to an individual via the high needs funding to allow this individual to attend the Oldham College. ,-,Catherine Judge,OL9 6AA,171040-Education : Educational Placements : 
Stockport Council,Various,24,No,"Â£596,000.00",Any GP within the borough of Stockport,Exemption,01/10/2020,Contract,31/03/2021,"Â£298,000.00",31/03/2021,Stockport- Services to People,4665,01/04/2019,Various,Locally Commissioned Services - GPs only,24,Justina Woo-Swirad,Various,151513-Healthcare : Public Health : GP Surgery Services
Stockport Council,Various,24,No,"Â£74,432.00",Any Pharmacy within the borough of Stockport,Exemption,01/10/2020,Contract,31/03/2021,"Â£37,216.00",31/03/2021,Stockport- Services to Place,4666,01/04/2019,Various,Locally Commissioned Services - Pharmacies only,24,Justina Woo-Swirad,Various,151513-Healthcare : Public Health : GP Surgery Services
Stockport Council,VCSE,24,No,"Â£20,000.00",Samaritans,Exemption,01/09/2020,Contract,31/03/2021,"Â£10,000.00",31/03/2021,Stockport- Services to Place,4763,01/04/2019,757372,Samaritans - Suicide Prevention Programme,24,Catherine Judge,SK4 3LD,311100-Healthcare : Counselling : 
Stockport Council,Large,48,Yes,"Â£100,788.00",BHA For Equality,Procured by Other,01/11/2020,Contract,31.06.2021,"Â£33,596.00",30/06/2021,Stockport- Services to People,4790,01/07/2017,3818058,PaSH GM (SHIP) Contract,24,Justina Woo-Swirad,LS1 5RD,310000Â  Healthcare
Stockport Council,SME,24,No,"Â£18,526.00",Cromwell Polythene Ltd,Call Off (External),01/10/2020,Contract,30/04/2021,"Â£9,263.00",30/04/2021,Stockport- Services to Place,5023,01/05/2019,2230104,Refuse Sacks,24,Sarah Keating,LS25 6PL,182011-Environmental Services : Waste Management : Consumables (was Equipment)
Stockport Council,SME,48,No,"Â£15,564.00",Sportsafe UK Ltd,OJEU Tender,01/12/2020,Contract,31/03/2022,"Â£3,891.00",31/03/2021,Stockport- Services to Place,5072,01/04/2018,3370067,Maintenance of Gymnasium / Sports Hall Equipment,36,Paul Atherton,C01 2TJ,331200-Sports & Playground Equipment & Maintenance : Sports Equipment Maintenance : 
Stockport Council,SME,48,No,"Â£23,400.00",Killgerm Chemicals Ltd,Call Off (External),01/07/2020,Framework Agreement,31/10/2021,"Â£7,800.00",31/10/2020,Stockport- Services to Place,5104,01/11/2017,2794829,Pest Control Chemicals,36,Mike Fanning,WF5 9AR,181500-Environmental Services : Animal Services : Pest & Animal Control
Stockport Council,SME,36,No,"Â£35,000.00",The Exclusec Group Ltd,RBS - Low/Med - Simple (RFQ),01/01/2021,Contract,31/08/2023,"Â£10,500.00",31/08/2021,Stockport- Services to Place,5132,01/09/2018,7342491,Recruitment of SIA Registered Security Staff,36,Jamie Cooper,BL1 4TQ,192213-Facilities & Management Services : Security : Manned Guarding
Stockport Council,SME,48,No,"Â£200,000.00",H Jenkinson & Co Ltd,Call Off (External),01/08/2020,Contract,31/11/2022,"Â£50,000.00",31/11/2020,Stockport- Services to Place,5243,01/12/2018,169844,Office Furniture ,24,Paul Atherton,L34 9JR ,211200-Furniture & Soft Furnishings : Office Furniture : 
Stockport Council,SME,60,No,"Â£40,421",ATG Access Ltd,Exemption,,Contract,,"Â£40,421",09/06/2024,Stockport- Services to Place,5307,10/06/2019,2643622,Automatic Bollards in Stockport Town Centre,60,Paul Atherton,WA11 9TP,230000Â  Highway Equipment & Materials
Stockport Council,Medium,48,No,"Â£97,297.28",Ashley Hunter Ltd,Call Off (External),02/01/2020,Call Off (External),02/01/2022,"Â£24,324.32",02/01/2021,Stockport- Services to People,6005,02/01/2018,7564626,Apprentice Training and End-point Assessments ,36,Catherine Judge,0L1 1TE,261520-Human Resources : Training & Conferences : Training
Stockport Council,Medium,48,No,"Â£97,297.28",Axia Solutions Ltd,Call Off (External),02/01/2020,Call Off (External),02/01/2022,"Â£24,324.32",02/01/2021,Stockport- Services to People,6006,02/01/2018,3737341,Apprentice Training and End-point Assessments ,36,Catherine Judge,ST4 4RJ,261520-Human Resources : Training & Conferences : Training
Stockport Council,Medium,48,No,"Â£97,297.28",Baltic Training Services Ltd,Call Off (External),02/01/2020,Call Off (External),02/01/2022,"Â£24,324.32",02/01/2021,Stockport- Services to People,6007,02/01/2018,5868493,Apprentice Training and End-point Assessments ,36,Catherine Judge,TS25 1PW,261520-Human Resources : Training & Conferences : Training
Stockport Council,Medium,48,No,"Â£97,297.28",Bespoke Consultancy and Education Ltd,Call Off (External),02/01/2020,Call Off (External),02/01/2022,"Â£24,324.32",02/01/2021,Stockport- Services to People,6008,02/01/2018,8730523,Apprentice Training and End-point Assessments ,36,Catherine Judge,BS24 8EE,261520-Human Resources : Training & Conferences : Training
Stockport Council,Medium,48,No,"Â£97,297.28",Blackburn College,Call Off (External),02/01/2020,Call Off (External),02/01/2022,"Â£24,324.32",02/01/2021,Stockport- Services to People,6009,02/01/2018,,Apprentice Training and End-point Assessments ,36,Catherine Judge,BB2 1LH,261520-Human Resources : Training & Conferences : Training
Stockport Council,Medium,48,No,"Â£97,297.28",Blackrock (London) Ltd,Call Off (External),02/01/2020,Call Off (External),02/01/2022,"Â£24,324.32",02/01/2021,Stockport- Services to People,6010,02/01/2018,10478695,Apprentice Training and End-point Assessments ,36,Catherine Judge,TN12 6UT,261520-Human Resources : Training & Conferences : Training
Stockport Council,Medium,48,No,"Â£97,297.28",Learning Curve Group Ltd (LCG),Call Off (External),02/01/2020,Call Off (External),02/01/2022,"Â£24,324.32",02/01/2021,Stockport- Services to People,6011,02/01/2018,5233487,Apprentice Training and End-point Assessments ,36,Catherine Judge,DL14 6XB,261520-Human Resources : Training & Conferences : Training
Stockport Council,Medium,48,No,"Â£97,297.28",Damar Ltd,Call Off (External),02/01/2020,Call Off (External),02/01/2022,"Â£24,324.32",02/01/2021,Stockport- Services to People,6012,02/01/2018,1469426,Apprentice Training and End-point Assessments ,36,Catherine Judge,SK1 1HE,261520-Human Resources : Training & Conferences : Training
Stockport Council,Medium,48,No,"Â£97,297.28",Dawn Hodge Associates Limited,Call Off (External),02/01/2020,Call Off (External),02/01/2022,"Â£24,324.32",02/01/2021,Stockport- Services to People,6013,02/01/2018,4130146,Apprentice Training and End-point Assessments ,36,Catherine Judge,CH64 3RU,261520-Human Resources : Training & Conferences : Training
Stockport Council,Medium,48,No,"Â£97,297.28",Essential Learning Company Limited,Call Off (External),02/01/2020,Call Off (External),02/01/2022,"Â£24,324.32",02/01/2021,Stockport- Services to People,6014,02/01/2018,4171904,Apprentice Training and End-point Assessments ,36,Catherine Judge,CV1 2EL,261520-Human Resources : Training & Conferences : Training
Stockport Council,Medium,48,No,"Â£97,297.28",Expanse Group Limited,Call Off (External),02/01/2020,Call Off (External),02/01/2022,"Â£24,324.32",02/01/2021,Stockport- Services to People,6015,02/01/2018,8475076,Apprentice Training and End-point Assessments ,36,Catherine Judge,WN7 4JY,261520-Human Resources : Training & Conferences : Training
Stockport Council,Medium,48,No,"Â£97,297.28",FLM Training Limited,Call Off (External),02/01/2020,Call Off (External),02/01/2022,"Â£24,324.32",02/01/2021,Stockport- Services to People,6016,02/01/2018,8384009,Apprentice Training and End-point Assessments ,36,Catherine Judge,WN3 6XU,261520-Human Resources : Training & Conferences : Training
Stockport Council,Medium,48,No,"Â£97,297.28",G P Strategies Training Limited,Call Off (External),02/01/2020,Call Off (External),02/01/2022,"Â£24,324.32",02/01/2021,Stockport- Services to People,6017,02/01/2018,8003851,Apprentice Training and End-point Assessments ,36,Catherine Judge,WA14 2DT,261520-Human Resources : Training & Conferences : Training
Stockport Council,Medium,48,No,"Â£97,297.28",HIT Training Limited,Call Off (External),02/01/2020,Call Off (External),02/01/2022,"Â£24,324.32",02/01/2021,Stockport- Services to People,6018,02/01/2018,5765957,Apprentice Training and End-point Assessments ,36,Catherine Judge,BN43 5FF,261520-Human Resources : Training & Conferences : Training
Stockport Council,Medium,48,No,"Â£97,297.28",Lifetime Training Group Limited,Call Off (External),02/01/2020,Call Off (External),02/01/2022,"Â£24,324.32",02/01/2021,Stockport- Services to People,6020,02/01/2018,3263608,Apprentice Training and End-point Assessments ,36,Catherine Judge,BS8 1EJ,261520-Human Resources : Training & Conferences : Training
Stockport Council,Medium,48,No,"Â£97,297.28",Macclesfield College,Call Off (External),02/01/2020,Call Off (External),02/01/2022,"Â£24,324.32",02/01/2021,Stockport- Services to People,6021,02/01/2018,-,Apprentice Training and End-point Assessments ,36,Catherine Judge,SK11 8LF,261520-Human Resources : Training & Conferences : Training
Stockport Council,Medium,48,No,"Â£97,297.28",Mantra Learning Limited,Call Off (External),02/01/2020,Call Off (External),02/01/2022,"Â£24,324.32",02/01/2021,Stockport- Services to People,6022,02/01/2018,2743170,Apprentice Training and End-point Assessments ,36,Catherine Judge,M24 1RU,261520-Human Resources : Training & Conferences : Training
Stockport Council,Medium,48,No,"Â£97,297.28",MBKB Limited,Call Off (External),02/01/2020,Call Off (External),02/01/2022,"Â£24,324.32",02/01/2021,Stockport- Services to People,6023,02/01/2018,7349835,Apprentice Training and End-point Assessments ,36,Catherine Judge,WV14 9RL,261520-Human Resources : Training & Conferences : Training
Stockport Council,Medium,48,No,"Â£97,297.28",North Lancs Training Group Limited,Call Off (External),02/01/2020,Call Off (External),02/01/2022,"Â£24,324.32",02/01/2021,Stockport- Services to People,6024,02/01/2018,1948169,Apprentice Training and End-point Assessments ,36,Catherine Judge,BB5 1EQ,261520-Human Resources : Training & Conferences : Training
Stockport Council,Medium,48,No,"Â£97,297.28",People Plus Group Limited,Call Off (External),02/01/2020,Call Off (External),02/01/2022,"Â£24,324.32",02/01/2021,Stockport- Services to People,6025,02/01/2018,5722765,Apprentice Training and End-point Assessments ,36,Catherine Judge,NG2 1AE,261520-Human Resources : Training & Conferences : Training
Stockport Council,Medium,48,No,"Â£97,297.28",Project Management (Staffordshire) Limited,Call Off (External),02/01/2020,Call Off (External),02/01/2022,"Â£24,324.32",02/01/2021,Stockport- Services to People,6026,02/01/2018,1620399,Apprentice Training and End-point Assessments ,36,Catherine Judge,ST5 0QW,261520-Human Resources : Training & Conferences : Training
Stockport Council,Medium,48,No,Approved supplier list maintained by the Council. Contact STAR Procurement for further details,Premier People Solutions Limited,Call Off (External),02/01/2020,Call Off (External),02/01/2022,Approved supplier list maintained by the Council. Contact STAR Procurement for further details,02/01/2021,Stockport- Services to People,6027,02/01/2018,5997338,Apprentice Training and End-point Assessments ,36,Catherine Judge,DN4 5NL,261520-Human Resources : Training & Conferences : Training
Stockport Council,Medium,48,No,"Â£97,297.28",QA Limited,Call Off (External),02/01/2020,Call Off (External),02/01/2022,"Â£24,324.32",02/01/2021,Stockport- Services to People,6028,02/01/2018,2413137,Apprentice Training and End-point Assessments ,36,Catherine Judge,SL1 1SG,261520-Human Resources : Training & Conferences : Training
Stockport Council,Medium,48,No,"Â£97,297.28",Rochdale Training Association Limited,Call Off (External),02/01/2020,Call Off (External),02/01/2022,"Â£24,324.32",02/01/2021,Stockport- Services to People,6029,02/01/2018,897078,Apprentice Training and End-point Assessments ,36,Catherine Judge,OL16 5NA,261520-Human Resources : Training & Conferences : Training
Stockport Council,Medium,48,No,"Â£97,297.28",SHL Training Solutions Limited,Call Off (External),02/01/2020,Call Off (External),02/01/2022,"Â£24,324.32",02/01/2021,Stockport- Services to People,6030,02/01/2018,6566149,Apprentice Training and End-point Assessments ,36,Catherine Judge,SK6 6DE,261520-Human Resources : Training & Conferences : Training
Stockport Council,Medium,48,No,"Â£97,297.28",Cheshire College - South and West (South Cheshire College and West Cheshire College),Call Off (External),02/01/2020,Call Off (External),02/01/2022,"Â£24,324.32",02/01/2021,Stockport- Services to People,6031,02/01/2018,-,Apprentice Training and End-point Assessments ,36,Catherine Judge,CW2 8AB,261520-Human Resources : Training & Conferences : Training
Stockport Council,Medium,48,No,"Â£97,297.28",The Big Life Company Limited,Call Off (External),02/01/2020,Call Off (External),02/01/2022,"Â£24,324.32",02/01/2021,Stockport- Services to People,6032,02/01/2018,4227431,Apprentice Training and End-point Assessments ,36,Catherine Judge,M16 9AB,261520-Human Resources : Training & Conferences : Training
Stockport Council,Medium,48,No,"Â£97,297.28",The Care Learning Centre Limited,Call Off (External),02/01/2020,Call Off (External),02/01/2022,"Â£24,324.32",02/01/2021,Stockport- Services to People,6033,02/01/2018,4213323,Apprentice Training and End-point Assessments ,36,Catherine Judge,PO30 5BF,261520-Human Resources : Training & Conferences : Training
Stockport Council,Medium,48,No,"Â£97,297.28",Total People Limited,Call Off (External),02/01/2020,Call Off (External),02/01/2022,"Â£24,324.32",02/01/2021,Stockport- Services to People,6034,02/01/2018,6380764,Apprentice Training and End-point Assessments ,36,Catherine Judge,M11 2WH,261520-Human Resources : Training & Conferences : Training
Stockport Council,Medium,48,No,"Â£97,297.28",Training Synergy Limited T/A Escalla,Call Off (External),02/01/2020,Call Off (External),02/01/2022,"Â£24,324.32",02/01/2021,Stockport- Services to People,6035,02/01/2018,5333127,Apprentice Training and End-point Assessments ,36,Catherine Judge,SW1P 2AL,261520-Human Resources : Training & Conferences : Training
Stockport Council,Medium,48,No,"Â£97,297.28",University of Chester,Call Off (External),02/01/2020,Call Off (External),02/01/2022,"Â£24,324.32",02/01/2021,Stockport- Services to People,6036,02/01/2018,-,Apprentice Training and End-point Assessments ,36,Catherine Judge,CH1 4BJ,261520-Human Resources : Training & Conferences : Training
Stockport Council,Medium,48,No,"Â£97,297.28",West Nottinghamshire College Educational Trust t/a Vision Business,Call Off (External),02/01/2020,Call Off (External),02/01/2022,"Â£24,324.32",02/01/2021,Stockport- Services to People,6037,02/01/2018,8337041,Apprentice Training and End-point Assessments ,36,Catherine Judge,NG18 5BH,261520-Human Resources : Training & Conferences : Training
Stockport Council,Medium,48,No,"Â£97,297.28",ALDER CARE TRAINING LIMITED,Call Off (External),02/01/2020,Call Off (External),02/01/2022,"Â£24,324.32",02/01/2021,Stockport- Services to People,6038,02/01/2018,5200309,Apprentice Training and End-point Assessments ,36,Catherine Judge,L1 5AY,261520-Human Resources : Training & Conferences : Training
Stockport Council,Medium,48,No,"Â£97,297.28",THE GROWTH COMPANY LIMITED,Call Off (External),02/01/2020,Call Off (External),02/01/2022,"Â£24,324.32",02/01/2021,Stockport- Services to People,6039,02/01/2018,2443911,Apprentice Training and End-point Assessments ,36,Catherine Judge,M1 5JW,261520-Human Resources : Training & Conferences : Training
Stockport Council,Medium,48,No,"Â£97,297.28",REMIT GROUP LIMITED,Call Off (External),02/01/2020,Call Off (External),02/01/2022,"Â£24,324.32",02/01/2021,Stockport- Services to People,6040,02/01/2018,6552314,Apprentice Training and End-point Assessments ,36,Catherine Judge,W1W 5AB,261520-Human Resources : Training & Conferences : Training
Stockport Council,Medium,48,No,"Â£97,297.28",SOLVO VIR LIMITED,Call Off (External),02/01/2020,Call Off (External),02/01/2022,"Â£24,324.32",02/01/2021,Stockport- Services to People,6041,02/01/2018,7943590,Apprentice Training and End-point Assessments ,36,Catherine Judge,M33 3HD,261520-Human Resources : Training & Conferences : Training
Stockport Council,Medium,48,No,"Â£97,297.28",BARNSLEY COLLEGE,Call Off (External),02/01/2020,Call Off (External),02/01/2022,"Â£24,324.32",02/01/2021,Stockport- Services to People,6042,02/01/2018,-,Apprentice Training and End-point Assessments ,36,Catherine Judge,S70 2YW,261520-Human Resources : Training & Conferences : Training
Stockport Council,Small,36,,"Â£54,000.00",Looking Local Ltd,Exemption,30/04/2019,Contract,31/03/2021,"Â£18,000.00",31/03/2021,Stockport- Corporate & Support Services,6051,30/04/2018,11061996,ÂBetter-OffÂ software,36,Liam Gilmore,TW11 8HG,271440-Information Communication Technology : Software : 
Stockport Council,Various - see below,48,No,"Â£22,860,684.00",Various - see below,Mini Competition (External),01/06/2020,Contract,31/05/2023,"Â£5,715,171.00",31/05/2022,Stockport- Corporate & Support Services,6057,01/06/2019,Various - see below,Supply and servicing of materials for public library authorities - all Lots,36,Stephanie Jones,Various - see below,171113-Education : Library Books : 
Stockport Council,SME,-,-,-,"Bertram Library Services (Lot 1,2,5)",-,-,-,-,-,-,Stockport- Corporate & Support Services,6057,-,6849888,Supply and servicing of materials for public library authorities - all Lots,-,-,NR7 0WF,171113-Education : Library Books : 
Stockport Council,SME,-,-,-,Askews and Holts (Lot 4),-,-,-,-,-,-,Stockport- Corporate & Support Services,6057,-,2745298,Supply and servicing of materials for public library authorities - all Lots,-,-,PR1 1SY,171113-Education : Library Books : 
Stockport Council,SME,-,-,-,Peters Books (Lot 3) ,-,-,-,-,-,-,Stockport- Corporate & Support Services,6057,-,2452340,Supply and servicing of materials for public library authorities - all Lots,-,-,B5 6RJ,171113-Education : Library Books : 
Stockport Council,Medium,60,No,"Â£25,000.00",Trojan Consultants Limited,RBS - Low - Quick Quote,29/05/2022,Contract,29/05/2023,"Â£25,000.00",29/05/2023,Stockport- Corporate & Support Services,6076,29/05/2018,1542629,Trojan Caspar Money Management Software,60,Catherine Judge,B60 4DJ,271440-Information Communication Technology : Software : 
Stockport Council,Medium,48,No,"Â£504,770.00",Netcall Limited,Procured by Other,01/09/2020,Contract,31/03/2023,"Â£100,954.00",31/03/2021,Stockport- Services to Place,6090,01/04/2019,2831215,Remote Call Centre,36,Michael Halsall,HP1 1BB,271516-Information Communication Technology : Services : Cloud Services
Stockport Council,Large,60,,"Â£750,000.00",Civiva UK Limited,Call Off (External),02/01/2022,Contract,02/08/2023,"Â£120,000.00",02/08/2023,Stockport- Corporate & Support Services,6108,03/08/2018,1628868,Revenue and Benefits Enterprise License,60,Daniel Hart,SW15 6AR,271501-Information Communication Technology : Services : 
Stockport Council,Large,60,No,"Â£84,740.00",KPMG,Mini Competition (External),,Contract,22/08/2023,"Â£16,948.00",22/08/2020,Stockport- Corporate & Support Services,6213,23/08/2018,0301540OC,"Assurance Audit: Housing Benefit (Subsidy), Assurance Process (HBAP), TeachersÂ Pension Scheme Assurance, and Use of Capital Receipts Assurance",12,Gary Lee,E14 5GL,201100-Financial Services : Audit : 
Stockport Council,-,-,-,"Â£6,000.00",PayPoint Network Ltd,Exemption,-,Contract,-,"Â£6,000.00",-,Stockport- Services to People,6229,-,-,Stockport Council Bill Payment Services,-,Catherine Judge,AL7 1EL,201200-Financial Services : Banking : 
Stockport Council,SME,24,Yes,"Â£150,000.00",IDS Land Survey,RBS - Med/High - Advanced (Open),01/02/2021,Framework Agreement,31/07/2021,"Â£75,000.00",31/07/2021,Stockport- Services to Place,6263,01/08/2019,N/A Sole Trader,Topographical Surveying Framework for use by the CouncilÂs in-house Survey Team to assist in the delivery of a range of capital projects,12,Natalie McCarthy,M19 1FX,109999-Building Construction Materials : Not Elsewhere Classified : 
Stockport Council,SME,24,,"Â£45,414.00",Dandy Booksellers,Exemption,01/06/2020,Contract,31/05/2021,"Â£22,707.00",31/05/2021,Stockport- Corporate & Support Services,6264,01/06/2019,4846829,Supply and servicing of materials for public library authorities-Government Information Lot,24,Stephanie Jones,NW6 7UP,171113-Education : Library Books : 
Stockport Council,SME,11,,"Â£14,625.00",Oleg Mamedov,Procured by Other,31/09/2019,Contract,31/07/2020,"Â£14,625.00",31/07/2020,Stockport- Services to People,6286,01/09/2018,,Specialist EAL Support,11,Gary Lee,Redacted,261400-Human Resources : Temporary & Agency Staff : 
Stockport Council,,72,No,Â£0.00,NHS Northumbria Fleet Solutions,Call Off (External),04/01/2022,Contract,01/01/2025,Â£0.00,01/01/2023,Stockport- Corporate & Support Services,6289,01/01/2019,Supplier does not have company number,Car Slary Sacrifice Scheme - Provision of car leasing for employees via a salary sacrifice arrangement,48,Gary Lee,NE27 0QJ,381600-Vehicle Management : Leasing : 
Stockport Council,-,-,-,"Â£12,220.00",Gillespies,Procured by Other,-,Contract,-,"Â£12,220.00",-,Stockport- Services to Place,6304,-,-,Landscape architecture services - Stopford Car Park Piazza,-,Catherine Judge,-,152200-Consultancy : Technical & Feasibility : 
Stockport Council,SME,36,No,"Â£108,200.00",Britannic Technologies Ltd,Call Off (External),01/10/2019,Contract,06/01/2022,"Â£37,400.00",06/01/2021,Stockport- Corporate & Support Services,6315,07/01/2019,2097097,Conversational AI for Website,12,Natalie McCarthy,GU4 7WA,271515-Information Communication Technology : Services : Website Development
Stockport Council,SME,44,No,"Â£10,413.00",MetDesk Ltd,RBS - Low/Med - Simple (RFQ),01/10/2020,Contract,30/04/2022,"Â£3,471.00",30/04/2021,Stockport- Services to Place,6316,01/10/2018,8282087,AGMA Winter Service Weather Forecasting,32,Phil Stephens,HP22 6BN,271501-Information Communication Technology : Services : 
Stockport Council,Large ,38,No,"Â£138,000.00",Manchester Metropolitan University ,Exemption,01/02/2022,Contract,,"Â£138,000.00",01/04/2022,Stockport- Corporate & Support Services,6342,01/01/2019,4715244,Level 6 Social Worker Degree Apprenticeship Training,38,Liam Gilmore,M15 6GX,171010-Education : Adult & Further Education Services : 
Stockport Council,SME,24,No,"Â£6,000.00",Northgate Public Services,RBS - Low - Quick Quote,01/10/2018,Contract,,"Â£6,000.00",31/12/2020,Stockport- Corporate & Support Services,6343,01/01/2019,968498,Blue Badge Case Management system,24,Catherine Judge,HP2 4NW,271501-Information Communication Technology : Services : 
Stockport Council,Various,48,No,"Â£73,653.66",Various - see below,OJEU Tender,07/01/2019,Contract,07/01/2023,"Â£36,826.83",07/01/2021,Stockport- Corporate & Support Services,6350,08/01/2019,Various - see below,AGMA Electoral Printing Services ,24,Emily Taylor,Various - see below,271440-Information Communication Technology : Software : 
Stockport Council,Large,36,,"Â£141,184.63",Capita Business Services Ltd,Procured by Other,01/04/2021,Contract,31/03/2022,"Â£47,061.54",31/03/2022,sarah.mann@stockport.gov.uk,6359,01/04/2019,2299747,SIMS Annual Entitlement (including LA Charge and Additional Module Maintenance),36,Phil Stephens,DL1 9HN,271300-Information Communication Technology : Services : Maintenance & Support
Stockport Council,Various - See suppliers tab,48,No,"Â£46,000.00",Various - See suppliers tab,Call Off (Internal),01/01/2020,Contract,07/01/2023,"Â£11,500.00",07/01/2021,Stockport- Corporate & Support Services,6375,08/01/2019,Various - See suppliers tab,"Call-off from AGMA: Electoral Management System (AGMA Framework, led by Trafford ReProcure of UID 1608)",24,Daniel Hart,Various - See suppliers tab,271440-Information Communication Technology : Software : 
Stockport Council,SME,48,No,"Â£60,100.00",Link Asset Services ,Call Off (External),30/11/2021,Contract,31/03/2023,"Â£14,500.00",31/03/2022,Stockport- Corporate & Support Services,6381,01/04/2019,2652033,Treasury Management (Stockport) Advisory Services to all Association of Greater Manchester Authorities (ÂAGMAÂ) and AGMA Associate Authorities,36,Carla Cooke,EC2V 7NQ,200000Â  Financial Services
Stockport Council,SME,24,,"Â£8,000.00",C-Trace,RBS - Low - Quick Quote,,Contract,30/04/2021,"Â£8,000.00",30/04/2021,Stockport- Services to Place,6416,01/05/2019,7240591,Bin identification technology ,24,Liam Gilmore,B90 8BG,271440-Information Communication Technology : Software : 
Stockport Council,SME,24,,"Â£17,000.00",Cantium Business Solutions Ltd,RBS - Low - Quick Quote,01/01/2021,Contract,10/04/2021,"Â£8,500.00",10/04/2021,Stockport- Corporate & Support Services,6417,11/04/2019,11242115,Online DBS application submission service,24,Phil Stephens,ME14 1XQ ,271440-Information Communication Technology : Software : 
Stockport Council,Large ,36,No,"Â£47,524.00",CACI,Exemption,,Contract,,"Â£11,881.00",31/03/2023,Stockport- Corporate & Support Services,6418,01/04/2019,1649776,Child View Youth Justice system,36,Liam Gilmore,W14 8TS,271440-Information Communication Technology : Software : 
Stockport Council,SME,24,No,"Â£24,000.00",Cyber Media Solutions Ltd,Exemption,,Contract,,"Â£12,000.00",31/03/2021,Stockport- Corporate & Support Services,6420,01/04/2019,3858761,Cyber Media Solutions - Theseus contract,24,Liam Gilmore,ST 18 0LQ,271440-Information Communication Technology : Software : 
Stockport Council,SME,33,no,"Â£43,000.00",Elephant Wifi,RBS - Low/Med - Simple (RFQ),01/01/2022,Contract,31/03/2022,"Â£43,000.00",31/03/2022,Stockport- Corporate & Support Services,6423,01/06/2019,9307093,District Wifi Provision,33,Michael Halsall,LE10 1UE,271200-Information Communication Technology : Hardware : 
Stockport Council,Large ,36,,"Â£37,944.63",Bottomline Technologies,Exemption,01/03/2021,Contract,26/03/2022,"Â£12,648.21",26/03/2022,Stockport- Corporate & Support Services,6426,27/03/2019,8098450,Council C-Series Upgrade,36,Natalie McCarthy,RG1 7JX,271440-Information Communication Technology : Software : 
Stockport Council,SME,36,-,"Â£138,000.00", Physio.co.uk ,RBS - Low/Med - Simple (RFQ),01/04/2021,Contract,30/09/2022,"Â£46,000.00",30/09/2021,Stockport- Corporate & Support Services,6473,01/10/2019,Partnership,Provision for Physiotherapy Services,24,Carla Cooke,M3 4DN,410000Â  Social Community Care Supplies & Services
Stockport Council,SME,24,,"Â£24,120.00",Kaarbon Technology Ltd,Call Off (External),01/01/2021,Contract,30/06/2021,"Â£12,060.00",30/06/2021,Stockport- Corporate & Support Services,6493,01/07/2019,8304632,Gully Management System,24,Phil Stephens,BH22 8LR,271440-Information Communication Technology : Software : 
Stockport Council,Medium,24,No,"Â£168,218.07",Pitney Bowes Software Europe Ltd,Exemption,31/01/2020,Contract,04/06/2021,"Â£82,459.84",04/06/2021,gill.lawton@stockport.gov.uk,6496,05/06/2019,1977325,Annual Support & Maintenance for Pitney Bowes Confirm Solution,24,Phil Stephens,AL10 9UJ,271300-Information Communication Technology : Services : Maintenance & Support
Stockport Council,SME,12,No,"Â£43,776.00",Big Blue Door Ltd,RBS - Low/Med - Simple (RFQ),,Contract,,"Â£43,776.00",15/03/2021,Stockport- Services to People,6513,16/03/2020,7958927,ChildrenÂs Sector Led Improvement Portal,12,Phil Stephens,"SL1 7HZ
",270000Â  Information Communication Technology
Stockport Council,-,20,No,"Â£37,500.00",-,RFQ,30/06/2021,Contract,30/09/2021,"Â£37,500.00",30/09/2021,Tameside - Childrens and Adults,7926,06/01/2020,-,Stockport Steps to Work,20,Catherine Judge,-,321100Â  Social Community Care Supplies & Services - Children
Stockport Council,SME,12,No,"Â£80,000.00",Stockport Signpost for Carers,Exemption,30/06/2020,Contract,31/12/2020,"Â£80,000.00",31/12/2020,Stockport- Services to People,7942,01/01/2020,4176004,Carers Assessment Pilot,12,Rachael Tither,SK43LD,321000Â  Social Community Care Supplies & Services - Adult
Stockport Council,SME,48,No,"Â£173,000.00",Access UK Limited,Call Off (External),01/10/2023,Contract,14/02/2024,"Â£43,250.00",14/02/2022,Stockport- Services to People,8015,15/02/2020,2343760,School Budget Planning Software,24,Daniel Hart,EC3N 1RE,270000Â  Information Communication Technology
Stockport Council,Large ,48,No,"Â£62,200.00",Civica UK Ltd,Call Off (External),31/07/2022,Contract,31/07/2023,"Â£6,375.00",31/07/2023,Stockport- Services to People,8039,30/07/2019,1628868,Coroner's Case Management System,48,Daniel Hart,SE1 9LQ,270000Â  Information Communication Technology
Stockport Council,SME,48,No,"Â£17,560.00",In-tend Ltd,Call Off (External),07/05/2021,Contract,07/11/2023,"Â£1,795.00",07/11/2021,Stockport- Corporate & Support Services,8051,08/11/2019,5845701,Contract Management Solution,24,Daniel Hart,S60 1DX,270000Â  Information Communication Technology
Stockport Council,SME,24,Yes,"Â£150,000.00",Malcolm Hughes Land Surveyors Ltd,RBS - Med/High - Advanced (Open),01/02/2021,Framework Agreement,31/07/2021,"Â£75,000.00",31/07/2021,Stockport- Services to Place,8053,01/08/2019,1319080,Topographical Surveying Framework for use by the CouncilÂs in-house Survey Team to assist in the delivery of a range of capital projects,12,Natalie McCarthy,M33 7HF,109999-Building Construction Materials : Not Elsewhere Classified : 
Stockport Council,SME,24,Yes,"Â£150,000.00",Survey Engineering Project Ltd,RBS - Med/High - Advanced (Open),01/02/2021,Framework Agreement,31/07/2021,"Â£75,000.00",31/07/2021,Stockport- Services to Place,8054,01/08/2019,5037569,Topographical Surveying Framework for use by the CouncilÂs in-house Survey Team to assist in the delivery of a range of capital projects,12,Natalie McCarthy,WN8 8EF,109999-Building Construction Materials : Not Elsewhere Classified : 
Stockport Council,Large ,48,No,"Â£703,352.56",MHR International UK Limited,Call Off (External),31/03/2021,Contract,31/03/2024,"Â£148,000.00",31/03/2022,Stockport- Corporate & Support Services,8107,31/03/2020,1852206,HR & Payroll Solution,24,Natalie McCarthy,NN4 7HB,270000Â  Information Communication Technology
Stockport Council,Large ,36,-,"Â£90,000.00",Idox Software Ltd,Call Off (External),01/04/2022,Contract,,"Â£30,000.00",31/03/2023,Stockport- Corporate & Support Services,8112,01/04/2020,2933889,"System for Planning Building Control, Land Charges and Regulatory Services",36,Natalie McCarthy,RG7 4SA,270000Â  Information Communication Technology
Stockport Council,Large ,48,No,"Â£391,462.00",Pitney Bowes,Call Off (External),19/09/2020,Contract,19/09/2023,"Â£91,020.00",19/09/2021,Stockport- Services to Place,8342,20/09/2019,1977325,Asset Management System,24,Phil Stephens,AL10 9U,270000Â  Information Communication Technology
Stockport Council,SME,12,-,"Â£19,600.00",Smoothwall Ltd,RBS - Low - Quick Quote,,Contract,,"Â£19,600.00",20/03/2021,Stockport- Corporate & Support Services,8354,20/03/2020,4298247,Smoothwall Load balancer and Support,12,Liam Gilmore,LS10 1AB,270000Â  Information Communication Technology
Stockport Council,Large ,24,-,"Â£908,130.60",Virgin Media Limited,Call Off (External),15/01/2021,Contract,30/11/2021,"Â£465,708.00",30/11/2021,Stockport- Corporate & Support Services,8374,01/12/2019,2591237,Wide Area Networks,24,Natalie McCarthy,RG2 6UU,270000Â  Information Communication Technology
Stockport Council,Large ,12,-,"19,930",SDA Consulting LLP,RBS - Low - Quick Quote,04/05/2020,Contract,23/12/2020,"Â£19,930.00",23/12/2020,Stockport- Services to Place,8383,30/09/2019,OC336039,Adswood Primary School Additional Music Room and Store Room,12,Gary Lee,M3 7BE ,150000Â  Consultancy
Stockport Council,-,18,-,"Â£1,112,500.00",-,Mini Competition (External),,Contract,01/05/2021,"Â£75,000.00",01/05/2021,Stockport- Services to Place,8387,01/11/2019,-,Roof Design Services for Stockport Town Hall,18,Gary Lee,-,150000Â  Consultancy
Stockport Council,Large ,36,No,"Â£322,000.00",Civica UK Limited,Call Off (External),01/07/2020,Concession,30/09/2022,"Â£107,000.00",30/09/2020,Stockport- Corporate & Support Services,8403,01/10/2019,1628868,HB overpayment recovery,12,Phil Stephens,SE1 9LQ,270000Â  Information Communication Technology
Stockport Council,SME,24,No,"Â£39,009.00","The Sport, Leisure and Culture Consultancy",RBS - Low/Med - Simple (RFQ),,Contract,,"Â£19,504.00",31/03/2022,Stockport- Services to People,8447,01/02/2020,6945670,Strategic Leisure Procurement Support,24,Liam Gilmore,RH16 1BY,150000Â  Consultancy
Stockport Council,Large ,60,No,"Â£93,000.00",Softcat Plc,Call Off (External),01/06/2024,Framework Agreement,,Â£0.00,30/12/2024,Stockport- Corporate & Support Services,8467,31/12/2019,2174990,Supply of additional Nutanix resources,60,Daniel Hart,SL7 1LW ,270000Â  Information Communication Technology
Stockport Council,SME,36,No,"Â£12,600.00",Embrace Digital,RBS - Low - Quick Quote,01/10/2022,Contract,,Â£0.00,23/02/2023,Stockport- Corporate & Support Services,8511,24/02/2020,10965478,Scanners for Mail and Scanning,36,Liam Gilmore,WA4 6HL,270000Â  Information Communication Technology
Stockport Council,SME,36,No,"Â£7,120.00",The Document Management Group,RBS - Low - Quick Quote,01/10/2022,Contract,,Â£0.00,23/02/2023,Stockport- Corporate & Support Services,8512,24/02/2020,5210023,Scanners for Mail and Scanning,36,Liam Gilmore,PR7 7ND,270000Â  Information Communication Technology
Stockport Council,SME,12,No,"Â£57,962.50",Big White Wall Limited,Exemption,,Contract,,"Â£57,962.50",31/03/2021,Stockport- Services to People,8539,01/04/2020,6227377,Online Community Support,12,Samantha Power,EC4Y 8BQ,270000Â  Information Communication Technology
Stockport Council,SME,6,-,"Â£9,300.00",Newsquest,RBS - Low - Quick Quote,-,Contract,,"Â£9,300.00",30/09/2020,Stockport- Services to People,8544,01/04/2020,1676637,Digital Marketing Campaign Â Fostering Service,6,Liam Gilmore,HP10 9TY,321100Â  Social Community Care Supplies & Services - Children
Stockport Council,SME,12,-,"Â£10,000.00",SocialSignIn Ltd (Orlo),RBS - Low - Quick Quote,,Contract,,"Â£10,000.00",31/05/2021,Stockport- Corporate & Support Services,8548,01/06/2020,8237170,Social Media Management System,12,Liam Gilmore,B5 4AU,270000Â  Information Communication Technology
Stockport Council,Large ,36,No,"Â£47,500.00",XMA Limited,Call Off (External),01/12/2022,Framework Agreement,31/03/2023,"Â£15,834.00",31/03/2023,Stockport- Corporate & Support Services,8551,01/04/2020,2051703,Supply of Schools back up system ,36,Samantha Power,NG11 7EP,270000Â  Information Communication Technology
Stockport Council,SME,6,-,"Â£71,500.00",Baltimore Consulting Ltd,RBS - Low - Quick Quote,,Contract,,"Â£71,500.00",30/09/2020,Stockport- Services to People,8553,30/03/2020,8387222,Interim Senior Service Manager Learning Disability Provider Service,6,Natalie McCarthy,BS1 4PH,150000Â  Consultancy
Stockport Council,SME,3,-,"Â£25,000.00",Jacobs UK Limited,RBS - Low - Quick Quote,,Contract,,"Â£25,000.00",01/10/2020,Stockport- Corporate & Support Services,8628,01/07/2020,2594504,Listed Building Insurance Valuations ,3,Liam Gilmore,M15 4GU,200000Â  Financial Services
Stockport Council,SME,3,No,"Â£31,218.75",Baltimore Consulting Ltd,RBS - Low/Med - Simple (RFQ),,Contract,,"Â£31,218.75",23/10/2020,Stockport- Services to People,8643,20/07/2020,8387222,Agency Contracts for additional AMHP capacity,3,Natalie McCarthy,BS1 4PH ,190000Â  Facilities & Management Services
Stockport Council,SME,12,-,"Â£47,139.00",Barbour Logic Limited,Exemption,,Contract,31/07/2023,"Â£15,713.00",31/07/2023,Stockport- Services to Place,8663,01/08/2020,5098036,Parking Contravention Software,12,Liam Gilmore,BN43 5HZ,270000Â  Information Communication Technology
Stockport Council,SME,12,-,"Â£11,495.40",Ivanti UK Limited ,RBS - Low - Quick Quote,,Contract,05/07/2021,"Â£11,495.40",05/07/2021,Stockport- Corporate & Support Services,8678,06/07/2020,5084379,Ivanti Security Controls Patch for Server Subscription 1 Yr,12,Liam Gilmore,EC4A 3TW,270000Â  Information Communication Technology
Stockport Council,SME,3,-,"Â£15,000.00",PSD,RBS - Low - Quick Quote,,Contract,,"Â£15,000.00",30/11/2020,Stockport- Services to Place,8697,04/09/2020,Not obtained,Head of Service Recruitment,3,Gary Lee,Not obtained,260000Â  Human Resources
Stockport Council,SME,12,No, Â£382.070.39 ,Copeland Group Limited,Mini Competition (Internal),20/08/2020,Contract,30/09/2020, Â£382.070.39 ,30/09/2020,Stockport- Corporate & Support Services,9053,16/09/2019,1176225,Etchels Primary Â Rewire and Boiler Replacement,12,Lewis Sinkala,OL7 0NZ,"390000Â  Works - Construction, Repair & Maintenance"
Stockport Council,Large,36,No,"Â£5,034,000.00",Npower,Call Off (External),30/08/2021,Contract,30/08/2022,"Â£1,678,000.00",30/08/2022,Stockport- Corporate & Support Services,9067,01/09/2019,3652377,Supply of Electricity Half Hourley,36,Susan Hindle,SN5 6BP,370000Â  Utilities
Stockport Council,Large,36,No,"Â£1,830,000.00",TG&Power,Call Off (External),30/08/2021,Contract,30/08/2022,"Â£610,000.00",30/08/2022,Stockport- Corporate & Support Services,9068,01/09/2019,2172239,Supply of Electricity Non Half Hourley,36,Susan Hindle,E14 5BF,370000Â  Utilities
Stockport Council,Large,36,No,"Â£2,499,000.00",Gazprom,Call Off (External),30/09/2021,Contract,30/09/2022,"Â£833,000.00",30/09/2022,Stockport- Corporate & Support Services,9069,01/10/2019,3904624,Supply of Gas,36,Susan Hindle,NW1 3BF,370000Â  Utilities
Stockport Council,Large,14,No,"Â£18,760.00",Rider Levett Bucknall UK Ltd.,Mini Competition (External),,Contract,30/04/2021,"Â£18,760.00",30/04/2021,Stockport- Corporate & Support Services,9120,30/01/2020,4653580,Building Surveying Design Services for Gatley Hill House,14,Lewis Sinkala,B3 2BH,150000Â  Consultancy
Stockport Council,SME,14,No,"Â£15,895.00",ECS Consultats Ltd,Mini Competition (External),,Contract,30/04/2021,"Â£15,895.00",30/04/2021,Stockport- Corporate & Support Services,9121,30/01/2020,4556533,Mechanical & Electrical Design Services for Gatley Hill House,14,Lewis Sinkala,SK8 2DP,150000Â  Consultancy
Stockport Council,SME,14,No,"Â£26,780.00",David Trowler Associates,Mini Competition (External),,Contract,30/04/2021,"Â£26,780.00",30/04/2021,Stockport- Corporate & Support Services,9122,30/01/2020,GBML521629,Hazel Grove and Cheadle Primary External Works - Building Surveying Consultancy,14,Lewis Sinkala,CH45 3LQ,150000Â  Consultancy
Stockport Council,SME,4,No,"Â£78,000.00",ANSA Elevators,RBS - Low - Quick Quote,,Contract,31/10/2020,"Â£78,000.00",31/10/2020,Stockport- Corporate & Support Services,9146,01/07/2020,3785224,Avondale Life Leisure Â Replacement passenger Lift,4,Catherine Judge,OL9 9XA,"390000Â  Works - Construction, Repair & Maintenance"
Stockport Council,SME,29,No,"Â£320,940.49",Conlon Construction,Mini Competition (External),,Contract,30/09/2022,"Â£320,940.49",01/09/2022,Stockport- Services to Place,9148,01/04/2020,708997,Stockport School Condition Works,29,Mike Fanning,PR5 6BE,"390000Â  Works - Construction, Repair & Maintenance"
Stockport Council,SME,9,No,"Â£250,000.00",J Greenwood Builders  (Ltd),Call Off (External),,Contract,30/04/2021,"Â£250,000.00",30/04/2021,Stockport- Services to Place,9153,24/07/2020,1017470,Castle Hill High School Expansion Works,9,Catherine Judge,M24 1SW,"390000Â  Works - Construction, Repair & Maintenance"
Stockport Council,SME,4,No,"Â£100,000.00",Maysand Ltd,RBS - Low/Med - Simple (RFQ),,Contract,31/12/2020,"Â£100,000.00",31/12/2020,Stockport- Services to Place,9157,01/09/2020,2912226,Produce Hall FaÃ§ade Repairs,4,Catherine Judge,OL2 6HT,"390000Â  Works - Construction, Repair & Maintenance"
Stockport Council,SME,7,No,"Â£410,584.00",ANSA Elevators Ltd,RBS - Low/Med - Simple (RFQ),,Contract,01/04/2020,"Â£410,584.00",01/04/2021,Stockport- Services to Place,9158,01/09/2020,3785224,Stopford House Â 4no Lift Control Replacements,7,Catherine Judge,OL9 9XA,"390000Â  Works - Construction, Repair & Maintenance"
Stockport Council,Large,12,No,"Â£748,591.16",Atkins,OJEU Tender,,Contract,11/05/2021,"Â£748,591.16",11/05/2021,Stockport- Services to Place,9181,12/05/2020,688424,Lisburne SEND - Architect led Multi-Disciplinary Design services ,12,Catherine Judge,KT18 5BW,150000Â  Consultancy
Stockport Council,Large,27,No,"Â£136,320.00",Rider Levett Bucknall UK Ltd.,OJEU Tender,,Contract,31/08/2022,"Â£60,586.00",31/08/2022,Stockport- Services to Place,9182,12/05/2020,4653580,"Lisburne SEND - Project Manager, Quantity Surveyor and Employers Agent Services",27,Catherine Judge,B3 2BH,150000Â  Consultancy
Stockport Council,SME,24,No,"Â£24,999.00",Broadgrove Planning and Development Ltd,RBS - Low - Quick Quote,,Contract,16/03/2022,"Â£12,249.00",16/03/2022,Stockport- Corporate & Support Services,9183,17/03/2020,1479803,"Planning Consultant Services for the the delivery of the new build Lisburne SEND Primary School at the Wood Bank Building, Offerton School site, Stockport SK2 5DS",24,Catherine Judge,SK8 5FE,150000Â  Consultancy
Stockport Council,SME,60,No,"Â£1,400,000.00",Stockport Total Advocacy Trust,OJEU Tender,30/09/2022,Contract,31/03/2024,"Â£280,000.00",31/03/2023,Stockport- Services to People,10030,01/04/2020,CBS 7459,Statutory Advocacy Services,60,Rachael Tither,SK1 3DL,321000Â  Social Community Care Supplies & Services - Adult
Stockport Council,Various,30,No,"Â£21,757.50",SH:24 CIC,Procured by Other,01/10/2021,Framework Agreement,31/03/2022,"Â£8,703.00",31/03/2022,Stockport- Services to People,10035,01/10/2019,8737119,HIV Self-Sampling Service (Public Health England),30,Justina Woo-Swirad,SE1 7JB,310000Â  Healthcare
Stockport Council,SME,12,No,"Â£5,000.00",Fast Entry Lock Smiths Ltd,Local Services,01/12/2020,Contract,31/03/2021,"Â£5,000.00",31/03/2021,Stockport- Services to People,10128,01/04/2020,3953974,Provision of a target hardening measures for Stockport Council,12,Justina Woo-Swirad,PR77JN,410000Â  Social Community Care Supplies & Services
