Time spent,Activity,UOM,"ï»¿""REF_DATE""",GEO
4 to 6 hours,Play computer games,Percent,1998,Latvia
Less than 1 hour,Watch VCR movies,Percent,1998,Belgium (French speaking)
4 to 6 hours,Watch VCR movies,Percent,1994,Estonia
1 to 3 hours,Play computer games,Percent,1990,Scotland
Not at all,Watch VCR movies,Percent,1990,Hungary
10 hours or more,Watch VCR movies,Percent,1994,Russia
Not at all,Play computer games,Percent,1998,United States
Less than 1 hour,Watch VCR movies,Percent,1998,Ireland
Less than 1 hour,Play computer games,Percent,1998,Ireland
7 to 9 hours,Play computer games,Percent,1994,Poland
Not at all,Watch VCR movies,Percent,1994,Israel
1 to 3 hours,Play computer games,Percent,1994,Czech Republic
10 hours or more,Play computer games,Percent,1998,Lithuania
7 to 9 hours,Watch VCR movies,Percent,1998,Germany
1 to 3 hours,Watch VCR movies,Percent,1998,Switzerland
1 to 3 hours,Watch VCR movies,Percent,1994,Norway
Less than 1 hour,Play computer games,Percent,1990,Canada
10 hours or more,Watch VCR movies,Percent,1994,Canada
Less than 1 hour,Watch VCR movies,Percent,1998,France
7 to 9 hours,Play computer games,Percent,1990,Poland
Not at all,Play computer games,Percent,1994,Austria
Not at all,Watch VCR movies,Percent,1998,Russia
4 to 6 hours,Watch VCR movies,Percent,1994,Northern Ireland
1 to 3 hours,Watch VCR movies,Percent,1990,Hungary
10 hours or more,Watch VCR movies,Percent,1990,Canada
1 to 3 hours,Watch VCR movies,Percent,1998,Switzerland
1 to 3 hours,Play computer games,Percent,1994,Israel
Not at all,Watch VCR movies,Percent,1994,Norway
4 to 6 hours,Play computer games,Percent,1998,Portugal
Less than 1 hour,Play computer games,Percent,1998,Poland
10 hours or more,Watch VCR movies,Percent,1998,Slovakia
Not at all,Watch VCR movies,Percent,1990,Scotland
Not at all,Watch VCR movies,Percent,1998,Austria
7 to 9 hours,Watch VCR movies,Percent,1998,Norway
1 to 3 hours,Play computer games,Percent,1994,Israel
10 hours or more,Watch VCR movies,Percent,1994,Israel
Not at all,Play computer games,Percent,1994,Denmark
Not at all,Play computer games,Percent,1998,Spain
Less than 1 hour,Watch VCR movies,Percent,1994,Czech Republic
7 to 9 hours,Play computer games,Percent,1998,Russia
1 to 3 hours,Play computer games,Percent,1998,Poland
7 to 9 hours,Play computer games,Percent,1994,Scotland
7 to 9 hours,Play computer games,Percent,1998,United States
Less than 1 hour,Watch VCR movies,Percent,1994,Finland
10 hours or more,Watch VCR movies,Percent,1998,Estonia
Not at all,Watch VCR movies,Percent,1998,Germany
4 to 6 hours,Watch VCR movies,Percent,1998,Israel
7 to 9 hours,Play computer games,Percent,1998,Slovakia
10 hours or more,Watch VCR movies,Percent,1994,Sweden
4 to 6 hours,Watch VCR movies,Percent,1998,Scotland
7 to 9 hours,Watch VCR movies,Percent,1990,Finland
Not at all,Play computer games,Percent,1994,Norway
7 to 9 hours,Watch VCR movies,Percent,1998,Wales
Not at all,Watch VCR movies,Percent,1998,Slovakia
Less than 1 hour,Watch VCR movies,Percent,1998,Scotland
Less than 1 hour,Watch VCR movies,Percent,1994,Austria
10 hours or more,Play computer games,Percent,1994,Czech Republic
Less than 1 hour,Play computer games,Percent,1994,Israel
Less than 1 hour,Play computer games,Percent,1990,Sweden
4 to 6 hours,Play computer games,Percent,1998,Finland
Not at all,Watch VCR movies,Percent,1994,Greenland
Less than 1 hour,Play computer games,Percent,1998,Slovakia
7 to 9 hours,Play computer games,Percent,1998,Hungary
Not at all,Play computer games,Percent,1990,Hungary
1 to 3 hours,Play computer games,Percent,1994,Israel
Less than 1 hour,Play computer games,Percent,1994,Germany
Not at all,Play computer games,Percent,1998,Lithuania
Less than 1 hour,Watch VCR movies,Percent,1998,Wales
Not at all,Watch VCR movies,Percent,1998,Canada
Not at all,Watch VCR movies,Percent,1994,Germany
7 to 9 hours,Watch VCR movies,Percent,1994,Russia
Less than 1 hour,Watch VCR movies,Percent,1994,Denmark
1 to 3 hours,Watch VCR movies,Percent,1998,Estonia
Less than 1 hour,Watch VCR movies,Percent,1994,Slovakia
7 to 9 hours,Play computer games,Percent,1990,Poland
Not at all,Watch VCR movies,Percent,1998,Switzerland
4 to 6 hours,Watch VCR movies,Percent,1998,Austria
7 to 9 hours,Watch VCR movies,Percent,1998,Northern Ireland
Less than 1 hour,Play computer games,Percent,1998,Hungary
1 to 3 hours,Play computer games,Percent,1990,Poland
Not at all,Play computer games,Percent,1998,Portugal
10 hours or more,Watch VCR movies,Percent,1998,Canada
7 to 9 hours,Watch VCR movies,Percent,1994,Norway
Less than 1 hour,Play computer games,Percent,1998,Portugal
7 to 9 hours,Play computer games,Percent,1994,Belgium
10 hours or more,Watch VCR movies,Percent,1998,Belgium (French speaking)
Less than 1 hour,Watch VCR movies,Percent,1994,Northern Ireland
10 hours or more,Play computer games,Percent,1994,Poland
4 to 6 hours,Watch VCR movies,Percent,1994,Canada
4 to 6 hours,Watch VCR movies,Percent,1994,Spain
4 to 6 hours,Play computer games,Percent,1998,Greece
1 to 3 hours,Play computer games,Percent,1994,Poland
1 to 3 hours,Play computer games,Percent,1998,Latvia
7 to 9 hours,Play computer games,Percent,1998,United States
10 hours or more,Play computer games,Percent,1990,Finland
1 to 3 hours,Watch VCR movies,Percent,1990,Spain
4 to 6 hours,Watch VCR movies,Percent,1998,Wales
4 to 6 hours,Watch VCR movies,Percent,1994,Latvia
1 to 3 hours,Watch VCR movies,Percent,1998,Latvia
7 to 9 hours,Watch VCR movies,Percent,1994,Scotland
Not at all,Play computer games,Percent,1990,Poland
4 to 6 hours,Play computer games,Percent,1998,Greece
Less than 1 hour,Play computer games,Percent,1994,Estonia
10 hours or more,Watch VCR movies,Percent,1998,United States
7 to 9 hours,Watch VCR movies,Percent,1994,Slovakia
Not at all,Watch VCR movies,Percent,1990,Wales
Less than 1 hour,Watch VCR movies,Percent,1998,Austria
Not at all,Watch VCR movies,Percent,1994,Germany
10 hours or more,Play computer games,Percent,1998,Portugal
10 hours or more,Play computer games,Percent,1998,Portugal
Less than 1 hour,Watch VCR movies,Percent,1998,Czech Republic
Not at all,Watch VCR movies,Percent,1990,Wales
1 to 3 hours,Watch VCR movies,Percent,1998,Norway
1 to 3 hours,Watch VCR movies,Percent,1998,Wales
Less than 1 hour,Watch VCR movies,Percent,1998,Norway
Less than 1 hour,Play computer games,Percent,1990,Wales
Less than 1 hour,Watch VCR movies,Percent,1998,Austria
Not at all,Play computer games,Percent,1998,Poland
Not at all,Watch VCR movies,Percent,1994,Latvia
10 hours or more,Watch VCR movies,Percent,1994,Wales
4 to 6 hours,Watch VCR movies,Percent,1998,Poland
7 to 9 hours,Play computer games,Percent,1990,Wales
Not at all,Watch VCR movies,Percent,1998,Belgium (French speaking)
1 to 3 hours,Watch VCR movies,Percent,1994,Belgium
4 to 6 hours,Play computer games,Percent,1998,Belgium (French speaking)
1 to 3 hours,Play computer games,Percent,1994,Latvia
4 to 6 hours,Play computer games,Percent,1990,Belgium
Less than 1 hour,Play computer games,Percent,1990,Norway
Not at all,Watch VCR movies,Percent,1998,Latvia
4 to 6 hours,Play computer games,Percent,1990,Finland
Less than 1 hour,Watch VCR movies,Percent,1990,Scotland
1 to 3 hours,Watch VCR movies,Percent,1998,Ireland
4 to 6 hours,Watch VCR movies,Percent,1994,Poland
Less than 1 hour,Watch VCR movies,Percent,1994,Czech Republic
1 to 3 hours,Watch VCR movies,Percent,1998,Northern Ireland
1 to 3 hours,Watch VCR movies,Percent,1998,Russia
7 to 9 hours,Watch VCR movies,Percent,1994,Poland
10 hours or more,Watch VCR movies,Percent,1998,Northern Ireland
1 to 3 hours,Watch VCR movies,Percent,1998,Ireland
Not at all,Play computer games,Percent,1998,Russia
1 to 3 hours,Play computer games,Percent,1998,Belgium (Flemish speaking)
7 to 9 hours,Watch VCR movies,Percent,1990,Canada
4 to 6 hours,Watch VCR movies,Percent,1994,Belgium
7 to 9 hours,Watch VCR movies,Percent,1994,Wales
Not at all,Watch VCR movies,Percent,1998,Greenland
Less than 1 hour,Watch VCR movies,Percent,1994,Russia
Not at all,Play computer games,Percent,1994,Sweden
7 to 9 hours,Play computer games,Percent,1998,Czech Republic
7 to 9 hours,Play computer games,Percent,1990,Scotland
Not at all,Play computer games,Percent,1994,Wales
4 to 6 hours,Watch VCR movies,Percent,1990,Spain
Not at all,Watch VCR movies,Percent,1994,Slovakia
Less than 1 hour,Play computer games,Percent,1994,Northern Ireland
4 to 6 hours,Watch VCR movies,Percent,1994,Czech Republic
4 to 6 hours,Play computer games,Percent,1998,Russia
4 to 6 hours,Watch VCR movies,Percent,1998,Greenland
1 to 3 hours,Watch VCR movies,Percent,1994,Northern Ireland
10 hours or more,Watch VCR movies,Percent,1994,Germany
7 to 9 hours,Play computer games,Percent,1990,Hungary
4 to 6 hours,Play computer games,Percent,1994,Norway
10 hours or more,Watch VCR movies,Percent,1990,Canada
1 to 3 hours,Watch VCR movies,Percent,1994,Finland
7 to 9 hours,Watch VCR movies,Percent,1994,Finland
7 to 9 hours,Watch VCR movies,Percent,1994,Sweden
4 to 6 hours,Play computer games,Percent,1998,Russia
4 to 6 hours,Play computer games,Percent,1998,Austria
Less than 1 hour,Watch VCR movies,Percent,1994,Greenland
1 to 3 hours,Play computer games,Percent,1994,Northern Ireland
10 hours or more,Watch VCR movies,Percent,1998,Slovakia
7 to 9 hours,Play computer games,Percent,1994,Lithuania
7 to 9 hours,Watch VCR movies,Percent,1998,Russia
Not at all,Watch VCR movies,Percent,1998,Latvia
4 to 6 hours,Watch VCR movies,Percent,1990,Belgium
10 hours or more,Play computer games,Percent,1990,Canada
7 to 9 hours,Watch VCR movies,Percent,1994,Sweden
1 to 3 hours,Watch VCR movies,Percent,1994,Austria
1 to 3 hours,Play computer games,Percent,1998,Scotland
7 to 9 hours,Watch VCR movies,Percent,1994,Northern Ireland
Less than 1 hour,Watch VCR movies,Percent,1998,Switzerland
Not at all,Play computer games,Percent,1998,United States
1 to 3 hours,Play computer games,Percent,1990,Wales
Not at all,Play computer games,Percent,1998,Norway
Less than 1 hour,Watch VCR movies,Percent,1994,Belgium
4 to 6 hours,Play computer games,Percent,1998,Germany
Less than 1 hour,Play computer games,Percent,1990,Finland
10 hours or more,Watch VCR movies,Percent,1990,Poland
Not at all,Watch VCR movies,Percent,1994,Norway
Not at all,Watch VCR movies,Percent,1998,Wales
Less than 1 hour,Play computer games,Percent,1998,Finland
1 to 3 hours,Watch VCR movies,Percent,1998,Hungary
4 to 6 hours,Watch VCR movies,Percent,1994,Northern Ireland
7 to 9 hours,Watch VCR movies,Percent,1990,Scotland
10 hours or more,Play computer games,Percent,1998,Ireland
4 to 6 hours,Watch VCR movies,Percent,1998,Hungary
7 to 9 hours,Play computer games,Percent,1990,Austria
1 to 3 hours,Watch VCR movies,Percent,1994,Latvia
Not at all,Watch VCR movies,Percent,1994,Sweden
10 hours or more,Play computer games,Percent,1990,Canada
Not at all,Watch VCR movies,Percent,1998,Latvia
Not at all,Play computer games,Percent,1998,Northern Ireland
10 hours or more,Watch VCR movies,Percent,1998,Switzerland
1 to 3 hours,Watch VCR movies,Percent,1998,Sweden
10 hours or more,Watch VCR movies,Percent,1998,Austria
4 to 6 hours,Watch VCR movies,Percent,1998,Norway
7 to 9 hours,Play computer games,Percent,1994,Poland
10 hours or more,Play computer games,Percent,1998,Czech Republic
7 to 9 hours,Play computer games,Percent,1990,Austria
4 to 6 hours,Watch VCR movies,Percent,1994,Russia
10 hours or more,Play computer games,Percent,1994,Scotland
10 hours or more,Watch VCR movies,Percent,1994,Spain
Not at all,Play computer games,Percent,1990,Finland
1 to 3 hours,Watch VCR movies,Percent,1998,Sweden
Less than 1 hour,Play computer games,Percent,1994,Denmark
4 to 6 hours,Play computer games,Percent,1998,Austria
1 to 3 hours,Play computer games,Percent,1994,Canada
Not at all,Play computer games,Percent,1994,Scotland
Less than 1 hour,Watch VCR movies,Percent,1994,Germany
7 to 9 hours,Watch VCR movies,Percent,1990,Belgium
10 hours or more,Watch VCR movies,Percent,1994,Russia
10 hours or more,Play computer games,Percent,1994,Canada
Not at all,Watch VCR movies,Percent,1994,Slovakia
10 hours or more,Play computer games,Percent,1994,Slovakia
Not at all,Watch VCR movies,Percent,1998,Poland
10 hours or more,Watch VCR movies,Percent,1990,Finland
Not at all,Watch VCR movies,Percent,1998,Greece
Less than 1 hour,Play computer games,Percent,1994,Russia
4 to 6 hours,Play computer games,Percent,1998,Wales
Less than 1 hour,Play computer games,Percent,1998,Belgium (Flemish speaking)
Less than 1 hour,Watch VCR movies,Percent,1998,Hungary
1 to 3 hours,Play computer games,Percent,1994,Estonia
Less than 1 hour,Play computer games,Percent,1998,Ireland
7 to 9 hours,Watch VCR movies,Percent,1998,Denmark
4 to 6 hours,Watch VCR movies,Percent,1994,France
4 to 6 hours,Watch VCR movies,Percent,1990,Scotland
10 hours or more,Watch VCR movies,Percent,1994,Poland
Less than 1 hour,Watch VCR movies,Percent,1994,Scotland
Less than 1 hour,Play computer games,Percent,1994,Wales
1 to 3 hours,Play computer games,Percent,1998,Spain
1 to 3 hours,Play computer games,Percent,1990,Wales
Less than 1 hour,Play computer games,Percent,1994,Canada
Less than 1 hour,Play computer games,Percent,1994,Wales
1 to 3 hours,Play computer games,Percent,1990,Wales
Less than 1 hour,Watch VCR movies,Percent,1998,Estonia
4 to 6 hours,Play computer games,Percent,1990,Belgium
7 to 9 hours,Play computer games,Percent,1990,Scotland
7 to 9 hours,Watch VCR movies,Percent,1998,Ireland
Not at all,Watch VCR movies,Percent,1994,Canada
Not at all,Play computer games,Percent,1994,Denmark
1 to 3 hours,Watch VCR movies,Percent,1994,Canada
Less than 1 hour,Watch VCR movies,Percent,1990,Hungary
1 to 3 hours,Play computer games,Percent,1998,Ireland
4 to 6 hours,Watch VCR movies,Percent,1990,Belgium
Not at all,Watch VCR movies,Percent,1990,Spain
10 hours or more,Watch VCR movies,Percent,1998,Scotland
7 to 9 hours,Play computer games,Percent,1990,Spain
Less than 1 hour,Watch VCR movies,Percent,1998,Belgium (French speaking)
Less than 1 hour,Play computer games,Percent,1998,Belgium (French speaking)
4 to 6 hours,Play computer games,Percent,1994,Sweden
Not at all,Play computer games,Percent,1998,Germany
7 to 9 hours,Play computer games,Percent,1998,Wales
Not at all,Watch VCR movies,Percent,1998,Sweden
Less than 1 hour,Watch VCR movies,Percent,1998,Slovakia
10 hours or more,Watch VCR movies,Percent,1990,Poland
7 to 9 hours,Play computer games,Percent,1998,Portugal
1 to 3 hours,Play computer games,Percent,1994,Slovakia
Not at all,Play computer games,Percent,1998,Northern Ireland
4 to 6 hours,Play computer games,Percent,1994,Belgium
4 to 6 hours,Watch VCR movies,Percent,1998,Poland
1 to 3 hours,Play computer games,Percent,1990,Spain
10 hours or more,Watch VCR movies,Percent,1998,Finland
Less than 1 hour,Play computer games,Percent,1990,Poland
10 hours or more,Watch VCR movies,Percent,1994,Czech Republic
1 to 3 hours,Watch VCR movies,Percent,1998,Germany
7 to 9 hours,Watch VCR movies,Percent,1990,Scotland
10 hours or more,Watch VCR movies,Percent,1998,Finland
Less than 1 hour,Play computer games,Percent,1990,Austria
4 to 6 hours,Play computer games,Percent,1990,Spain
4 to 6 hours,Play computer games,Percent,1998,Belgium (French speaking)
1 to 3 hours,Play computer games,Percent,1994,Finland
Less than 1 hour,Play computer games,Percent,1998,Sweden
Less than 1 hour,Play computer games,Percent,1998,Scotland
7 to 9 hours,Play computer games,Percent,1990,Norway
Not at all,Play computer games,Percent,1990,Sweden
Not at all,Watch VCR movies,Percent,1994,Slovakia
10 hours or more,Play computer games,Percent,1994,Austria
Less than 1 hour,Play computer games,Percent,1994,Spain
Not at all,Play computer games,Percent,1994,Northern Ireland
Less than 1 hour,Play computer games,Percent,1994,Greenland
Not at all,Watch VCR movies,Percent,1990,Spain
1 to 3 hours,Watch VCR movies,Percent,1994,Israel
Less than 1 hour,Play computer games,Percent,1990,Hungary
7 to 9 hours,Watch VCR movies,Percent,1998,United States
1 to 3 hours,Play computer games,Percent,1998,Hungary
Less than 1 hour,Watch VCR movies,Percent,1998,France
1 to 3 hours,Play computer games,Percent,1994,Norway
Not at all,Watch VCR movies,Percent,1990,Poland
1 to 3 hours,Play computer games,Percent,1994,Russia
Not at all,Watch VCR movies,Percent,1994,Wales
10 hours or more,Play computer games,Percent,1998,Greece
7 to 9 hours,Watch VCR movies,Percent,1998,Russia
7 to 9 hours,Watch VCR movies,Percent,1994,Wales
Less than 1 hour,Watch VCR movies,Percent,1990,Austria
10 hours or more,Play computer games,Percent,1994,Belgium
10 hours or more,Watch VCR movies,Percent,1998,Ireland
Not at all,Watch VCR movies,Percent,1998,Hungary
4 to 6 hours,Play computer games,Percent,1998,Estonia
4 to 6 hours,Play computer games,Percent,1994,Russia
Not at all,Watch VCR movies,Percent,1998,Switzerland
Less than 1 hour,Watch VCR movies,Percent,1990,Norway
1 to 3 hours,Watch VCR movies,Percent,1998,Denmark
10 hours or more,Play computer games,Percent,1994,Israel
Less than 1 hour,Play computer games,Percent,1998,Northern Ireland
Less than 1 hour,Play computer games,Percent,1998,France
10 hours or more,Play computer games,Percent,1998,Sweden
7 to 9 hours,Play computer games,Percent,1998,Sweden
10 hours or more,Watch VCR movies,Percent,1998,Slovakia
1 to 3 hours,Play computer games,Percent,1998,Belgium (French speaking)
Less than 1 hour,Play computer games,Percent,1994,Lithuania
Less than 1 hour,Watch VCR movies,Percent,1998,Greenland
Not at all,Play computer games,Percent,1994,Belgium
Not at all,Play computer games,Percent,1994,Austria
1 to 3 hours,Watch VCR movies,Percent,1998,Switzerland
Less than 1 hour,Play computer games,Percent,1994,Germany
Less than 1 hour,Play computer games,Percent,1998,Israel
7 to 9 hours,Play computer games,Percent,1998,Estonia
1 to 3 hours,Play computer games,Percent,1998,Israel
1 to 3 hours,Watch VCR movies,Percent,1994,Greenland
Less than 1 hour,Play computer games,Percent,1998,Israel
7 to 9 hours,Watch VCR movies,Percent,1990,Austria
1 to 3 hours,Play computer games,Percent,1990,Hungary
10 hours or more,Watch VCR movies,Percent,1994,Sweden
7 to 9 hours,Play computer games,Percent,1998,Norway
10 hours or more,Play computer games,Percent,1994,Norway
4 to 6 hours,Watch VCR movies,Percent,1994,Israel
Less than 1 hour,Watch VCR movies,Percent,1994,Sweden
Less than 1 hour,Watch VCR movies,Percent,1994,Denmark
10 hours or more,Play computer games,Percent,1994,Estonia
10 hours or more,Watch VCR movies,Percent,1994,Finland
10 hours or more,Play computer games,Percent,1994,Czech Republic
Less than 1 hour,Watch VCR movies,Percent,1998,Germany
Not at all,Watch VCR movies,Percent,1990,Austria
Less than 1 hour,Watch VCR movies,Percent,1994,Czech Republic
4 to 6 hours,Watch VCR movies,Percent,1998,Switzerland
4 to 6 hours,Watch VCR movies,Percent,1990,Wales
4 to 6 hours,Watch VCR movies,Percent,1994,Russia
Not at all,Play computer games,Percent,1998,Belgium (Flemish speaking)
Not at all,Play computer games,Percent,1994,Germany
Not at all,Play computer games,Percent,1994,Israel
Less than 1 hour,Play computer games,Percent,1994,Israel
7 to 9 hours,Watch VCR movies,Percent,1994,Estonia
Not at all,Watch VCR movies,Percent,1998,United States
Less than 1 hour,Play computer games,Percent,1994,Russia
7 to 9 hours,Play computer games,Percent,1998,Latvia
10 hours or more,Play computer games,Percent,1998,Portugal
4 to 6 hours,Watch VCR movies,Percent,1998,Switzerland
10 hours or more,Watch VCR movies,Percent,1998,Austria
10 hours or more,Watch VCR movies,Percent,1998,Greenland
10 hours or more,Play computer games,Percent,1998,Poland
Less than 1 hour,Play computer games,Percent,1994,Finland
Not at all,Watch VCR movies,Percent,1998,Hungary
10 hours or more,Play computer games,Percent,1990,Wales
4 to 6 hours,Play computer games,Percent,1994,Poland
4 to 6 hours,Watch VCR movies,Percent,1998,Austria
1 to 3 hours,Play computer games,Percent,1990,Finland
7 to 9 hours,Play computer games,Percent,1998,United States
Less than 1 hour,Play computer games,Percent,1998,Canada
Less than 1 hour,Play computer games,Percent,1990,Austria
Less than 1 hour,Play computer games,Percent,1998,Latvia
1 to 3 hours,Watch VCR movies,Percent,1994,Czech Republic
Not at all,Play computer games,Percent,1998,Canada
10 hours or more,Play computer games,Percent,1994,Israel
4 to 6 hours,Play computer games,Percent,1990,Finland
7 to 9 hours,Play computer games,Percent,1998,Israel
1 to 3 hours,Watch VCR movies,Percent,1994,Germany
Not at all,Play computer games,Percent,1994,Czech Republic
1 to 3 hours,Play computer games,Percent,1990,Austria
4 to 6 hours,Play computer games,Percent,1998,Poland
4 to 6 hours,Watch VCR movies,Percent,1998,Wales
1 to 3 hours,Play computer games,Percent,1998,Ireland
4 to 6 hours,Play computer games,Percent,1994,Norway
Not at all,Watch VCR movies,Percent,1998,Wales
7 to 9 hours,Play computer games,Percent,1998,Switzerland
1 to 3 hours,Watch VCR movies,Percent,1998,Estonia
10 hours or more,Watch VCR movies,Percent,1998,Scotland
1 to 3 hours,Play computer games,Percent,1998,Canada
Less than 1 hour,Play computer games,Percent,1994,Denmark
1 to 3 hours,Play computer games,Percent,1994,Finland
Less than 1 hour,Watch VCR movies,Percent,1994,Scotland
10 hours or more,Play computer games,Percent,1990,Austria
Less than 1 hour,Watch VCR movies,Percent,1994,Poland
Less than 1 hour,Watch VCR movies,Percent,1990,Spain
7 to 9 hours,Watch VCR movies,Percent,1994,Scotland
7 to 9 hours,Play computer games,Percent,1994,Israel
7 to 9 hours,Watch VCR movies,Percent,1994,Denmark
4 to 6 hours,Play computer games,Percent,1994,Germany
1 to 3 hours,Play computer games,Percent,1998,Estonia
1 to 3 hours,Watch VCR movies,Percent,1998,United States
4 to 6 hours,Watch VCR movies,Percent,1998,Czech Republic
Less than 1 hour,Watch VCR movies,Percent,1998,Israel
1 to 3 hours,Play computer games,Percent,1998,Greenland
Not at all,Watch VCR movies,Percent,1998,Northern Ireland
1 to 3 hours,Play computer games,Percent,1998,Russia
Not at all,Play computer games,Percent,1994,Denmark
Less than 1 hour,Watch VCR movies,Percent,1990,Sweden
Less than 1 hour,Play computer games,Percent,1998,France
7 to 9 hours,Play computer games,Percent,1994,Canada
10 hours or more,Play computer games,Percent,1990,Spain
Less than 1 hour,Watch VCR movies,Percent,1990,Austria
1 to 3 hours,Play computer games,Percent,1990,Sweden
Not at all,Play computer games,Percent,1998,Slovakia
10 hours or more,Play computer games,Percent,1994,Scotland
Not at all,Watch VCR movies,Percent,1998,Israel
7 to 9 hours,Play computer games,Percent,1998,Hungary
Less than 1 hour,Watch VCR movies,Percent,1998,Latvia
Less than 1 hour,Watch VCR movies,Percent,1998,Ireland
Less than 1 hour,Play computer games,Percent,1990,Canada
4 to 6 hours,Watch VCR movies,Percent,1990,Austria
10 hours or more,Play computer games,Percent,1994,Israel
1 to 3 hours,Play computer games,Percent,1998,Portugal
10 hours or more,Play computer games,Percent,1990,Canada
10 hours or more,Play computer games,Percent,1994,Northern Ireland
Not at all,Watch VCR movies,Percent,1994,Canada
7 to 9 hours,Play computer games,Percent,1998,Israel
7 to 9 hours,Play computer games,Percent,1998,Scotland
4 to 6 hours,Watch VCR movies,Percent,1998,Spain
7 to 9 hours,Watch VCR movies,Percent,1994,France
10 hours or more,Play computer games,Percent,1990,Canada
1 to 3 hours,Watch VCR movies,Percent,1994,Slovakia
Less than 1 hour,Watch VCR movies,Percent,1998,Estonia
7 to 9 hours,Watch VCR movies,Percent,1998,Poland
10 hours or more,Watch VCR movies,Percent,1998,Denmark
4 to 6 hours,Play computer games,Percent,1998,Latvia
Less than 1 hour,Watch VCR movies,Percent,1990,Belgium
10 hours or more,Play computer games,Percent,1990,Hungary
4 to 6 hours,Watch VCR movies,Percent,1998,Russia
4 to 6 hours,Watch VCR movies,Percent,1998,Germany
Less than 1 hour,Play computer games,Percent,1990,Canada
1 to 3 hours,Play computer games,Percent,1998,Belgium (Flemish speaking)
4 to 6 hours,Watch VCR movies,Percent,1998,Austria
1 to 3 hours,Watch VCR movies,Percent,1990,Belgium
1 to 3 hours,Watch VCR movies,Percent,1998,United States
7 to 9 hours,Play computer games,Percent,1998,Hungary
7 to 9 hours,Watch VCR movies,Percent,1998,Latvia
7 to 9 hours,Play computer games,Percent,1998,Slovakia
10 hours or more,Play computer games,Percent,1994,Israel
Not at all,Play computer games,Percent,1990,Canada
Less than 1 hour,Watch VCR movies,Percent,1998,Wales
Not at all,Watch VCR movies,Percent,1998,United States
Less than 1 hour,Play computer games,Percent,1994,Hungary
Not at all,Play computer games,Percent,1998,France
1 to 3 hours,Watch VCR movies,Percent,1994,Northern Ireland
10 hours or more,Play computer games,Percent,1994,Wales
Not at all,Play computer games,Percent,1998,Canada
1 to 3 hours,Play computer games,Percent,1994,Sweden
7 to 9 hours,Watch VCR movies,Percent,1994,Norway
4 to 6 hours,Play computer games,Percent,1990,Scotland
Less than 1 hour,Play computer games,Percent,1998,United States
7 to 9 hours,Watch VCR movies,Percent,1990,Finland
4 to 6 hours,Play computer games,Percent,1998,France
Not at all,Play computer games,Percent,1998,Poland
1 to 3 hours,Watch VCR movies,Percent,1998,Belgium (French speaking)
1 to 3 hours,Play computer games,Percent,1998,Slovakia
10 hours or more,Play computer games,Percent,1994,Spain
Not at all,Watch VCR movies,Percent,1998,France
10 hours or more,Play computer games,Percent,1990,Canada
1 to 3 hours,Play computer games,Percent,1994,Wales
7 to 9 hours,Watch VCR movies,Percent,1998,Portugal
1 to 3 hours,Watch VCR movies,Percent,1994,Spain
4 to 6 hours,Play computer games,Percent,1990,Spain
1 to 3 hours,Watch VCR movies,Percent,1998,France
Not at all,Play computer games,Percent,1998,Norway
7 to 9 hours,Watch VCR movies,Percent,1994,Poland
10 hours or more,Play computer games,Percent,1994,Finland
Not at all,Play computer games,Percent,1998,Belgium (Flemish speaking)
Less than 1 hour,Watch VCR movies,Percent,1998,Poland
10 hours or more,Watch VCR movies,Percent,1990,Finland
Not at all,Watch VCR movies,Percent,1994,Scotland
Less than 1 hour,Watch VCR movies,Percent,1990,Wales
1 to 3 hours,Play computer games,Percent,1998,Austria
10 hours or more,Play computer games,Percent,1990,Norway
Less than 1 hour,Play computer games,Percent,1994,Northern Ireland
Not at all,Play computer games,Percent,1994,Estonia
4 to 6 hours,Play computer games,Percent,1998,Israel
10 hours or more,Watch VCR movies,Percent,1998,United States
10 hours or more,Play computer games,Percent,1994,Latvia
4 to 6 hours,Play computer games,Percent,1998,Scotland
4 to 6 hours,Play computer games,Percent,1998,Wales
Not at all,Play computer games,Percent,1998,Northern Ireland
10 hours or more,Play computer games,Percent,1994,Czech Republic
10 hours or more,Watch VCR movies,Percent,1998,Canada
Not at all,Play computer games,Percent,1998,Scotland
10 hours or more,Play computer games,Percent,1994,Belgium
Not at all,Watch VCR movies,Percent,1998,Poland
Not at all,Play computer games,Percent,1990,Belgium
4 to 6 hours,Watch VCR movies,Percent,1994,France
4 to 6 hours,Watch VCR movies,Percent,1994,Israel
1 to 3 hours,Play computer games,Percent,1998,Denmark
Not at all,Play computer games,Percent,1990,Canada
Not at all,Play computer games,Percent,1990,Austria
1 to 3 hours,Play computer games,Percent,1998,Portugal
4 to 6 hours,Play computer games,Percent,1994,Austria
4 to 6 hours,Watch VCR movies,Percent,1998,Greece
4 to 6 hours,Watch VCR movies,Percent,1998,Poland
Not at all,Watch VCR movies,Percent,1994,Norway
10 hours or more,Play computer games,Percent,1990,Norway
Less than 1 hour,Watch VCR movies,Percent,1994,Belgium
10 hours or more,Play computer games,Percent,1994,Germany
Less than 1 hour,Play computer games,Percent,1998,Wales
Less than 1 hour,Play computer games,Percent,1994,Canada
10 hours or more,Play computer games,Percent,1994,Wales
7 to 9 hours,Watch VCR movies,Percent,1994,Spain
4 to 6 hours,Play computer games,Percent,1994,Lithuania
4 to 6 hours,Play computer games,Percent,1990,Canada
1 to 3 hours,Watch VCR movies,Percent,1998,Germany
Not at all,Play computer games,Percent,1998,Northern Ireland
Less than 1 hour,Play computer games,Percent,1994,Austria
Not at all,Watch VCR movies,Percent,1990,Austria
10 hours or more,Watch VCR movies,Percent,1998,Belgium (French speaking)
Less than 1 hour,Play computer games,Percent,1990,Finland
Not at all,Play computer games,Percent,1994,Scotland
Less than 1 hour,Play computer games,Percent,1994,Greenland
4 to 6 hours,Play computer games,Percent,1998,Austria
10 hours or more,Play computer games,Percent,1990,Sweden
Less than 1 hour,Play computer games,Percent,1998,Russia
1 to 3 hours,Play computer games,Percent,1998,Latvia
10 hours or more,Play computer games,Percent,1994,Canada
7 to 9 hours,Play computer games,Percent,1994,Russia
10 hours or more,Watch VCR movies,Percent,1994,Denmark
Less than 1 hour,Watch VCR movies,Percent,1998,Switzerland
10 hours or more,Watch VCR movies,Percent,1990,Austria
10 hours or more,Play computer games,Percent,1998,Russia
4 to 6 hours,Watch VCR movies,Percent,1990,Norway
1 to 3 hours,Watch VCR movies,Percent,1998,Greenland
Less than 1 hour,Watch VCR movies,Percent,1998,Germany
10 hours or more,Watch VCR movies,Percent,1998,Israel
7 to 9 hours,Watch VCR movies,Percent,1990,Spain
1 to 3 hours,Play computer games,Percent,1998,Denmark
10 hours or more,Play computer games,Percent,1994,France
Less than 1 hour,Play computer games,Percent,1994,Belgium
4 to 6 hours,Play computer games,Percent,1994,Russia
Not at all,Watch VCR movies,Percent,1998,Hungary
1 to 3 hours,Play computer games,Percent,1998,Switzerland
4 to 6 hours,Play computer games,Percent,1998,Spain
Less than 1 hour,Watch VCR movies,Percent,1998,United States
10 hours or more,Watch VCR movies,Percent,1994,Poland
Not at all,Watch VCR movies,Percent,1998,Belgium (French speaking)
Less than 1 hour,Play computer games,Percent,1998,Finland
Less than 1 hour,Watch VCR movies,Percent,1998,United States
Less than 1 hour,Play computer games,Percent,1994,Latvia
7 to 9 hours,Play computer games,Percent,1998,Ireland
10 hours or more,Watch VCR movies,Percent,1990,Canada
Less than 1 hour,Play computer games,Percent,1990,Wales
1 to 3 hours,Play computer games,Percent,1994,Greenland
Less than 1 hour,Watch VCR movies,Percent,1998,Switzerland
1 to 3 hours,Play computer games,Percent,1998,Russia
1 to 3 hours,Watch VCR movies,Percent,1998,Germany
4 to 6 hours,Play computer games,Percent,1994,Finland
7 to 9 hours,Watch VCR movies,Percent,1998,Ireland
10 hours or more,Play computer games,Percent,1998,Scotland
1 to 3 hours,Watch VCR movies,Percent,1990,Poland
1 to 3 hours,Watch VCR movies,Percent,1990,Scotland
7 to 9 hours,Play computer games,Percent,1994,Israel
10 hours or more,Watch VCR movies,Percent,1998,Russia
10 hours or more,Watch VCR movies,Percent,1994,Wales
7 to 9 hours,Watch VCR movies,Percent,1998,Poland
10 hours or more,Play computer games,Percent,1990,Belgium
Not at all,Play computer games,Percent,1998,Portugal
10 hours or more,Play computer games,Percent,1994,Lithuania
4 to 6 hours,Watch VCR movies,Percent,1994,Spain
Less than 1 hour,Watch VCR movies,Percent,1998,Estonia
4 to 6 hours,Play computer games,Percent,1998,Denmark
4 to 6 hours,Play computer games,Percent,1994,Hungary
1 to 3 hours,Play computer games,Percent,1998,Belgium (French speaking)
7 to 9 hours,Play computer games,Percent,1998,United States
Less than 1 hour,Play computer games,Percent,1998,Czech Republic
Less than 1 hour,Watch VCR movies,Percent,1994,Slovakia
10 hours or more,Watch VCR movies,Percent,1990,Hungary
4 to 6 hours,Play computer games,Percent,1994,Scotland
1 to 3 hours,Play computer games,Percent,1998,Czech Republic
4 to 6 hours,Play computer games,Percent,1990,Austria
Not at all,Play computer games,Percent,1994,Spain
7 to 9 hours,Play computer games,Percent,1998,Lithuania
4 to 6 hours,Watch VCR movies,Percent,1998,Belgium (French speaking)
1 to 3 hours,Watch VCR movies,Percent,1998,Germany
4 to 6 hours,Watch VCR movies,Percent,1998,Portugal
1 to 3 hours,Watch VCR movies,Percent,1990,Norway
4 to 6 hours,Play computer games,Percent,1998,United States
1 to 3 hours,Play computer games,Percent,1994,Czech Republic
4 to 6 hours,Watch VCR movies,Percent,1994,Poland
Not at all,Watch VCR movies,Percent,1990,Poland
1 to 3 hours,Play computer games,Percent,1998,Hungary
4 to 6 hours,Watch VCR movies,Percent,1994,Denmark
10 hours or more,Play computer games,Percent,1998,Northern Ireland
Not at all,Play computer games,Percent,1998,Greece
10 hours or more,Play computer games,Percent,1998,Northern Ireland
7 to 9 hours,Play computer games,Percent,1998,Belgium (French speaking)
Less than 1 hour,Watch VCR movies,Percent,1994,Hungary
Less than 1 hour,Play computer games,Percent,1994,Slovakia
10 hours or more,Watch VCR movies,Percent,1990,Finland
7 to 9 hours,Play computer games,Percent,1994,Denmark
7 to 9 hours,Watch VCR movies,Percent,1998,Latvia
1 to 3 hours,Watch VCR movies,Percent,1998,Portugal
Not at all,Watch VCR movies,Percent,1998,Czech Republic
4 to 6 hours,Watch VCR movies,Percent,1994,Northern Ireland
Less than 1 hour,Play computer games,Percent,1998,Wales
7 to 9 hours,Watch VCR movies,Percent,1990,Finland
4 to 6 hours,Watch VCR movies,Percent,1998,Wales
10 hours or more,Play computer games,Percent,1998,Denmark
4 to 6 hours,Play computer games,Percent,1994,France
7 to 9 hours,Watch VCR movies,Percent,1998,Portugal
1 to 3 hours,Play computer games,Percent,1994,Belgium
10 hours or more,Watch VCR movies,Percent,1998,Austria
7 to 9 hours,Play computer games,Percent,1994,Wales
Not at all,Watch VCR movies,Percent,1994,France
1 to 3 hours,Watch VCR movies,Percent,1998,Wales
1 to 3 hours,Watch VCR movies,Percent,1994,Denmark
Not at all,Play computer games,Percent,1998,Spain
4 to 6 hours,Watch VCR movies,Percent,1998,Israel
4 to 6 hours,Play computer games,Percent,1994,Lithuania
10 hours or more,Watch VCR movies,Percent,1998,Latvia
Less than 1 hour,Watch VCR movies,Percent,1994,Finland
Less than 1 hour,Watch VCR movies,Percent,1994,Finland
7 to 9 hours,Play computer games,Percent,1994,Slovakia
Not at all,Watch VCR movies,Percent,1994,Wales
4 to 6 hours,Play computer games,Percent,1990,Wales
1 to 3 hours,Watch VCR movies,Percent,1998,Canada
1 to 3 hours,Watch VCR movies,Percent,1990,Canada
10 hours or more,Watch VCR movies,Percent,1990,Hungary
10 hours or more,Play computer games,Percent,1998,Scotland
10 hours or more,Watch VCR movies,Percent,1994,Greenland
4 to 6 hours,Watch VCR movies,Percent,1994,Belgium
4 to 6 hours,Watch VCR movies,Percent,1998,Sweden
Less than 1 hour,Watch VCR movies,Percent,1998,Spain
1 to 3 hours,Watch VCR movies,Percent,1994,Slovakia
7 to 9 hours,Watch VCR movies,Percent,1990,Wales
Less than 1 hour,Watch VCR movies,Percent,1994,Poland
Not at all,Play computer games,Percent,1990,Norway
7 to 9 hours,Watch VCR movies,Percent,1994,Belgium
1 to 3 hours,Watch VCR movies,Percent,1998,Spain
Not at all,Play computer games,Percent,1994,Lithuania
4 to 6 hours,Watch VCR movies,Percent,1990,Scotland
4 to 6 hours,Watch VCR movies,Percent,1990,Spain
Not at all,Watch VCR movies,Percent,1990,Austria
7 to 9 hours,Play computer games,Percent,1998,Germany
7 to 9 hours,Watch VCR movies,Percent,1990,Sweden
1 to 3 hours,Play computer games,Percent,1994,Wales
4 to 6 hours,Play computer games,Percent,1998,Denmark
10 hours or more,Play computer games,Percent,1998,Slovakia
Less than 1 hour,Watch VCR movies,Percent,1998,United States
Less than 1 hour,Watch VCR movies,Percent,1990,Canada
Less than 1 hour,Watch VCR movies,Percent,1990,Poland
Less than 1 hour,Play computer games,Percent,1998,Denmark
10 hours or more,Watch VCR movies,Percent,1998,Israel
1 to 3 hours,Watch VCR movies,Percent,1990,Wales
7 to 9 hours,Watch VCR movies,Percent,1998,Ireland
10 hours or more,Play computer games,Percent,1990,Poland
4 to 6 hours,Watch VCR movies,Percent,1998,Estonia
1 to 3 hours,Play computer games,Percent,1994,Germany
1 to 3 hours,Watch VCR movies,Percent,1994,Norway
7 to 9 hours,Watch VCR movies,Percent,1990,Finland
4 to 6 hours,Play computer games,Percent,1998,Poland
10 hours or more,Watch VCR movies,Percent,1990,Scotland
Less than 1 hour,Play computer games,Percent,1998,Israel
7 to 9 hours,Play computer games,Percent,1994,Israel
1 to 3 hours,Play computer games,Percent,1994,Northern Ireland
1 to 3 hours,Play computer games,Percent,1990,Hungary
Not at all,Watch VCR movies,Percent,1998,Belgium (Flemish speaking)
1 to 3 hours,Watch VCR movies,Percent,1998,Scotland
1 to 3 hours,Play computer games,Percent,1990,Wales
1 to 3 hours,Play computer games,Percent,1998,Sweden
1 to 3 hours,Play computer games,Percent,1998,Germany
Less than 1 hour,Play computer games,Percent,1994,Northern Ireland
Not at all,Watch VCR movies,Percent,1998,Norway
7 to 9 hours,Play computer games,Percent,1994,Wales
Less than 1 hour,Watch VCR movies,Percent,1994,Germany
1 to 3 hours,Watch VCR movies,Percent,1994,Spain
4 to 6 hours,Play computer games,Percent,1998,Latvia
10 hours or more,Watch VCR movies,Percent,1994,Germany
10 hours or more,Play computer games,Percent,1998,Spain
Less than 1 hour,Watch VCR movies,Percent,1990,Scotland
10 hours or more,Watch VCR movies,Percent,1998,Scotland
4 to 6 hours,Watch VCR movies,Percent,1994,Greenland
4 to 6 hours,Play computer games,Percent,1994,Belgium
1 to 3 hours,Watch VCR movies,Percent,1994,Spain
7 to 9 hours,Watch VCR movies,Percent,1998,Israel
4 to 6 hours,Watch VCR movies,Percent,1990,Austria
10 hours or more,Play computer games,Percent,1998,Denmark
1 to 3 hours,Watch VCR movies,Percent,1994,Hungary
10 hours or more,Watch VCR movies,Percent,1990,Finland
7 to 9 hours,Play computer games,Percent,1994,Russia
4 to 6 hours,Play computer games,Percent,1990,Austria
10 hours or more,Watch VCR movies,Percent,1994,Greenland
7 to 9 hours,Play computer games,Percent,1998,Greece
Less than 1 hour,Watch VCR movies,Percent,1998,Greece
Not at all,Play computer games,Percent,1990,Wales
10 hours or more,Watch VCR movies,Percent,1998,Switzerland
1 to 3 hours,Watch VCR movies,Percent,1998,Denmark
Not at all,Watch VCR movies,Percent,1990,Canada
10 hours or more,Watch VCR movies,Percent,1998,Russia
Less than 1 hour,Watch VCR movies,Percent,1990,Hungary
7 to 9 hours,Play computer games,Percent,1994,Hungary
7 to 9 hours,Play computer games,Percent,1990,Finland
Less than 1 hour,Play computer games,Percent,1998,Denmark
7 to 9 hours,Watch VCR movies,Percent,1990,Wales
10 hours or more,Watch VCR movies,Percent,1998,Ireland
Less than 1 hour,Watch VCR movies,Percent,1998,Wales
4 to 6 hours,Play computer games,Percent,1990,Belgium
Not at all,Watch VCR movies,Percent,1998,Czech Republic
Less than 1 hour,Play computer games,Percent,1994,Finland
Not at all,Watch VCR movies,Percent,1990,Hungary
10 hours or more,Play computer games,Percent,1998,Belgium (French speaking)
7 to 9 hours,Watch VCR movies,Percent,1998,Spain
Not at all,Watch VCR movies,Percent,1998,Spain
7 to 9 hours,Play computer games,Percent,1990,Canada
Less than 1 hour,Play computer games,Percent,1994,Belgium
Not at all,Play computer games,Percent,1990,Austria
4 to 6 hours,Watch VCR movies,Percent,1998,Belgium (French speaking)
4 to 6 hours,Play computer games,Percent,1998,Czech Republic
Less than 1 hour,Watch VCR movies,Percent,1998,Belgium (French speaking)
Not at all,Play computer games,Percent,1994,Wales
Less than 1 hour,Play computer games,Percent,1994,Russia
10 hours or more,Play computer games,Percent,1994,Lithuania
Not at all,Watch VCR movies,Percent,1998,Austria
Not at all,Watch VCR movies,Percent,1990,Austria
4 to 6 hours,Watch VCR movies,Percent,1998,Hungary
10 hours or more,Play computer games,Percent,1994,Spain
Not at all,Watch VCR movies,Percent,1998,Estonia
Not at all,Play computer games,Percent,1994,France
7 to 9 hours,Play computer games,Percent,1994,France
Not at all,Play computer games,Percent,1998,Latvia
7 to 9 hours,Watch VCR movies,Percent,1998,Wales
Not at all,Watch VCR movies,Percent,1998,Ireland
10 hours or more,Watch VCR movies,Percent,1994,Scotland
4 to 6 hours,Play computer games,Percent,1998,Czech Republic
Less than 1 hour,Watch VCR movies,Percent,1994,Hungary
4 to 6 hours,Watch VCR movies,Percent,1994,Russia
7 to 9 hours,Watch VCR movies,Percent,1990,Canada
4 to 6 hours,Play computer games,Percent,1998,Hungary
7 to 9 hours,Watch VCR movies,Percent,1990,Belgium
4 to 6 hours,Watch VCR movies,Percent,1994,Spain
4 to 6 hours,Play computer games,Percent,1998,Belgium (French speaking)
10 hours or more,Play computer games,Percent,1990,Wales
Not at all,Watch VCR movies,Percent,1998,Scotland
7 to 9 hours,Play computer games,Percent,1998,Belgium (Flemish speaking)
Not at all,Play computer games,Percent,1998,Germany
4 to 6 hours,Watch VCR movies,Percent,1994,Finland
4 to 6 hours,Play computer games,Percent,1998,Finland
Less than 1 hour,Play computer games,Percent,1998,Latvia
Not at all,Watch VCR movies,Percent,1994,France
7 to 9 hours,Watch VCR movies,Percent,1998,Portugal
1 to 3 hours,Play computer games,Percent,1998,Canada
7 to 9 hours,Watch VCR movies,Percent,1994,Northern Ireland
4 to 6 hours,Watch VCR movies,Percent,1998,Greece
1 to 3 hours,Watch VCR movies,Percent,1994,Poland
7 to 9 hours,Watch VCR movies,Percent,1994,Austria
10 hours or more,Play computer games,Percent,1998,Belgium (French speaking)
1 to 3 hours,Watch VCR movies,Percent,1994,Poland
4 to 6 hours,Play computer games,Percent,1994,Spain
7 to 9 hours,Play computer games,Percent,1994,Norway
1 to 3 hours,Play computer games,Percent,1998,Sweden
4 to 6 hours,Play computer games,Percent,1998,Poland
7 to 9 hours,Watch VCR movies,Percent,1998,Scotland
Not at all,Play computer games,Percent,1998,United States
Not at all,Play computer games,Percent,1998,Sweden
7 to 9 hours,Watch VCR movies,Percent,1998,Canada
1 to 3 hours,Play computer games,Percent,1994,Hungary
10 hours or more,Play computer games,Percent,1994,Poland
10 hours or more,Play computer games,Percent,1998,Slovakia
1 to 3 hours,Watch VCR movies,Percent,1994,Sweden
7 to 9 hours,Play computer games,Percent,1998,Denmark
4 to 6 hours,Watch VCR movies,Percent,1998,United States
Less than 1 hour,Play computer games,Percent,1998,Czech Republic
10 hours or more,Play computer games,Percent,1998,Czech Republic
7 to 9 hours,Watch VCR movies,Percent,1998,Finland
10 hours or more,Play computer games,Percent,1994,Wales
Not at all,Watch VCR movies,Percent,1990,Austria
Not at all,Play computer games,Percent,1998,Portugal
4 to 6 hours,Watch VCR movies,Percent,1994,Poland
Not at all,Play computer games,Percent,1994,Russia
Less than 1 hour,Watch VCR movies,Percent,1990,Spain
10 hours or more,Play computer games,Percent,1994,Latvia
Not at all,Watch VCR movies,Percent,1998,France
4 to 6 hours,Play computer games,Percent,1994,Greenland
1 to 3 hours,Watch VCR movies,Percent,1990,Norway
7 to 9 hours,Play computer games,Percent,1994,Poland
Not at all,Watch VCR movies,Percent,1994,Denmark
7 to 9 hours,Play computer games,Percent,1994,Latvia
Not at all,Watch VCR movies,Percent,1994,Finland
4 to 6 hours,Play computer games,Percent,1994,Wales
Not at all,Watch VCR movies,Percent,1998,Ireland
1 to 3 hours,Play computer games,Percent,1998,Austria
10 hours or more,Watch VCR movies,Percent,1998,Estonia
Less than 1 hour,Play computer games,Percent,1990,Norway
1 to 3 hours,Watch VCR movies,Percent,1994,Finland
Less than 1 hour,Watch VCR movies,Percent,1998,Germany
1 to 3 hours,Watch VCR movies,Percent,1998,United States
Less than 1 hour,Watch VCR movies,Percent,1998,Spain
Less than 1 hour,Watch VCR movies,Percent,1990,Spain
7 to 9 hours,Play computer games,Percent,1998,Russia
7 to 9 hours,Watch VCR movies,Percent,1998,Slovakia
Less than 1 hour,Play computer games,Percent,1998,Spain
1 to 3 hours,Watch VCR movies,Percent,1998,Czech Republic
Not at all,Watch VCR movies,Percent,1998,Northern Ireland
10 hours or more,Watch VCR movies,Percent,1998,Poland
1 to 3 hours,Play computer games,Percent,1990,Poland
Not at all,Play computer games,Percent,1998,Finland
1 to 3 hours,Watch VCR movies,Percent,1998,France
10 hours or more,Watch VCR movies,Percent,1998,Estonia
Less than 1 hour,Play computer games,Percent,1990,Scotland
4 to 6 hours,Watch VCR movies,Percent,1998,Denmark
10 hours or more,Watch VCR movies,Percent,1994,Poland
7 to 9 hours,Play computer games,Percent,1994,Norway
10 hours or more,Play computer games,Percent,1994,Austria
7 to 9 hours,Play computer games,Percent,1994,Latvia
Less than 1 hour,Play computer games,Percent,1998,Hungary
Not at all,Watch VCR movies,Percent,1994,Spain
10 hours or more,Play computer games,Percent,1998,Ireland
4 to 6 hours,Play computer games,Percent,1998,Belgium (Flemish speaking)
4 to 6 hours,Play computer games,Percent,1990,Canada
1 to 3 hours,Play computer games,Percent,1998,Portugal
7 to 9 hours,Watch VCR movies,Percent,1998,Germany
4 to 6 hours,Watch VCR movies,Percent,1994,Finland
4 to 6 hours,Play computer games,Percent,1994,Estonia
Not at all,Watch VCR movies,Percent,1998,Slovakia
7 to 9 hours,Play computer games,Percent,1998,Spain
1 to 3 hours,Play computer games,Percent,1998,Northern Ireland
1 to 3 hours,Watch VCR movies,Percent,1998,Israel
1 to 3 hours,Watch VCR movies,Percent,1994,Slovakia
4 to 6 hours,Play computer games,Percent,1990,Belgium
4 to 6 hours,Watch VCR movies,Percent,1994,Hungary
4 to 6 hours,Play computer games,Percent,1994,Estonia
7 to 9 hours,Play computer games,Percent,1994,France
Not at all,Play computer games,Percent,1994,Greenland
10 hours or more,Play computer games,Percent,1990,Finland
Less than 1 hour,Watch VCR movies,Percent,1994,Sweden
Less than 1 hour,Watch VCR movies,Percent,1994,Scotland
4 to 6 hours,Play computer games,Percent,1998,France
Not at all,Watch VCR movies,Percent,1994,Germany
Not at all,Play computer games,Percent,1994,Spain
Less than 1 hour,Watch VCR movies,Percent,1994,Norway
Not at all,Watch VCR movies,Percent,1994,Canada
1 to 3 hours,Play computer games,Percent,1990,Scotland
1 to 3 hours,Watch VCR movies,Percent,1998,Ireland
4 to 6 hours,Watch VCR movies,Percent,1998,Czech Republic
Not at all,Play computer games,Percent,1998,Greenland
10 hours or more,Play computer games,Percent,1994,Lithuania
4 to 6 hours,Play computer games,Percent,1994,Denmark
4 to 6 hours,Watch VCR movies,Percent,1990,Poland
1 to 3 hours,Watch VCR movies,Percent,1994,Austria
4 to 6 hours,Watch VCR movies,Percent,1998,Scotland
1 to 3 hours,Play computer games,Percent,1998,Belgium (Flemish speaking)
4 to 6 hours,Watch VCR movies,Percent,1994,Scotland
10 hours or more,Play computer games,Percent,1998,Slovakia
1 to 3 hours,Play computer games,Percent,1994,Wales
7 to 9 hours,Play computer games,Percent,1998,Spain
Not at all,Watch VCR movies,Percent,1994,Northern Ireland
4 to 6 hours,Watch VCR movies,Percent,1990,Finland
7 to 9 hours,Play computer games,Percent,1994,Estonia
Not at all,Play computer games,Percent,1994,Sweden
1 to 3 hours,Watch VCR movies,Percent,1990,Hungary
1 to 3 hours,Watch VCR movies,Percent,1998,Latvia
7 to 9 hours,Play computer games,Percent,1998,Canada
Less than 1 hour,Play computer games,Percent,1998,Greenland
10 hours or more,Play computer games,Percent,1994,Russia
Not at all,Watch VCR movies,Percent,1994,Norway
4 to 6 hours,Watch VCR movies,Percent,1994,Denmark
7 to 9 hours,Watch VCR movies,Percent,1998,Sweden
Not at all,Play computer games,Percent,1998,France
10 hours or more,Play computer games,Percent,1994,Sweden
Less than 1 hour,Watch VCR movies,Percent,1998,Estonia
10 hours or more,Watch VCR movies,Percent,1998,Ireland
Less than 1 hour,Play computer games,Percent,1994,Germany
Not at all,Play computer games,Percent,1990,Finland
Less than 1 hour,Play computer games,Percent,1998,United States
Less than 1 hour,Play computer games,Percent,1994,Israel
Not at all,Play computer games,Percent,1994,Denmark
10 hours or more,Play computer games,Percent,1998,Northern Ireland
10 hours or more,Watch VCR movies,Percent,1994,Finland
7 to 9 hours,Play computer games,Percent,1998,Germany
10 hours or more,Watch VCR movies,Percent,1990,Sweden
10 hours or more,Play computer games,Percent,1998,Lithuania
Not at all,Play computer games,Percent,1998,Denmark
7 to 9 hours,Watch VCR movies,Percent,1994,Belgium
Less than 1 hour,Watch VCR movies,Percent,1994,Estonia
Not at all,Play computer games,Percent,1994,Latvia
4 to 6 hours,Play computer games,Percent,1998,Estonia
Not at all,Play computer games,Percent,1998,Denmark
1 to 3 hours,Watch VCR movies,Percent,1994,Finland
4 to 6 hours,Play computer games,Percent,1994,Czech Republic
1 to 3 hours,Watch VCR movies,Percent,1994,Northern Ireland
Less than 1 hour,Watch VCR movies,Percent,1994,Canada
4 to 6 hours,Watch VCR movies,Percent,1998,Hungary
10 hours or more,Play computer games,Percent,1998,Israel
1 to 3 hours,Watch VCR movies,Percent,1994,Poland
1 to 3 hours,Watch VCR movies,Percent,1994,Wales
Not at all,Play computer games,Percent,1990,Spain
Not at all,Watch VCR movies,Percent,1994,Poland
Less than 1 hour,Watch VCR movies,Percent,1998,Austria
4 to 6 hours,Watch VCR movies,Percent,1998,Slovakia
10 hours or more,Watch VCR movies,Percent,1990,Austria
7 to 9 hours,Watch VCR movies,Percent,1990,Belgium
7 to 9 hours,Play computer games,Percent,1990,Spain
10 hours or more,Watch VCR movies,Percent,1994,France
1 to 3 hours,Play computer games,Percent,1994,Lithuania
7 to 9 hours,Watch VCR movies,Percent,1998,Israel
1 to 3 hours,Watch VCR movies,Percent,1994,Finland
4 to 6 hours,Play computer games,Percent,1994,France
Less than 1 hour,Watch VCR movies,Percent,1994,Austria
7 to 9 hours,Watch VCR movies,Percent,1994,Czech Republic
10 hours or more,Play computer games,Percent,1990,Poland
10 hours or more,Watch VCR movies,Percent,1990,Sweden
10 hours or more,Watch VCR movies,Percent,1998,Greenland
Not at all,Play computer games,Percent,1998,Czech Republic
Less than 1 hour,Watch VCR movies,Percent,1994,Greenland
10 hours or more,Play computer games,Percent,1998,Belgium (French speaking)
Not at all,Watch VCR movies,Percent,1990,Poland
1 to 3 hours,Play computer games,Percent,1994,Denmark
4 to 6 hours,Watch VCR movies,Percent,1998,Canada
7 to 9 hours,Play computer games,Percent,1990,Austria
4 to 6 hours,Watch VCR movies,Percent,1998,Spain
Not at all,Watch VCR movies,Percent,1994,Finland
1 to 3 hours,Watch VCR movies,Percent,1994,Russia
Less than 1 hour,Play computer games,Percent,1994,Canada
1 to 3 hours,Watch VCR movies,Percent,1990,Sweden
Not at all,Play computer games,Percent,1990,Scotland
10 hours or more,Play computer games,Percent,1998,Austria
4 to 6 hours,Watch VCR movies,Percent,1998,France
7 to 9 hours,Watch VCR movies,Percent,1998,Spain
Less than 1 hour,Play computer games,Percent,1998,Hungary
Less than 1 hour,Watch VCR movies,Percent,1998,Canada
4 to 6 hours,Play computer games,Percent,1990,Austria
Less than 1 hour,Watch VCR movies,Percent,1998,Hungary
10 hours or more,Watch VCR movies,Percent,1998,Greenland
10 hours or more,Watch VCR movies,Percent,1998,Latvia
10 hours or more,Play computer games,Percent,1998,Belgium (Flemish speaking)
1 to 3 hours,Watch VCR movies,Percent,1998,United States
4 to 6 hours,Play computer games,Percent,1994,Austria
Less than 1 hour,Watch VCR movies,Percent,1990,Wales
1 to 3 hours,Play computer games,Percent,1994,Lithuania
4 to 6 hours,Play computer games,Percent,1994,Denmark
Not at all,Play computer games,Percent,1998,Belgium (French speaking)
1 to 3 hours,Watch VCR movies,Percent,1994,Latvia
1 to 3 hours,Play computer games,Percent,1998,Austria
7 to 9 hours,Play computer games,Percent,1998,Denmark
4 to 6 hours,Play computer games,Percent,1998,Lithuania
4 to 6 hours,Watch VCR movies,Percent,1994,Austria
7 to 9 hours,Watch VCR movies,Percent,1994,Finland
10 hours or more,Watch VCR movies,Percent,1998,Belgium (French speaking)
1 to 3 hours,Play computer games,Percent,1994,Lithuania
Less than 1 hour,Watch VCR movies,Percent,1994,Canada
7 to 9 hours,Play computer games,Percent,1990,Norway
4 to 6 hours,Watch VCR movies,Percent,1998,Czech Republic
4 to 6 hours,Play computer games,Percent,1994,Lithuania
1 to 3 hours,Watch VCR movies,Percent,1998,Spain
Not at all,Play computer games,Percent,1994,France
Not at all,Play computer games,Percent,1994,Belgium
10 hours or more,Play computer games,Percent,1994,Austria
Not at all,Play computer games,Percent,1994,Russia
Not at all,Play computer games,Percent,1998,Greece
10 hours or more,Play computer games,Percent,1998,Sweden
Less than 1 hour,Watch VCR movies,Percent,1998,Denmark
10 hours or more,Watch VCR movies,Percent,1994,Belgium
Less than 1 hour,Play computer games,Percent,1998,Israel
Less than 1 hour,Watch VCR movies,Percent,1994,Spain
1 to 3 hours,Watch VCR movies,Percent,1994,Scotland
4 to 6 hours,Watch VCR movies,Percent,1990,Canada
4 to 6 hours,Play computer games,Percent,1998,Spain
Less than 1 hour,Play computer games,Percent,1998,Switzerland
4 to 6 hours,Watch VCR movies,Percent,1998,Latvia
10 hours or more,Watch VCR movies,Percent,1990,Wales
4 to 6 hours,Play computer games,Percent,1994,Austria
1 to 3 hours,Watch VCR movies,Percent,1994,Scotland
Not at all,Watch VCR movies,Percent,1990,Sweden
Not at all,Watch VCR movies,Percent,1994,Finland
Not at all,Play computer games,Percent,1994,Slovakia
Not at all,Watch VCR movies,Percent,1990,Scotland
Not at all,Play computer games,Percent,1990,Belgium
Not at all,Watch VCR movies,Percent,1998,Greenland
4 to 6 hours,Watch VCR movies,Percent,1998,Belgium (Flemish speaking)
7 to 9 hours,Play computer games,Percent,1994,Russia
4 to 6 hours,Watch VCR movies,Percent,1998,Northern Ireland
7 to 9 hours,Watch VCR movies,Percent,1990,Sweden
4 to 6 hours,Watch VCR movies,Percent,1998,Scotland
7 to 9 hours,Watch VCR movies,Percent,1990,Austria
Less than 1 hour,Play computer games,Percent,1998,Scotland
10 hours or more,Play computer games,Percent,1994,Czech Republic
7 to 9 hours,Play computer games,Percent,1994,Hungary
10 hours or more,Watch VCR movies,Percent,1990,Norway
7 to 9 hours,Play computer games,Percent,1994,Russia
Less than 1 hour,Watch VCR movies,Percent,1994,Belgium
7 to 9 hours,Watch VCR movies,Percent,1994,Northern Ireland
4 to 6 hours,Play computer games,Percent,1998,Canada
Not at all,Watch VCR movies,Percent,1998,Slovakia
7 to 9 hours,Watch VCR movies,Percent,1998,Sweden
10 hours or more,Play computer games,Percent,1994,Hungary
Less than 1 hour,Watch VCR movies,Percent,1998,Scotland
4 to 6 hours,Play computer games,Percent,1994,Sweden
7 to 9 hours,Play computer games,Percent,1990,Belgium
Not at all,Play computer games,Percent,1998,Wales
10 hours or more,Watch VCR movies,Percent,1994,Estonia
10 hours or more,Play computer games,Percent,1998,Russia
1 to 3 hours,Play computer games,Percent,1990,Hungary
7 to 9 hours,Play computer games,Percent,1994,Estonia
1 to 3 hours,Play computer games,Percent,1998,Denmark
1 to 3 hours,Watch VCR movies,Percent,1998,Northern Ireland
Less than 1 hour,Watch VCR movies,Percent,1994,Slovakia
10 hours or more,Play computer games,Percent,1998,Canada
1 to 3 hours,Watch VCR movies,Percent,1994,Canada
Less than 1 hour,Play computer games,Percent,1990,Finland
Not at all,Play computer games,Percent,1994,Wales
10 hours or more,Play computer games,Percent,1998,Greenland
4 to 6 hours,Watch VCR movies,Percent,1998,Scotland
4 to 6 hours,Watch VCR movies,Percent,1994,Estonia
Not at all,Play computer games,Percent,1998,Belgium (French speaking)
10 hours or more,Watch VCR movies,Percent,1994,Canada
Less than 1 hour,Play computer games,Percent,1994,Slovakia
Less than 1 hour,Play computer games,Percent,1998,Germany
Less than 1 hour,Watch VCR movies,Percent,1998,Russia
Less than 1 hour,Watch VCR movies,Percent,1990,Poland
4 to 6 hours,Play computer games,Percent,1994,Estonia
Not at all,Watch VCR movies,Percent,1994,Poland
1 to 3 hours,Watch VCR movies,Percent,1998,Wales
1 to 3 hours,Play computer games,Percent,1994,Finland
7 to 9 hours,Watch VCR movies,Percent,1998,Spain
Less than 1 hour,Watch VCR movies,Percent,1994,Finland
1 to 3 hours,Watch VCR movies,Percent,1998,Portugal
Not at all,Play computer games,Percent,1994,Czech Republic
Not at all,Play computer games,Percent,1990,Belgium
Less than 1 hour,Play computer games,Percent,1990,Sweden
10 hours or more,Play computer games,Percent,1994,Lithuania
10 hours or more,Play computer games,Percent,1994,Sweden
1 to 3 hours,Play computer games,Percent,1990,Spain
Less than 1 hour,Play computer games,Percent,1998,Estonia
7 to 9 hours,Play computer games,Percent,1998,Portugal
7 to 9 hours,Play computer games,Percent,1994,Norway
7 to 9 hours,Watch VCR movies,Percent,1994,Belgium
4 to 6 hours,Watch VCR movies,Percent,1998,Norway
10 hours or more,Play computer games,Percent,1994,Austria
10 hours or more,Watch VCR movies,Percent,1998,Greenland
4 to 6 hours,Watch VCR movies,Percent,1998,Sweden
10 hours or more,Watch VCR movies,Percent,1994,Austria
1 to 3 hours,Watch VCR movies,Percent,1994,Latvia
Not at all,Play computer games,Percent,1990,Poland
Less than 1 hour,Play computer games,Percent,1990,Poland
1 to 3 hours,Play computer games,Percent,1998,Russia
4 to 6 hours,Watch VCR movies,Percent,1998,Greece
7 to 9 hours,Watch VCR movies,Percent,1994,Finland
10 hours or more,Watch VCR movies,Percent,1994,Northern Ireland
1 to 3 hours,Play computer games,Percent,1994,France
Less than 1 hour,Play computer games,Percent,1998,Ireland
10 hours or more,Watch VCR movies,Percent,1994,Germany
Not at all,Play computer games,Percent,1994,Canada
1 to 3 hours,Watch VCR movies,Percent,1990,Sweden
Less than 1 hour,Play computer games,Percent,1994,Finland
1 to 3 hours,Watch VCR movies,Percent,1998,Greenland
10 hours or more,Watch VCR movies,Percent,1998,Sweden
4 to 6 hours,Watch VCR movies,Percent,1998,Czech Republic
Not at all,Watch VCR movies,Percent,1994,Greenland
4 to 6 hours,Watch VCR movies,Percent,1998,Slovakia
4 to 6 hours,Play computer games,Percent,1994,Germany
Not at all,Play computer games,Percent,1994,Northern Ireland
10 hours or more,Watch VCR movies,Percent,1994,Greenland
1 to 3 hours,Play computer games,Percent,1998,Israel
1 to 3 hours,Watch VCR movies,Percent,1990,Scotland
10 hours or more,Play computer games,Percent,1998,Scotland
10 hours or more,Watch VCR movies,Percent,1998,Portugal
Not at all,Play computer games,Percent,1994,Belgium
7 to 9 hours,Watch VCR movies,Percent,1994,Czech Republic
1 to 3 hours,Watch VCR movies,Percent,1994,Belgium
Not at all,Watch VCR movies,Percent,1998,Denmark
Less than 1 hour,Watch VCR movies,Percent,1994,Sweden
Not at all,Play computer games,Percent,1994,Slovakia
1 to 3 hours,Play computer games,Percent,1990,Canada
1 to 3 hours,Watch VCR movies,Percent,1994,Israel
10 hours or more,Watch VCR movies,Percent,1998,France
4 to 6 hours,Watch VCR movies,Percent,1990,Scotland
Not at all,Watch VCR movies,Percent,1998,Switzerland
10 hours or more,Play computer games,Percent,1990,Scotland
4 to 6 hours,Play computer games,Percent,1998,Slovakia
10 hours or more,Watch VCR movies,Percent,1990,Wales
Not at all,Watch VCR movies,Percent,1994,Austria
10 hours or more,Watch VCR movies,Percent,1994,France
7 to 9 hours,Play computer games,Percent,1994,Scotland
7 to 9 hours,Play computer games,Percent,1998,Finland
Not at all,Play computer games,Percent,1990,Canada
10 hours or more,Play computer games,Percent,1994,Finland
7 to 9 hours,Play computer games,Percent,1998,Belgium (French speaking)
10 hours or more,Play computer games,Percent,1998,Portugal
Less than 1 hour,Play computer games,Percent,1994,Scotland
Less than 1 hour,Play computer games,Percent,1994,Austria
1 to 3 hours,Watch VCR movies,Percent,1990,Spain
7 to 9 hours,Play computer games,Percent,1990,Wales
4 to 6 hours,Watch VCR movies,Percent,1994,Norway
10 hours or more,Watch VCR movies,Percent,1994,Latvia
Not at all,Play computer games,Percent,1994,Northern Ireland
1 to 3 hours,Watch VCR movies,Percent,1990,Spain
Less than 1 hour,Play computer games,Percent,1994,Hungary
1 to 3 hours,Watch VCR movies,Percent,1994,France
7 to 9 hours,Play computer games,Percent,1998,Northern Ireland
Less than 1 hour,Watch VCR movies,Percent,1998,Northern Ireland
Less than 1 hour,Watch VCR movies,Percent,1998,Poland
4 to 6 hours,Play computer games,Percent,1998,Hungary
7 to 9 hours,Watch VCR movies,Percent,1990,Norway
Less than 1 hour,Watch VCR movies,Percent,1994,Estonia
1 to 3 hours,Play computer games,Percent,1998,Switzerland
Less than 1 hour,Watch VCR movies,Percent,1990,Sweden
10 hours or more,Watch VCR movies,Percent,1998,Greece
4 to 6 hours,Watch VCR movies,Percent,1998,United States
4 to 6 hours,Play computer games,Percent,1994,Greenland
Not at all,Watch VCR movies,Percent,1998,Belgium (Flemish speaking)
Not at all,Play computer games,Percent,1994,Austria
10 hours or more,Watch VCR movies,Percent,1994,Hungary
1 to 3 hours,Play computer games,Percent,1998,Northern Ireland
1 to 3 hours,Watch VCR movies,Percent,1994,Hungary
Less than 1 hour,Play computer games,Percent,1990,Poland
1 to 3 hours,Watch VCR movies,Percent,1998,Israel
10 hours or more,Watch VCR movies,Percent,1994,Wales
Not at all,Play computer games,Percent,1998,Greenland
1 to 3 hours,Watch VCR movies,Percent,1998,Belgium (Flemish speaking)
Less than 1 hour,Watch VCR movies,Percent,1990,Canada
4 to 6 hours,Play computer games,Percent,1994,Spain
10 hours or more,Watch VCR movies,Percent,1994,Scotland
4 to 6 hours,Watch VCR movies,Percent,1994,Sweden
4 to 6 hours,Play computer games,Percent,1990,Sweden
10 hours or more,Play computer games,Percent,1994,Russia
1 to 3 hours,Watch VCR movies,Percent,1994,France
1 to 3 hours,Watch VCR movies,Percent,1998,Canada
Less than 1 hour,Play computer games,Percent,1998,Poland
10 hours or more,Play computer games,Percent,1994,Spain
10 hours or more,Watch VCR movies,Percent,1998,Czech Republic
Less than 1 hour,Play computer games,Percent,1998,Portugal
Less than 1 hour,Watch VCR movies,Percent,1994,Israel
7 to 9 hours,Play computer games,Percent,1990,Scotland
1 to 3 hours,Watch VCR movies,Percent,1998,Canada
1 to 3 hours,Play computer games,Percent,1990,Poland
Not at all,Play computer games,Percent,1998,Israel
10 hours or more,Watch VCR movies,Percent,1994,Northern Ireland
7 to 9 hours,Watch VCR movies,Percent,1998,Northern Ireland
4 to 6 hours,Play computer games,Percent,1994,Norway
Less than 1 hour,Watch VCR movies,Percent,1994,Israel
Less than 1 hour,Watch VCR movies,Percent,1998,Belgium (French speaking)
4 to 6 hours,Play computer games,Percent,1998,Greece
4 to 6 hours,Watch VCR movies,Percent,1990,Austria
4 to 6 hours,Watch VCR movies,Percent,1998,Czech Republic
10 hours or more,Watch VCR movies,Percent,1998,Czech Republic
Not at all,Play computer games,Percent,1994,Norway
1 to 3 hours,Play computer games,Percent,1998,Belgium (French speaking)
7 to 9 hours,Play computer games,Percent,1998,Portugal
4 to 6 hours,Play computer games,Percent,1994,Slovakia
1 to 3 hours,Watch VCR movies,Percent,1998,Sweden
Not at all,Play computer games,Percent,1994,Poland
1 to 3 hours,Watch VCR movies,Percent,1994,Belgium
4 to 6 hours,Play computer games,Percent,1998,Slovakia
7 to 9 hours,Watch VCR movies,Percent,1990,Norway
Not at all,Play computer games,Percent,1994,Sweden
7 to 9 hours,Play computer games,Percent,1994,Belgium
7 to 9 hours,Watch VCR movies,Percent,1990,Scotland
1 to 3 hours,Play computer games,Percent,1994,Hungary
7 to 9 hours,Play computer games,Percent,1994,Norway
1 to 3 hours,Play computer games,Percent,1998,Spain
7 to 9 hours,Play computer games,Percent,1998,Belgium (French speaking)
4 to 6 hours,Play computer games,Percent,1998,Israel
4 to 6 hours,Play computer games,Percent,1998,Lithuania
1 to 3 hours,Play computer games,Percent,1998,Finland
7 to 9 hours,Play computer games,Percent,1998,Poland
4 to 6 hours,Play computer games,Percent,1998,Czech Republic
Not at all,Play computer games,Percent,1994,Canada
Less than 1 hour,Watch VCR movies,Percent,1990,Finland
Not at all,Watch VCR movies,Percent,1998,Belgium (Flemish speaking)
7 to 9 hours,Play computer games,Percent,1994,Denmark
Not at all,Watch VCR movies,Percent,1998,Portugal
10 hours or more,Watch VCR movies,Percent,1998,Belgium (French speaking)
4 to 6 hours,Watch VCR movies,Percent,1998,Germany
1 to 3 hours,Play computer games,Percent,1998,Czech Republic
Not at all,Watch VCR movies,Percent,1990,Norway
Not at all,Watch VCR movies,Percent,1994,Spain
1 to 3 hours,Play computer games,Percent,1998,Wales
Less than 1 hour,Watch VCR movies,Percent,1998,Greece
4 to 6 hours,Play computer games,Percent,1998,Austria
10 hours or more,Play computer games,Percent,1998,Ireland
7 to 9 hours,Play computer games,Percent,1998,Czech Republic
Not at all,Watch VCR movies,Percent,1994,France
10 hours or more,Watch VCR movies,Percent,1998,United States
4 to 6 hours,Watch VCR movies,Percent,1994,Northern Ireland
10 hours or more,Play computer games,Percent,1994,Canada
1 to 3 hours,Play computer games,Percent,1994,Estonia
7 to 9 hours,Watch VCR movies,Percent,1990,Hungary
Not at all,Play computer games,Percent,1998,Portugal
10 hours or more,Watch VCR movies,Percent,1998,Poland
10 hours or more,Watch VCR movies,Percent,1998,Ireland
7 to 9 hours,Play computer games,Percent,1990,Austria
4 to 6 hours,Watch VCR movies,Percent,1998,Finland
Less than 1 hour,Play computer games,Percent,1994,France
Less than 1 hour,Watch VCR movies,Percent,1994,Estonia
7 to 9 hours,Watch VCR movies,Percent,1998,Poland
10 hours or more,Watch VCR movies,Percent,1994,Northern Ireland
4 to 6 hours,Play computer games,Percent,1994,Germany
1 to 3 hours,Play computer games,Percent,1994,Poland
Less than 1 hour,Play computer games,Percent,1990,Belgium
Less than 1 hour,Watch VCR movies,Percent,1994,Canada
7 to 9 hours,Play computer games,Percent,1998,Greenland
1 to 3 hours,Play computer games,Percent,1994,Sweden
1 to 3 hours,Watch VCR movies,Percent,1998,Czech Republic
1 to 3 hours,Watch VCR movies,Percent,1998,Northern Ireland
7 to 9 hours,Watch VCR movies,Percent,1994,Norway
1 to 3 hours,Play computer games,Percent,1998,Lithuania
