Age group,Time spent,Activity,"ï»¿""REF_DATE"""
11 years,10 hours or more,Play computer games,1994
15 years,7 to 9 hours,Watch VCR movies,1998
13 years,10 hours or more,Play computer games,1994
11 years,4 to 6 hours,Play computer games,1990
15 years,4 to 6 hours,Watch VCR movies,1998
13 years,10 hours or more,Watch VCR movies,1990
13 years,10 hours or more,Play computer games,1994
11 years,Not at all,Watch VCR movies,1994
11 years,7 to 9 hours,Watch VCR movies,1994
15 years,1 to 3 hours,Play computer games,1998
13 years,Less than 1 hour,Play computer games,1994
11 years,10 hours or more,Watch VCR movies,1990
15 years,10 hours or more,Watch VCR movies,1994
11 years,Less than 1 hour,Watch VCR movies,1998
11 years,Less than 1 hour,Watch VCR movies,1998
15 years,10 hours or more,Play computer games,1990
15 years,10 hours or more,Watch VCR movies,1998
15 years,1 to 3 hours,Play computer games,1994
11 years,Not at all,Play computer games,1998
11 years,Less than 1 hour,Play computer games,1998
11 years,4 to 6 hours,Play computer games,1994
13 years,Not at all,Play computer games,1990
11 years,Not at all,Watch VCR movies,1998
15 years,Less than 1 hour,Play computer games,1990
11 years,Less than 1 hour,Watch VCR movies,1994
15 years,4 to 6 hours,Play computer games,1994
11 years,10 hours or more,Play computer games,1994
13 years,1 to 3 hours,Play computer games,1998
11 years,4 to 6 hours,Play computer games,1998
11 years,Not at all,Play computer games,1998
15 years,Less than 1 hour,Watch VCR movies,1998
11 years,7 to 9 hours,Watch VCR movies,1994
11 years,4 to 6 hours,Play computer games,1998
11 years,1 to 3 hours,Watch VCR movies,1994
15 years,10 hours or more,Watch VCR movies,1994
11 years,1 to 3 hours,Play computer games,1998
15 years,4 to 6 hours,Watch VCR movies,1990
11 years,10 hours or more,Play computer games,1994
13 years,7 to 9 hours,Watch VCR movies,1998
13 years,7 to 9 hours,Watch VCR movies,1994
11 years,7 to 9 hours,Play computer games,1998
13 years,10 hours or more,Play computer games,1994
13 years,10 hours or more,Watch VCR movies,1998
11 years,7 to 9 hours,Watch VCR movies,1998
15 years,Less than 1 hour,Watch VCR movies,1998
13 years,Less than 1 hour,Watch VCR movies,1998
11 years,1 to 3 hours,Watch VCR movies,1998
11 years,10 hours or more,Watch VCR movies,1994
15 years,Not at all,Play computer games,1994
11 years,Not at all,Play computer games,1990
11 years,10 hours or more,Watch VCR movies,1994
13 years,10 hours or more,Play computer games,1990
15 years,7 to 9 hours,Play computer games,1990
13 years,10 hours or more,Play computer games,1998
13 years,10 hours or more,Play computer games,1998
11 years,Less than 1 hour,Play computer games,1994
13 years,Not at all,Play computer games,1998
11 years,1 to 3 hours,Watch VCR movies,1998
15 years,7 to 9 hours,Play computer games,1998
11 years,7 to 9 hours,Watch VCR movies,1998
15 years,1 to 3 hours,Watch VCR movies,1994
11 years,Less than 1 hour,Watch VCR movies,1994
13 years,7 to 9 hours,Watch VCR movies,1990
15 years,Not at all,Play computer games,1994
11 years,Less than 1 hour,Play computer games,1998
11 years,10 hours or more,Watch VCR movies,1998
15 years,10 hours or more,Watch VCR movies,1998
11 years,4 to 6 hours,Watch VCR movies,1998
11 years,Less than 1 hour,Watch VCR movies,1994
15 years,Less than 1 hour,Watch VCR movies,1998
11 years,4 to 6 hours,Play computer games,1998
13 years,4 to 6 hours,Play computer games,1994
11 years,10 hours or more,Play computer games,1994
13 years,Not at all,Watch VCR movies,1990
15 years,4 to 6 hours,Watch VCR movies,1998
15 years,Less than 1 hour,Watch VCR movies,1998
15 years,Less than 1 hour,Watch VCR movies,1990
11 years,7 to 9 hours,Watch VCR movies,1994
15 years,Less than 1 hour,Play computer games,1994
11 years,Not at all,Watch VCR movies,1998
15 years,7 to 9 hours,Watch VCR movies,1998
15 years,Less than 1 hour,Watch VCR movies,1994
15 years,4 to 6 hours,Play computer games,1990
11 years,Not at all,Watch VCR movies,1990
15 years,Less than 1 hour,Play computer games,1998
15 years,10 hours or more,Play computer games,1990
15 years,10 hours or more,Play computer games,1998
11 years,10 hours or more,Play computer games,1994
15 years,10 hours or more,Watch VCR movies,1994
11 years,4 to 6 hours,Play computer games,1998
11 years,Less than 1 hour,Play computer games,1998
11 years,4 to 6 hours,Play computer games,1998
15 years,Less than 1 hour,Play computer games,1998
11 years,Less than 1 hour,Watch VCR movies,1990
13 years,1 to 3 hours,Play computer games,1998
13 years,7 to 9 hours,Watch VCR movies,1994
11 years,10 hours or more,Play computer games,1994
15 years,Not at all,Play computer games,1990
15 years,10 hours or more,Play computer games,1998
11 years,1 to 3 hours,Play computer games,1998
11 years,4 to 6 hours,Watch VCR movies,1998
11 years,7 to 9 hours,Watch VCR movies,1994
13 years,10 hours or more,Play computer games,1998
15 years,Less than 1 hour,Watch VCR movies,1994
15 years,1 to 3 hours,Watch VCR movies,1998
15 years,Less than 1 hour,Watch VCR movies,1998
13 years,4 to 6 hours,Play computer games,1998
13 years,4 to 6 hours,Play computer games,1990
15 years,4 to 6 hours,Play computer games,1998
11 years,7 to 9 hours,Watch VCR movies,1998
15 years,7 to 9 hours,Watch VCR movies,1998
15 years,7 to 9 hours,Play computer games,1994
11 years,1 to 3 hours,Watch VCR movies,1998
13 years,Not at all,Play computer games,1990
11 years,1 to 3 hours,Watch VCR movies,1998
15 years,4 to 6 hours,Watch VCR movies,1994
13 years,Not at all,Watch VCR movies,1994
15 years,1 to 3 hours,Watch VCR movies,1994
15 years,10 hours or more,Play computer games,1990
15 years,10 hours or more,Play computer games,1990
11 years,Not at all,Watch VCR movies,1990
13 years,7 to 9 hours,Play computer games,1994
13 years,10 hours or more,Watch VCR movies,1994
15 years,1 to 3 hours,Watch VCR movies,1998
11 years,Not at all,Play computer games,1990
15 years,4 to 6 hours,Watch VCR movies,1990
11 years,Not at all,Play computer games,1990
13 years,1 to 3 hours,Play computer games,1994
11 years,4 to 6 hours,Watch VCR movies,1990
15 years,4 to 6 hours,Play computer games,1994
13 years,Less than 1 hour,Watch VCR movies,1990
11 years,Not at all,Play computer games,1990
15 years,4 to 6 hours,Play computer games,1990
15 years,Less than 1 hour,Play computer games,1994
11 years,1 to 3 hours,Watch VCR movies,1998
11 years,Not at all,Watch VCR movies,1998
13 years,1 to 3 hours,Watch VCR movies,1994
15 years,4 to 6 hours,Watch VCR movies,1994
13 years,1 to 3 hours,Play computer games,1998
11 years,Less than 1 hour,Play computer games,1994
11 years,7 to 9 hours,Play computer games,1998
15 years,Not at all,Watch VCR movies,1998
11 years,Less than 1 hour,Play computer games,1998
13 years,7 to 9 hours,Play computer games,1994
11 years,Less than 1 hour,Watch VCR movies,1994
11 years,Less than 1 hour,Watch VCR movies,1998
11 years,Not at all,Watch VCR movies,1990
11 years,10 hours or more,Watch VCR movies,1998
13 years,1 to 3 hours,Play computer games,1994
13 years,10 hours or more,Play computer games,1994
11 years,4 to 6 hours,Watch VCR movies,1994
15 years,1 to 3 hours,Watch VCR movies,1998
13 years,10 hours or more,Watch VCR movies,1994
11 years,Less than 1 hour,Watch VCR movies,1994
11 years,Not at all,Play computer games,1994
13 years,10 hours or more,Play computer games,1998
15 years,4 to 6 hours,Play computer games,1994
15 years,7 to 9 hours,Play computer games,1998
13 years,7 to 9 hours,Watch VCR movies,1998
15 years,10 hours or more,Play computer games,1994
11 years,1 to 3 hours,Watch VCR movies,1998
15 years,Not at all,Play computer games,1998
13 years,4 to 6 hours,Play computer games,1990
11 years,10 hours or more,Play computer games,1998
15 years,10 hours or more,Watch VCR movies,1998
15 years,4 to 6 hours,Play computer games,1994
13 years,Less than 1 hour,Watch VCR movies,1998
15 years,10 hours or more,Play computer games,1990
11 years,Not at all,Watch VCR movies,1998
13 years,10 hours or more,Watch VCR movies,1994
15 years,7 to 9 hours,Play computer games,1990
13 years,7 to 9 hours,Play computer games,1998
11 years,7 to 9 hours,Play computer games,1998
11 years,1 to 3 hours,Play computer games,1994
15 years,10 hours or more,Play computer games,1998
11 years,Not at all,Play computer games,1998
15 years,10 hours or more,Watch VCR movies,1998
15 years,Not at all,Watch VCR movies,1994
13 years,10 hours or more,Watch VCR movies,1998
15 years,Not at all,Play computer games,1994
15 years,4 to 6 hours,Watch VCR movies,1998
13 years,Less than 1 hour,Play computer games,1998
13 years,1 to 3 hours,Watch VCR movies,1998
13 years,7 to 9 hours,Watch VCR movies,1994
15 years,4 to 6 hours,Watch VCR movies,1998
15 years,Less than 1 hour,Play computer games,1998
13 years,10 hours or more,Watch VCR movies,1998
13 years,Not at all,Play computer games,1990
15 years,10 hours or more,Play computer games,1998
11 years,4 to 6 hours,Play computer games,1998
15 years,7 to 9 hours,Play computer games,1994
13 years,1 to 3 hours,Watch VCR movies,1998
11 years,Less than 1 hour,Play computer games,1994
13 years,1 to 3 hours,Watch VCR movies,1998
15 years,4 to 6 hours,Watch VCR movies,1990
15 years,7 to 9 hours,Play computer games,1998
11 years,Not at all,Watch VCR movies,1998
11 years,1 to 3 hours,Watch VCR movies,1994
11 years,1 to 3 hours,Play computer games,1998
11 years,10 hours or more,Watch VCR movies,1998
15 years,1 to 3 hours,Watch VCR movies,1998
13 years,7 to 9 hours,Play computer games,1998
11 years,7 to 9 hours,Play computer games,1994
13 years,Not at all,Play computer games,1990
15 years,4 to 6 hours,Watch VCR movies,1990
15 years,10 hours or more,Watch VCR movies,1994
13 years,4 to 6 hours,Play computer games,1990
11 years,10 hours or more,Watch VCR movies,1998
15 years,10 hours or more,Watch VCR movies,1998
13 years,Not at all,Play computer games,1998
13 years,1 to 3 hours,Play computer games,1994
15 years,Not at all,Play computer games,1994
11 years,7 to 9 hours,Watch VCR movies,1998
15 years,Less than 1 hour,Play computer games,1990
11 years,7 to 9 hours,Watch VCR movies,1998
15 years,7 to 9 hours,Watch VCR movies,1994
13 years,Not at all,Play computer games,1998
13 years,4 to 6 hours,Play computer games,1998
15 years,7 to 9 hours,Play computer games,1998
13 years,1 to 3 hours,Play computer games,1998
15 years,4 to 6 hours,Watch VCR movies,1990
15 years,10 hours or more,Play computer games,1998
11 years,10 hours or more,Play computer games,1990
11 years,10 hours or more,Play computer games,1998
15 years,Less than 1 hour,Watch VCR movies,1998
11 years,7 to 9 hours,Play computer games,1998
15 years,7 to 9 hours,Play computer games,1994
11 years,4 to 6 hours,Play computer games,1990
11 years,10 hours or more,Play computer games,1994
11 years,Less than 1 hour,Play computer games,1998
11 years,7 to 9 hours,Watch VCR movies,1990
13 years,Less than 1 hour,Play computer games,1994
11 years,4 to 6 hours,Watch VCR movies,1994
15 years,10 hours or more,Play computer games,1998
13 years,Less than 1 hour,Watch VCR movies,1998
15 years,10 hours or more,Play computer games,1998
15 years,10 hours or more,Watch VCR movies,1994
11 years,7 to 9 hours,Watch VCR movies,1990
15 years,1 to 3 hours,Watch VCR movies,1998
11 years,Not at all,Watch VCR movies,1994
15 years,4 to 6 hours,Watch VCR movies,1994
11 years,7 to 9 hours,Watch VCR movies,1994
11 years,Not at all,Play computer games,1990
13 years,Less than 1 hour,Watch VCR movies,1994
13 years,4 to 6 hours,Watch VCR movies,1990
15 years,1 to 3 hours,Play computer games,1998
15 years,10 hours or more,Watch VCR movies,1990
11 years,7 to 9 hours,Watch VCR movies,1994
13 years,10 hours or more,Play computer games,1994
11 years,Not at all,Watch VCR movies,1998
11 years,Not at all,Play computer games,1998
11 years,4 to 6 hours,Play computer games,1998
15 years,4 to 6 hours,Watch VCR movies,1990
15 years,Less than 1 hour,Watch VCR movies,1994
15 years,10 hours or more,Play computer games,1994
15 years,10 hours or more,Watch VCR movies,1994
13 years,Less than 1 hour,Play computer games,1994
15 years,10 hours or more,Watch VCR movies,1998
11 years,10 hours or more,Watch VCR movies,1994
13 years,1 to 3 hours,Watch VCR movies,1998
13 years,Less than 1 hour,Play computer games,1994
15 years,7 to 9 hours,Watch VCR movies,1998
13 years,10 hours or more,Play computer games,1998
11 years,Not at all,Play computer games,1994
11 years,10 hours or more,Play computer games,1990
15 years,Less than 1 hour,Watch VCR movies,1990
11 years,Less than 1 hour,Watch VCR movies,1990
11 years,1 to 3 hours,Watch VCR movies,1990
13 years,7 to 9 hours,Play computer games,1998
11 years,1 to 3 hours,Watch VCR movies,1990
11 years,10 hours or more,Play computer games,1998
13 years,Less than 1 hour,Play computer games,1998
11 years,10 hours or more,Watch VCR movies,1998
15 years,Less than 1 hour,Play computer games,1998
15 years,10 hours or more,Watch VCR movies,1994
13 years,Less than 1 hour,Play computer games,1998
15 years,4 to 6 hours,Watch VCR movies,1994
15 years,7 to 9 hours,Play computer games,1994
13 years,7 to 9 hours,Watch VCR movies,1998
15 years,7 to 9 hours,Play computer games,1990
13 years,Less than 1 hour,Watch VCR movies,1998
13 years,1 to 3 hours,Play computer games,1998
11 years,Not at all,Play computer games,1994
15 years,10 hours or more,Watch VCR movies,1998
15 years,Not at all,Play computer games,1994
13 years,Less than 1 hour,Watch VCR movies,1990
11 years,10 hours or more,Watch VCR movies,1998
11 years,10 hours or more,Play computer games,1998
15 years,Less than 1 hour,Play computer games,1998
13 years,10 hours or more,Watch VCR movies,1994
11 years,10 hours or more,Watch VCR movies,1998
13 years,Less than 1 hour,Watch VCR movies,1994
15 years,10 hours or more,Play computer games,1998
11 years,4 to 6 hours,Play computer games,1990
13 years,7 to 9 hours,Watch VCR movies,1998
15 years,Less than 1 hour,Play computer games,1994
11 years,10 hours or more,Watch VCR movies,1994
13 years,4 to 6 hours,Play computer games,1994
11 years,Less than 1 hour,Watch VCR movies,1998
15 years,1 to 3 hours,Play computer games,1994
11 years,4 to 6 hours,Play computer games,1998
15 years,4 to 6 hours,Watch VCR movies,1998
15 years,1 to 3 hours,Play computer games,1998
11 years,7 to 9 hours,Play computer games,1990
13 years,10 hours or more,Watch VCR movies,1998
13 years,Not at all,Watch VCR movies,1994
15 years,4 to 6 hours,Play computer games,1998
15 years,Not at all,Play computer games,1998
13 years,10 hours or more,Play computer games,1994
13 years,4 to 6 hours,Watch VCR movies,1994
15 years,4 to 6 hours,Watch VCR movies,1990
15 years,1 to 3 hours,Play computer games,1998
13 years,1 to 3 hours,Watch VCR movies,1990
11 years,4 to 6 hours,Watch VCR movies,1994
13 years,1 to 3 hours,Watch VCR movies,1994
13 years,4 to 6 hours,Play computer games,1998
15 years,10 hours or more,Play computer games,1994
11 years,1 to 3 hours,Play computer games,1994
13 years,Not at all,Play computer games,1998
11 years,Less than 1 hour,Watch VCR movies,1998
15 years,4 to 6 hours,Play computer games,1990
11 years,7 to 9 hours,Play computer games,1998
15 years,Not at all,Watch VCR movies,1990
13 years,4 to 6 hours,Watch VCR movies,1998
15 years,10 hours or more,Play computer games,1998
11 years,Not at all,Play computer games,1990
11 years,4 to 6 hours,Watch VCR movies,1990
15 years,Less than 1 hour,Play computer games,1998
13 years,10 hours or more,Play computer games,1994
13 years,10 hours or more,Watch VCR movies,1998
15 years,7 to 9 hours,Watch VCR movies,1998
11 years,Less than 1 hour,Play computer games,1994
13 years,Not at all,Play computer games,1994
15 years,Not at all,Watch VCR movies,1998
15 years,Less than 1 hour,Watch VCR movies,1990
13 years,10 hours or more,Play computer games,1998
11 years,4 to 6 hours,Play computer games,1994
11 years,10 hours or more,Play computer games,1998
11 years,10 hours or more,Watch VCR movies,1994
15 years,Less than 1 hour,Watch VCR movies,1998
13 years,1 to 3 hours,Watch VCR movies,1998
15 years,1 to 3 hours,Watch VCR movies,1994
15 years,Less than 1 hour,Play computer games,1998
11 years,10 hours or more,Watch VCR movies,1998
11 years,10 hours or more,Watch VCR movies,1998
13 years,1 to 3 hours,Watch VCR movies,1998
11 years,7 to 9 hours,Play computer games,1998
13 years,10 hours or more,Watch VCR movies,1998
15 years,Not at all,Watch VCR movies,1998
15 years,7 to 9 hours,Watch VCR movies,1994
11 years,1 to 3 hours,Watch VCR movies,1994
15 years,10 hours or more,Play computer games,1998
15 years,Not at all,Watch VCR movies,1994
13 years,Less than 1 hour,Play computer games,1990
13 years,Less than 1 hour,Watch VCR movies,1998
11 years,4 to 6 hours,Watch VCR movies,1994
15 years,Less than 1 hour,Watch VCR movies,1998
15 years,1 to 3 hours,Play computer games,1998
15 years,10 hours or more,Watch VCR movies,1994
13 years,4 to 6 hours,Watch VCR movies,1998
15 years,7 to 9 hours,Watch VCR movies,1990
11 years,7 to 9 hours,Play computer games,1990
13 years,7 to 9 hours,Play computer games,1998
11 years,1 to 3 hours,Play computer games,1998
13 years,10 hours or more,Watch VCR movies,1998
11 years,10 hours or more,Play computer games,1998
15 years,Less than 1 hour,Watch VCR movies,1998
13 years,1 to 3 hours,Watch VCR movies,1998
11 years,1 to 3 hours,Watch VCR movies,1998
13 years,1 to 3 hours,Play computer games,1998
11 years,4 to 6 hours,Watch VCR movies,1994
13 years,Not at all,Watch VCR movies,1994
11 years,4 to 6 hours,Watch VCR movies,1994
11 years,1 to 3 hours,Watch VCR movies,1990
13 years,7 to 9 hours,Watch VCR movies,1994
11 years,7 to 9 hours,Watch VCR movies,1998
11 years,10 hours or more,Play computer games,1998
15 years,Less than 1 hour,Play computer games,1994
13 years,Less than 1 hour,Play computer games,1990
13 years,1 to 3 hours,Play computer games,1994
15 years,Less than 1 hour,Play computer games,1998
13 years,10 hours or more,Watch VCR movies,1998
13 years,10 hours or more,Play computer games,1994
11 years,Not at all,Play computer games,1998
13 years,10 hours or more,Play computer games,1998
13 years,1 to 3 hours,Play computer games,1994
11 years,7 to 9 hours,Play computer games,1998
11 years,Less than 1 hour,Watch VCR movies,1994
11 years,1 to 3 hours,Watch VCR movies,1998
11 years,4 to 6 hours,Watch VCR movies,1994
13 years,Not at all,Play computer games,1994
11 years,4 to 6 hours,Watch VCR movies,1998
11 years,Not at all,Watch VCR movies,1994
13 years,Less than 1 hour,Watch VCR movies,1994
13 years,Less than 1 hour,Play computer games,1998
15 years,Not at all,Watch VCR movies,1994
15 years,Less than 1 hour,Watch VCR movies,1998
13 years,1 to 3 hours,Watch VCR movies,1994
15 years,Not at all,Play computer games,1994
13 years,1 to 3 hours,Watch VCR movies,1994
11 years,4 to 6 hours,Watch VCR movies,1998
15 years,10 hours or more,Watch VCR movies,1994
11 years,10 hours or more,Play computer games,1994
13 years,10 hours or more,Play computer games,1994
11 years,Less than 1 hour,Play computer games,1998
13 years,1 to 3 hours,Play computer games,1990
11 years,Not at all,Watch VCR movies,1994
15 years,Less than 1 hour,Watch VCR movies,1998
11 years,10 hours or more,Watch VCR movies,1994
15 years,Not at all,Watch VCR movies,1998
13 years,7 to 9 hours,Play computer games,1998
15 years,1 to 3 hours,Watch VCR movies,1990
15 years,7 to 9 hours,Watch VCR movies,1998
11 years,7 to 9 hours,Play computer games,1994
13 years,4 to 6 hours,Watch VCR movies,1990
11 years,1 to 3 hours,Watch VCR movies,1998
13 years,4 to 6 hours,Play computer games,1994
15 years,7 to 9 hours,Play computer games,1998
11 years,1 to 3 hours,Play computer games,1994
11 years,Not at all,Watch VCR movies,1998
15 years,4 to 6 hours,Play computer games,1994
15 years,4 to 6 hours,Play computer games,1994
15 years,7 to 9 hours,Play computer games,1998
15 years,4 to 6 hours,Watch VCR movies,1998
15 years,7 to 9 hours,Play computer games,1998
13 years,Not at all,Play computer games,1994
11 years,Less than 1 hour,Watch VCR movies,1994
11 years,10 hours or more,Watch VCR movies,1998
15 years,1 to 3 hours,Watch VCR movies,1994
11 years,7 to 9 hours,Play computer games,1998
13 years,7 to 9 hours,Watch VCR movies,1998
15 years,Not at all,Watch VCR movies,1994
13 years,7 to 9 hours,Play computer games,1998
11 years,Less than 1 hour,Watch VCR movies,1994
13 years,7 to 9 hours,Watch VCR movies,1994
15 years,10 hours or more,Watch VCR movies,1994
15 years,4 to 6 hours,Play computer games,1990
13 years,Less than 1 hour,Watch VCR movies,1994
11 years,4 to 6 hours,Watch VCR movies,1998
13 years,7 to 9 hours,Play computer games,1994
11 years,Less than 1 hour,Watch VCR movies,1998
15 years,Less than 1 hour,Watch VCR movies,1994
11 years,10 hours or more,Watch VCR movies,1990
15 years,10 hours or more,Play computer games,1990
15 years,Less than 1 hour,Watch VCR movies,1998
15 years,Less than 1 hour,Play computer games,1998
11 years,1 to 3 hours,Play computer games,1994
15 years,Less than 1 hour,Play computer games,1998
15 years,4 to 6 hours,Watch VCR movies,1994
13 years,4 to 6 hours,Play computer games,1994
11 years,4 to 6 hours,Play computer games,1994
13 years,10 hours or more,Play computer games,1998
11 years,Not at all,Watch VCR movies,1998
11 years,10 hours or more,Play computer games,1994
15 years,7 to 9 hours,Watch VCR movies,1998
11 years,4 to 6 hours,Watch VCR movies,1998
13 years,7 to 9 hours,Watch VCR movies,1998
13 years,7 to 9 hours,Watch VCR movies,1994
13 years,10 hours or more,Play computer games,1998
13 years,1 to 3 hours,Watch VCR movies,1990
13 years,10 hours or more,Play computer games,1994
11 years,7 to 9 hours,Watch VCR movies,1998
11 years,10 hours or more,Play computer games,1998
11 years,7 to 9 hours,Play computer games,1998
13 years,Less than 1 hour,Watch VCR movies,1990
15 years,Not at all,Play computer games,1998
13 years,1 to 3 hours,Play computer games,1998
13 years,1 to 3 hours,Play computer games,1998
11 years,7 to 9 hours,Play computer games,1990
15 years,7 to 9 hours,Play computer games,1998
11 years,Not at all,Play computer games,1990
11 years,1 to 3 hours,Watch VCR movies,1998
15 years,10 hours or more,Watch VCR movies,1994
13 years,4 to 6 hours,Play computer games,1994
15 years,Less than 1 hour,Watch VCR movies,1998
13 years,Less than 1 hour,Play computer games,1998
15 years,Less than 1 hour,Play computer games,1994
13 years,10 hours or more,Play computer games,1994
11 years,7 to 9 hours,Play computer games,1998
15 years,1 to 3 hours,Play computer games,1998
11 years,4 to 6 hours,Play computer games,1994
15 years,10 hours or more,Play computer games,1994
13 years,4 to 6 hours,Watch VCR movies,1998
15 years,Not at all,Watch VCR movies,1994
13 years,4 to 6 hours,Watch VCR movies,1994
13 years,10 hours or more,Watch VCR movies,1998
13 years,Less than 1 hour,Play computer games,1998
15 years,Not at all,Watch VCR movies,1994
11 years,10 hours or more,Watch VCR movies,1998
15 years,7 to 9 hours,Watch VCR movies,1994
13 years,Not at all,Watch VCR movies,1994
15 years,1 to 3 hours,Play computer games,1998
15 years,4 to 6 hours,Watch VCR movies,1998
13 years,7 to 9 hours,Watch VCR movies,1998
15 years,Less than 1 hour,Play computer games,1990
11 years,1 to 3 hours,Play computer games,1990
15 years,1 to 3 hours,Play computer games,1994
15 years,4 to 6 hours,Watch VCR movies,1994
13 years,Less than 1 hour,Play computer games,1998
13 years,Not at all,Play computer games,1998
13 years,Less than 1 hour,Watch VCR movies,1998
11 years,Not at all,Play computer games,1994
11 years,4 to 6 hours,Play computer games,1994
11 years,Not at all,Watch VCR movies,1994
13 years,Less than 1 hour,Play computer games,1998
11 years,10 hours or more,Play computer games,1994
13 years,Not at all,Play computer games,1994
15 years,10 hours or more,Watch VCR movies,1990
13 years,7 to 9 hours,Watch VCR movies,1990
11 years,10 hours or more,Play computer games,1994
15 years,1 to 3 hours,Play computer games,1994
11 years,7 to 9 hours,Play computer games,1998
13 years,4 to 6 hours,Watch VCR movies,1990
11 years,7 to 9 hours,Watch VCR movies,1994
13 years,Less than 1 hour,Watch VCR movies,1994
11 years,4 to 6 hours,Play computer games,1994
15 years,Less than 1 hour,Play computer games,1998
13 years,10 hours or more,Play computer games,1994
13 years,Not at all,Watch VCR movies,1998
15 years,4 to 6 hours,Play computer games,1994
13 years,7 to 9 hours,Watch VCR movies,1994
15 years,Not at all,Play computer games,1998
11 years,10 hours or more,Play computer games,1994
15 years,Not at all,Watch VCR movies,1998
13 years,1 to 3 hours,Play computer games,1998
13 years,Less than 1 hour,Watch VCR movies,1994
13 years,4 to 6 hours,Watch VCR movies,1998
11 years,Not at all,Watch VCR movies,1998
15 years,Less than 1 hour,Watch VCR movies,1994
13 years,Less than 1 hour,Watch VCR movies,1998
15 years,7 to 9 hours,Play computer games,1998
13 years,4 to 6 hours,Play computer games,1994
11 years,4 to 6 hours,Play computer games,1998
11 years,Not at all,Play computer games,1994
13 years,1 to 3 hours,Play computer games,1994
11 years,Not at all,Play computer games,1990
11 years,4 to 6 hours,Play computer games,1998
11 years,1 to 3 hours,Play computer games,1998
11 years,7 to 9 hours,Watch VCR movies,1998
13 years,Not at all,Watch VCR movies,1994
13 years,Not at all,Play computer games,1998
13 years,10 hours or more,Watch VCR movies,1998
11 years,Not at all,Play computer games,1994
15 years,Less than 1 hour,Watch VCR movies,1998
13 years,4 to 6 hours,Play computer games,1994
11 years,4 to 6 hours,Watch VCR movies,1990
11 years,7 to 9 hours,Play computer games,1990
15 years,Less than 1 hour,Watch VCR movies,1994
15 years,10 hours or more,Play computer games,1990
11 years,1 to 3 hours,Watch VCR movies,1998
11 years,Not at all,Watch VCR movies,1990
15 years,7 to 9 hours,Play computer games,1998
13 years,7 to 9 hours,Play computer games,1994
15 years,Not at all,Play computer games,1990
15 years,4 to 6 hours,Play computer games,1998
15 years,7 to 9 hours,Watch VCR movies,1990
13 years,7 to 9 hours,Play computer games,1998
13 years,7 to 9 hours,Watch VCR movies,1998
15 years,1 to 3 hours,Watch VCR movies,1990
15 years,Not at all,Play computer games,1998
11 years,4 to 6 hours,Play computer games,1994
15 years,1 to 3 hours,Watch VCR movies,1998
13 years,4 to 6 hours,Watch VCR movies,1990
11 years,4 to 6 hours,Play computer games,1994
15 years,Less than 1 hour,Play computer games,1998
15 years,1 to 3 hours,Watch VCR movies,1990
11 years,10 hours or more,Watch VCR movies,1998
11 years,1 to 3 hours,Watch VCR movies,1998
13 years,7 to 9 hours,Play computer games,1994
11 years,7 to 9 hours,Play computer games,1994
13 years,10 hours or more,Watch VCR movies,1994
15 years,7 to 9 hours,Watch VCR movies,1998
13 years,1 to 3 hours,Play computer games,1994
11 years,10 hours or more,Watch VCR movies,1998
11 years,Less than 1 hour,Play computer games,1990
15 years,10 hours or more,Play computer games,1994
15 years,Not at all,Watch VCR movies,1998
15 years,Not at all,Play computer games,1994
13 years,10 hours or more,Play computer games,1998
15 years,7 to 9 hours,Play computer games,1994
13 years,Less than 1 hour,Play computer games,1998
11 years,7 to 9 hours,Play computer games,1998
13 years,1 to 3 hours,Watch VCR movies,1998
11 years,7 to 9 hours,Play computer games,1994
11 years,Less than 1 hour,Play computer games,1990
13 years,7 to 9 hours,Watch VCR movies,1994
13 years,7 to 9 hours,Watch VCR movies,1994
11 years,4 to 6 hours,Play computer games,1998
15 years,1 to 3 hours,Watch VCR movies,1998
11 years,Not at all,Play computer games,1994
13 years,4 to 6 hours,Play computer games,1998
13 years,7 to 9 hours,Watch VCR movies,1994
11 years,7 to 9 hours,Play computer games,1994
13 years,10 hours or more,Watch VCR movies,1998
13 years,Not at all,Watch VCR movies,1998
13 years,7 to 9 hours,Watch VCR movies,1998
15 years,10 hours or more,Watch VCR movies,1994
11 years,7 to 9 hours,Watch VCR movies,1998
11 years,Not at all,Play computer games,1998
15 years,7 to 9 hours,Watch VCR movies,1990
13 years,1 to 3 hours,Play computer games,1998
11 years,7 to 9 hours,Watch VCR movies,1994
13 years,4 to 6 hours,Watch VCR movies,1994
15 years,Not at all,Watch VCR movies,1994
13 years,Less than 1 hour,Watch VCR movies,1998
13 years,7 to 9 hours,Watch VCR movies,1994
11 years,7 to 9 hours,Play computer games,1998
15 years,1 to 3 hours,Play computer games,1994
11 years,1 to 3 hours,Watch VCR movies,1998
11 years,4 to 6 hours,Play computer games,1990
11 years,7 to 9 hours,Watch VCR movies,1994
13 years,Not at all,Watch VCR movies,1998
11 years,1 to 3 hours,Watch VCR movies,1990
13 years,10 hours or more,Play computer games,1990
13 years,1 to 3 hours,Watch VCR movies,1998
13 years,4 to 6 hours,Watch VCR movies,1994
15 years,10 hours or more,Play computer games,1994
13 years,Less than 1 hour,Watch VCR movies,1998
11 years,7 to 9 hours,Play computer games,1998
13 years,10 hours or more,Watch VCR movies,1998
13 years,Not at all,Watch VCR movies,1994
11 years,Not at all,Play computer games,1994
11 years,10 hours or more,Watch VCR movies,1994
15 years,1 to 3 hours,Watch VCR movies,1998
15 years,Not at all,Watch VCR movies,1990
13 years,10 hours or more,Play computer games,1994
13 years,10 hours or more,Watch VCR movies,1990
13 years,10 hours or more,Play computer games,1998
15 years,4 to 6 hours,Play computer games,1994
11 years,Not at all,Play computer games,1998
13 years,Not at all,Watch VCR movies,1998
13 years,4 to 6 hours,Play computer games,1998
15 years,1 to 3 hours,Watch VCR movies,1994
13 years,7 to 9 hours,Play computer games,1990
13 years,1 to 3 hours,Watch VCR movies,1990
13 years,10 hours or more,Watch VCR movies,1994
15 years,4 to 6 hours,Play computer games,1998
13 years,Less than 1 hour,Watch VCR movies,1994
13 years,4 to 6 hours,Watch VCR movies,1990
15 years,4 to 6 hours,Play computer games,1994
15 years,7 to 9 hours,Watch VCR movies,1998
11 years,Less than 1 hour,Watch VCR movies,1994
11 years,7 to 9 hours,Play computer games,1990
13 years,Not at all,Play computer games,1998
13 years,4 to 6 hours,Watch VCR movies,1998
15 years,Not at all,Play computer games,1998
15 years,10 hours or more,Watch VCR movies,1994
15 years,1 to 3 hours,Watch VCR movies,1998
15 years,1 to 3 hours,Play computer games,1994
15 years,7 to 9 hours,Play computer games,1994
13 years,1 to 3 hours,Watch VCR movies,1998
15 years,1 to 3 hours,Play computer games,1998
15 years,10 hours or more,Watch VCR movies,1998
11 years,4 to 6 hours,Watch VCR movies,1998
11 years,4 to 6 hours,Watch VCR movies,1994
11 years,7 to 9 hours,Play computer games,1998
11 years,10 hours or more,Watch VCR movies,1998
15 years,7 to 9 hours,Play computer games,1994
15 years,10 hours or more,Watch VCR movies,1994
13 years,7 to 9 hours,Watch VCR movies,1998
13 years,1 to 3 hours,Watch VCR movies,1990
11 years,1 to 3 hours,Play computer games,1994
13 years,1 to 3 hours,Watch VCR movies,1994
13 years,10 hours or more,Play computer games,1994
13 years,7 to 9 hours,Play computer games,1998
11 years,Not at all,Play computer games,1994
13 years,4 to 6 hours,Watch VCR movies,1990
13 years,Less than 1 hour,Play computer games,1994
13 years,7 to 9 hours,Watch VCR movies,1994
11 years,4 to 6 hours,Play computer games,1998
11 years,4 to 6 hours,Watch VCR movies,1994
13 years,1 to 3 hours,Play computer games,1994
15 years,Less than 1 hour,Watch VCR movies,1994
15 years,1 to 3 hours,Play computer games,1998
15 years,Not at all,Watch VCR movies,1998
11 years,1 to 3 hours,Play computer games,1994
13 years,Less than 1 hour,Watch VCR movies,1994
13 years,Less than 1 hour,Play computer games,1998
13 years,7 to 9 hours,Watch VCR movies,1994
11 years,Less than 1 hour,Play computer games,1990
13 years,4 to 6 hours,Play computer games,1998
15 years,Not at all,Watch VCR movies,1990
15 years,Not at all,Watch VCR movies,1998
13 years,1 to 3 hours,Play computer games,1994
13 years,4 to 6 hours,Watch VCR movies,1990
13 years,1 to 3 hours,Play computer games,1994
15 years,4 to 6 hours,Watch VCR movies,1998
13 years,Less than 1 hour,Play computer games,1994
11 years,10 hours or more,Watch VCR movies,1994
11 years,7 to 9 hours,Play computer games,1998
15 years,4 to 6 hours,Play computer games,1994
11 years,10 hours or more,Play computer games,1998
13 years,7 to 9 hours,Watch VCR movies,1998
13 years,Less than 1 hour,Watch VCR movies,1998
13 years,7 to 9 hours,Watch VCR movies,1998
11 years,4 to 6 hours,Watch VCR movies,1998
15 years,1 to 3 hours,Play computer games,1994
11 years,10 hours or more,Play computer games,1998
15 years,Not at all,Play computer games,1990
13 years,4 to 6 hours,Play computer games,1994
11 years,Less than 1 hour,Watch VCR movies,1998
11 years,Less than 1 hour,Play computer games,1998
15 years,10 hours or more,Watch VCR movies,1998
13 years,4 to 6 hours,Watch VCR movies,1990
11 years,10 hours or more,Watch VCR movies,1990
11 years,Not at all,Play computer games,1990
11 years,7 to 9 hours,Play computer games,1994
11 years,Not at all,Play computer games,1998
13 years,1 to 3 hours,Watch VCR movies,1990
15 years,Less than 1 hour,Watch VCR movies,1998
11 years,10 hours or more,Play computer games,1994
15 years,10 hours or more,Play computer games,1998
13 years,4 to 6 hours,Play computer games,1998
13 years,Not at all,Play computer games,1994
13 years,4 to 6 hours,Watch VCR movies,1990
11 years,Not at all,Play computer games,1994
11 years,7 to 9 hours,Watch VCR movies,1998
15 years,Less than 1 hour,Watch VCR movies,1998
13 years,4 to 6 hours,Watch VCR movies,1990
15 years,Not at all,Play computer games,1994
13 years,1 to 3 hours,Play computer games,1994
13 years,Not at all,Play computer games,1994
11 years,Less than 1 hour,Play computer games,1994
15 years,4 to 6 hours,Watch VCR movies,1990
11 years,Not at all,Watch VCR movies,1998
13 years,4 to 6 hours,Play computer games,1998
11 years,7 to 9 hours,Watch VCR movies,1998
13 years,1 to 3 hours,Play computer games,1998
15 years,1 to 3 hours,Watch VCR movies,1998
15 years,Not at all,Watch VCR movies,1998
15 years,10 hours or more,Play computer games,1994
15 years,1 to 3 hours,Watch VCR movies,1994
15 years,10 hours or more,Play computer games,1998
15 years,Not at all,Play computer games,1998
11 years,Less than 1 hour,Watch VCR movies,1998
15 years,10 hours or more,Play computer games,1994
11 years,Not at all,Watch VCR movies,1994
11 years,4 to 6 hours,Watch VCR movies,1994
13 years,7 to 9 hours,Play computer games,1994
15 years,4 to 6 hours,Play computer games,1998
11 years,7 to 9 hours,Watch VCR movies,1998
13 years,4 to 6 hours,Watch VCR movies,1990
15 years,4 to 6 hours,Play computer games,1994
13 years,10 hours or more,Watch VCR movies,1990
15 years,1 to 3 hours,Play computer games,1998
11 years,10 hours or more,Watch VCR movies,1990
15 years,Not at all,Watch VCR movies,1990
13 years,4 to 6 hours,Watch VCR movies,1998
11 years,Less than 1 hour,Watch VCR movies,1998
11 years,4 to 6 hours,Watch VCR movies,1998
11 years,Less than 1 hour,Play computer games,1990
11 years,10 hours or more,Play computer games,1994
13 years,10 hours or more,Watch VCR movies,1994
15 years,10 hours or more,Watch VCR movies,1994
11 years,10 hours or more,Play computer games,1998
13 years,Not at all,Play computer games,1998
11 years,4 to 6 hours,Watch VCR movies,1998
15 years,7 to 9 hours,Watch VCR movies,1998
13 years,Less than 1 hour,Watch VCR movies,1998
11 years,7 to 9 hours,Play computer games,1994
13 years,7 to 9 hours,Play computer games,1998
15 years,7 to 9 hours,Play computer games,1994
13 years,4 to 6 hours,Play computer games,1998
15 years,Less than 1 hour,Watch VCR movies,1994
15 years,Less than 1 hour,Play computer games,1994
11 years,Less than 1 hour,Play computer games,1994
15 years,7 to 9 hours,Play computer games,1990
11 years,1 to 3 hours,Play computer games,1998
15 years,1 to 3 hours,Play computer games,1994
15 years,Less than 1 hour,Play computer games,1994
13 years,Not at all,Play computer games,1994
11 years,7 to 9 hours,Play computer games,1994
13 years,7 to 9 hours,Watch VCR movies,1998
15 years,10 hours or more,Watch VCR movies,1994
11 years,Less than 1 hour,Play computer games,1994
13 years,4 to 6 hours,Watch VCR movies,1998
15 years,1 to 3 hours,Watch VCR movies,1994
11 years,Less than 1 hour,Watch VCR movies,1994
13 years,10 hours or more,Play computer games,1994
11 years,Not at all,Watch VCR movies,1994
15 years,4 to 6 hours,Play computer games,1998
13 years,10 hours or more,Watch VCR movies,1994
15 years,Not at all,Play computer games,1994
15 years,4 to 6 hours,Play computer games,1990
13 years,Not at all,Watch VCR movies,1998
11 years,4 to 6 hours,Play computer games,1998
11 years,Not at all,Play computer games,1998
13 years,4 to 6 hours,Watch VCR movies,1998
11 years,1 to 3 hours,Watch VCR movies,1998
15 years,7 to 9 hours,Play computer games,1998
13 years,Not at all,Watch VCR movies,1998
15 years,Not at all,Play computer games,1998
15 years,7 to 9 hours,Play computer games,1998
15 years,1 to 3 hours,Watch VCR movies,1998
13 years,Not at all,Watch VCR movies,1998
11 years,Not at all,Watch VCR movies,1990
15 years,Not at all,Watch VCR movies,1994
15 years,4 to 6 hours,Play computer games,1998
13 years,Not at all,Play computer games,1998
15 years,10 hours or more,Play computer games,1998
15 years,1 to 3 hours,Watch VCR movies,1994
15 years,Not at all,Play computer games,1998
13 years,4 to 6 hours,Play computer games,1994
15 years,4 to 6 hours,Play computer games,1998
13 years,4 to 6 hours,Watch VCR movies,1998
11 years,Less than 1 hour,Play computer games,1998
13 years,Less than 1 hour,Watch VCR movies,1998
13 years,1 to 3 hours,Watch VCR movies,1998
15 years,4 to 6 hours,Play computer games,1994
11 years,1 to 3 hours,Play computer games,1998
13 years,4 to 6 hours,Watch VCR movies,1990
15 years,4 to 6 hours,Play computer games,1990
15 years,Less than 1 hour,Watch VCR movies,1990
13 years,7 to 9 hours,Watch VCR movies,1990
15 years,Less than 1 hour,Watch VCR movies,1998
15 years,1 to 3 hours,Play computer games,1994
13 years,1 to 3 hours,Watch VCR movies,1994
11 years,10 hours or more,Play computer games,1998
15 years,7 to 9 hours,Watch VCR movies,1994
15 years,Less than 1 hour,Play computer games,1994
15 years,4 to 6 hours,Watch VCR movies,1990
15 years,Less than 1 hour,Watch VCR movies,1998
13 years,4 to 6 hours,Watch VCR movies,1994
11 years,Less than 1 hour,Watch VCR movies,1998
11 years,Not at all,Play computer games,1994
13 years,10 hours or more,Watch VCR movies,1990
11 years,7 to 9 hours,Play computer games,1994
13 years,10 hours or more,Play computer games,1998
11 years,7 to 9 hours,Watch VCR movies,1998
15 years,Less than 1 hour,Play computer games,1994
13 years,7 to 9 hours,Watch VCR movies,1998
11 years,Not at all,Watch VCR movies,1998
13 years,1 to 3 hours,Play computer games,1994
15 years,Less than 1 hour,Watch VCR movies,1994
11 years,Not at all,Watch VCR movies,1990
11 years,4 to 6 hours,Watch VCR movies,1998
15 years,1 to 3 hours,Watch VCR movies,1994
15 years,4 to 6 hours,Play computer games,1994
15 years,Less than 1 hour,Watch VCR movies,1994
11 years,Not at all,Play computer games,1990
11 years,4 to 6 hours,Play computer games,1994
11 years,Not at all,Play computer games,1998
11 years,1 to 3 hours,Play computer games,1998
13 years,1 to 3 hours,Play computer games,1998
11 years,1 to 3 hours,Play computer games,1990
13 years,10 hours or more,Watch VCR movies,1998
13 years,1 to 3 hours,Watch VCR movies,1998
13 years,4 to 6 hours,Play computer games,1994
15 years,1 to 3 hours,Watch VCR movies,1994
15 years,4 to 6 hours,Play computer games,1994
11 years,Not at all,Watch VCR movies,1994
13 years,1 to 3 hours,Watch VCR movies,1998
11 years,4 to 6 hours,Watch VCR movies,1994
13 years,Less than 1 hour,Play computer games,1994
15 years,4 to 6 hours,Play computer games,1994
11 years,Less than 1 hour,Play computer games,1990
15 years,7 to 9 hours,Watch VCR movies,1994
13 years,Not at all,Play computer games,1994
15 years,1 to 3 hours,Watch VCR movies,1998
13 years,4 to 6 hours,Play computer games,1990
11 years,Less than 1 hour,Watch VCR movies,1994
13 years,Not at all,Play computer games,1994
11 years,10 hours or more,Watch VCR movies,1998
13 years,4 to 6 hours,Play computer games,1994
11 years,10 hours or more,Play computer games,1990
11 years,Not at all,Play computer games,1994
13 years,10 hours or more,Play computer games,1994
11 years,4 to 6 hours,Watch VCR movies,1990
13 years,10 hours or more,Watch VCR movies,1990
15 years,Less than 1 hour,Watch VCR movies,1998
13 years,Less than 1 hour,Play computer games,1990
13 years,7 to 9 hours,Watch VCR movies,1994
13 years,4 to 6 hours,Watch VCR movies,1998
15 years,1 to 3 hours,Play computer games,1994
11 years,10 hours or more,Play computer games,1990
13 years,1 to 3 hours,Watch VCR movies,1998
11 years,Not at all,Play computer games,1994
11 years,10 hours or more,Play computer games,1994
11 years,4 to 6 hours,Watch VCR movies,1998
15 years,Less than 1 hour,Watch VCR movies,1994
11 years,7 to 9 hours,Watch VCR movies,1990
13 years,7 to 9 hours,Watch VCR movies,1998
11 years,10 hours or more,Play computer games,1990
13 years,10 hours or more,Watch VCR movies,1998
15 years,7 to 9 hours,Play computer games,1998
13 years,1 to 3 hours,Play computer games,1998
13 years,4 to 6 hours,Watch VCR movies,1994
13 years,4 to 6 hours,Play computer games,1990
15 years,7 to 9 hours,Watch VCR movies,1994
15 years,10 hours or more,Watch VCR movies,1994
11 years,4 to 6 hours,Play computer games,1998
11 years,1 to 3 hours,Play computer games,1990
15 years,10 hours or more,Watch VCR movies,1998
15 years,1 to 3 hours,Play computer games,1998
13 years,1 to 3 hours,Play computer games,1998
13 years,7 to 9 hours,Play computer games,1994
15 years,Less than 1 hour,Play computer games,1990
15 years,7 to 9 hours,Watch VCR movies,1998
11 years,1 to 3 hours,Play computer games,1990
15 years,Less than 1 hour,Play computer games,1998
11 years,Not at all,Watch VCR movies,1998
15 years,4 to 6 hours,Watch VCR movies,1998
15 years,1 to 3 hours,Play computer games,1998
11 years,1 to 3 hours,Watch VCR movies,1990
13 years,Not at all,Play computer games,1998
11 years,10 hours or more,Play computer games,1994
13 years,4 to 6 hours,Watch VCR movies,1994
11 years,Less than 1 hour,Watch VCR movies,1994
13 years,7 to 9 hours,Play computer games,1998
11 years,Less than 1 hour,Watch VCR movies,1994
15 years,7 to 9 hours,Play computer games,1998
11 years,1 to 3 hours,Play computer games,1994
13 years,Not at all,Play computer games,1998
13 years,4 to 6 hours,Play computer games,1998
13 years,4 to 6 hours,Play computer games,1998
15 years,Less than 1 hour,Watch VCR movies,1998
15 years,7 to 9 hours,Watch VCR movies,1998
11 years,Less than 1 hour,Play computer games,1998
11 years,1 to 3 hours,Play computer games,1998
15 years,Not at all,Watch VCR movies,1990
11 years,10 hours or more,Play computer games,1994
13 years,Not at all,Play computer games,1998
13 years,10 hours or more,Play computer games,1998
13 years,10 hours or more,Play computer games,1998
11 years,4 to 6 hours,Watch VCR movies,1998
13 years,1 to 3 hours,Play computer games,1994
15 years,4 to 6 hours,Watch VCR movies,1994
15 years,1 to 3 hours,Play computer games,1994
13 years,7 to 9 hours,Watch VCR movies,1998
15 years,4 to 6 hours,Play computer games,1998
15 years,1 to 3 hours,Watch VCR movies,1994
13 years,7 to 9 hours,Play computer games,1994
15 years,7 to 9 hours,Watch VCR movies,1994
11 years,4 to 6 hours,Play computer games,1994
13 years,1 to 3 hours,Watch VCR movies,1994
15 years,Not at all,Play computer games,1994
11 years,Less than 1 hour,Watch VCR movies,1990
11 years,Not at all,Play computer games,1998
15 years,Not at all,Watch VCR movies,1994
15 years,7 to 9 hours,Watch VCR movies,1990
13 years,1 to 3 hours,Watch VCR movies,1990
13 years,10 hours or more,Play computer games,1990
11 years,1 to 3 hours,Watch VCR movies,1994
11 years,1 to 3 hours,Play computer games,1994
11 years,10 hours or more,Watch VCR movies,1990
15 years,4 to 6 hours,Watch VCR movies,1998
15 years,10 hours or more,Play computer games,1998
11 years,7 to 9 hours,Play computer games,1998
11 years,1 to 3 hours,Play computer games,1994
15 years,10 hours or more,Watch VCR movies,1998
11 years,Not at all,Play computer games,1998
11 years,1 to 3 hours,Play computer games,1998
15 years,Not at all,Watch VCR movies,1998
13 years,4 to 6 hours,Play computer games,1990
15 years,Less than 1 hour,Watch VCR movies,1998
13 years,Not at all,Play computer games,1994
11 years,7 to 9 hours,Watch VCR movies,1994
15 years,1 to 3 hours,Watch VCR movies,1994
15 years,Not at all,Play computer games,1994
11 years,10 hours or more,Play computer games,1998
13 years,1 to 3 hours,Watch VCR movies,1994
15 years,1 to 3 hours,Watch VCR movies,1994
15 years,7 to 9 hours,Watch VCR movies,1998
11 years,7 to 9 hours,Watch VCR movies,1994
15 years,7 to 9 hours,Watch VCR movies,1994
11 years,Less than 1 hour,Watch VCR movies,1998
13 years,7 to 9 hours,Watch VCR movies,1994
15 years,Less than 1 hour,Play computer games,1998
15 years,4 to 6 hours,Play computer games,1998
15 years,1 to 3 hours,Play computer games,1990
13 years,7 to 9 hours,Watch VCR movies,1994
15 years,7 to 9 hours,Watch VCR movies,1998
11 years,7 to 9 hours,Play computer games,1998
15 years,Less than 1 hour,Play computer games,1998
11 years,4 to 6 hours,Play computer games,1998
11 years,Less than 1 hour,Play computer games,1994
15 years,4 to 6 hours,Watch VCR movies,1994
11 years,Less than 1 hour,Play computer games,1998
15 years,7 to 9 hours,Watch VCR movies,1994
15 years,Not at all,Play computer games,1994
11 years,4 to 6 hours,Play computer games,1994
15 years,Not at all,Watch VCR movies,1998
13 years,Less than 1 hour,Watch VCR movies,1998
13 years,Not at all,Play computer games,1998
15 years,7 to 9 hours,Play computer games,1994
11 years,1 to 3 hours,Play computer games,1994
13 years,4 to 6 hours,Watch VCR movies,1998
15 years,10 hours or more,Watch VCR movies,1994
15 years,7 to 9 hours,Watch VCR movies,1998
15 years,7 to 9 hours,Play computer games,1994
13 years,Less than 1 hour,Watch VCR movies,1998
11 years,Less than 1 hour,Play computer games,1998
13 years,7 to 9 hours,Watch VCR movies,1994
15 years,Not at all,Play computer games,1994
13 years,1 to 3 hours,Watch VCR movies,1998
15 years,4 to 6 hours,Watch VCR movies,1994
13 years,Less than 1 hour,Play computer games,1990
11 years,10 hours or more,Watch VCR movies,1998
13 years,7 to 9 hours,Watch VCR movies,1994
15 years,7 to 9 hours,Watch VCR movies,1990
15 years,7 to 9 hours,Play computer games,1998
11 years,Not at all,Watch VCR movies,1990
13 years,Less than 1 hour,Watch VCR movies,1994
13 years,1 to 3 hours,Watch VCR movies,1990
15 years,7 to 9 hours,Watch VCR movies,1994
13 years,Less than 1 hour,Watch VCR movies,1994
11 years,Not at all,Play computer games,1994
11 years,10 hours or more,Watch VCR movies,1994
15 years,Not at all,Play computer games,1990
13 years,1 to 3 hours,Play computer games,1998
11 years,Not at all,Watch VCR movies,1994
11 years,10 hours or more,Play computer games,1990
11 years,10 hours or more,Play computer games,1990
15 years,Less than 1 hour,Watch VCR movies,1990
15 years,Less than 1 hour,Watch VCR movies,1994
15 years,10 hours or more,Watch VCR movies,1998
15 years,10 hours or more,Watch VCR movies,1990
15 years,10 hours or more,Play computer games,1994
13 years,10 hours or more,Watch VCR movies,1998
13 years,7 to 9 hours,Play computer games,1990
13 years,1 to 3 hours,Watch VCR movies,1994
15 years,Not at all,Play computer games,1998
15 years,7 to 9 hours,Play computer games,1990
13 years,Less than 1 hour,Play computer games,1998
15 years,1 to 3 hours,Play computer games,1994
13 years,1 to 3 hours,Watch VCR movies,1990
13 years,Less than 1 hour,Watch VCR movies,1998
11 years,1 to 3 hours,Watch VCR movies,1994
15 years,Not at all,Watch VCR movies,1994
11 years,1 to 3 hours,Play computer games,1998
11 years,Less than 1 hour,Play computer games,1994
13 years,10 hours or more,Watch VCR movies,1998
13 years,Less than 1 hour,Play computer games,1994
15 years,Not at all,Play computer games,1994
11 years,4 to 6 hours,Play computer games,1998
11 years,4 to 6 hours,Play computer games,1998
15 years,Not at all,Watch VCR movies,1994
11 years,Less than 1 hour,Watch VCR movies,1990
15 years,10 hours or more,Play computer games,1998
11 years,Not at all,Watch VCR movies,1990
11 years,4 to 6 hours,Play computer games,1994
11 years,7 to 9 hours,Play computer games,1998
15 years,1 to 3 hours,Play computer games,1998
11 years,Less than 1 hour,Watch VCR movies,1998
13 years,Less than 1 hour,Watch VCR movies,1990
15 years,Not at all,Play computer games,1998
11 years,7 to 9 hours,Watch VCR movies,1994
13 years,1 to 3 hours,Play computer games,1990
13 years,Not at all,Play computer games,1998
13 years,10 hours or more,Play computer games,1994
15 years,10 hours or more,Play computer games,1998
11 years,Not at all,Watch VCR movies,1998
11 years,1 to 3 hours,Watch VCR movies,1994
15 years,10 hours or more,Play computer games,1998
15 years,Less than 1 hour,Watch VCR movies,1998
13 years,Less than 1 hour,Watch VCR movies,1990
11 years,1 to 3 hours,Play computer games,1990
15 years,1 to 3 hours,Watch VCR movies,1998
13 years,7 to 9 hours,Watch VCR movies,1994
13 years,1 to 3 hours,Play computer games,1990
15 years,Not at all,Play computer games,1998
13 years,Less than 1 hour,Watch VCR movies,1994
11 years,Less than 1 hour,Play computer games,1998
15 years,10 hours or more,Play computer games,1990
15 years,Less than 1 hour,Watch VCR movies,1998
11 years,Less than 1 hour,Watch VCR movies,1994
13 years,Less than 1 hour,Watch VCR movies,1998
11 years,4 to 6 hours,Watch VCR movies,1998
15 years,4 to 6 hours,Watch VCR movies,1998
13 years,4 to 6 hours,Play computer games,1994
11 years,4 to 6 hours,Play computer games,1998
13 years,4 to 6 hours,Watch VCR movies,1994
15 years,10 hours or more,Watch VCR movies,1990
11 years,10 hours or more,Watch VCR movies,1994
13 years,Less than 1 hour,Watch VCR movies,1998
13 years,1 to 3 hours,Play computer games,1998
11 years,4 to 6 hours,Watch VCR movies,1990
15 years,4 to 6 hours,Watch VCR movies,1990
15 years,1 to 3 hours,Play computer games,1994
13 years,1 to 3 hours,Watch VCR movies,1994
11 years,10 hours or more,Play computer games,1994
13 years,10 hours or more,Play computer games,1998
11 years,10 hours or more,Play computer games,1998
11 years,1 to 3 hours,Watch VCR movies,1998
13 years,Not at all,Watch VCR movies,1998
15 years,1 to 3 hours,Play computer games,1998
13 years,1 to 3 hours,Watch VCR movies,1994
13 years,4 to 6 hours,Watch VCR movies,1998
11 years,4 to 6 hours,Watch VCR movies,1998
15 years,10 hours or more,Play computer games,1990
13 years,Not at all,Watch VCR movies,1994
13 years,Less than 1 hour,Watch VCR movies,1994
13 years,Not at all,Play computer games,1990
15 years,4 to 6 hours,Play computer games,1998
11 years,10 hours or more,Play computer games,1990
13 years,Not at all,Watch VCR movies,1990
11 years,Not at all,Play computer games,1994
15 years,10 hours or more,Watch VCR movies,1990
11 years,Not at all,Watch VCR movies,1998
13 years,7 to 9 hours,Play computer games,1994
11 years,Less than 1 hour,Watch VCR movies,1998
15 years,Less than 1 hour,Watch VCR movies,1990
15 years,4 to 6 hours,Watch VCR movies,1998
11 years,7 to 9 hours,Watch VCR movies,1998
13 years,10 hours or more,Play computer games,1998
13 years,7 to 9 hours,Play computer games,1994
13 years,Less than 1 hour,Play computer games,1998
15 years,7 to 9 hours,Watch VCR movies,1998
13 years,10 hours or more,Watch VCR movies,1998
13 years,7 to 9 hours,Watch VCR movies,1998
13 years,10 hours or more,Play computer games,1994
13 years,Not at all,Watch VCR movies,1998
11 years,Not at all,Watch VCR movies,1994
13 years,4 to 6 hours,Play computer games,1998
11 years,1 to 3 hours,Watch VCR movies,1994
11 years,10 hours or more,Play computer games,1998
15 years,Less than 1 hour,Play computer games,1994
15 years,4 to 6 hours,Play computer games,1990
13 years,Not at all,Watch VCR movies,1994
11 years,10 hours or more,Watch VCR movies,1990
11 years,Not at all,Play computer games,1998
13 years,1 to 3 hours,Play computer games,1994
11 years,Not at all,Watch VCR movies,1998
13 years,10 hours or more,Play computer games,1994
11 years,10 hours or more,Watch VCR movies,1994
11 years,10 hours or more,Watch VCR movies,1998
13 years,7 to 9 hours,Watch VCR movies,1998
15 years,4 to 6 hours,Watch VCR movies,1998
15 years,Not at all,Watch VCR movies,1998
13 years,10 hours or more,Watch VCR movies,1998
11 years,1 to 3 hours,Watch VCR movies,1994
15 years,Less than 1 hour,Play computer games,1994
15 years,Not at all,Play computer games,1998
15 years,7 to 9 hours,Play computer games,1994
11 years,7 to 9 hours,Watch VCR movies,1994
13 years,10 hours or more,Watch VCR movies,1994
13 years,Not at all,Play computer games,1998
15 years,7 to 9 hours,Play computer games,1998
11 years,Not at all,Watch VCR movies,1998
13 years,4 to 6 hours,Watch VCR movies,1994
15 years,1 to 3 hours,Watch VCR movies,1998
13 years,1 to 3 hours,Play computer games,1990
11 years,1 to 3 hours,Watch VCR movies,1998
11 years,Less than 1 hour,Watch VCR movies,1994
11 years,Less than 1 hour,Play computer games,1994
15 years,7 to 9 hours,Watch VCR movies,1998
13 years,4 to 6 hours,Play computer games,1990
11 years,Less than 1 hour,Play computer games,1990
15 years,4 to 6 hours,Watch VCR movies,1994
15 years,7 to 9 hours,Play computer games,1994
11 years,1 to 3 hours,Watch VCR movies,1994
11 years,7 to 9 hours,Play computer games,1998
11 years,Less than 1 hour,Play computer games,1998
11 years,7 to 9 hours,Play computer games,1994
