Time spent,Age group,Activity,"ï»¿""REF_DATE"""
Less than 1 hour,11 years,Play computer games,1998
1 to 3 hours,11 years,Play computer games,1998
7 to 9 hours,11 years,Play computer games,1994
Less than 1 hour,11 years,Watch VCR movies,1990
Not at all,15 years,Play computer games,1998
Not at all,11 years,Watch VCR movies,1994
4 to 6 hours,13 years,Watch VCR movies,1994
Less than 1 hour,11 years,Watch VCR movies,1994
Not at all,11 years,Watch VCR movies,1998
Less than 1 hour,13 years,Watch VCR movies,1998
Not at all,15 years,Play computer games,1994
1 to 3 hours,13 years,Watch VCR movies,1994
Not at all,13 years,Play computer games,1994
7 to 9 hours,11 years,Watch VCR movies,1998
7 to 9 hours,11 years,Watch VCR movies,1998
4 to 6 hours,15 years,Play computer games,1994
10 hours or more,11 years,Watch VCR movies,1998
4 to 6 hours,15 years,Watch VCR movies,1998
1 to 3 hours,13 years,Play computer games,1998
7 to 9 hours,11 years,Play computer games,1998
Less than 1 hour,11 years,Watch VCR movies,1990
7 to 9 hours,15 years,Play computer games,1994
7 to 9 hours,15 years,Watch VCR movies,1994
7 to 9 hours,13 years,Watch VCR movies,1998
Not at all,15 years,Play computer games,1994
Less than 1 hour,15 years,Play computer games,1998
4 to 6 hours,13 years,Play computer games,1994
10 hours or more,11 years,Watch VCR movies,1994
Not at all,15 years,Play computer games,1998
10 hours or more,15 years,Play computer games,1998
1 to 3 hours,13 years,Play computer games,1998
Less than 1 hour,13 years,Play computer games,1990
1 to 3 hours,13 years,Watch VCR movies,1994
4 to 6 hours,15 years,Watch VCR movies,1998
10 hours or more,11 years,Play computer games,1994
Less than 1 hour,13 years,Watch VCR movies,1998
7 to 9 hours,13 years,Play computer games,1990
7 to 9 hours,15 years,Play computer games,1990
10 hours or more,15 years,Watch VCR movies,1990
Not at all,11 years,Watch VCR movies,1998
Less than 1 hour,11 years,Watch VCR movies,1994
Less than 1 hour,13 years,Watch VCR movies,1990
10 hours or more,11 years,Watch VCR movies,1998
Not at all,11 years,Play computer games,1998
Not at all,13 years,Watch VCR movies,1994
1 to 3 hours,15 years,Play computer games,1990
Not at all,11 years,Play computer games,1998
4 to 6 hours,13 years,Watch VCR movies,1998
1 to 3 hours,11 years,Play computer games,1998
4 to 6 hours,11 years,Watch VCR movies,1990
4 to 6 hours,15 years,Watch VCR movies,1998
1 to 3 hours,15 years,Watch VCR movies,1998
10 hours or more,15 years,Play computer games,1998
1 to 3 hours,15 years,Play computer games,1994
1 to 3 hours,15 years,Play computer games,1998
Not at all,11 years,Play computer games,1998
4 to 6 hours,13 years,Play computer games,1998
Less than 1 hour,11 years,Watch VCR movies,1994
10 hours or more,15 years,Play computer games,1998
1 to 3 hours,15 years,Play computer games,1998
Not at all,13 years,Play computer games,1998
1 to 3 hours,13 years,Play computer games,1994
Not at all,15 years,Watch VCR movies,1998
Less than 1 hour,15 years,Watch VCR movies,1994
4 to 6 hours,11 years,Watch VCR movies,1998
Less than 1 hour,15 years,Play computer games,1990
4 to 6 hours,11 years,Play computer games,1998
1 to 3 hours,15 years,Play computer games,1990
Less than 1 hour,11 years,Watch VCR movies,1998
7 to 9 hours,15 years,Watch VCR movies,1998
10 hours or more,13 years,Play computer games,1990
10 hours or more,15 years,Play computer games,1994
1 to 3 hours,11 years,Watch VCR movies,1994
Not at all,11 years,Play computer games,1998
10 hours or more,11 years,Play computer games,1990
7 to 9 hours,15 years,Play computer games,1998
Not at all,15 years,Play computer games,1994
1 to 3 hours,13 years,Watch VCR movies,1998
1 to 3 hours,15 years,Play computer games,1998
Less than 1 hour,13 years,Play computer games,1998
4 to 6 hours,11 years,Watch VCR movies,1998
Less than 1 hour,15 years,Play computer games,1994
1 to 3 hours,15 years,Watch VCR movies,1994
4 to 6 hours,15 years,Watch VCR movies,1994
Less than 1 hour,11 years,Watch VCR movies,1994
Not at all,13 years,Play computer games,1998
Not at all,15 years,Watch VCR movies,1998
1 to 3 hours,11 years,Watch VCR movies,1998
1 to 3 hours,15 years,Play computer games,1998
4 to 6 hours,13 years,Play computer games,1994
Less than 1 hour,11 years,Watch VCR movies,1990
1 to 3 hours,11 years,Play computer games,1998
1 to 3 hours,15 years,Watch VCR movies,1998
Not at all,13 years,Watch VCR movies,1990
1 to 3 hours,13 years,Watch VCR movies,1998
7 to 9 hours,15 years,Watch VCR movies,1998
7 to 9 hours,13 years,Watch VCR movies,1990
4 to 6 hours,15 years,Watch VCR movies,1994
Not at all,13 years,Play computer games,1994
10 hours or more,13 years,Watch VCR movies,1998
Less than 1 hour,15 years,Play computer games,1998
Not at all,11 years,Play computer games,1990
Less than 1 hour,15 years,Play computer games,1998
Not at all,13 years,Play computer games,1998
Not at all,13 years,Watch VCR movies,1994
10 hours or more,15 years,Play computer games,1994
7 to 9 hours,13 years,Play computer games,1998
4 to 6 hours,13 years,Play computer games,1998
Not at all,13 years,Play computer games,1998
4 to 6 hours,15 years,Play computer games,1994
4 to 6 hours,11 years,Watch VCR movies,1994
4 to 6 hours,15 years,Play computer games,1990
4 to 6 hours,13 years,Play computer games,1998
10 hours or more,13 years,Play computer games,1994
7 to 9 hours,11 years,Play computer games,1990
7 to 9 hours,13 years,Watch VCR movies,1990
Less than 1 hour,13 years,Watch VCR movies,1998
7 to 9 hours,15 years,Watch VCR movies,1990
Not at all,15 years,Play computer games,1998
Less than 1 hour,15 years,Watch VCR movies,1994
Not at all,15 years,Watch VCR movies,1998
1 to 3 hours,13 years,Play computer games,1990
7 to 9 hours,13 years,Watch VCR movies,1998
Less than 1 hour,15 years,Watch VCR movies,1998
7 to 9 hours,11 years,Watch VCR movies,1998
4 to 6 hours,11 years,Watch VCR movies,1990
7 to 9 hours,13 years,Watch VCR movies,1994
4 to 6 hours,11 years,Watch VCR movies,1990
10 hours or more,13 years,Play computer games,1998
4 to 6 hours,15 years,Play computer games,1994
4 to 6 hours,13 years,Watch VCR movies,1998
4 to 6 hours,15 years,Play computer games,1998
4 to 6 hours,13 years,Play computer games,1998
Not at all,13 years,Watch VCR movies,1998
Not at all,11 years,Play computer games,1998
10 hours or more,11 years,Play computer games,1994
4 to 6 hours,13 years,Play computer games,1994
Not at all,13 years,Watch VCR movies,1998
Not at all,13 years,Play computer games,1998
4 to 6 hours,15 years,Watch VCR movies,1994
Less than 1 hour,15 years,Watch VCR movies,1998
7 to 9 hours,15 years,Play computer games,1994
7 to 9 hours,13 years,Watch VCR movies,1990
Not at all,15 years,Watch VCR movies,1998
Not at all,13 years,Play computer games,1994
Less than 1 hour,11 years,Play computer games,1998
10 hours or more,15 years,Play computer games,1994
4 to 6 hours,11 years,Play computer games,1998
1 to 3 hours,15 years,Play computer games,1990
1 to 3 hours,11 years,Watch VCR movies,1994
Less than 1 hour,15 years,Play computer games,1990
4 to 6 hours,13 years,Play computer games,1990
7 to 9 hours,15 years,Watch VCR movies,1994
Less than 1 hour,13 years,Watch VCR movies,1994
Not at all,13 years,Play computer games,1994
10 hours or more,15 years,Watch VCR movies,1994
4 to 6 hours,15 years,Play computer games,1998
7 to 9 hours,11 years,Play computer games,1998
1 to 3 hours,11 years,Play computer games,1998
4 to 6 hours,11 years,Play computer games,1998
Not at all,11 years,Play computer games,1994
Less than 1 hour,11 years,Watch VCR movies,1994
7 to 9 hours,11 years,Play computer games,1998
Less than 1 hour,11 years,Watch VCR movies,1994
10 hours or more,15 years,Play computer games,1998
Not at all,11 years,Watch VCR movies,1998
10 hours or more,11 years,Watch VCR movies,1998
10 hours or more,15 years,Play computer games,1998
7 to 9 hours,13 years,Watch VCR movies,1994
4 to 6 hours,15 years,Play computer games,1998
10 hours or more,13 years,Play computer games,1994
Not at all,13 years,Play computer games,1994
Not at all,11 years,Play computer games,1990
Not at all,15 years,Play computer games,1998
Less than 1 hour,13 years,Play computer games,1998
Less than 1 hour,15 years,Play computer games,1994
10 hours or more,15 years,Watch VCR movies,1998
1 to 3 hours,15 years,Watch VCR movies,1998
Not at all,11 years,Play computer games,1994
Not at all,15 years,Play computer games,1994
10 hours or more,13 years,Play computer games,1994
Less than 1 hour,11 years,Play computer games,1998
Not at all,11 years,Watch VCR movies,1998
4 to 6 hours,15 years,Watch VCR movies,1998
1 to 3 hours,15 years,Play computer games,1998
10 hours or more,13 years,Play computer games,1998
1 to 3 hours,15 years,Play computer games,1994
Less than 1 hour,11 years,Watch VCR movies,1998
1 to 3 hours,13 years,Watch VCR movies,1994
4 to 6 hours,13 years,Watch VCR movies,1994
4 to 6 hours,13 years,Watch VCR movies,1998
1 to 3 hours,11 years,Watch VCR movies,1994
Less than 1 hour,13 years,Watch VCR movies,1994
10 hours or more,13 years,Watch VCR movies,1998
10 hours or more,13 years,Watch VCR movies,1994
1 to 3 hours,13 years,Play computer games,1998
7 to 9 hours,11 years,Play computer games,1994
Not at all,15 years,Play computer games,1998
4 to 6 hours,13 years,Play computer games,1990
1 to 3 hours,11 years,Play computer games,1998
Not at all,11 years,Play computer games,1994
1 to 3 hours,13 years,Play computer games,1998
Less than 1 hour,11 years,Watch VCR movies,1998
1 to 3 hours,13 years,Play computer games,1994
1 to 3 hours,13 years,Watch VCR movies,1998
10 hours or more,11 years,Watch VCR movies,1994
10 hours or more,15 years,Watch VCR movies,1998
10 hours or more,13 years,Play computer games,1990
Not at all,11 years,Play computer games,1990
7 to 9 hours,11 years,Watch VCR movies,1990
10 hours or more,11 years,Play computer games,1994
Not at all,15 years,Watch VCR movies,1998
10 hours or more,13 years,Watch VCR movies,1998
Not at all,13 years,Play computer games,1994
7 to 9 hours,15 years,Watch VCR movies,1994
1 to 3 hours,11 years,Play computer games,1998
1 to 3 hours,13 years,Play computer games,1994
1 to 3 hours,13 years,Watch VCR movies,1990
Not at all,11 years,Play computer games,1994
4 to 6 hours,13 years,Watch VCR movies,1998
Less than 1 hour,11 years,Watch VCR movies,1994
10 hours or more,13 years,Play computer games,1994
7 to 9 hours,15 years,Play computer games,1994
Less than 1 hour,15 years,Watch VCR movies,1994
4 to 6 hours,13 years,Play computer games,1994
7 to 9 hours,13 years,Play computer games,1998
Less than 1 hour,13 years,Play computer games,1994
4 to 6 hours,15 years,Watch VCR movies,1994
1 to 3 hours,13 years,Watch VCR movies,1998
7 to 9 hours,11 years,Watch VCR movies,1998
4 to 6 hours,13 years,Watch VCR movies,1998
Not at all,11 years,Play computer games,1994
10 hours or more,11 years,Play computer games,1998
Less than 1 hour,13 years,Watch VCR movies,1994
1 to 3 hours,13 years,Watch VCR movies,1998
4 to 6 hours,15 years,Play computer games,1998
Less than 1 hour,13 years,Play computer games,1998
7 to 9 hours,15 years,Play computer games,1998
Less than 1 hour,15 years,Watch VCR movies,1998
Less than 1 hour,13 years,Play computer games,1994
7 to 9 hours,13 years,Watch VCR movies,1998
Less than 1 hour,11 years,Play computer games,1994
Not at all,13 years,Watch VCR movies,1990
10 hours or more,11 years,Play computer games,1998
10 hours or more,11 years,Play computer games,1994
Less than 1 hour,15 years,Play computer games,1998
4 to 6 hours,15 years,Watch VCR movies,1990
Less than 1 hour,15 years,Watch VCR movies,1994
Less than 1 hour,11 years,Play computer games,1998
10 hours or more,15 years,Watch VCR movies,1998
7 to 9 hours,11 years,Play computer games,1998
Less than 1 hour,15 years,Watch VCR movies,1998
Less than 1 hour,15 years,Play computer games,1990
7 to 9 hours,11 years,Watch VCR movies,1994
Less than 1 hour,11 years,Play computer games,1994
7 to 9 hours,15 years,Watch VCR movies,1990
Not at all,13 years,Play computer games,1998
7 to 9 hours,15 years,Watch VCR movies,1994
1 to 3 hours,15 years,Watch VCR movies,1994
10 hours or more,13 years,Play computer games,1990
7 to 9 hours,11 years,Play computer games,1990
10 hours or more,13 years,Watch VCR movies,1998
10 hours or more,15 years,Play computer games,1994
7 to 9 hours,15 years,Watch VCR movies,1994
10 hours or more,13 years,Watch VCR movies,1990
4 to 6 hours,11 years,Play computer games,1998
Not at all,13 years,Watch VCR movies,1990
Less than 1 hour,11 years,Play computer games,1990
1 to 3 hours,15 years,Play computer games,1994
7 to 9 hours,11 years,Play computer games,1990
10 hours or more,13 years,Watch VCR movies,1998
Less than 1 hour,11 years,Play computer games,1990
Not at all,15 years,Watch VCR movies,1998
Less than 1 hour,11 years,Watch VCR movies,1994
7 to 9 hours,15 years,Watch VCR movies,1998
10 hours or more,11 years,Watch VCR movies,1998
Less than 1 hour,11 years,Watch VCR movies,1990
10 hours or more,15 years,Play computer games,1990
7 to 9 hours,11 years,Watch VCR movies,1998
1 to 3 hours,15 years,Watch VCR movies,1990
4 to 6 hours,15 years,Play computer games,1990
10 hours or more,13 years,Watch VCR movies,1994
1 to 3 hours,11 years,Play computer games,1994
4 to 6 hours,11 years,Watch VCR movies,1994
1 to 3 hours,15 years,Play computer games,1994
Less than 1 hour,15 years,Play computer games,1994
4 to 6 hours,13 years,Play computer games,1990
10 hours or more,11 years,Watch VCR movies,1998
Less than 1 hour,11 years,Watch VCR movies,1994
Less than 1 hour,11 years,Play computer games,1990
10 hours or more,11 years,Watch VCR movies,1998
Not at all,13 years,Watch VCR movies,1990
7 to 9 hours,15 years,Watch VCR movies,1990
1 to 3 hours,13 years,Play computer games,1998
4 to 6 hours,15 years,Watch VCR movies,1998
Less than 1 hour,13 years,Watch VCR movies,1998
1 to 3 hours,13 years,Watch VCR movies,1998
7 to 9 hours,13 years,Play computer games,1990
7 to 9 hours,13 years,Play computer games,1998
1 to 3 hours,15 years,Play computer games,1998
4 to 6 hours,11 years,Watch VCR movies,1998
Not at all,11 years,Watch VCR movies,1998
7 to 9 hours,11 years,Watch VCR movies,1994
7 to 9 hours,15 years,Watch VCR movies,1998
Less than 1 hour,11 years,Watch VCR movies,1994
7 to 9 hours,15 years,Watch VCR movies,1990
1 to 3 hours,11 years,Play computer games,1998
Less than 1 hour,11 years,Watch VCR movies,1998
Not at all,15 years,Play computer games,1994
Not at all,11 years,Watch VCR movies,1998
10 hours or more,13 years,Watch VCR movies,1990
Less than 1 hour,15 years,Watch VCR movies,1998
4 to 6 hours,15 years,Play computer games,1998
7 to 9 hours,11 years,Watch VCR movies,1990
7 to 9 hours,15 years,Watch VCR movies,1990
10 hours or more,13 years,Watch VCR movies,1990
1 to 3 hours,13 years,Play computer games,1998
4 to 6 hours,11 years,Watch VCR movies,1994
10 hours or more,11 years,Play computer games,1994
7 to 9 hours,11 years,Play computer games,1998
1 to 3 hours,15 years,Watch VCR movies,1994
10 hours or more,13 years,Watch VCR movies,1994
10 hours or more,11 years,Play computer games,1998
Not at all,13 years,Play computer games,1990
10 hours or more,15 years,Watch VCR movies,1994
Not at all,11 years,Play computer games,1998
10 hours or more,13 years,Watch VCR movies,1994
4 to 6 hours,11 years,Play computer games,1990
Less than 1 hour,13 years,Play computer games,1994
1 to 3 hours,13 years,Watch VCR movies,1994
7 to 9 hours,15 years,Play computer games,1998
1 to 3 hours,15 years,Play computer games,1994
1 to 3 hours,13 years,Watch VCR movies,1998
4 to 6 hours,11 years,Watch VCR movies,1994
10 hours or more,11 years,Watch VCR movies,1990
10 hours or more,15 years,Play computer games,1998
10 hours or more,13 years,Play computer games,1998
Not at all,15 years,Play computer games,1994
4 to 6 hours,13 years,Play computer games,1994
Not at all,13 years,Play computer games,1990
10 hours or more,11 years,Play computer games,1990
10 hours or more,15 years,Watch VCR movies,1998
1 to 3 hours,11 years,Play computer games,1998
1 to 3 hours,15 years,Watch VCR movies,1990
7 to 9 hours,13 years,Play computer games,1994
Less than 1 hour,13 years,Watch VCR movies,1994
10 hours or more,13 years,Watch VCR movies,1990
Less than 1 hour,15 years,Watch VCR movies,1994
7 to 9 hours,11 years,Watch VCR movies,1998
7 to 9 hours,15 years,Watch VCR movies,1994
Less than 1 hour,11 years,Watch VCR movies,1994
7 to 9 hours,11 years,Watch VCR movies,1998
7 to 9 hours,13 years,Play computer games,1998
Not at all,13 years,Watch VCR movies,1994
1 to 3 hours,11 years,Watch VCR movies,1994
Less than 1 hour,11 years,Play computer games,1998
7 to 9 hours,11 years,Watch VCR movies,1998
1 to 3 hours,11 years,Watch VCR movies,1998
1 to 3 hours,15 years,Watch VCR movies,1998
4 to 6 hours,13 years,Watch VCR movies,1994
10 hours or more,11 years,Watch VCR movies,1990
7 to 9 hours,15 years,Play computer games,1998
7 to 9 hours,11 years,Watch VCR movies,1994
10 hours or more,11 years,Play computer games,1998
10 hours or more,11 years,Play computer games,1998
1 to 3 hours,13 years,Watch VCR movies,1994
4 to 6 hours,13 years,Play computer games,1994
Less than 1 hour,15 years,Watch VCR movies,1998
Less than 1 hour,15 years,Watch VCR movies,1998
4 to 6 hours,15 years,Play computer games,1998
4 to 6 hours,13 years,Watch VCR movies,1994
4 to 6 hours,15 years,Play computer games,1994
4 to 6 hours,15 years,Watch VCR movies,1990
4 to 6 hours,13 years,Watch VCR movies,1990
1 to 3 hours,11 years,Play computer games,1998
4 to 6 hours,15 years,Watch VCR movies,1998
Less than 1 hour,13 years,Play computer games,1998
Not at all,13 years,Play computer games,1994
1 to 3 hours,15 years,Play computer games,1994
4 to 6 hours,11 years,Watch VCR movies,1998
Less than 1 hour,11 years,Watch VCR movies,1994
Not at all,15 years,Watch VCR movies,1998
4 to 6 hours,11 years,Watch VCR movies,1998
1 to 3 hours,11 years,Watch VCR movies,1998
Less than 1 hour,15 years,Play computer games,1990
7 to 9 hours,13 years,Play computer games,1998
1 to 3 hours,15 years,Watch VCR movies,1990
Not at all,13 years,Play computer games,1994
4 to 6 hours,13 years,Watch VCR movies,1994
7 to 9 hours,13 years,Watch VCR movies,1994
10 hours or more,15 years,Play computer games,1994
10 hours or more,13 years,Play computer games,1994
7 to 9 hours,13 years,Watch VCR movies,1994
10 hours or more,13 years,Watch VCR movies,1994
Not at all,13 years,Play computer games,1998
Less than 1 hour,13 years,Play computer games,1994
Not at all,13 years,Watch VCR movies,1994
10 hours or more,11 years,Watch VCR movies,1998
10 hours or more,11 years,Watch VCR movies,1994
4 to 6 hours,11 years,Play computer games,1990
Not at all,11 years,Play computer games,1990
4 to 6 hours,11 years,Watch VCR movies,1998
4 to 6 hours,15 years,Watch VCR movies,1994
Not at all,15 years,Play computer games,1994
Less than 1 hour,15 years,Play computer games,1990
7 to 9 hours,11 years,Watch VCR movies,1994
10 hours or more,11 years,Play computer games,1990
Less than 1 hour,15 years,Play computer games,1994
4 to 6 hours,15 years,Play computer games,1998
1 to 3 hours,13 years,Watch VCR movies,1998
4 to 6 hours,13 years,Play computer games,1994
Less than 1 hour,13 years,Play computer games,1994
4 to 6 hours,15 years,Watch VCR movies,1998
7 to 9 hours,11 years,Watch VCR movies,1990
1 to 3 hours,11 years,Watch VCR movies,1994
Not at all,11 years,Watch VCR movies,1998
10 hours or more,11 years,Watch VCR movies,1990
10 hours or more,15 years,Play computer games,1994
7 to 9 hours,11 years,Play computer games,1990
Less than 1 hour,13 years,Play computer games,1998
10 hours or more,11 years,Play computer games,1998
7 to 9 hours,11 years,Watch VCR movies,1994
1 to 3 hours,13 years,Watch VCR movies,1990
1 to 3 hours,13 years,Watch VCR movies,1990
4 to 6 hours,15 years,Play computer games,1998
Less than 1 hour,13 years,Watch VCR movies,1998
7 to 9 hours,15 years,Play computer games,1994
4 to 6 hours,13 years,Play computer games,1994
10 hours or more,11 years,Play computer games,1994
7 to 9 hours,13 years,Watch VCR movies,1998
Not at all,11 years,Watch VCR movies,1990
7 to 9 hours,11 years,Watch VCR movies,1998
10 hours or more,11 years,Play computer games,1994
Less than 1 hour,11 years,Watch VCR movies,1998
10 hours or more,13 years,Play computer games,1998
Not at all,11 years,Watch VCR movies,1990
1 to 3 hours,15 years,Play computer games,1994
Less than 1 hour,13 years,Play computer games,1998
4 to 6 hours,15 years,Watch VCR movies,1998
7 to 9 hours,13 years,Play computer games,1998
Less than 1 hour,15 years,Watch VCR movies,1990
4 to 6 hours,13 years,Play computer games,1998
Not at all,15 years,Watch VCR movies,1994
1 to 3 hours,11 years,Watch VCR movies,1998
1 to 3 hours,11 years,Play computer games,1994
4 to 6 hours,11 years,Watch VCR movies,1994
Not at all,13 years,Watch VCR movies,1994
Less than 1 hour,13 years,Play computer games,1998
10 hours or more,11 years,Play computer games,1994
Not at all,11 years,Play computer games,1994
1 to 3 hours,15 years,Watch VCR movies,1998
4 to 6 hours,13 years,Play computer games,1998
1 to 3 hours,13 years,Watch VCR movies,1998
Less than 1 hour,15 years,Play computer games,1998
10 hours or more,11 years,Play computer games,1994
Less than 1 hour,13 years,Play computer games,1998
10 hours or more,11 years,Play computer games,1994
4 to 6 hours,13 years,Watch VCR movies,1990
10 hours or more,11 years,Watch VCR movies,1994
10 hours or more,15 years,Watch VCR movies,1994
10 hours or more,11 years,Play computer games,1998
10 hours or more,15 years,Play computer games,1998
1 to 3 hours,15 years,Watch VCR movies,1998
4 to 6 hours,15 years,Watch VCR movies,1990
Not at all,13 years,Watch VCR movies,1994
1 to 3 hours,15 years,Play computer games,1990
1 to 3 hours,13 years,Watch VCR movies,1994
Less than 1 hour,13 years,Play computer games,1994
7 to 9 hours,15 years,Watch VCR movies,1990
Less than 1 hour,13 years,Watch VCR movies,1994
7 to 9 hours,11 years,Play computer games,1998
7 to 9 hours,11 years,Watch VCR movies,1998
1 to 3 hours,13 years,Watch VCR movies,1998
7 to 9 hours,11 years,Play computer games,1994
7 to 9 hours,13 years,Play computer games,1998
1 to 3 hours,13 years,Play computer games,1994
4 to 6 hours,15 years,Play computer games,1998
7 to 9 hours,11 years,Watch VCR movies,1998
10 hours or more,11 years,Watch VCR movies,1990
Not at all,13 years,Watch VCR movies,1998
Less than 1 hour,15 years,Play computer games,1998
4 to 6 hours,15 years,Play computer games,1998
4 to 6 hours,11 years,Watch VCR movies,1998
10 hours or more,15 years,Play computer games,1998
7 to 9 hours,13 years,Watch VCR movies,1998
1 to 3 hours,15 years,Watch VCR movies,1998
Less than 1 hour,11 years,Watch VCR movies,1994
Not at all,13 years,Play computer games,1994
10 hours or more,13 years,Play computer games,1998
7 to 9 hours,13 years,Play computer games,1994
1 to 3 hours,13 years,Watch VCR movies,1994
Not at all,15 years,Play computer games,1998
7 to 9 hours,15 years,Play computer games,1994
7 to 9 hours,11 years,Watch VCR movies,1994
10 hours or more,15 years,Watch VCR movies,1994
Not at all,11 years,Play computer games,1998
Less than 1 hour,13 years,Watch VCR movies,1990
10 hours or more,15 years,Watch VCR movies,1990
4 to 6 hours,11 years,Play computer games,1994
Less than 1 hour,15 years,Watch VCR movies,1998
1 to 3 hours,15 years,Play computer games,1998
Less than 1 hour,11 years,Watch VCR movies,1998
10 hours or more,15 years,Watch VCR movies,1998
10 hours or more,11 years,Play computer games,1994
Less than 1 hour,13 years,Play computer games,1990
10 hours or more,11 years,Play computer games,1994
1 to 3 hours,11 years,Watch VCR movies,1990
7 to 9 hours,13 years,Watch VCR movies,1994
10 hours or more,15 years,Play computer games,1990
7 to 9 hours,11 years,Watch VCR movies,1994
4 to 6 hours,15 years,Play computer games,1994
10 hours or more,13 years,Watch VCR movies,1990
1 to 3 hours,15 years,Play computer games,1994
Less than 1 hour,13 years,Play computer games,1994
1 to 3 hours,11 years,Watch VCR movies,1990
10 hours or more,13 years,Watch VCR movies,1994
7 to 9 hours,15 years,Play computer games,1998
Less than 1 hour,13 years,Play computer games,1998
10 hours or more,11 years,Play computer games,1990
Not at all,11 years,Play computer games,1998
Not at all,15 years,Play computer games,1990
1 to 3 hours,15 years,Watch VCR movies,1990
4 to 6 hours,13 years,Play computer games,1994
Not at all,15 years,Watch VCR movies,1994
Less than 1 hour,13 years,Play computer games,1998
Less than 1 hour,11 years,Watch VCR movies,1990
Not at all,11 years,Watch VCR movies,1994
Less than 1 hour,15 years,Watch VCR movies,1990
4 to 6 hours,11 years,Play computer games,1998
4 to 6 hours,11 years,Play computer games,1998
4 to 6 hours,11 years,Watch VCR movies,1998
4 to 6 hours,13 years,Play computer games,1994
7 to 9 hours,13 years,Watch VCR movies,1994
1 to 3 hours,15 years,Watch VCR movies,1990
4 to 6 hours,15 years,Watch VCR movies,1990
Not at all,11 years,Watch VCR movies,1998
1 to 3 hours,13 years,Play computer games,1994
Less than 1 hour,13 years,Play computer games,1994
Less than 1 hour,13 years,Watch VCR movies,1994
7 to 9 hours,15 years,Watch VCR movies,1994
7 to 9 hours,13 years,Watch VCR movies,1994
Not at all,15 years,Watch VCR movies,1998
10 hours or more,15 years,Play computer games,1998
7 to 9 hours,15 years,Watch VCR movies,1998
1 to 3 hours,15 years,Play computer games,1998
1 to 3 hours,11 years,Watch VCR movies,1998
7 to 9 hours,13 years,Watch VCR movies,1990
Less than 1 hour,15 years,Play computer games,1990
4 to 6 hours,15 years,Watch VCR movies,1998
4 to 6 hours,11 years,Play computer games,1994
Not at all,15 years,Watch VCR movies,1998
10 hours or more,13 years,Play computer games,1998
7 to 9 hours,15 years,Watch VCR movies,1998
4 to 6 hours,11 years,Play computer games,1990
Less than 1 hour,13 years,Play computer games,1994
10 hours or more,13 years,Play computer games,1994
1 to 3 hours,11 years,Play computer games,1990
Less than 1 hour,13 years,Watch VCR movies,1998
10 hours or more,11 years,Watch VCR movies,1990
4 to 6 hours,13 years,Watch VCR movies,1990
Not at all,13 years,Watch VCR movies,1998
4 to 6 hours,11 years,Play computer games,1998
4 to 6 hours,15 years,Watch VCR movies,1990
4 to 6 hours,15 years,Watch VCR movies,1998
4 to 6 hours,15 years,Watch VCR movies,1994
Less than 1 hour,13 years,Watch VCR movies,1998
7 to 9 hours,15 years,Watch VCR movies,1998
Less than 1 hour,13 years,Watch VCR movies,1994
1 to 3 hours,15 years,Play computer games,1994
Less than 1 hour,15 years,Watch VCR movies,1998
1 to 3 hours,11 years,Watch VCR movies,1994
10 hours or more,11 years,Play computer games,1994
10 hours or more,13 years,Watch VCR movies,1998
Less than 1 hour,13 years,Watch VCR movies,1994
4 to 6 hours,13 years,Watch VCR movies,1998
7 to 9 hours,13 years,Play computer games,1990
10 hours or more,13 years,Play computer games,1998
4 to 6 hours,11 years,Watch VCR movies,1998
Less than 1 hour,13 years,Watch VCR movies,1990
Less than 1 hour,11 years,Watch VCR movies,1998
7 to 9 hours,13 years,Play computer games,1998
1 to 3 hours,13 years,Play computer games,1998
4 to 6 hours,13 years,Play computer games,1994
Not at all,13 years,Watch VCR movies,1990
10 hours or more,15 years,Watch VCR movies,1990
1 to 3 hours,13 years,Play computer games,1994
1 to 3 hours,11 years,Watch VCR movies,1998
1 to 3 hours,13 years,Watch VCR movies,1998
Not at all,13 years,Play computer games,1990
Not at all,13 years,Watch VCR movies,1998
1 to 3 hours,11 years,Play computer games,1994
1 to 3 hours,11 years,Play computer games,1990
Not at all,11 years,Play computer games,1998
Less than 1 hour,11 years,Play computer games,1990
10 hours or more,15 years,Play computer games,1998
10 hours or more,15 years,Watch VCR movies,1990
Less than 1 hour,11 years,Play computer games,1998
Less than 1 hour,11 years,Play computer games,1994
4 to 6 hours,13 years,Play computer games,1994
7 to 9 hours,15 years,Watch VCR movies,1998
4 to 6 hours,15 years,Play computer games,1990
4 to 6 hours,15 years,Watch VCR movies,1998
7 to 9 hours,11 years,Play computer games,1994
Less than 1 hour,15 years,Watch VCR movies,1990
Not at all,15 years,Play computer games,1990
Less than 1 hour,15 years,Watch VCR movies,1998
Not at all,13 years,Watch VCR movies,1998
7 to 9 hours,11 years,Watch VCR movies,1994
4 to 6 hours,13 years,Watch VCR movies,1990
Less than 1 hour,15 years,Play computer games,1998
Less than 1 hour,13 years,Play computer games,1998
Less than 1 hour,11 years,Play computer games,1998
10 hours or more,13 years,Play computer games,1994
4 to 6 hours,13 years,Watch VCR movies,1998
10 hours or more,11 years,Play computer games,1998
1 to 3 hours,13 years,Watch VCR movies,1998
1 to 3 hours,13 years,Watch VCR movies,1990
Less than 1 hour,11 years,Play computer games,1998
10 hours or more,13 years,Watch VCR movies,1994
7 to 9 hours,11 years,Play computer games,1994
Less than 1 hour,11 years,Play computer games,1998
Not at all,13 years,Play computer games,1994
7 to 9 hours,13 years,Watch VCR movies,1994
7 to 9 hours,11 years,Play computer games,1994
Not at all,11 years,Watch VCR movies,1998
4 to 6 hours,11 years,Watch VCR movies,1998
Not at all,13 years,Watch VCR movies,1998
Not at all,11 years,Watch VCR movies,1998
Not at all,13 years,Play computer games,1998
1 to 3 hours,15 years,Play computer games,1998
Less than 1 hour,15 years,Watch VCR movies,1994
7 to 9 hours,15 years,Play computer games,1998
Less than 1 hour,13 years,Watch VCR movies,1994
4 to 6 hours,15 years,Watch VCR movies,1994
Not at all,11 years,Watch VCR movies,1990
1 to 3 hours,11 years,Watch VCR movies,1994
10 hours or more,11 years,Watch VCR movies,1998
Not at all,15 years,Watch VCR movies,1990
10 hours or more,13 years,Watch VCR movies,1998
4 to 6 hours,15 years,Play computer games,1998
Not at all,11 years,Play computer games,1994
10 hours or more,13 years,Watch VCR movies,1998
1 to 3 hours,11 years,Play computer games,1994
10 hours or more,15 years,Watch VCR movies,1994
4 to 6 hours,13 years,Watch VCR movies,1998
Not at all,15 years,Play computer games,1990
1 to 3 hours,11 years,Watch VCR movies,1990
10 hours or more,11 years,Play computer games,1994
7 to 9 hours,11 years,Watch VCR movies,1994
10 hours or more,13 years,Play computer games,1998
1 to 3 hours,15 years,Play computer games,1990
4 to 6 hours,13 years,Play computer games,1994
7 to 9 hours,15 years,Watch VCR movies,1994
7 to 9 hours,15 years,Play computer games,1990
Less than 1 hour,13 years,Watch VCR movies,1994
Less than 1 hour,15 years,Play computer games,1990
Less than 1 hour,13 years,Watch VCR movies,1994
1 to 3 hours,11 years,Play computer games,1998
Not at all,11 years,Watch VCR movies,1994
Less than 1 hour,11 years,Watch VCR movies,1994
1 to 3 hours,15 years,Watch VCR movies,1998
Less than 1 hour,15 years,Play computer games,1998
1 to 3 hours,11 years,Play computer games,1998
Not at all,13 years,Watch VCR movies,1990
Less than 1 hour,15 years,Play computer games,1994
Not at all,11 years,Play computer games,1990
4 to 6 hours,15 years,Watch VCR movies,1990
Less than 1 hour,15 years,Watch VCR movies,1998
10 hours or more,15 years,Watch VCR movies,1998
10 hours or more,15 years,Play computer games,1998
1 to 3 hours,15 years,Play computer games,1990
4 to 6 hours,11 years,Play computer games,1998
7 to 9 hours,11 years,Watch VCR movies,1990
1 to 3 hours,13 years,Watch VCR movies,1994
7 to 9 hours,15 years,Play computer games,1990
1 to 3 hours,13 years,Play computer games,1994
10 hours or more,13 years,Play computer games,1994
Less than 1 hour,13 years,Play computer games,1990
Not at all,15 years,Play computer games,1998
10 hours or more,11 years,Watch VCR movies,1994
7 to 9 hours,13 years,Play computer games,1990
7 to 9 hours,15 years,Watch VCR movies,1998
7 to 9 hours,11 years,Watch VCR movies,1994
Less than 1 hour,11 years,Play computer games,1994
10 hours or more,11 years,Watch VCR movies,1998
Not at all,13 years,Watch VCR movies,1998
7 to 9 hours,15 years,Play computer games,1998
Not at all,15 years,Watch VCR movies,1990
Not at all,13 years,Watch VCR movies,1994
7 to 9 hours,11 years,Watch VCR movies,1998
Not at all,13 years,Play computer games,1994
7 to 9 hours,15 years,Watch VCR movies,1998
Less than 1 hour,11 years,Play computer games,1994
10 hours or more,11 years,Watch VCR movies,1990
1 to 3 hours,11 years,Play computer games,1998
4 to 6 hours,11 years,Play computer games,1994
Less than 1 hour,11 years,Play computer games,1998
7 to 9 hours,13 years,Watch VCR movies,1998
4 to 6 hours,13 years,Play computer games,1998
10 hours or more,11 years,Watch VCR movies,1994
7 to 9 hours,11 years,Watch VCR movies,1990
10 hours or more,13 years,Watch VCR movies,1998
4 to 6 hours,11 years,Watch VCR movies,1994
10 hours or more,13 years,Play computer games,1994
10 hours or more,15 years,Play computer games,1990
4 to 6 hours,11 years,Watch VCR movies,1998
4 to 6 hours,15 years,Watch VCR movies,1990
4 to 6 hours,13 years,Play computer games,1994
7 to 9 hours,15 years,Play computer games,1998
10 hours or more,15 years,Play computer games,1994
4 to 6 hours,13 years,Play computer games,1990
4 to 6 hours,13 years,Play computer games,1998
10 hours or more,15 years,Play computer games,1994
Not at all,15 years,Watch VCR movies,1998
Less than 1 hour,13 years,Watch VCR movies,1990
10 hours or more,13 years,Play computer games,1994
7 to 9 hours,13 years,Watch VCR movies,1998
7 to 9 hours,13 years,Play computer games,1994
7 to 9 hours,15 years,Watch VCR movies,1998
Not at all,15 years,Play computer games,1998
10 hours or more,11 years,Play computer games,1998
Not at all,15 years,Play computer games,1998
Less than 1 hour,15 years,Play computer games,1994
10 hours or more,15 years,Play computer games,1998
7 to 9 hours,15 years,Watch VCR movies,1998
1 to 3 hours,15 years,Play computer games,1998
1 to 3 hours,11 years,Play computer games,1990
7 to 9 hours,13 years,Watch VCR movies,1998
Less than 1 hour,15 years,Watch VCR movies,1998
7 to 9 hours,11 years,Watch VCR movies,1994
7 to 9 hours,11 years,Play computer games,1990
7 to 9 hours,13 years,Watch VCR movies,1998
4 to 6 hours,15 years,Play computer games,1998
10 hours or more,15 years,Watch VCR movies,1994
Less than 1 hour,13 years,Play computer games,1998
Less than 1 hour,15 years,Play computer games,1994
7 to 9 hours,15 years,Watch VCR movies,1994
10 hours or more,15 years,Play computer games,1998
1 to 3 hours,15 years,Watch VCR movies,1990
4 to 6 hours,11 years,Play computer games,1994
10 hours or more,13 years,Watch VCR movies,1998
1 to 3 hours,13 years,Play computer games,1994
10 hours or more,15 years,Watch VCR movies,1994
4 to 6 hours,11 years,Play computer games,1990
Less than 1 hour,11 years,Play computer games,1998
4 to 6 hours,13 years,Play computer games,1994
Not at all,15 years,Play computer games,1994
10 hours or more,11 years,Play computer games,1994
7 to 9 hours,13 years,Watch VCR movies,1994
10 hours or more,15 years,Watch VCR movies,1998
4 to 6 hours,13 years,Play computer games,1994
1 to 3 hours,15 years,Watch VCR movies,1998
4 to 6 hours,15 years,Play computer games,1998
Not at all,15 years,Watch VCR movies,1994
7 to 9 hours,11 years,Play computer games,1994
7 to 9 hours,11 years,Play computer games,1998
Less than 1 hour,11 years,Watch VCR movies,1998
7 to 9 hours,15 years,Play computer games,1998
7 to 9 hours,13 years,Play computer games,1998
Not at all,13 years,Play computer games,1994
Less than 1 hour,15 years,Play computer games,1998
Not at all,13 years,Watch VCR movies,1998
Less than 1 hour,15 years,Watch VCR movies,1990
Not at all,13 years,Watch VCR movies,1998
10 hours or more,11 years,Watch VCR movies,1994
4 to 6 hours,15 years,Play computer games,1994
1 to 3 hours,15 years,Watch VCR movies,1994
Less than 1 hour,15 years,Play computer games,1990
7 to 9 hours,11 years,Watch VCR movies,1998
7 to 9 hours,13 years,Watch VCR movies,1994
7 to 9 hours,13 years,Watch VCR movies,1994
Not at all,11 years,Watch VCR movies,1990
Less than 1 hour,13 years,Watch VCR movies,1990
Less than 1 hour,13 years,Play computer games,1998
7 to 9 hours,13 years,Watch VCR movies,1998
Less than 1 hour,13 years,Watch VCR movies,1998
4 to 6 hours,13 years,Watch VCR movies,1998
10 hours or more,13 years,Play computer games,1994
10 hours or more,13 years,Watch VCR movies,1998
Not at all,13 years,Watch VCR movies,1994
1 to 3 hours,15 years,Play computer games,1998
4 to 6 hours,13 years,Watch VCR movies,1994
10 hours or more,15 years,Play computer games,1998
10 hours or more,15 years,Watch VCR movies,1994
Less than 1 hour,15 years,Watch VCR movies,1998
Not at all,11 years,Watch VCR movies,1998
10 hours or more,15 years,Play computer games,1998
Less than 1 hour,13 years,Play computer games,1998
Not at all,15 years,Play computer games,1990
4 to 6 hours,13 years,Play computer games,1990
1 to 3 hours,11 years,Watch VCR movies,1994
7 to 9 hours,11 years,Play computer games,1998
10 hours or more,11 years,Watch VCR movies,1990
10 hours or more,15 years,Play computer games,1994
7 to 9 hours,13 years,Play computer games,1994
7 to 9 hours,11 years,Play computer games,1998
4 to 6 hours,15 years,Play computer games,1998
Not at all,15 years,Play computer games,1998
10 hours or more,13 years,Play computer games,1990
Less than 1 hour,13 years,Watch VCR movies,1998
Less than 1 hour,11 years,Watch VCR movies,1994
7 to 9 hours,13 years,Watch VCR movies,1994
1 to 3 hours,13 years,Play computer games,1994
1 to 3 hours,11 years,Play computer games,1998
4 to 6 hours,15 years,Play computer games,1998
7 to 9 hours,15 years,Play computer games,1994
1 to 3 hours,15 years,Watch VCR movies,1994
Not at all,15 years,Play computer games,1990
4 to 6 hours,15 years,Watch VCR movies,1998
1 to 3 hours,13 years,Watch VCR movies,1998
10 hours or more,15 years,Play computer games,1998
4 to 6 hours,15 years,Play computer games,1998
4 to 6 hours,15 years,Watch VCR movies,1994
4 to 6 hours,13 years,Play computer games,1994
10 hours or more,15 years,Play computer games,1990
4 to 6 hours,15 years,Play computer games,1990
7 to 9 hours,13 years,Watch VCR movies,1994
Less than 1 hour,15 years,Watch VCR movies,1994
4 to 6 hours,13 years,Play computer games,1994
Less than 1 hour,11 years,Watch VCR movies,1994
10 hours or more,13 years,Watch VCR movies,1990
Less than 1 hour,13 years,Play computer games,1990
4 to 6 hours,11 years,Play computer games,1994
4 to 6 hours,13 years,Watch VCR movies,1998
7 to 9 hours,15 years,Watch VCR movies,1990
Less than 1 hour,13 years,Play computer games,1994
Not at all,11 years,Watch VCR movies,1998
Less than 1 hour,13 years,Play computer games,1998
10 hours or more,13 years,Play computer games,1990
1 to 3 hours,15 years,Watch VCR movies,1990
1 to 3 hours,15 years,Play computer games,1998
Not at all,15 years,Watch VCR movies,1994
10 hours or more,11 years,Watch VCR movies,1994
Not at all,11 years,Watch VCR movies,1990
10 hours or more,11 years,Watch VCR movies,1994
7 to 9 hours,15 years,Play computer games,1998
Less than 1 hour,11 years,Watch VCR movies,1994
1 to 3 hours,13 years,Play computer games,1998
1 to 3 hours,11 years,Play computer games,1998
4 to 6 hours,11 years,Play computer games,1994
4 to 6 hours,13 years,Play computer games,1994
7 to 9 hours,13 years,Watch VCR movies,1994
Not at all,15 years,Play computer games,1994
10 hours or more,15 years,Play computer games,1990
Not at all,11 years,Watch VCR movies,1998
1 to 3 hours,15 years,Watch VCR movies,1990
1 to 3 hours,13 years,Watch VCR movies,1998
Less than 1 hour,15 years,Watch VCR movies,1998
Less than 1 hour,11 years,Play computer games,1998
Less than 1 hour,11 years,Watch VCR movies,1990
Not at all,13 years,Watch VCR movies,1994
10 hours or more,13 years,Play computer games,1998
Not at all,15 years,Watch VCR movies,1998
Not at all,15 years,Watch VCR movies,1994
1 to 3 hours,13 years,Watch VCR movies,1994
7 to 9 hours,11 years,Watch VCR movies,1998
1 to 3 hours,13 years,Play computer games,1998
1 to 3 hours,11 years,Watch VCR movies,1994
10 hours or more,15 years,Play computer games,1994
7 to 9 hours,11 years,Play computer games,1998
Not at all,11 years,Play computer games,1994
Not at all,11 years,Play computer games,1994
4 to 6 hours,15 years,Play computer games,1990
1 to 3 hours,11 years,Play computer games,1998
Not at all,11 years,Play computer games,1994
10 hours or more,13 years,Watch VCR movies,1994
10 hours or more,13 years,Play computer games,1994
7 to 9 hours,15 years,Watch VCR movies,1998
7 to 9 hours,11 years,Play computer games,1990
10 hours or more,11 years,Play computer games,1998
Not at all,11 years,Play computer games,1998
1 to 3 hours,11 years,Watch VCR movies,1998
Not at all,11 years,Play computer games,1998
7 to 9 hours,15 years,Watch VCR movies,1994
10 hours or more,13 years,Watch VCR movies,1998
Less than 1 hour,15 years,Play computer games,1998
4 to 6 hours,11 years,Watch VCR movies,1998
1 to 3 hours,15 years,Watch VCR movies,1990
Less than 1 hour,13 years,Play computer games,1998
Not at all,15 years,Watch VCR movies,1994
Not at all,15 years,Play computer games,1998
7 to 9 hours,11 years,Play computer games,1998
4 to 6 hours,13 years,Play computer games,1998
Not at all,11 years,Watch VCR movies,1998
4 to 6 hours,13 years,Play computer games,1998
Less than 1 hour,11 years,Play computer games,1998
Less than 1 hour,15 years,Play computer games,1998
4 to 6 hours,13 years,Watch VCR movies,1998
4 to 6 hours,11 years,Watch VCR movies,1990
7 to 9 hours,11 years,Play computer games,1994
10 hours or more,11 years,Watch VCR movies,1998
7 to 9 hours,13 years,Play computer games,1994
10 hours or more,15 years,Play computer games,1994
1 to 3 hours,13 years,Play computer games,1998
Less than 1 hour,11 years,Play computer games,1990
10 hours or more,11 years,Play computer games,1998
10 hours or more,15 years,Watch VCR movies,1990
4 to 6 hours,15 years,Watch VCR movies,1998
10 hours or more,15 years,Play computer games,1998
4 to 6 hours,13 years,Watch VCR movies,1990
1 to 3 hours,13 years,Play computer games,1998
1 to 3 hours,11 years,Play computer games,1998
7 to 9 hours,11 years,Play computer games,1990
Less than 1 hour,11 years,Watch VCR movies,1994
Not at all,15 years,Play computer games,1994
7 to 9 hours,11 years,Watch VCR movies,1994
Not at all,13 years,Watch VCR movies,1994
Less than 1 hour,11 years,Watch VCR movies,1998
4 to 6 hours,13 years,Watch VCR movies,1998
7 to 9 hours,11 years,Play computer games,1990
10 hours or more,15 years,Watch VCR movies,1998
Less than 1 hour,15 years,Play computer games,1998
7 to 9 hours,13 years,Play computer games,1994
10 hours or more,11 years,Watch VCR movies,1994
1 to 3 hours,11 years,Watch VCR movies,1998
10 hours or more,11 years,Play computer games,1998
Not at all,15 years,Watch VCR movies,1998
Not at all,15 years,Watch VCR movies,1998
Not at all,13 years,Watch VCR movies,1990
Less than 1 hour,15 years,Watch VCR movies,1998
4 to 6 hours,13 years,Watch VCR movies,1998
Less than 1 hour,11 years,Play computer games,1994
10 hours or more,15 years,Watch VCR movies,1994
7 to 9 hours,15 years,Play computer games,1998
4 to 6 hours,11 years,Play computer games,1994
4 to 6 hours,13 years,Watch VCR movies,1994
Not at all,15 years,Watch VCR movies,1998
7 to 9 hours,11 years,Play computer games,1998
4 to 6 hours,15 years,Play computer games,1994
Not at all,11 years,Play computer games,1990
1 to 3 hours,13 years,Watch VCR movies,1998
7 to 9 hours,11 years,Watch VCR movies,1994
7 to 9 hours,15 years,Play computer games,1998
7 to 9 hours,15 years,Play computer games,1998
1 to 3 hours,13 years,Watch VCR movies,1998
Not at all,11 years,Play computer games,1998
7 to 9 hours,11 years,Watch VCR movies,1994
10 hours or more,11 years,Watch VCR movies,1994
4 to 6 hours,11 years,Watch VCR movies,1998
7 to 9 hours,11 years,Watch VCR movies,1998
4 to 6 hours,11 years,Watch VCR movies,1994
1 to 3 hours,11 years,Watch VCR movies,1998
7 to 9 hours,11 years,Watch VCR movies,1990
Not at all,15 years,Play computer games,1998
Not at all,11 years,Play computer games,1990
7 to 9 hours,13 years,Watch VCR movies,1998
4 to 6 hours,13 years,Watch VCR movies,1990
4 to 6 hours,11 years,Watch VCR movies,1994
10 hours or more,11 years,Play computer games,1998
Less than 1 hour,13 years,Play computer games,1994
Less than 1 hour,11 years,Play computer games,1998
4 to 6 hours,15 years,Watch VCR movies,1994
Not at all,13 years,Play computer games,1998
4 to 6 hours,15 years,Play computer games,1994
4 to 6 hours,15 years,Watch VCR movies,1998
Less than 1 hour,15 years,Watch VCR movies,1994
10 hours or more,13 years,Watch VCR movies,1998
10 hours or more,13 years,Watch VCR movies,1998
Not at all,11 years,Watch VCR movies,1998
Less than 1 hour,13 years,Play computer games,1998
4 to 6 hours,15 years,Watch VCR movies,1998
Less than 1 hour,15 years,Play computer games,1998
1 to 3 hours,15 years,Watch VCR movies,1998
4 to 6 hours,15 years,Play computer games,1998
7 to 9 hours,11 years,Play computer games,1998
4 to 6 hours,13 years,Watch VCR movies,1998
7 to 9 hours,13 years,Play computer games,1998
Not at all,13 years,Watch VCR movies,1998
7 to 9 hours,13 years,Play computer games,1998
7 to 9 hours,13 years,Play computer games,1998
Not at all,15 years,Play computer games,1998
10 hours or more,13 years,Play computer games,1990
10 hours or more,11 years,Watch VCR movies,1998
Less than 1 hour,13 years,Play computer games,1990
10 hours or more,13 years,Play computer games,1990
10 hours or more,15 years,Play computer games,1994
Less than 1 hour,11 years,Play computer games,1994
10 hours or more,13 years,Play computer games,1994
Less than 1 hour,11 years,Watch VCR movies,1998
7 to 9 hours,15 years,Play computer games,1990
4 to 6 hours,15 years,Play computer games,1998
Not at all,13 years,Play computer games,1994
7 to 9 hours,15 years,Play computer games,1998
4 to 6 hours,13 years,Watch VCR movies,1998
1 to 3 hours,13 years,Watch VCR movies,1998
Less than 1 hour,15 years,Watch VCR movies,1994
Not at all,15 years,Watch VCR movies,1998
10 hours or more,13 years,Watch VCR movies,1990
4 to 6 hours,15 years,Watch VCR movies,1998
7 to 9 hours,13 years,Play computer games,1998
Not at all,15 years,Play computer games,1994
4 to 6 hours,13 years,Watch VCR movies,1994
7 to 9 hours,13 years,Play computer games,1998
1 to 3 hours,15 years,Play computer games,1994
1 to 3 hours,13 years,Play computer games,1990
10 hours or more,11 years,Watch VCR movies,1998
7 to 9 hours,13 years,Watch VCR movies,1998
4 to 6 hours,11 years,Watch VCR movies,1994
7 to 9 hours,11 years,Play computer games,1998
1 to 3 hours,13 years,Watch VCR movies,1998
Less than 1 hour,11 years,Play computer games,1998
10 hours or more,15 years,Watch VCR movies,1994
4 to 6 hours,13 years,Watch VCR movies,1998
Less than 1 hour,15 years,Watch VCR movies,1994
10 hours or more,15 years,Play computer games,1998
Less than 1 hour,13 years,Watch VCR movies,1994
1 to 3 hours,11 years,Play computer games,1998
1 to 3 hours,13 years,Play computer games,1998
7 to 9 hours,11 years,Play computer games,1990
Not at all,13 years,Watch VCR movies,1998
Less than 1 hour,11 years,Play computer games,1998
1 to 3 hours,15 years,Watch VCR movies,1998
1 to 3 hours,11 years,Play computer games,1998
Not at all,11 years,Watch VCR movies,1994
Not at all,11 years,Play computer games,1994
Not at all,15 years,Play computer games,1990
10 hours or more,13 years,Watch VCR movies,1998
Not at all,15 years,Play computer games,1994
10 hours or more,13 years,Watch VCR movies,1998
7 to 9 hours,13 years,Watch VCR movies,1998
Less than 1 hour,15 years,Play computer games,1994
1 to 3 hours,15 years,Watch VCR movies,1994
Less than 1 hour,15 years,Watch VCR movies,1998
Less than 1 hour,15 years,Play computer games,1990
7 to 9 hours,13 years,Play computer games,1994
Not at all,15 years,Play computer games,1994
4 to 6 hours,13 years,Play computer games,1994
10 hours or more,13 years,Watch VCR movies,1990
7 to 9 hours,13 years,Play computer games,1994
Not at all,13 years,Watch VCR movies,1994
1 to 3 hours,15 years,Play computer games,1998
1 to 3 hours,15 years,Play computer games,1998
Not at all,13 years,Play computer games,1998
10 hours or more,13 years,Play computer games,1998
1 to 3 hours,13 years,Play computer games,1998
Less than 1 hour,15 years,Play computer games,1998
4 to 6 hours,13 years,Watch VCR movies,1994
Not at all,13 years,Watch VCR movies,1998
7 to 9 hours,13 years,Play computer games,1998
7 to 9 hours,15 years,Watch VCR movies,1998
Less than 1 hour,11 years,Play computer games,1998
10 hours or more,13 years,Watch VCR movies,1990
Not at all,15 years,Play computer games,1998
7 to 9 hours,15 years,Watch VCR movies,1990
7 to 9 hours,15 years,Play computer games,1994
10 hours or more,11 years,Play computer games,1990
1 to 3 hours,11 years,Play computer games,1998
1 to 3 hours,15 years,Watch VCR movies,1998
4 to 6 hours,15 years,Watch VCR movies,1990
10 hours or more,13 years,Play computer games,1990
1 to 3 hours,13 years,Play computer games,1990
7 to 9 hours,11 years,Watch VCR movies,1998
10 hours or more,11 years,Play computer games,1994
10 hours or more,11 years,Play computer games,1998
1 to 3 hours,13 years,Watch VCR movies,1998
Less than 1 hour,11 years,Play computer games,1998
7 to 9 hours,13 years,Watch VCR movies,1990
10 hours or more,13 years,Watch VCR movies,1990
Not at all,13 years,Watch VCR movies,1998
10 hours or more,13 years,Watch VCR movies,1998
Less than 1 hour,13 years,Watch VCR movies,1998
10 hours or more,15 years,Play computer games,1998
10 hours or more,11 years,Watch VCR movies,1994
Not at all,11 years,Watch VCR movies,1994
Not at all,11 years,Watch VCR movies,1994
Not at all,13 years,Play computer games,1990
4 to 6 hours,15 years,Watch VCR movies,1998
1 to 3 hours,15 years,Watch VCR movies,1994
10 hours or more,11 years,Watch VCR movies,1990
7 to 9 hours,11 years,Play computer games,1994
Not at all,11 years,Watch VCR movies,1998
1 to 3 hours,15 years,Watch VCR movies,1998
Less than 1 hour,15 years,Watch VCR movies,1990
4 to 6 hours,15 years,Play computer games,1994
4 to 6 hours,11 years,Play computer games,1994
10 hours or more,13 years,Watch VCR movies,1994
7 to 9 hours,11 years,Watch VCR movies,1998
Less than 1 hour,15 years,Watch VCR movies,1990
Less than 1 hour,13 years,Watch VCR movies,1994
Not at all,11 years,Play computer games,1998
7 to 9 hours,11 years,Watch VCR movies,1998
Not at all,13 years,Play computer games,1998
10 hours or more,13 years,Watch VCR movies,1994
10 hours or more,15 years,Watch VCR movies,1998
7 to 9 hours,13 years,Watch VCR movies,1990
10 hours or more,11 years,Watch VCR movies,1998
Less than 1 hour,13 years,Play computer games,1994
7 to 9 hours,13 years,Play computer games,1998
1 to 3 hours,11 years,Watch VCR movies,1998
4 to 6 hours,11 years,Watch VCR movies,1994
7 to 9 hours,13 years,Watch VCR movies,1994
10 hours or more,11 years,Watch VCR movies,1998
Less than 1 hour,13 years,Watch VCR movies,1994
Not at all,15 years,Play computer games,1990
7 to 9 hours,15 years,Watch VCR movies,1994
4 to 6 hours,11 years,Play computer games,1998
7 to 9 hours,15 years,Play computer games,1994
4 to 6 hours,15 years,Play computer games,1990
10 hours or more,13 years,Play computer games,1998
7 to 9 hours,11 years,Watch VCR movies,1994
Less than 1 hour,11 years,Watch VCR movies,1998
1 to 3 hours,15 years,Play computer games,1998
Not at all,11 years,Watch VCR movies,1998
1 to 3 hours,13 years,Play computer games,1998
Not at all,13 years,Watch VCR movies,1998
10 hours or more,15 years,Play computer games,1998
7 to 9 hours,11 years,Play computer games,1998
7 to 9 hours,11 years,Play computer games,1990
Not at all,15 years,Watch VCR movies,1998
Not at all,15 years,Play computer games,1998
4 to 6 hours,15 years,Play computer games,1994
10 hours or more,15 years,Watch VCR movies,1998
4 to 6 hours,11 years,Watch VCR movies,1998
Less than 1 hour,11 years,Play computer games,1994
7 to 9 hours,13 years,Watch VCR movies,1998
1 to 3 hours,15 years,Play computer games,1998
Less than 1 hour,11 years,Watch VCR movies,1994
10 hours or more,15 years,Play computer games,1998
10 hours or more,15 years,Watch VCR movies,1998
7 to 9 hours,13 years,Play computer games,1994
10 hours or more,15 years,Watch VCR movies,1998
Less than 1 hour,15 years,Watch VCR movies,1998
7 to 9 hours,11 years,Watch VCR movies,1998
10 hours or more,15 years,Watch VCR movies,1998
4 to 6 hours,11 years,Play computer games,1994
4 to 6 hours,15 years,Play computer games,1998
Less than 1 hour,13 years,Play computer games,1998
Less than 1 hour,13 years,Watch VCR movies,1998
4 to 6 hours,15 years,Watch VCR movies,1994
