Age group,Time spent,"ï»¿""REF_DATE""",Activity
11 years,10 hours or more,1994,Watch VCR movies
13 years,Less than 1 hour,1994,Watch VCR movies
15 years,4 to 6 hours,1994,Play computer games
11 years,1 to 3 hours,1994,Play computer games
13 years,Not at all,1998,Play computer games
13 years,Less than 1 hour,1990,Watch VCR movies
11 years,10 hours or more,1998,Play computer games
15 years,7 to 9 hours,1998,Play computer games
13 years,7 to 9 hours,1998,Play computer games
15 years,4 to 6 hours,1990,Watch VCR movies
15 years,4 to 6 hours,1998,Watch VCR movies
13 years,4 to 6 hours,1998,Play computer games
13 years,10 hours or more,1998,Play computer games
13 years,Less than 1 hour,1998,Play computer games
15 years,Less than 1 hour,1998,Watch VCR movies
11 years,10 hours or more,1994,Play computer games
13 years,Not at all,1994,Play computer games
13 years,1 to 3 hours,1994,Watch VCR movies
13 years,Less than 1 hour,1990,Watch VCR movies
13 years,1 to 3 hours,1998,Play computer games
11 years,Less than 1 hour,1990,Watch VCR movies
13 years,4 to 6 hours,1998,Watch VCR movies
15 years,7 to 9 hours,1998,Watch VCR movies
11 years,10 hours or more,1994,Play computer games
13 years,10 hours or more,1990,Play computer games
13 years,Less than 1 hour,1994,Play computer games
13 years,7 to 9 hours,1994,Play computer games
13 years,10 hours or more,1994,Play computer games
13 years,7 to 9 hours,1998,Play computer games
11 years,Not at all,1998,Play computer games
13 years,Not at all,1998,Play computer games
15 years,10 hours or more,1994,Watch VCR movies
15 years,4 to 6 hours,1994,Watch VCR movies
15 years,Not at all,1998,Play computer games
13 years,Not at all,1998,Play computer games
15 years,Less than 1 hour,1998,Play computer games
15 years,Not at all,1994,Play computer games
13 years,Not at all,1994,Play computer games
11 years,1 to 3 hours,1998,Watch VCR movies
13 years,Not at all,1998,Play computer games
15 years,10 hours or more,1994,Watch VCR movies
15 years,Less than 1 hour,1998,Watch VCR movies
15 years,10 hours or more,1994,Play computer games
11 years,Less than 1 hour,1998,Play computer games
13 years,Less than 1 hour,1998,Play computer games
15 years,10 hours or more,1990,Watch VCR movies
15 years,4 to 6 hours,1998,Watch VCR movies
13 years,Not at all,1998,Watch VCR movies
13 years,10 hours or more,1998,Watch VCR movies
11 years,4 to 6 hours,1994,Play computer games
15 years,Not at all,1990,Play computer games
13 years,1 to 3 hours,1994,Watch VCR movies
15 years,10 hours or more,1998,Watch VCR movies
11 years,4 to 6 hours,1994,Watch VCR movies
15 years,7 to 9 hours,1998,Play computer games
13 years,4 to 6 hours,1994,Play computer games
13 years,Not at all,1990,Play computer games
11 years,4 to 6 hours,1998,Play computer games
11 years,4 to 6 hours,1998,Play computer games
15 years,10 hours or more,1998,Watch VCR movies
11 years,Not at all,1998,Watch VCR movies
15 years,10 hours or more,1998,Watch VCR movies
15 years,Less than 1 hour,1998,Watch VCR movies
13 years,Less than 1 hour,1990,Watch VCR movies
15 years,Less than 1 hour,1994,Watch VCR movies
13 years,Not at all,1998,Watch VCR movies
11 years,1 to 3 hours,1998,Watch VCR movies
15 years,Less than 1 hour,1994,Play computer games
11 years,1 to 3 hours,1998,Watch VCR movies
11 years,1 to 3 hours,1998,Play computer games
15 years,Less than 1 hour,1998,Watch VCR movies
11 years,Not at all,1990,Play computer games
11 years,10 hours or more,1994,Watch VCR movies
15 years,1 to 3 hours,1990,Watch VCR movies
15 years,Not at all,1994,Watch VCR movies
15 years,1 to 3 hours,1990,Watch VCR movies
11 years,10 hours or more,1990,Watch VCR movies
15 years,7 to 9 hours,1998,Watch VCR movies
11 years,Not at all,1998,Play computer games
15 years,1 to 3 hours,1994,Watch VCR movies
11 years,Less than 1 hour,1998,Play computer games
15 years,10 hours or more,1990,Watch VCR movies
15 years,Less than 1 hour,1998,Watch VCR movies
11 years,7 to 9 hours,1990,Play computer games
15 years,Less than 1 hour,1998,Play computer games
15 years,10 hours or more,1998,Play computer games
15 years,Less than 1 hour,1990,Play computer games
13 years,10 hours or more,1994,Watch VCR movies
11 years,1 to 3 hours,1994,Play computer games
13 years,4 to 6 hours,1990,Watch VCR movies
11 years,7 to 9 hours,1994,Play computer games
13 years,1 to 3 hours,1990,Play computer games
15 years,7 to 9 hours,1998,Watch VCR movies
11 years,10 hours or more,1994,Play computer games
13 years,4 to 6 hours,1998,Watch VCR movies
15 years,Not at all,1998,Watch VCR movies
13 years,4 to 6 hours,1998,Play computer games
13 years,1 to 3 hours,1998,Play computer games
11 years,7 to 9 hours,1994,Watch VCR movies
13 years,4 to 6 hours,1998,Watch VCR movies
13 years,Not at all,1990,Play computer games
13 years,4 to 6 hours,1994,Watch VCR movies
15 years,1 to 3 hours,1998,Watch VCR movies
13 years,4 to 6 hours,1994,Watch VCR movies
13 years,4 to 6 hours,1998,Watch VCR movies
11 years,Not at all,1994,Watch VCR movies
13 years,7 to 9 hours,1998,Play computer games
13 years,4 to 6 hours,1998,Watch VCR movies
13 years,10 hours or more,1998,Play computer games
13 years,1 to 3 hours,1998,Play computer games
15 years,4 to 6 hours,1994,Play computer games
11 years,4 to 6 hours,1994,Watch VCR movies
15 years,10 hours or more,1998,Watch VCR movies
11 years,7 to 9 hours,1998,Watch VCR movies
11 years,Less than 1 hour,1994,Watch VCR movies
11 years,Not at all,1998,Play computer games
11 years,Not at all,1994,Watch VCR movies
11 years,4 to 6 hours,1998,Watch VCR movies
15 years,Not at all,1994,Watch VCR movies
11 years,4 to 6 hours,1998,Play computer games
13 years,Less than 1 hour,1998,Watch VCR movies
13 years,1 to 3 hours,1998,Play computer games
15 years,4 to 6 hours,1994,Play computer games
13 years,Less than 1 hour,1998,Play computer games
15 years,4 to 6 hours,1994,Play computer games
13 years,4 to 6 hours,1998,Play computer games
15 years,7 to 9 hours,1998,Play computer games
11 years,7 to 9 hours,1990,Watch VCR movies
11 years,10 hours or more,1990,Play computer games
11 years,1 to 3 hours,1998,Watch VCR movies
15 years,4 to 6 hours,1994,Play computer games
13 years,Not at all,1998,Watch VCR movies
11 years,Less than 1 hour,1998,Play computer games
15 years,1 to 3 hours,1994,Play computer games
13 years,7 to 9 hours,1998,Play computer games
13 years,4 to 6 hours,1998,Play computer games
11 years,Less than 1 hour,1994,Play computer games
11 years,4 to 6 hours,1994,Play computer games
13 years,Less than 1 hour,1998,Watch VCR movies
15 years,10 hours or more,1998,Watch VCR movies
15 years,10 hours or more,1998,Play computer games
15 years,10 hours or more,1990,Play computer games
11 years,7 to 9 hours,1990,Play computer games
13 years,10 hours or more,1998,Watch VCR movies
11 years,7 to 9 hours,1990,Watch VCR movies
15 years,Less than 1 hour,1994,Play computer games
11 years,1 to 3 hours,1998,Watch VCR movies
11 years,7 to 9 hours,1998,Play computer games
13 years,Less than 1 hour,1998,Watch VCR movies
11 years,10 hours or more,1998,Play computer games
15 years,10 hours or more,1994,Watch VCR movies
13 years,7 to 9 hours,1994,Play computer games
15 years,Less than 1 hour,1990,Play computer games
11 years,Not at all,1998,Play computer games
13 years,10 hours or more,1998,Watch VCR movies
15 years,7 to 9 hours,1998,Watch VCR movies
15 years,4 to 6 hours,1998,Watch VCR movies
13 years,Not at all,1994,Watch VCR movies
13 years,1 to 3 hours,1994,Watch VCR movies
11 years,Less than 1 hour,1994,Watch VCR movies
13 years,4 to 6 hours,1998,Play computer games
15 years,1 to 3 hours,1994,Play computer games
13 years,1 to 3 hours,1990,Watch VCR movies
11 years,Not at all,1998,Watch VCR movies
11 years,4 to 6 hours,1990,Play computer games
11 years,1 to 3 hours,1998,Play computer games
11 years,Not at all,1994,Watch VCR movies
15 years,7 to 9 hours,1994,Watch VCR movies
13 years,7 to 9 hours,1994,Watch VCR movies
15 years,1 to 3 hours,1998,Play computer games
15 years,7 to 9 hours,1998,Play computer games
13 years,4 to 6 hours,1994,Play computer games
13 years,Less than 1 hour,1998,Watch VCR movies
15 years,4 to 6 hours,1990,Watch VCR movies
13 years,Not at all,1990,Play computer games
11 years,4 to 6 hours,1994,Watch VCR movies
15 years,4 to 6 hours,1994,Play computer games
11 years,Not at all,1998,Play computer games
13 years,1 to 3 hours,1994,Play computer games
15 years,10 hours or more,1994,Watch VCR movies
13 years,Less than 1 hour,1994,Watch VCR movies
13 years,10 hours or more,1994,Play computer games
15 years,4 to 6 hours,1994,Play computer games
13 years,Not at all,1998,Play computer games
13 years,Less than 1 hour,1994,Watch VCR movies
13 years,1 to 3 hours,1998,Watch VCR movies
13 years,Not at all,1998,Play computer games
11 years,10 hours or more,1994,Play computer games
15 years,Not at all,1994,Watch VCR movies
13 years,10 hours or more,1998,Watch VCR movies
11 years,10 hours or more,1998,Play computer games
13 years,4 to 6 hours,1998,Play computer games
13 years,Not at all,1998,Watch VCR movies
11 years,1 to 3 hours,1998,Play computer games
13 years,10 hours or more,1998,Watch VCR movies
11 years,10 hours or more,1998,Watch VCR movies
15 years,7 to 9 hours,1998,Watch VCR movies
15 years,Less than 1 hour,1994,Watch VCR movies
11 years,4 to 6 hours,1998,Play computer games
15 years,Not at all,1998,Watch VCR movies
11 years,Less than 1 hour,1994,Play computer games
15 years,1 to 3 hours,1990,Watch VCR movies
15 years,Less than 1 hour,1998,Play computer games
13 years,7 to 9 hours,1998,Watch VCR movies
13 years,4 to 6 hours,1994,Play computer games
15 years,Not at all,1994,Watch VCR movies
11 years,1 to 3 hours,1994,Watch VCR movies
15 years,7 to 9 hours,1990,Watch VCR movies
15 years,Not at all,1994,Play computer games
11 years,Not at all,1994,Watch VCR movies
13 years,7 to 9 hours,1998,Play computer games
15 years,Less than 1 hour,1998,Watch VCR movies
15 years,1 to 3 hours,1998,Watch VCR movies
11 years,7 to 9 hours,1990,Watch VCR movies
11 years,Less than 1 hour,1998,Watch VCR movies
11 years,Not at all,1994,Play computer games
11 years,10 hours or more,1994,Play computer games
11 years,7 to 9 hours,1994,Watch VCR movies
15 years,10 hours or more,1998,Play computer games
13 years,Not at all,1998,Play computer games
15 years,Less than 1 hour,1990,Play computer games
13 years,4 to 6 hours,1998,Watch VCR movies
13 years,1 to 3 hours,1990,Watch VCR movies
15 years,Not at all,1990,Watch VCR movies
15 years,Not at all,1998,Watch VCR movies
15 years,Not at all,1998,Watch VCR movies
15 years,10 hours or more,1990,Watch VCR movies
15 years,10 hours or more,1998,Play computer games
15 years,10 hours or more,1998,Play computer games
15 years,Less than 1 hour,1998,Play computer games
11 years,7 to 9 hours,1998,Watch VCR movies
15 years,7 to 9 hours,1998,Watch VCR movies
13 years,1 to 3 hours,1998,Play computer games
11 years,7 to 9 hours,1994,Watch VCR movies
13 years,10 hours or more,1998,Watch VCR movies
11 years,7 to 9 hours,1998,Play computer games
11 years,Less than 1 hour,1998,Watch VCR movies
13 years,Less than 1 hour,1998,Watch VCR movies
15 years,Less than 1 hour,1994,Play computer games
11 years,10 hours or more,1998,Watch VCR movies
13 years,10 hours or more,1998,Watch VCR movies
13 years,Not at all,1998,Watch VCR movies
13 years,7 to 9 hours,1994,Play computer games
13 years,7 to 9 hours,1994,Play computer games
15 years,Not at all,1990,Watch VCR movies
11 years,Not at all,1994,Watch VCR movies
11 years,10 hours or more,1998,Watch VCR movies
15 years,7 to 9 hours,1990,Watch VCR movies
11 years,10 hours or more,1998,Play computer games
11 years,4 to 6 hours,1990,Play computer games
11 years,Less than 1 hour,1994,Watch VCR movies
13 years,Not at all,1994,Play computer games
11 years,10 hours or more,1994,Watch VCR movies
13 years,10 hours or more,1990,Play computer games
13 years,Not at all,1990,Play computer games
15 years,10 hours or more,1998,Watch VCR movies
13 years,4 to 6 hours,1994,Play computer games
13 years,1 to 3 hours,1994,Watch VCR movies
15 years,4 to 6 hours,1994,Play computer games
11 years,4 to 6 hours,1998,Play computer games
11 years,7 to 9 hours,1994,Play computer games
13 years,Less than 1 hour,1998,Play computer games
15 years,1 to 3 hours,1998,Play computer games
15 years,4 to 6 hours,1994,Play computer games
15 years,Less than 1 hour,1998,Watch VCR movies
15 years,7 to 9 hours,1998,Watch VCR movies
11 years,Less than 1 hour,1994,Watch VCR movies
15 years,1 to 3 hours,1998,Watch VCR movies
11 years,10 hours or more,1994,Play computer games
15 years,Not at all,1998,Play computer games
15 years,7 to 9 hours,1990,Watch VCR movies
13 years,1 to 3 hours,1998,Play computer games
11 years,1 to 3 hours,1990,Play computer games
15 years,7 to 9 hours,1998,Play computer games
13 years,10 hours or more,1998,Watch VCR movies
15 years,1 to 3 hours,1998,Play computer games
13 years,10 hours or more,1998,Watch VCR movies
15 years,Not at all,1998,Play computer games
13 years,1 to 3 hours,1990,Watch VCR movies
13 years,Not at all,1998,Watch VCR movies
11 years,Less than 1 hour,1998,Watch VCR movies
11 years,4 to 6 hours,1990,Watch VCR movies
13 years,Not at all,1990,Watch VCR movies
13 years,Less than 1 hour,1994,Play computer games
11 years,7 to 9 hours,1994,Play computer games
11 years,4 to 6 hours,1998,Play computer games
13 years,Not at all,1990,Play computer games
11 years,10 hours or more,1994,Watch VCR movies
11 years,1 to 3 hours,1990,Watch VCR movies
11 years,1 to 3 hours,1990,Play computer games
11 years,Less than 1 hour,1998,Watch VCR movies
15 years,7 to 9 hours,1990,Play computer games
15 years,Less than 1 hour,1994,Watch VCR movies
11 years,7 to 9 hours,1998,Play computer games
15 years,10 hours or more,1998,Play computer games
15 years,Less than 1 hour,1998,Play computer games
15 years,7 to 9 hours,1998,Watch VCR movies
11 years,10 hours or more,1994,Play computer games
15 years,Less than 1 hour,1998,Play computer games
13 years,7 to 9 hours,1998,Play computer games
11 years,Not at all,1998,Play computer games
11 years,4 to 6 hours,1998,Play computer games
13 years,10 hours or more,1998,Watch VCR movies
13 years,7 to 9 hours,1998,Play computer games
11 years,10 hours or more,1998,Play computer games
13 years,Not at all,1998,Play computer games
11 years,Less than 1 hour,1994,Watch VCR movies
11 years,7 to 9 hours,1994,Play computer games
15 years,1 to 3 hours,1994,Watch VCR movies
13 years,1 to 3 hours,1994,Play computer games
13 years,Less than 1 hour,1994,Play computer games
11 years,10 hours or more,1990,Play computer games
15 years,4 to 6 hours,1998,Watch VCR movies
15 years,7 to 9 hours,1998,Watch VCR movies
15 years,4 to 6 hours,1994,Play computer games
15 years,1 to 3 hours,1994,Play computer games
13 years,Not at all,1994,Watch VCR movies
11 years,Less than 1 hour,1998,Play computer games
11 years,Not at all,1998,Watch VCR movies
13 years,4 to 6 hours,1998,Watch VCR movies
11 years,Not at all,1994,Watch VCR movies
11 years,7 to 9 hours,1994,Play computer games
11 years,1 to 3 hours,1998,Play computer games
13 years,10 hours or more,1994,Play computer games
15 years,Not at all,1994,Play computer games
13 years,10 hours or more,1998,Play computer games
11 years,4 to 6 hours,1990,Play computer games
11 years,7 to 9 hours,1998,Play computer games
15 years,10 hours or more,1994,Watch VCR movies
11 years,Less than 1 hour,1994,Watch VCR movies
11 years,4 to 6 hours,1998,Watch VCR movies
13 years,4 to 6 hours,1998,Watch VCR movies
15 years,Not at all,1994,Watch VCR movies
15 years,4 to 6 hours,1994,Play computer games
11 years,4 to 6 hours,1998,Watch VCR movies
13 years,Less than 1 hour,1990,Play computer games
13 years,1 to 3 hours,1998,Play computer games
13 years,10 hours or more,1994,Play computer games
11 years,Not at all,1994,Play computer games
13 years,Not at all,1998,Watch VCR movies
15 years,Not at all,1998,Watch VCR movies
15 years,Less than 1 hour,1994,Watch VCR movies
11 years,1 to 3 hours,1994,Watch VCR movies
13 years,1 to 3 hours,1994,Play computer games
11 years,10 hours or more,1990,Play computer games
15 years,10 hours or more,1998,Play computer games
13 years,7 to 9 hours,1990,Watch VCR movies
13 years,Less than 1 hour,1990,Watch VCR movies
15 years,4 to 6 hours,1990,Watch VCR movies
13 years,4 to 6 hours,1994,Watch VCR movies
15 years,7 to 9 hours,1998,Watch VCR movies
11 years,Less than 1 hour,1998,Play computer games
11 years,Not at all,1998,Watch VCR movies
11 years,10 hours or more,1998,Play computer games
15 years,7 to 9 hours,1998,Watch VCR movies
11 years,4 to 6 hours,1998,Watch VCR movies
15 years,10 hours or more,1990,Play computer games
13 years,Less than 1 hour,1998,Play computer games
11 years,10 hours or more,1998,Play computer games
15 years,Less than 1 hour,1994,Play computer games
15 years,Not at all,1994,Play computer games
15 years,10 hours or more,1998,Play computer games
13 years,1 to 3 hours,1998,Watch VCR movies
15 years,Not at all,1998,Watch VCR movies
13 years,Less than 1 hour,1994,Watch VCR movies
11 years,4 to 6 hours,1994,Play computer games
15 years,Not at all,1998,Play computer games
11 years,7 to 9 hours,1990,Watch VCR movies
15 years,Not at all,1998,Watch VCR movies
11 years,4 to 6 hours,1998,Watch VCR movies
11 years,Not at all,1994,Play computer games
15 years,4 to 6 hours,1994,Play computer games
11 years,4 to 6 hours,1994,Watch VCR movies
15 years,Less than 1 hour,1998,Watch VCR movies
13 years,Not at all,1998,Play computer games
15 years,Not at all,1990,Play computer games
13 years,Less than 1 hour,1994,Watch VCR movies
11 years,4 to 6 hours,1994,Play computer games
13 years,1 to 3 hours,1994,Watch VCR movies
13 years,4 to 6 hours,1998,Watch VCR movies
13 years,10 hours or more,1998,Play computer games
15 years,Not at all,1994,Watch VCR movies
13 years,1 to 3 hours,1994,Play computer games
15 years,7 to 9 hours,1994,Play computer games
15 years,Less than 1 hour,1998,Watch VCR movies
15 years,Less than 1 hour,1990,Watch VCR movies
13 years,4 to 6 hours,1990,Watch VCR movies
15 years,4 to 6 hours,1994,Watch VCR movies
13 years,4 to 6 hours,1998,Play computer games
13 years,Not at all,1990,Play computer games
15 years,1 to 3 hours,1998,Watch VCR movies
15 years,10 hours or more,1994,Play computer games
15 years,Less than 1 hour,1994,Watch VCR movies
13 years,4 to 6 hours,1990,Play computer games
15 years,7 to 9 hours,1998,Watch VCR movies
11 years,10 hours or more,1994,Play computer games
11 years,Less than 1 hour,1990,Play computer games
13 years,Less than 1 hour,1994,Watch VCR movies
15 years,Not at all,1994,Play computer games
13 years,10 hours or more,1998,Play computer games
15 years,1 to 3 hours,1990,Watch VCR movies
13 years,10 hours or more,1998,Play computer games
13 years,4 to 6 hours,1994,Watch VCR movies
15 years,Less than 1 hour,1994,Play computer games
15 years,7 to 9 hours,1994,Play computer games
13 years,Less than 1 hour,1998,Play computer games
13 years,10 hours or more,1998,Watch VCR movies
11 years,7 to 9 hours,1998,Watch VCR movies
15 years,7 to 9 hours,1990,Play computer games
11 years,1 to 3 hours,1998,Watch VCR movies
13 years,Not at all,1998,Watch VCR movies
11 years,Less than 1 hour,1998,Watch VCR movies
11 years,7 to 9 hours,1998,Watch VCR movies
13 years,Less than 1 hour,1994,Watch VCR movies
13 years,1 to 3 hours,1998,Play computer games
15 years,7 to 9 hours,1990,Play computer games
11 years,7 to 9 hours,1998,Watch VCR movies
15 years,Less than 1 hour,1990,Play computer games
13 years,4 to 6 hours,1994,Watch VCR movies
13 years,4 to 6 hours,1998,Play computer games
13 years,10 hours or more,1998,Play computer games
15 years,4 to 6 hours,1998,Play computer games
11 years,Less than 1 hour,1990,Play computer games
15 years,Not at all,1990,Play computer games
13 years,4 to 6 hours,1994,Play computer games
11 years,4 to 6 hours,1998,Watch VCR movies
13 years,10 hours or more,1994,Watch VCR movies
15 years,4 to 6 hours,1994,Play computer games
11 years,Less than 1 hour,1994,Play computer games
13 years,Not at all,1990,Watch VCR movies
15 years,1 to 3 hours,1990,Watch VCR movies
15 years,Less than 1 hour,1994,Watch VCR movies
13 years,Not at all,1998,Play computer games
13 years,Not at all,1994,Play computer games
13 years,7 to 9 hours,1994,Watch VCR movies
15 years,Not at all,1994,Play computer games
13 years,Less than 1 hour,1998,Watch VCR movies
15 years,Not at all,1994,Play computer games
13 years,1 to 3 hours,1998,Play computer games
15 years,1 to 3 hours,1998,Watch VCR movies
13 years,Not at all,1998,Play computer games
13 years,10 hours or more,1998,Play computer games
13 years,1 to 3 hours,1994,Play computer games
13 years,4 to 6 hours,1998,Play computer games
15 years,4 to 6 hours,1994,Play computer games
13 years,1 to 3 hours,1994,Watch VCR movies
11 years,Not at all,1998,Play computer games
13 years,4 to 6 hours,1998,Play computer games
13 years,10 hours or more,1998,Watch VCR movies
13 years,Not at all,1998,Watch VCR movies
11 years,10 hours or more,1998,Watch VCR movies
11 years,4 to 6 hours,1998,Play computer games
11 years,7 to 9 hours,1990,Play computer games
13 years,10 hours or more,1994,Watch VCR movies
15 years,4 to 6 hours,1994,Play computer games
13 years,4 to 6 hours,1998,Watch VCR movies
15 years,Not at all,1994,Play computer games
11 years,10 hours or more,1990,Play computer games
13 years,10 hours or more,1998,Watch VCR movies
15 years,7 to 9 hours,1994,Watch VCR movies
15 years,10 hours or more,1998,Play computer games
11 years,1 to 3 hours,1990,Play computer games
13 years,Not at all,1998,Play computer games
11 years,Not at all,1998,Play computer games
13 years,4 to 6 hours,1998,Play computer games
13 years,Less than 1 hour,1998,Play computer games
15 years,7 to 9 hours,1994,Watch VCR movies
15 years,Less than 1 hour,1998,Watch VCR movies
15 years,Less than 1 hour,1994,Watch VCR movies
15 years,10 hours or more,1990,Watch VCR movies
13 years,Less than 1 hour,1998,Play computer games
15 years,Not at all,1998,Play computer games
11 years,7 to 9 hours,1998,Play computer games
15 years,1 to 3 hours,1998,Play computer games
11 years,4 to 6 hours,1998,Play computer games
15 years,7 to 9 hours,1998,Watch VCR movies
11 years,Not at all,1990,Watch VCR movies
13 years,1 to 3 hours,1994,Watch VCR movies
11 years,1 to 3 hours,1998,Watch VCR movies
11 years,Not at all,1994,Watch VCR movies
11 years,7 to 9 hours,1994,Play computer games
13 years,Less than 1 hour,1998,Watch VCR movies
15 years,10 hours or more,1994,Play computer games
13 years,4 to 6 hours,1994,Play computer games
15 years,7 to 9 hours,1990,Play computer games
15 years,7 to 9 hours,1998,Play computer games
11 years,Less than 1 hour,1998,Watch VCR movies
15 years,4 to 6 hours,1994,Play computer games
11 years,Less than 1 hour,1994,Play computer games
11 years,Less than 1 hour,1998,Watch VCR movies
11 years,1 to 3 hours,1990,Play computer games
13 years,Not at all,1998,Watch VCR movies
15 years,4 to 6 hours,1994,Play computer games
15 years,4 to 6 hours,1994,Watch VCR movies
13 years,Not at all,1990,Play computer games
11 years,10 hours or more,1994,Watch VCR movies
11 years,Not at all,1990,Play computer games
11 years,Not at all,1998,Play computer games
13 years,1 to 3 hours,1994,Play computer games
15 years,7 to 9 hours,1994,Play computer games
13 years,Less than 1 hour,1990,Watch VCR movies
11 years,4 to 6 hours,1998,Watch VCR movies
11 years,7 to 9 hours,1998,Watch VCR movies
11 years,Less than 1 hour,1990,Play computer games
15 years,7 to 9 hours,1998,Play computer games
15 years,10 hours or more,1990,Play computer games
11 years,1 to 3 hours,1994,Play computer games
11 years,7 to 9 hours,1994,Play computer games
15 years,Less than 1 hour,1994,Play computer games
15 years,1 to 3 hours,1998,Watch VCR movies
11 years,4 to 6 hours,1990,Watch VCR movies
15 years,4 to 6 hours,1994,Play computer games
15 years,Less than 1 hour,1990,Play computer games
11 years,7 to 9 hours,1998,Play computer games
11 years,1 to 3 hours,1994,Play computer games
15 years,Not at all,1994,Play computer games
15 years,10 hours or more,1990,Play computer games
13 years,1 to 3 hours,1998,Watch VCR movies
15 years,4 to 6 hours,1998,Play computer games
13 years,10 hours or more,1998,Play computer games
13 years,Less than 1 hour,1998,Play computer games
15 years,Not at all,1994,Watch VCR movies
15 years,Less than 1 hour,1998,Play computer games
15 years,4 to 6 hours,1998,Play computer games
13 years,7 to 9 hours,1990,Play computer games
15 years,Less than 1 hour,1994,Watch VCR movies
13 years,1 to 3 hours,1994,Play computer games
11 years,10 hours or more,1990,Watch VCR movies
15 years,10 hours or more,1994,Watch VCR movies
15 years,7 to 9 hours,1998,Watch VCR movies
15 years,4 to 6 hours,1994,Watch VCR movies
15 years,4 to 6 hours,1998,Watch VCR movies
13 years,1 to 3 hours,1998,Play computer games
15 years,7 to 9 hours,1998,Watch VCR movies
15 years,4 to 6 hours,1998,Watch VCR movies
11 years,7 to 9 hours,1994,Watch VCR movies
13 years,Not at all,1994,Watch VCR movies
15 years,Less than 1 hour,1994,Play computer games
13 years,4 to 6 hours,1990,Watch VCR movies
13 years,Less than 1 hour,1998,Play computer games
11 years,1 to 3 hours,1994,Play computer games
11 years,7 to 9 hours,1994,Watch VCR movies
11 years,1 to 3 hours,1998,Watch VCR movies
11 years,Not at all,1998,Watch VCR movies
11 years,4 to 6 hours,1998,Watch VCR movies
13 years,7 to 9 hours,1994,Play computer games
11 years,4 to 6 hours,1990,Watch VCR movies
15 years,Not at all,1990,Watch VCR movies
15 years,4 to 6 hours,1990,Watch VCR movies
15 years,1 to 3 hours,1998,Play computer games
11 years,1 to 3 hours,1990,Play computer games
15 years,10 hours or more,1998,Watch VCR movies
11 years,10 hours or more,1998,Watch VCR movies
11 years,Not at all,1998,Play computer games
11 years,Not at all,1994,Play computer games
11 years,1 to 3 hours,1998,Play computer games
13 years,Not at all,1998,Play computer games
11 years,Less than 1 hour,1994,Watch VCR movies
11 years,Less than 1 hour,1994,Play computer games
11 years,10 hours or more,1998,Play computer games
13 years,4 to 6 hours,1990,Watch VCR movies
15 years,Not at all,1998,Play computer games
11 years,Not at all,1998,Play computer games
13 years,Less than 1 hour,1998,Watch VCR movies
15 years,7 to 9 hours,1994,Watch VCR movies
13 years,10 hours or more,1998,Watch VCR movies
11 years,7 to 9 hours,1998,Watch VCR movies
11 years,1 to 3 hours,1990,Play computer games
11 years,1 to 3 hours,1994,Watch VCR movies
13 years,1 to 3 hours,1994,Play computer games
11 years,7 to 9 hours,1994,Watch VCR movies
11 years,1 to 3 hours,1994,Play computer games
15 years,Less than 1 hour,1994,Watch VCR movies
11 years,Less than 1 hour,1994,Play computer games
15 years,Not at all,1990,Play computer games
13 years,1 to 3 hours,1994,Watch VCR movies
13 years,Not at all,1998,Watch VCR movies
15 years,Not at all,1998,Play computer games
13 years,7 to 9 hours,1990,Watch VCR movies
11 years,4 to 6 hours,1998,Watch VCR movies
11 years,4 to 6 hours,1990,Watch VCR movies
11 years,1 to 3 hours,1994,Play computer games
15 years,10 hours or more,1998,Play computer games
11 years,4 to 6 hours,1994,Play computer games
15 years,Not at all,1994,Watch VCR movies
15 years,Not at all,1998,Watch VCR movies
15 years,Less than 1 hour,1994,Play computer games
15 years,Not at all,1998,Play computer games
13 years,4 to 6 hours,1994,Play computer games
11 years,10 hours or more,1990,Play computer games
13 years,Not at all,1994,Play computer games
11 years,Not at all,1998,Play computer games
11 years,Not at all,1994,Play computer games
13 years,7 to 9 hours,1994,Watch VCR movies
11 years,10 hours or more,1994,Watch VCR movies
13 years,4 to 6 hours,1994,Watch VCR movies
11 years,7 to 9 hours,1994,Play computer games
11 years,4 to 6 hours,1998,Play computer games
15 years,4 to 6 hours,1994,Watch VCR movies
15 years,Less than 1 hour,1998,Watch VCR movies
11 years,7 to 9 hours,1994,Watch VCR movies
15 years,10 hours or more,1998,Watch VCR movies
11 years,7 to 9 hours,1998,Watch VCR movies
15 years,7 to 9 hours,1998,Play computer games
11 years,Less than 1 hour,1998,Play computer games
13 years,10 hours or more,1994,Play computer games
11 years,4 to 6 hours,1994,Play computer games
15 years,10 hours or more,1998,Play computer games
13 years,Not at all,1998,Play computer games
11 years,7 to 9 hours,1994,Watch VCR movies
13 years,7 to 9 hours,1994,Play computer games
15 years,Less than 1 hour,1990,Play computer games
15 years,7 to 9 hours,1994,Play computer games
13 years,Not at all,1998,Watch VCR movies
13 years,4 to 6 hours,1994,Play computer games
13 years,1 to 3 hours,1998,Watch VCR movies
13 years,4 to 6 hours,1998,Watch VCR movies
13 years,1 to 3 hours,1994,Play computer games
11 years,7 to 9 hours,1990,Watch VCR movies
15 years,Not at all,1998,Watch VCR movies
13 years,Not at all,1998,Play computer games
15 years,1 to 3 hours,1998,Play computer games
15 years,Not at all,1994,Watch VCR movies
15 years,10 hours or more,1998,Watch VCR movies
15 years,Less than 1 hour,1998,Play computer games
11 years,Less than 1 hour,1998,Watch VCR movies
15 years,1 to 3 hours,1994,Watch VCR movies
11 years,10 hours or more,1994,Watch VCR movies
11 years,7 to 9 hours,1998,Watch VCR movies
11 years,Not at all,1994,Play computer games
13 years,10 hours or more,1994,Play computer games
11 years,Not at all,1994,Play computer games
15 years,10 hours or more,1998,Watch VCR movies
11 years,Less than 1 hour,1998,Watch VCR movies
15 years,10 hours or more,1998,Watch VCR movies
13 years,Not at all,1994,Watch VCR movies
13 years,Less than 1 hour,1998,Watch VCR movies
13 years,Not at all,1998,Watch VCR movies
15 years,Less than 1 hour,1998,Play computer games
11 years,Less than 1 hour,1998,Play computer games
11 years,10 hours or more,1994,Watch VCR movies
11 years,7 to 9 hours,1998,Watch VCR movies
13 years,7 to 9 hours,1994,Play computer games
13 years,1 to 3 hours,1998,Watch VCR movies
13 years,Less than 1 hour,1998,Play computer games
15 years,4 to 6 hours,1998,Watch VCR movies
11 years,4 to 6 hours,1998,Play computer games
13 years,4 to 6 hours,1990,Watch VCR movies
15 years,7 to 9 hours,1998,Play computer games
11 years,4 to 6 hours,1990,Play computer games
15 years,1 to 3 hours,1994,Play computer games
15 years,1 to 3 hours,1998,Play computer games
13 years,7 to 9 hours,1998,Watch VCR movies
15 years,4 to 6 hours,1990,Play computer games
13 years,10 hours or more,1990,Watch VCR movies
13 years,Not at all,1998,Watch VCR movies
13 years,7 to 9 hours,1994,Watch VCR movies
11 years,10 hours or more,1998,Watch VCR movies
11 years,1 to 3 hours,1998,Watch VCR movies
11 years,4 to 6 hours,1998,Watch VCR movies
15 years,Less than 1 hour,1998,Play computer games
13 years,10 hours or more,1994,Watch VCR movies
13 years,1 to 3 hours,1998,Watch VCR movies
15 years,Less than 1 hour,1994,Play computer games
13 years,4 to 6 hours,1994,Watch VCR movies
11 years,1 to 3 hours,1990,Play computer games
13 years,7 to 9 hours,1994,Play computer games
13 years,Not at all,1998,Play computer games
13 years,Not at all,1998,Watch VCR movies
15 years,Less than 1 hour,1994,Play computer games
15 years,Not at all,1998,Watch VCR movies
13 years,7 to 9 hours,1994,Play computer games
11 years,4 to 6 hours,1994,Play computer games
11 years,7 to 9 hours,1998,Watch VCR movies
11 years,7 to 9 hours,1994,Watch VCR movies
11 years,1 to 3 hours,1994,Play computer games
13 years,1 to 3 hours,1994,Play computer games
15 years,10 hours or more,1990,Play computer games
13 years,Not at all,1994,Watch VCR movies
13 years,1 to 3 hours,1998,Watch VCR movies
11 years,Less than 1 hour,1998,Watch VCR movies
13 years,10 hours or more,1998,Watch VCR movies
15 years,Less than 1 hour,1998,Watch VCR movies
15 years,Not at all,1998,Watch VCR movies
11 years,4 to 6 hours,1994,Watch VCR movies
15 years,Less than 1 hour,1994,Watch VCR movies
13 years,Less than 1 hour,1998,Watch VCR movies
13 years,1 to 3 hours,1994,Play computer games
15 years,7 to 9 hours,1998,Watch VCR movies
11 years,4 to 6 hours,1994,Watch VCR movies
15 years,Not at all,1990,Watch VCR movies
13 years,Less than 1 hour,1998,Play computer games
15 years,4 to 6 hours,1998,Watch VCR movies
11 years,1 to 3 hours,1998,Play computer games
11 years,4 to 6 hours,1994,Play computer games
11 years,Less than 1 hour,1990,Play computer games
11 years,1 to 3 hours,1990,Watch VCR movies
11 years,Less than 1 hour,1998,Watch VCR movies
15 years,1 to 3 hours,1994,Play computer games
15 years,4 to 6 hours,1998,Watch VCR movies
13 years,10 hours or more,1994,Play computer games
13 years,7 to 9 hours,1994,Watch VCR movies
13 years,Less than 1 hour,1994,Watch VCR movies
15 years,Not at all,1994,Watch VCR movies
13 years,7 to 9 hours,1998,Watch VCR movies
11 years,7 to 9 hours,1994,Play computer games
15 years,Not at all,1998,Watch VCR movies
11 years,1 to 3 hours,1998,Watch VCR movies
11 years,4 to 6 hours,1994,Watch VCR movies
15 years,Not at all,1990,Play computer games
11 years,4 to 6 hours,1998,Play computer games
15 years,1 to 3 hours,1990,Play computer games
15 years,7 to 9 hours,1998,Play computer games
13 years,7 to 9 hours,1994,Watch VCR movies
11 years,Not at all,1998,Play computer games
15 years,1 to 3 hours,1994,Play computer games
15 years,Not at all,1990,Play computer games
15 years,Less than 1 hour,1994,Watch VCR movies
11 years,Not at all,1998,Watch VCR movies
11 years,1 to 3 hours,1998,Play computer games
13 years,10 hours or more,1998,Play computer games
13 years,Not at all,1990,Watch VCR movies
13 years,Not at all,1998,Watch VCR movies
15 years,4 to 6 hours,1998,Play computer games
15 years,4 to 6 hours,1994,Play computer games
13 years,Not at all,1994,Watch VCR movies
15 years,Not at all,1998,Play computer games
13 years,7 to 9 hours,1998,Watch VCR movies
11 years,Not at all,1998,Play computer games
11 years,Less than 1 hour,1998,Play computer games
15 years,10 hours or more,1998,Watch VCR movies
11 years,Less than 1 hour,1994,Play computer games
13 years,Less than 1 hour,1994,Watch VCR movies
13 years,Less than 1 hour,1994,Play computer games
13 years,1 to 3 hours,1998,Play computer games
15 years,Not at all,1990,Play computer games
15 years,Not at all,1998,Watch VCR movies
11 years,1 to 3 hours,1998,Watch VCR movies
13 years,4 to 6 hours,1994,Watch VCR movies
13 years,Less than 1 hour,1998,Watch VCR movies
11 years,7 to 9 hours,1990,Play computer games
11 years,1 to 3 hours,1998,Play computer games
15 years,1 to 3 hours,1994,Play computer games
13 years,10 hours or more,1994,Play computer games
15 years,4 to 6 hours,1998,Watch VCR movies
11 years,1 to 3 hours,1998,Play computer games
11 years,1 to 3 hours,1990,Play computer games
11 years,Less than 1 hour,1994,Watch VCR movies
13 years,4 to 6 hours,1998,Watch VCR movies
11 years,1 to 3 hours,1998,Watch VCR movies
15 years,10 hours or more,1998,Watch VCR movies
11 years,4 to 6 hours,1990,Play computer games
13 years,10 hours or more,1994,Play computer games
13 years,7 to 9 hours,1990,Play computer games
15 years,Not at all,1998,Watch VCR movies
11 years,Less than 1 hour,1994,Play computer games
13 years,Less than 1 hour,1994,Play computer games
15 years,1 to 3 hours,1994,Watch VCR movies
13 years,Less than 1 hour,1998,Watch VCR movies
11 years,Not at all,1998,Watch VCR movies
13 years,7 to 9 hours,1998,Watch VCR movies
15 years,4 to 6 hours,1990,Watch VCR movies
15 years,10 hours or more,1998,Watch VCR movies
13 years,Not at all,1994,Watch VCR movies
13 years,7 to 9 hours,1998,Play computer games
15 years,Not at all,1994,Play computer games
11 years,1 to 3 hours,1994,Play computer games
11 years,1 to 3 hours,1998,Play computer games
11 years,Not at all,1994,Play computer games
13 years,Less than 1 hour,1994,Play computer games
11 years,Not at all,1998,Play computer games
13 years,Not at all,1994,Watch VCR movies
15 years,Less than 1 hour,1998,Watch VCR movies
13 years,10 hours or more,1994,Play computer games
13 years,10 hours or more,1998,Play computer games
15 years,Less than 1 hour,1990,Play computer games
15 years,10 hours or more,1994,Play computer games
13 years,4 to 6 hours,1990,Watch VCR movies
15 years,Less than 1 hour,1998,Play computer games
15 years,4 to 6 hours,1998,Watch VCR movies
11 years,Not at all,1994,Watch VCR movies
11 years,7 to 9 hours,1998,Play computer games
15 years,10 hours or more,1998,Play computer games
11 years,Not at all,1994,Play computer games
15 years,1 to 3 hours,1998,Watch VCR movies
15 years,1 to 3 hours,1994,Watch VCR movies
11 years,Not at all,1998,Watch VCR movies
11 years,Less than 1 hour,1998,Play computer games
11 years,Less than 1 hour,1998,Play computer games
11 years,1 to 3 hours,1990,Watch VCR movies
13 years,Not at all,1998,Play computer games
15 years,4 to 6 hours,1998,Play computer games
13 years,4 to 6 hours,1990,Play computer games
15 years,7 to 9 hours,1990,Play computer games
11 years,1 to 3 hours,1994,Play computer games
13 years,10 hours or more,1998,Play computer games
13 years,Less than 1 hour,1998,Watch VCR movies
15 years,10 hours or more,1998,Play computer games
11 years,1 to 3 hours,1998,Play computer games
11 years,1 to 3 hours,1998,Play computer games
11 years,1 to 3 hours,1994,Watch VCR movies
11 years,1 to 3 hours,1998,Play computer games
11 years,4 to 6 hours,1998,Play computer games
13 years,Less than 1 hour,1994,Play computer games
15 years,7 to 9 hours,1994,Play computer games
15 years,Less than 1 hour,1994,Play computer games
11 years,1 to 3 hours,1990,Play computer games
13 years,Less than 1 hour,1994,Play computer games
11 years,4 to 6 hours,1994,Watch VCR movies
15 years,4 to 6 hours,1990,Watch VCR movies
11 years,10 hours or more,1998,Play computer games
13 years,Not at all,1994,Watch VCR movies
13 years,Not at all,1998,Play computer games
13 years,Less than 1 hour,1994,Play computer games
13 years,7 to 9 hours,1994,Play computer games
15 years,4 to 6 hours,1998,Play computer games
13 years,Not at all,1994,Play computer games
11 years,Less than 1 hour,1994,Play computer games
13 years,7 to 9 hours,1994,Watch VCR movies
13 years,1 to 3 hours,1994,Play computer games
11 years,4 to 6 hours,1998,Play computer games
11 years,1 to 3 hours,1998,Watch VCR movies
13 years,7 to 9 hours,1994,Play computer games
11 years,10 hours or more,1994,Watch VCR movies
13 years,7 to 9 hours,1994,Watch VCR movies
13 years,Not at all,1990,Watch VCR movies
13 years,10 hours or more,1998,Play computer games
15 years,7 to 9 hours,1998,Watch VCR movies
13 years,10 hours or more,1998,Watch VCR movies
15 years,4 to 6 hours,1998,Play computer games
13 years,Not at all,1994,Play computer games
13 years,1 to 3 hours,1990,Play computer games
15 years,Less than 1 hour,1994,Watch VCR movies
11 years,Not at all,1998,Play computer games
13 years,Less than 1 hour,1998,Play computer games
15 years,1 to 3 hours,1998,Play computer games
11 years,10 hours or more,1990,Watch VCR movies
11 years,10 hours or more,1998,Play computer games
11 years,10 hours or more,1994,Watch VCR movies
15 years,10 hours or more,1994,Play computer games
13 years,10 hours or more,1990,Watch VCR movies
13 years,7 to 9 hours,1994,Watch VCR movies
13 years,1 to 3 hours,1998,Watch VCR movies
13 years,10 hours or more,1994,Play computer games
15 years,1 to 3 hours,1994,Play computer games
13 years,Less than 1 hour,1998,Watch VCR movies
13 years,4 to 6 hours,1998,Watch VCR movies
11 years,Not at all,1994,Play computer games
13 years,7 to 9 hours,1990,Watch VCR movies
11 years,Not at all,1998,Watch VCR movies
15 years,Not at all,1994,Play computer games
13 years,1 to 3 hours,1994,Watch VCR movies
13 years,1 to 3 hours,1994,Play computer games
13 years,1 to 3 hours,1998,Watch VCR movies
11 years,Not at all,1998,Play computer games
15 years,4 to 6 hours,1994,Watch VCR movies
11 years,1 to 3 hours,1998,Watch VCR movies
11 years,1 to 3 hours,1990,Watch VCR movies
11 years,1 to 3 hours,1994,Play computer games
11 years,4 to 6 hours,1998,Play computer games
13 years,7 to 9 hours,1990,Play computer games
11 years,4 to 6 hours,1994,Play computer games
11 years,4 to 6 hours,1998,Watch VCR movies
13 years,4 to 6 hours,1990,Play computer games
11 years,Not at all,1990,Watch VCR movies
13 years,7 to 9 hours,1990,Play computer games
11 years,10 hours or more,1994,Watch VCR movies
13 years,Not at all,1998,Play computer games
11 years,4 to 6 hours,1994,Watch VCR movies
11 years,4 to 6 hours,1994,Watch VCR movies
13 years,4 to 6 hours,1998,Play computer games
13 years,Not at all,1998,Watch VCR movies
15 years,Not at all,1990,Watch VCR movies
11 years,1 to 3 hours,1990,Watch VCR movies
13 years,7 to 9 hours,1994,Play computer games
11 years,Not at all,1998,Watch VCR movies
13 years,7 to 9 hours,1990,Watch VCR movies
11 years,4 to 6 hours,1994,Watch VCR movies
13 years,7 to 9 hours,1998,Play computer games
11 years,4 to 6 hours,1994,Watch VCR movies
11 years,1 to 3 hours,1990,Play computer games
15 years,1 to 3 hours,1998,Watch VCR movies
15 years,Not at all,1998,Play computer games
15 years,10 hours or more,1998,Watch VCR movies
13 years,1 to 3 hours,1994,Play computer games
13 years,4 to 6 hours,1998,Play computer games
15 years,Not at all,1990,Watch VCR movies
13 years,Less than 1 hour,1998,Play computer games
13 years,4 to 6 hours,1990,Play computer games
11 years,10 hours or more,1998,Watch VCR movies
11 years,7 to 9 hours,1998,Watch VCR movies
15 years,7 to 9 hours,1994,Watch VCR movies
15 years,Not at all,1990,Watch VCR movies
11 years,10 hours or more,1998,Play computer games
13 years,Less than 1 hour,1998,Watch VCR movies
15 years,10 hours or more,1998,Play computer games
11 years,7 to 9 hours,1998,Play computer games
15 years,1 to 3 hours,1998,Play computer games
15 years,1 to 3 hours,1990,Play computer games
15 years,4 to 6 hours,1998,Play computer games
13 years,Less than 1 hour,1994,Watch VCR movies
11 years,1 to 3 hours,1994,Watch VCR movies
15 years,7 to 9 hours,1994,Play computer games
13 years,Less than 1 hour,1994,Play computer games
15 years,Not at all,1998,Watch VCR movies
15 years,1 to 3 hours,1994,Play computer games
13 years,1 to 3 hours,1998,Watch VCR movies
11 years,1 to 3 hours,1998,Play computer games
11 years,4 to 6 hours,1998,Watch VCR movies
13 years,Not at all,1998,Play computer games
13 years,10 hours or more,1998,Play computer games
15 years,10 hours or more,1994,Watch VCR movies
15 years,7 to 9 hours,1994,Play computer games
11 years,7 to 9 hours,1998,Watch VCR movies
13 years,7 to 9 hours,1994,Play computer games
13 years,4 to 6 hours,1998,Play computer games
13 years,Not at all,1998,Play computer games
15 years,Not at all,1994,Play computer games
13 years,7 to 9 hours,1994,Play computer games
11 years,7 to 9 hours,1998,Play computer games
15 years,1 to 3 hours,1998,Play computer games
11 years,1 to 3 hours,1998,Watch VCR movies
13 years,1 to 3 hours,1990,Play computer games
13 years,Less than 1 hour,1994,Watch VCR movies
15 years,Less than 1 hour,1994,Watch VCR movies
13 years,Less than 1 hour,1990,Play computer games
15 years,1 to 3 hours,1994,Play computer games
15 years,7 to 9 hours,1994,Watch VCR movies
15 years,4 to 6 hours,1994,Watch VCR movies
11 years,Less than 1 hour,1994,Watch VCR movies
11 years,10 hours or more,1998,Watch VCR movies
11 years,4 to 6 hours,1994,Play computer games
11 years,4 to 6 hours,1998,Watch VCR movies
15 years,7 to 9 hours,1994,Play computer games
13 years,1 to 3 hours,1998,Play computer games
11 years,Not at all,1998,Watch VCR movies
11 years,10 hours or more,1998,Play computer games
11 years,4 to 6 hours,1994,Watch VCR movies
13 years,Less than 1 hour,1998,Play computer games
13 years,7 to 9 hours,1998,Watch VCR movies
15 years,1 to 3 hours,1998,Play computer games
15 years,4 to 6 hours,1990,Play computer games
11 years,Less than 1 hour,1998,Watch VCR movies
15 years,Less than 1 hour,1998,Watch VCR movies
15 years,7 to 9 hours,1998,Play computer games
13 years,7 to 9 hours,1998,Play computer games
15 years,Not at all,1998,Play computer games
11 years,7 to 9 hours,1998,Watch VCR movies
15 years,10 hours or more,1994,Play computer games
15 years,4 to 6 hours,1998,Play computer games
13 years,10 hours or more,1994,Play computer games
13 years,7 to 9 hours,1998,Watch VCR movies
15 years,4 to 6 hours,1998,Watch VCR movies
11 years,10 hours or more,1998,Watch VCR movies
13 years,Less than 1 hour,1998,Play computer games
11 years,1 to 3 hours,1998,Watch VCR movies
15 years,7 to 9 hours,1990,Watch VCR movies
13 years,1 to 3 hours,1990,Watch VCR movies
11 years,1 to 3 hours,1990,Watch VCR movies
15 years,Less than 1 hour,1990,Play computer games
11 years,Less than 1 hour,1998,Watch VCR movies
13 years,Not at all,1994,Play computer games
11 years,Less than 1 hour,1998,Watch VCR movies
13 years,Not at all,1994,Watch VCR movies
13 years,4 to 6 hours,1994,Play computer games
15 years,1 to 3 hours,1998,Watch VCR movies
11 years,Less than 1 hour,1998,Watch VCR movies
15 years,Less than 1 hour,1994,Play computer games
11 years,4 to 6 hours,1990,Play computer games
13 years,1 to 3 hours,1994,Watch VCR movies
11 years,Not at all,1998,Play computer games
11 years,1 to 3 hours,1990,Watch VCR movies
13 years,7 to 9 hours,1990,Watch VCR movies
15 years,4 to 6 hours,1994,Watch VCR movies
11 years,Not at all,1994,Play computer games
15 years,10 hours or more,1990,Watch VCR movies
15 years,7 to 9 hours,1998,Watch VCR movies
13 years,1 to 3 hours,1998,Play computer games
13 years,4 to 6 hours,1998,Watch VCR movies
11 years,7 to 9 hours,1990,Play computer games
15 years,10 hours or more,1990,Watch VCR movies
11 years,Not at all,1998,Watch VCR movies
11 years,Less than 1 hour,1990,Watch VCR movies
13 years,7 to 9 hours,1994,Play computer games
11 years,Not at all,1998,Watch VCR movies
13 years,Less than 1 hour,1998,Play computer games
15 years,10 hours or more,1990,Play computer games
15 years,1 to 3 hours,1994,Watch VCR movies
11 years,10 hours or more,1990,Watch VCR movies
13 years,Less than 1 hour,1994,Watch VCR movies
15 years,1 to 3 hours,1998,Play computer games
11 years,10 hours or more,1990,Watch VCR movies
15 years,Less than 1 hour,1998,Watch VCR movies
11 years,7 to 9 hours,1998,Play computer games
15 years,4 to 6 hours,1994,Watch VCR movies
11 years,10 hours or more,1998,Watch VCR movies
15 years,10 hours or more,1994,Watch VCR movies
11 years,1 to 3 hours,1998,Play computer games
11 years,7 to 9 hours,1990,Watch VCR movies
13 years,10 hours or more,1998,Play computer games
13 years,10 hours or more,1998,Watch VCR movies
11 years,1 to 3 hours,1998,Watch VCR movies
15 years,10 hours or more,1990,Watch VCR movies
11 years,1 to 3 hours,1998,Play computer games
11 years,7 to 9 hours,1998,Play computer games
11 years,Not at all,1994,Play computer games
11 years,Less than 1 hour,1998,Play computer games
15 years,10 hours or more,1994,Play computer games
11 years,Not at all,1998,Watch VCR movies
13 years,4 to 6 hours,1998,Play computer games
11 years,1 to 3 hours,1994,Play computer games
13 years,7 to 9 hours,1994,Play computer games
11 years,4 to 6 hours,1994,Play computer games
13 years,Less than 1 hour,1994,Play computer games
13 years,1 to 3 hours,1998,Play computer games
11 years,4 to 6 hours,1998,Watch VCR movies
13 years,Less than 1 hour,1998,Play computer games
15 years,10 hours or more,1994,Watch VCR movies
11 years,4 to 6 hours,1990,Play computer games
15 years,1 to 3 hours,1994,Watch VCR movies
13 years,Less than 1 hour,1998,Play computer games
13 years,7 to 9 hours,1998,Watch VCR movies
15 years,1 to 3 hours,1990,Watch VCR movies
15 years,1 to 3 hours,1998,Watch VCR movies
11 years,10 hours or more,1994,Play computer games
15 years,Less than 1 hour,1998,Play computer games
13 years,10 hours or more,1990,Watch VCR movies
11 years,Less than 1 hour,1994,Watch VCR movies
11 years,Not at all,1998,Play computer games
13 years,7 to 9 hours,1994,Play computer games
15 years,10 hours or more,1998,Watch VCR movies
11 years,7 to 9 hours,1994,Watch VCR movies
13 years,10 hours or more,1994,Play computer games
11 years,10 hours or more,1994,Play computer games
13 years,4 to 6 hours,1998,Watch VCR movies
11 years,Not at all,1998,Play computer games
11 years,10 hours or more,1994,Play computer games
13 years,10 hours or more,1998,Watch VCR movies
13 years,Less than 1 hour,1998,Watch VCR movies
15 years,7 to 9 hours,1998,Watch VCR movies
13 years,Less than 1 hour,1994,Play computer games
13 years,1 to 3 hours,1990,Watch VCR movies
15 years,4 to 6 hours,1998,Watch VCR movies
13 years,10 hours or more,1998,Play computer games
15 years,10 hours or more,1998,Play computer games
13 years,Less than 1 hour,1998,Watch VCR movies
11 years,10 hours or more,1994,Watch VCR movies
11 years,Not at all,1998,Watch VCR movies
13 years,1 to 3 hours,1998,Watch VCR movies
11 years,10 hours or more,1998,Watch VCR movies
13 years,10 hours or more,1998,Watch VCR movies
11 years,1 to 3 hours,1998,Play computer games
11 years,Not at all,1994,Play computer games
13 years,4 to 6 hours,1990,Watch VCR movies
11 years,1 to 3 hours,1998,Watch VCR movies
15 years,7 to 9 hours,1998,Play computer games
15 years,4 to 6 hours,1998,Play computer games
11 years,7 to 9 hours,1998,Play computer games
15 years,1 to 3 hours,1998,Play computer games
13 years,7 to 9 hours,1994,Play computer games
15 years,1 to 3 hours,1990,Watch VCR movies
11 years,7 to 9 hours,1994,Play computer games
11 years,1 to 3 hours,1994,Play computer games
15 years,1 to 3 hours,1994,Watch VCR movies
13 years,1 to 3 hours,1998,Play computer games
15 years,Less than 1 hour,1998,Watch VCR movies
15 years,1 to 3 hours,1990,Play computer games
15 years,1 to 3 hours,1998,Watch VCR movies
15 years,7 to 9 hours,1994,Play computer games
15 years,1 to 3 hours,1994,Play computer games
11 years,Not at all,1994,Watch VCR movies
15 years,10 hours or more,1998,Play computer games
11 years,Less than 1 hour,1994,Watch VCR movies
11 years,10 hours or more,1998,Watch VCR movies
13 years,10 hours or more,1994,Play computer games
11 years,Not at all,1998,Play computer games
11 years,4 to 6 hours,1998,Watch VCR movies
13 years,10 hours or more,1994,Watch VCR movies
11 years,10 hours or more,1990,Play computer games
11 years,1 to 3 hours,1994,Watch VCR movies
11 years,1 to 3 hours,1990,Play computer games
13 years,Less than 1 hour,1998,Watch VCR movies
15 years,4 to 6 hours,1994,Watch VCR movies
15 years,10 hours or more,1994,Play computer games
15 years,7 to 9 hours,1990,Play computer games
15 years,Less than 1 hour,1998,Play computer games
11 years,7 to 9 hours,1994,Watch VCR movies
15 years,10 hours or more,1998,Watch VCR movies
15 years,7 to 9 hours,1990,Play computer games
11 years,7 to 9 hours,1998,Play computer games
13 years,1 to 3 hours,1998,Watch VCR movies
15 years,1 to 3 hours,1994,Watch VCR movies
15 years,4 to 6 hours,1998,Watch VCR movies
13 years,10 hours or more,1990,Play computer games
15 years,10 hours or more,1994,Watch VCR movies
11 years,4 to 6 hours,1998,Play computer games
11 years,7 to 9 hours,1998,Play computer games
11 years,7 to 9 hours,1994,Play computer games
13 years,10 hours or more,1990,Watch VCR movies
13 years,10 hours or more,1994,Watch VCR movies
13 years,Less than 1 hour,1990,Play computer games
13 years,10 hours or more,1998,Watch VCR movies
11 years,4 to 6 hours,1994,Play computer games
11 years,Less than 1 hour,1998,Watch VCR movies
13 years,7 to 9 hours,1994,Watch VCR movies
11 years,1 to 3 hours,1994,Watch VCR movies
11 years,7 to 9 hours,1990,Play computer games
11 years,7 to 9 hours,1998,Watch VCR movies
15 years,7 to 9 hours,1998,Watch VCR movies
15 years,10 hours or more,1990,Play computer games
11 years,7 to 9 hours,1990,Watch VCR movies
11 years,1 to 3 hours,1994,Play computer games
15 years,10 hours or more,1998,Play computer games
13 years,1 to 3 hours,1998,Watch VCR movies
15 years,Less than 1 hour,1998,Play computer games
11 years,4 to 6 hours,1990,Play computer games
15 years,Less than 1 hour,1994,Watch VCR movies
11 years,10 hours or more,1994,Watch VCR movies
15 years,Less than 1 hour,1998,Play computer games
13 years,4 to 6 hours,1998,Play computer games
11 years,Not at all,1990,Watch VCR movies
11 years,1 to 3 hours,1994,Watch VCR movies
15 years,4 to 6 hours,1998,Watch VCR movies
13 years,Not at all,1998,Watch VCR movies
11 years,1 to 3 hours,1994,Play computer games
15 years,Not at all,1994,Play computer games
13 years,Not at all,1994,Play computer games
13 years,10 hours or more,1998,Play computer games
13 years,Not at all,1998,Watch VCR movies
15 years,Less than 1 hour,1998,Watch VCR movies
13 years,4 to 6 hours,1998,Play computer games
11 years,10 hours or more,1998,Watch VCR movies
13 years,4 to 6 hours,1998,Play computer games
15 years,7 to 9 hours,1994,Watch VCR movies
15 years,Less than 1 hour,1994,Watch VCR movies
13 years,4 to 6 hours,1998,Watch VCR movies
13 years,10 hours or more,1994,Watch VCR movies
13 years,1 to 3 hours,1990,Watch VCR movies
11 years,1 to 3 hours,1998,Watch VCR movies
13 years,Not at all,1998,Watch VCR movies
13 years,7 to 9 hours,1998,Watch VCR movies
13 years,10 hours or more,1998,Watch VCR movies
11 years,7 to 9 hours,1998,Play computer games
15 years,7 to 9 hours,1994,Watch VCR movies
11 years,4 to 6 hours,1998,Watch VCR movies
15 years,7 to 9 hours,1994,Watch VCR movies
13 years,4 to 6 hours,1994,Play computer games
13 years,Less than 1 hour,1998,Watch VCR movies
15 years,Not at all,1994,Watch VCR movies
15 years,10 hours or more,1998,Watch VCR movies
13 years,4 to 6 hours,1998,Watch VCR movies
11 years,4 to 6 hours,1998,Play computer games
15 years,7 to 9 hours,1994,Watch VCR movies
13 years,4 to 6 hours,1998,Watch VCR movies
13 years,4 to 6 hours,1990,Watch VCR movies
13 years,10 hours or more,1990,Play computer games
13 years,1 to 3 hours,1998,Watch VCR movies
13 years,10 hours or more,1994,Play computer games
15 years,4 to 6 hours,1990,Play computer games
11 years,Less than 1 hour,1998,Watch VCR movies
13 years,10 hours or more,1994,Play computer games
13 years,1 to 3 hours,1998,Watch VCR movies
11 years,1 to 3 hours,1998,Play computer games
13 years,Not at all,1998,Watch VCR movies
13 years,1 to 3 hours,1994,Watch VCR movies
15 years,10 hours or more,1998,Watch VCR movies
11 years,Less than 1 hour,1994,Play computer games
15 years,7 to 9 hours,1998,Watch VCR movies
15 years,10 hours or more,1998,Play computer games
13 years,1 to 3 hours,1998,Watch VCR movies
15 years,10 hours or more,1998,Play computer games
15 years,1 to 3 hours,1990,Play computer games
11 years,Not at all,1994,Play computer games
15 years,4 to 6 hours,1990,Play computer games
11 years,7 to 9 hours,1998,Play computer games
15 years,4 to 6 hours,1998,Play computer games
11 years,4 to 6 hours,1994,Watch VCR movies
15 years,1 to 3 hours,1994,Watch VCR movies
15 years,10 hours or more,1990,Play computer games
15 years,10 hours or more,1994,Watch VCR movies
15 years,7 to 9 hours,1994,Watch VCR movies
13 years,10 hours or more,1998,Play computer games
11 years,1 to 3 hours,1994,Watch VCR movies
11 years,7 to 9 hours,1998,Play computer games
13 years,4 to 6 hours,1998,Play computer games
11 years,1 to 3 hours,1998,Watch VCR movies
11 years,4 to 6 hours,1998,Watch VCR movies
15 years,Less than 1 hour,1998,Play computer games
11 years,Less than 1 hour,1994,Watch VCR movies
11 years,10 hours or more,1998,Watch VCR movies
13 years,4 to 6 hours,1990,Play computer games
13 years,Not at all,1994,Play computer games
15 years,Less than 1 hour,1998,Watch VCR movies
15 years,7 to 9 hours,1998,Play computer games
15 years,1 to 3 hours,1998,Play computer games
15 years,10 hours or more,1990,Watch VCR movies
11 years,4 to 6 hours,1998,Watch VCR movies
15 years,10 hours or more,1994,Play computer games
15 years,4 to 6 hours,1998,Play computer games
13 years,7 to 9 hours,1998,Play computer games
15 years,4 to 6 hours,1994,Play computer games
11 years,Not at all,1994,Play computer games
13 years,Less than 1 hour,1994,Play computer games
15 years,1 to 3 hours,1998,Play computer games
15 years,Less than 1 hour,1990,Watch VCR movies
13 years,Not at all,1994,Play computer games
13 years,1 to 3 hours,1998,Play computer games
11 years,4 to 6 hours,1994,Watch VCR movies
13 years,7 to 9 hours,1998,Watch VCR movies
11 years,10 hours or more,1998,Watch VCR movies
11 years,10 hours or more,1994,Watch VCR movies
15 years,4 to 6 hours,1998,Play computer games
15 years,Not at all,1994,Play computer games
13 years,10 hours or more,1994,Watch VCR movies
13 years,1 to 3 hours,1998,Watch VCR movies
13 years,10 hours or more,1998,Play computer games
15 years,Not at all,1998,Play computer games
13 years,Not at all,1998,Watch VCR movies
11 years,4 to 6 hours,1994,Play computer games
15 years,10 hours or more,1998,Play computer games
11 years,10 hours or more,1998,Play computer games
15 years,1 to 3 hours,1998,Play computer games
11 years,Not at all,1990,Play computer games
15 years,Less than 1 hour,1994,Play computer games
11 years,Not at all,1994,Watch VCR movies
15 years,10 hours or more,1994,Play computer games
15 years,1 to 3 hours,1998,Watch VCR movies
11 years,10 hours or more,1994,Play computer games
11 years,Not at all,1994,Play computer games
15 years,4 to 6 hours,1994,Play computer games
13 years,10 hours or more,1998,Play computer games
15 years,1 to 3 hours,1998,Watch VCR movies
15 years,1 to 3 hours,1994,Play computer games
15 years,1 to 3 hours,1990,Watch VCR movies
13 years,7 to 9 hours,1998,Watch VCR movies
11 years,10 hours or more,1998,Watch VCR movies
15 years,4 to 6 hours,1998,Watch VCR movies
15 years,Less than 1 hour,1994,Play computer games
15 years,1 to 3 hours,1998,Play computer games
13 years,Less than 1 hour,1998,Watch VCR movies
15 years,4 to 6 hours,1998,Play computer games
15 years,Less than 1 hour,1994,Play computer games
13 years,4 to 6 hours,1994,Play computer games
11 years,Not at all,1994,Play computer games
15 years,1 to 3 hours,1994,Play computer games
11 years,7 to 9 hours,1998,Watch VCR movies
15 years,Not at all,1990,Watch VCR movies
13 years,7 to 9 hours,1994,Play computer games
15 years,7 to 9 hours,1998,Watch VCR movies
13 years,4 to 6 hours,1998,Play computer games
15 years,7 to 9 hours,1990,Play computer games
15 years,1 to 3 hours,1994,Play computer games
15 years,10 hours or more,1998,Watch VCR movies
11 years,7 to 9 hours,1994,Watch VCR movies
15 years,Not at all,1990,Play computer games
11 years,1 to 3 hours,1998,Watch VCR movies
13 years,Less than 1 hour,1994,Watch VCR movies
13 years,7 to 9 hours,1998,Play computer games
11 years,Not at all,1998,Watch VCR movies
15 years,4 to 6 hours,1998,Play computer games
15 years,4 to 6 hours,1998,Play computer games
15 years,10 hours or more,1994,Watch VCR movies
11 years,7 to 9 hours,1998,Play computer games
15 years,7 to 9 hours,1990,Play computer games
13 years,Not at all,1994,Play computer games
13 years,7 to 9 hours,1998,Play computer games
