Age group,Activity,UOM,Time spent,Sex
15 years,Play computer games,Percent,4 to 6 hours,Males
11 years,Play computer games,Percent,7 to 9 hours,Males
11 years,Play computer games,Percent,Not at all,Females
11 years,Play computer games,Percent,Not at all,Males
15 years,Watch VCR movies,Percent,Not at all,Males
13 years,Watch VCR movies,Percent,Not at all,Males
15 years,Play computer games,Percent,7 to 9 hours,Males
11 years,Play computer games,Percent,Less than 1 hour,Males
11 years,Watch VCR movies,Percent,1 to 3 hours,Males
11 years,Play computer games,Percent,4 to 6 hours,Males
13 years,Play computer games,Percent,7 to 9 hours,Males
13 years,Play computer games,Percent,Not at all,Males
15 years,Play computer games,Percent,Less than 1 hour,Females
11 years,Play computer games,Percent,1 to 3 hours,Females
13 years,Play computer games,Percent,Not at all,Females
11 years,Watch VCR movies,Percent,Less than 1 hour,Females
11 years,Watch VCR movies,Percent,4 to 6 hours,Males
15 years,Play computer games,Percent,4 to 6 hours,Females
11 years,Play computer games,Percent,1 to 3 hours,Females
11 years,Watch VCR movies,Percent,4 to 6 hours,Females
11 years,Watch VCR movies,Percent,1 to 3 hours,Males
13 years,Play computer games,Percent,Less than 1 hour,Females
11 years,Watch VCR movies,Percent,1 to 3 hours,Females
13 years,Watch VCR movies,Percent,Not at all,Males
15 years,Play computer games,Percent,10 hours or more,Males
15 years,Play computer games,Percent,10 hours or more,Males
13 years,Play computer games,Percent,1 to 3 hours,Males
13 years,Watch VCR movies,Percent,4 to 6 hours,Females
15 years,Play computer games,Percent,Less than 1 hour,Males
15 years,Watch VCR movies,Percent,7 to 9 hours,Males
15 years,Play computer games,Percent,Not at all,Females
13 years,Watch VCR movies,Percent,10 hours or more,Females
15 years,Play computer games,Percent,7 to 9 hours,Females
13 years,Play computer games,Percent,10 hours or more,Females
13 years,Watch VCR movies,Percent,Less than 1 hour,Females
13 years,Watch VCR movies,Percent,10 hours or more,Males
13 years,Play computer games,Percent,10 hours or more,Males
15 years,Watch VCR movies,Percent,1 to 3 hours,Females
15 years,Play computer games,Percent,Not at all,Females
11 years,Watch VCR movies,Percent,Not at all,Females
11 years,Play computer games,Percent,10 hours or more,Males
11 years,Watch VCR movies,Percent,10 hours or more,Males
13 years,Watch VCR movies,Percent,10 hours or more,Males
13 years,Watch VCR movies,Percent,Less than 1 hour,Males
15 years,Watch VCR movies,Percent,Less than 1 hour,Females
11 years,Play computer games,Percent,10 hours or more,Males
13 years,Watch VCR movies,Percent,Less than 1 hour,Females
11 years,Watch VCR movies,Percent,10 hours or more,Females
11 years,Watch VCR movies,Percent,Less than 1 hour,Females
11 years,Watch VCR movies,Percent,Not at all,Males
15 years,Play computer games,Percent,1 to 3 hours,Males
11 years,Watch VCR movies,Percent,1 to 3 hours,Males
15 years,Watch VCR movies,Percent,10 hours or more,Females
15 years,Watch VCR movies,Percent,10 hours or more,Males
13 years,Play computer games,Percent,4 to 6 hours,Females
11 years,Play computer games,Percent,Less than 1 hour,Males
15 years,Play computer games,Percent,4 to 6 hours,Males
11 years,Play computer games,Percent,1 to 3 hours,Females
11 years,Play computer games,Percent,Less than 1 hour,Males
15 years,Play computer games,Percent,Less than 1 hour,Females
13 years,Play computer games,Percent,Not at all,Males
13 years,Play computer games,Percent,10 hours or more,Males
15 years,Play computer games,Percent,10 hours or more,Males
11 years,Play computer games,Percent,Not at all,Females
15 years,Watch VCR movies,Percent,Less than 1 hour,Females
13 years,Watch VCR movies,Percent,4 to 6 hours,Males
13 years,Watch VCR movies,Percent,7 to 9 hours,Males
15 years,Watch VCR movies,Percent,7 to 9 hours,Females
15 years,Play computer games,Percent,10 hours or more,Males
11 years,Play computer games,Percent,4 to 6 hours,Males
13 years,Watch VCR movies,Percent,Less than 1 hour,Males
13 years,Play computer games,Percent,Less than 1 hour,Males
11 years,Watch VCR movies,Percent,Less than 1 hour,Females
11 years,Play computer games,Percent,Less than 1 hour,Females
13 years,Play computer games,Percent,Not at all,Females
15 years,Play computer games,Percent,Not at all,Females
15 years,Watch VCR movies,Percent,4 to 6 hours,Females
15 years,Play computer games,Percent,7 to 9 hours,Females
13 years,Watch VCR movies,Percent,Not at all,Males
13 years,Watch VCR movies,Percent,Not at all,Males
11 years,Play computer games,Percent,4 to 6 hours,Males
13 years,Watch VCR movies,Percent,1 to 3 hours,Females
11 years,Watch VCR movies,Percent,4 to 6 hours,Females
13 years,Play computer games,Percent,Less than 1 hour,Males
11 years,Play computer games,Percent,7 to 9 hours,Females
15 years,Watch VCR movies,Percent,Less than 1 hour,Males
11 years,Play computer games,Percent,1 to 3 hours,Males
13 years,Watch VCR movies,Percent,Less than 1 hour,Females
13 years,Play computer games,Percent,10 hours or more,Females
13 years,Watch VCR movies,Percent,10 hours or more,Females
15 years,Play computer games,Percent,Not at all,Males
13 years,Watch VCR movies,Percent,4 to 6 hours,Females
13 years,Play computer games,Percent,Not at all,Females
15 years,Play computer games,Percent,4 to 6 hours,Females
11 years,Play computer games,Percent,1 to 3 hours,Males
11 years,Watch VCR movies,Percent,1 to 3 hours,Males
11 years,Watch VCR movies,Percent,4 to 6 hours,Females
15 years,Play computer games,Percent,4 to 6 hours,Females
13 years,Watch VCR movies,Percent,7 to 9 hours,Females
13 years,Watch VCR movies,Percent,Not at all,Males
11 years,Play computer games,Percent,4 to 6 hours,Males
11 years,Play computer games,Percent,1 to 3 hours,Females
11 years,Play computer games,Percent,10 hours or more,Males
15 years,Watch VCR movies,Percent,Not at all,Females
15 years,Watch VCR movies,Percent,1 to 3 hours,Females
11 years,Watch VCR movies,Percent,Not at all,Females
13 years,Watch VCR movies,Percent,Less than 1 hour,Males
15 years,Play computer games,Percent,1 to 3 hours,Males
13 years,Watch VCR movies,Percent,Not at all,Males
13 years,Play computer games,Percent,7 to 9 hours,Females
11 years,Watch VCR movies,Percent,10 hours or more,Males
11 years,Watch VCR movies,Percent,4 to 6 hours,Males
13 years,Watch VCR movies,Percent,10 hours or more,Males
15 years,Play computer games,Percent,4 to 6 hours,Males
11 years,Play computer games,Percent,10 hours or more,Females
11 years,Watch VCR movies,Percent,7 to 9 hours,Males
15 years,Play computer games,Percent,1 to 3 hours,Females
11 years,Play computer games,Percent,Not at all,Females
13 years,Play computer games,Percent,Less than 1 hour,Males
11 years,Play computer games,Percent,4 to 6 hours,Males
15 years,Watch VCR movies,Percent,10 hours or more,Females
13 years,Play computer games,Percent,Less than 1 hour,Males
11 years,Play computer games,Percent,4 to 6 hours,Males
15 years,Play computer games,Percent,Not at all,Males
15 years,Watch VCR movies,Percent,10 hours or more,Males
11 years,Watch VCR movies,Percent,4 to 6 hours,Females
11 years,Play computer games,Percent,Less than 1 hour,Males
11 years,Play computer games,Percent,7 to 9 hours,Females
15 years,Watch VCR movies,Percent,7 to 9 hours,Females
11 years,Watch VCR movies,Percent,4 to 6 hours,Males
15 years,Watch VCR movies,Percent,7 to 9 hours,Females
13 years,Watch VCR movies,Percent,10 hours or more,Males
11 years,Watch VCR movies,Percent,4 to 6 hours,Males
15 years,Play computer games,Percent,10 hours or more,Females
13 years,Play computer games,Percent,Not at all,Females
11 years,Play computer games,Percent,7 to 9 hours,Males
13 years,Play computer games,Percent,1 to 3 hours,Females
11 years,Play computer games,Percent,7 to 9 hours,Males
15 years,Play computer games,Percent,7 to 9 hours,Females
11 years,Watch VCR movies,Percent,Less than 1 hour,Females
15 years,Play computer games,Percent,Less than 1 hour,Males
15 years,Play computer games,Percent,4 to 6 hours,Males
15 years,Watch VCR movies,Percent,Less than 1 hour,Females
11 years,Play computer games,Percent,10 hours or more,Females
11 years,Play computer games,Percent,4 to 6 hours,Females
11 years,Play computer games,Percent,4 to 6 hours,Males
13 years,Play computer games,Percent,Not at all,Females
15 years,Play computer games,Percent,7 to 9 hours,Males
13 years,Play computer games,Percent,1 to 3 hours,Males
15 years,Play computer games,Percent,10 hours or more,Females
11 years,Watch VCR movies,Percent,1 to 3 hours,Females
13 years,Watch VCR movies,Percent,4 to 6 hours,Females
11 years,Watch VCR movies,Percent,7 to 9 hours,Females
13 years,Play computer games,Percent,Less than 1 hour,Females
13 years,Play computer games,Percent,4 to 6 hours,Females
15 years,Play computer games,Percent,Less than 1 hour,Males
13 years,Watch VCR movies,Percent,1 to 3 hours,Females
15 years,Play computer games,Percent,Less than 1 hour,Females
13 years,Watch VCR movies,Percent,1 to 3 hours,Males
15 years,Play computer games,Percent,Not at all,Females
13 years,Watch VCR movies,Percent,Less than 1 hour,Females
15 years,Play computer games,Percent,1 to 3 hours,Females
11 years,Play computer games,Percent,4 to 6 hours,Females
13 years,Play computer games,Percent,4 to 6 hours,Males
11 years,Watch VCR movies,Percent,1 to 3 hours,Males
15 years,Watch VCR movies,Percent,Less than 1 hour,Females
11 years,Watch VCR movies,Percent,10 hours or more,Males
15 years,Watch VCR movies,Percent,4 to 6 hours,Females
13 years,Watch VCR movies,Percent,Not at all,Males
11 years,Play computer games,Percent,1 to 3 hours,Females
11 years,Play computer games,Percent,4 to 6 hours,Females
11 years,Play computer games,Percent,10 hours or more,Males
13 years,Watch VCR movies,Percent,10 hours or more,Females
13 years,Watch VCR movies,Percent,Less than 1 hour,Females
15 years,Play computer games,Percent,4 to 6 hours,Females
13 years,Watch VCR movies,Percent,10 hours or more,Females
15 years,Play computer games,Percent,7 to 9 hours,Males
13 years,Watch VCR movies,Percent,10 hours or more,Males
11 years,Watch VCR movies,Percent,10 hours or more,Females
13 years,Play computer games,Percent,4 to 6 hours,Males
13 years,Play computer games,Percent,4 to 6 hours,Females
13 years,Watch VCR movies,Percent,Not at all,Males
13 years,Play computer games,Percent,Not at all,Females
15 years,Watch VCR movies,Percent,10 hours or more,Males
11 years,Play computer games,Percent,10 hours or more,Males
13 years,Play computer games,Percent,Not at all,Males
11 years,Watch VCR movies,Percent,7 to 9 hours,Females
11 years,Watch VCR movies,Percent,1 to 3 hours,Females
13 years,Watch VCR movies,Percent,1 to 3 hours,Males
11 years,Play computer games,Percent,Not at all,Males
13 years,Watch VCR movies,Percent,4 to 6 hours,Males
13 years,Play computer games,Percent,1 to 3 hours,Males
13 years,Play computer games,Percent,10 hours or more,Males
11 years,Play computer games,Percent,4 to 6 hours,Females
11 years,Play computer games,Percent,1 to 3 hours,Males
13 years,Play computer games,Percent,10 hours or more,Females
15 years,Watch VCR movies,Percent,Not at all,Males
13 years,Watch VCR movies,Percent,10 hours or more,Females
15 years,Play computer games,Percent,Less than 1 hour,Males
13 years,Play computer games,Percent,Less than 1 hour,Males
11 years,Watch VCR movies,Percent,10 hours or more,Males
11 years,Watch VCR movies,Percent,4 to 6 hours,Males
13 years,Play computer games,Percent,10 hours or more,Females
11 years,Watch VCR movies,Percent,7 to 9 hours,Females
15 years,Watch VCR movies,Percent,Less than 1 hour,Females
11 years,Play computer games,Percent,Less than 1 hour,Males
11 years,Play computer games,Percent,1 to 3 hours,Males
15 years,Play computer games,Percent,Not at all,Males
15 years,Watch VCR movies,Percent,10 hours or more,Females
13 years,Play computer games,Percent,10 hours or more,Females
13 years,Play computer games,Percent,10 hours or more,Females
11 years,Play computer games,Percent,Not at all,Males
11 years,Watch VCR movies,Percent,Not at all,Males
11 years,Watch VCR movies,Percent,7 to 9 hours,Females
11 years,Watch VCR movies,Percent,Not at all,Females
13 years,Play computer games,Percent,Not at all,Males
15 years,Watch VCR movies,Percent,7 to 9 hours,Males
13 years,Watch VCR movies,Percent,4 to 6 hours,Females
15 years,Watch VCR movies,Percent,7 to 9 hours,Females
11 years,Watch VCR movies,Percent,1 to 3 hours,Males
13 years,Play computer games,Percent,1 to 3 hours,Males
13 years,Watch VCR movies,Percent,Not at all,Males
15 years,Watch VCR movies,Percent,Not at all,Females
15 years,Play computer games,Percent,Not at all,Females
15 years,Watch VCR movies,Percent,4 to 6 hours,Females
13 years,Play computer games,Percent,10 hours or more,Males
13 years,Play computer games,Percent,1 to 3 hours,Males
13 years,Play computer games,Percent,Not at all,Females
13 years,Watch VCR movies,Percent,1 to 3 hours,Females
15 years,Watch VCR movies,Percent,4 to 6 hours,Males
15 years,Watch VCR movies,Percent,Not at all,Females
11 years,Watch VCR movies,Percent,1 to 3 hours,Females
13 years,Watch VCR movies,Percent,10 hours or more,Males
13 years,Watch VCR movies,Percent,4 to 6 hours,Males
15 years,Watch VCR movies,Percent,7 to 9 hours,Males
15 years,Play computer games,Percent,4 to 6 hours,Males
15 years,Play computer games,Percent,Less than 1 hour,Females
13 years,Watch VCR movies,Percent,Not at all,Females
11 years,Watch VCR movies,Percent,Less than 1 hour,Females
11 years,Play computer games,Percent,10 hours or more,Males
15 years,Watch VCR movies,Percent,10 hours or more,Males
11 years,Play computer games,Percent,4 to 6 hours,Males
11 years,Watch VCR movies,Percent,1 to 3 hours,Females
11 years,Watch VCR movies,Percent,10 hours or more,Males
13 years,Play computer games,Percent,Not at all,Females
11 years,Play computer games,Percent,1 to 3 hours,Females
13 years,Watch VCR movies,Percent,Not at all,Females
11 years,Play computer games,Percent,1 to 3 hours,Males
15 years,Watch VCR movies,Percent,10 hours or more,Males
11 years,Play computer games,Percent,Not at all,Females
11 years,Play computer games,Percent,10 hours or more,Males
11 years,Watch VCR movies,Percent,Less than 1 hour,Females
15 years,Watch VCR movies,Percent,4 to 6 hours,Males
15 years,Watch VCR movies,Percent,10 hours or more,Females
11 years,Play computer games,Percent,10 hours or more,Females
11 years,Watch VCR movies,Percent,10 hours or more,Females
13 years,Play computer games,Percent,1 to 3 hours,Males
13 years,Play computer games,Percent,7 to 9 hours,Males
13 years,Watch VCR movies,Percent,10 hours or more,Males
11 years,Play computer games,Percent,Less than 1 hour,Males
15 years,Watch VCR movies,Percent,7 to 9 hours,Females
11 years,Play computer games,Percent,7 to 9 hours,Males
13 years,Watch VCR movies,Percent,Less than 1 hour,Males
11 years,Play computer games,Percent,Less than 1 hour,Males
15 years,Play computer games,Percent,1 to 3 hours,Females
15 years,Play computer games,Percent,10 hours or more,Females
15 years,Play computer games,Percent,Less than 1 hour,Males
13 years,Watch VCR movies,Percent,10 hours or more,Females
15 years,Play computer games,Percent,7 to 9 hours,Males
11 years,Play computer games,Percent,Less than 1 hour,Females
15 years,Play computer games,Percent,10 hours or more,Males
15 years,Watch VCR movies,Percent,Not at all,Males
15 years,Play computer games,Percent,10 hours or more,Females
15 years,Play computer games,Percent,10 hours or more,Females
11 years,Watch VCR movies,Percent,7 to 9 hours,Males
13 years,Watch VCR movies,Percent,7 to 9 hours,Females
13 years,Play computer games,Percent,4 to 6 hours,Females
13 years,Watch VCR movies,Percent,10 hours or more,Females
13 years,Play computer games,Percent,Not at all,Males
15 years,Watch VCR movies,Percent,Less than 1 hour,Males
13 years,Play computer games,Percent,Not at all,Females
13 years,Watch VCR movies,Percent,4 to 6 hours,Males
15 years,Watch VCR movies,Percent,4 to 6 hours,Females
15 years,Play computer games,Percent,7 to 9 hours,Males
13 years,Watch VCR movies,Percent,Not at all,Males
15 years,Play computer games,Percent,7 to 9 hours,Females
15 years,Play computer games,Percent,Not at all,Males
13 years,Watch VCR movies,Percent,Not at all,Females
15 years,Play computer games,Percent,Not at all,Males
15 years,Watch VCR movies,Percent,4 to 6 hours,Females
13 years,Play computer games,Percent,4 to 6 hours,Males
11 years,Play computer games,Percent,4 to 6 hours,Females
15 years,Watch VCR movies,Percent,1 to 3 hours,Males
15 years,Play computer games,Percent,7 to 9 hours,Males
15 years,Play computer games,Percent,7 to 9 hours,Females
11 years,Watch VCR movies,Percent,4 to 6 hours,Males
11 years,Play computer games,Percent,7 to 9 hours,Males
13 years,Play computer games,Percent,7 to 9 hours,Females
15 years,Watch VCR movies,Percent,Less than 1 hour,Females
11 years,Play computer games,Percent,4 to 6 hours,Females
15 years,Play computer games,Percent,Less than 1 hour,Females
15 years,Play computer games,Percent,10 hours or more,Males
11 years,Watch VCR movies,Percent,Less than 1 hour,Females
11 years,Play computer games,Percent,7 to 9 hours,Males
13 years,Play computer games,Percent,Less than 1 hour,Females
11 years,Watch VCR movies,Percent,1 to 3 hours,Males
13 years,Watch VCR movies,Percent,10 hours or more,Males
11 years,Play computer games,Percent,7 to 9 hours,Males
13 years,Watch VCR movies,Percent,1 to 3 hours,Males
15 years,Play computer games,Percent,7 to 9 hours,Females
13 years,Watch VCR movies,Percent,10 hours or more,Males
13 years,Play computer games,Percent,4 to 6 hours,Females
15 years,Play computer games,Percent,1 to 3 hours,Females
15 years,Watch VCR movies,Percent,7 to 9 hours,Females
11 years,Watch VCR movies,Percent,10 hours or more,Males
15 years,Watch VCR movies,Percent,Less than 1 hour,Males
13 years,Watch VCR movies,Percent,10 hours or more,Females
11 years,Play computer games,Percent,10 hours or more,Females
15 years,Play computer games,Percent,10 hours or more,Females
13 years,Play computer games,Percent,4 to 6 hours,Males
13 years,Watch VCR movies,Percent,Less than 1 hour,Females
13 years,Watch VCR movies,Percent,1 to 3 hours,Females
11 years,Play computer games,Percent,1 to 3 hours,Females
13 years,Watch VCR movies,Percent,7 to 9 hours,Males
15 years,Play computer games,Percent,Less than 1 hour,Females
15 years,Play computer games,Percent,Not at all,Females
13 years,Play computer games,Percent,Less than 1 hour,Males
15 years,Watch VCR movies,Percent,Less than 1 hour,Males
15 years,Watch VCR movies,Percent,4 to 6 hours,Females
11 years,Watch VCR movies,Percent,4 to 6 hours,Males
13 years,Watch VCR movies,Percent,1 to 3 hours,Males
11 years,Watch VCR movies,Percent,Less than 1 hour,Males
13 years,Play computer games,Percent,7 to 9 hours,Females
11 years,Watch VCR movies,Percent,4 to 6 hours,Males
15 years,Watch VCR movies,Percent,1 to 3 hours,Males
15 years,Play computer games,Percent,7 to 9 hours,Males
13 years,Play computer games,Percent,Less than 1 hour,Females
13 years,Watch VCR movies,Percent,1 to 3 hours,Females
15 years,Play computer games,Percent,Not at all,Females
11 years,Watch VCR movies,Percent,Less than 1 hour,Males
13 years,Play computer games,Percent,4 to 6 hours,Females
13 years,Play computer games,Percent,7 to 9 hours,Males
11 years,Watch VCR movies,Percent,7 to 9 hours,Females
11 years,Play computer games,Percent,4 to 6 hours,Females
15 years,Play computer games,Percent,Less than 1 hour,Males
15 years,Watch VCR movies,Percent,1 to 3 hours,Males
15 years,Watch VCR movies,Percent,Not at all,Females
13 years,Play computer games,Percent,10 hours or more,Males
11 years,Watch VCR movies,Percent,Not at all,Females
15 years,Watch VCR movies,Percent,7 to 9 hours,Males
11 years,Watch VCR movies,Percent,7 to 9 hours,Females
11 years,Watch VCR movies,Percent,7 to 9 hours,Males
13 years,Play computer games,Percent,10 hours or more,Females
15 years,Play computer games,Percent,Less than 1 hour,Males
15 years,Play computer games,Percent,1 to 3 hours,Males
15 years,Watch VCR movies,Percent,10 hours or more,Males
11 years,Play computer games,Percent,7 to 9 hours,Females
15 years,Watch VCR movies,Percent,10 hours or more,Males
15 years,Watch VCR movies,Percent,1 to 3 hours,Males
13 years,Play computer games,Percent,Less than 1 hour,Males
11 years,Play computer games,Percent,4 to 6 hours,Males
15 years,Watch VCR movies,Percent,1 to 3 hours,Males
11 years,Watch VCR movies,Percent,7 to 9 hours,Males
15 years,Play computer games,Percent,7 to 9 hours,Males
15 years,Watch VCR movies,Percent,Less than 1 hour,Males
11 years,Play computer games,Percent,7 to 9 hours,Females
13 years,Watch VCR movies,Percent,10 hours or more,Males
11 years,Play computer games,Percent,7 to 9 hours,Males
11 years,Watch VCR movies,Percent,4 to 6 hours,Females
15 years,Watch VCR movies,Percent,1 to 3 hours,Females
15 years,Play computer games,Percent,1 to 3 hours,Males
15 years,Play computer games,Percent,Not at all,Females
15 years,Watch VCR movies,Percent,7 to 9 hours,Females
11 years,Watch VCR movies,Percent,1 to 3 hours,Males
11 years,Watch VCR movies,Percent,10 hours or more,Males
13 years,Play computer games,Percent,10 hours or more,Females
11 years,Play computer games,Percent,10 hours or more,Females
13 years,Play computer games,Percent,Less than 1 hour,Females
15 years,Watch VCR movies,Percent,Not at all,Males
13 years,Watch VCR movies,Percent,10 hours or more,Females
13 years,Play computer games,Percent,10 hours or more,Females
15 years,Watch VCR movies,Percent,Less than 1 hour,Females
11 years,Watch VCR movies,Percent,4 to 6 hours,Females
11 years,Play computer games,Percent,7 to 9 hours,Females
11 years,Play computer games,Percent,Less than 1 hour,Females
13 years,Play computer games,Percent,4 to 6 hours,Females
13 years,Watch VCR movies,Percent,1 to 3 hours,Males
15 years,Watch VCR movies,Percent,Not at all,Males
13 years,Play computer games,Percent,10 hours or more,Males
15 years,Play computer games,Percent,Not at all,Males
15 years,Watch VCR movies,Percent,Not at all,Females
15 years,Watch VCR movies,Percent,Not at all,Males
13 years,Play computer games,Percent,7 to 9 hours,Males
11 years,Play computer games,Percent,7 to 9 hours,Females
11 years,Watch VCR movies,Percent,10 hours or more,Females
13 years,Play computer games,Percent,4 to 6 hours,Females
11 years,Watch VCR movies,Percent,Not at all,Females
15 years,Play computer games,Percent,1 to 3 hours,Males
11 years,Watch VCR movies,Percent,1 to 3 hours,Females
15 years,Watch VCR movies,Percent,7 to 9 hours,Males
15 years,Play computer games,Percent,Less than 1 hour,Females
15 years,Play computer games,Percent,Less than 1 hour,Males
11 years,Watch VCR movies,Percent,4 to 6 hours,Males
13 years,Watch VCR movies,Percent,Not at all,Females
15 years,Watch VCR movies,Percent,7 to 9 hours,Males
11 years,Watch VCR movies,Percent,Not at all,Females
11 years,Watch VCR movies,Percent,4 to 6 hours,Males
11 years,Watch VCR movies,Percent,7 to 9 hours,Males
11 years,Watch VCR movies,Percent,7 to 9 hours,Males
15 years,Watch VCR movies,Percent,4 to 6 hours,Males
15 years,Watch VCR movies,Percent,7 to 9 hours,Females
11 years,Watch VCR movies,Percent,Less than 1 hour,Males
15 years,Play computer games,Percent,1 to 3 hours,Females
13 years,Watch VCR movies,Percent,Less than 1 hour,Males
11 years,Watch VCR movies,Percent,4 to 6 hours,Females
13 years,Play computer games,Percent,4 to 6 hours,Males
15 years,Play computer games,Percent,1 to 3 hours,Females
11 years,Play computer games,Percent,4 to 6 hours,Females
15 years,Watch VCR movies,Percent,4 to 6 hours,Females
13 years,Play computer games,Percent,Less than 1 hour,Females
11 years,Play computer games,Percent,1 to 3 hours,Females
11 years,Play computer games,Percent,7 to 9 hours,Females
15 years,Watch VCR movies,Percent,10 hours or more,Males
11 years,Watch VCR movies,Percent,10 hours or more,Females
13 years,Watch VCR movies,Percent,Not at all,Males
15 years,Watch VCR movies,Percent,7 to 9 hours,Males
15 years,Watch VCR movies,Percent,10 hours or more,Males
15 years,Watch VCR movies,Percent,7 to 9 hours,Males
11 years,Watch VCR movies,Percent,1 to 3 hours,Females
15 years,Play computer games,Percent,Less than 1 hour,Females
15 years,Play computer games,Percent,Not at all,Males
13 years,Play computer games,Percent,Not at all,Females
15 years,Play computer games,Percent,Less than 1 hour,Females
15 years,Watch VCR movies,Percent,1 to 3 hours,Females
13 years,Watch VCR movies,Percent,Less than 1 hour,Females
13 years,Play computer games,Percent,Less than 1 hour,Males
11 years,Watch VCR movies,Percent,Not at all,Females
13 years,Watch VCR movies,Percent,Not at all,Females
15 years,Play computer games,Percent,Less than 1 hour,Males
15 years,Watch VCR movies,Percent,4 to 6 hours,Females
11 years,Watch VCR movies,Percent,1 to 3 hours,Males
11 years,Play computer games,Percent,4 to 6 hours,Males
11 years,Play computer games,Percent,10 hours or more,Males
13 years,Play computer games,Percent,1 to 3 hours,Males
11 years,Watch VCR movies,Percent,Less than 1 hour,Females
13 years,Play computer games,Percent,10 hours or more,Females
13 years,Watch VCR movies,Percent,Less than 1 hour,Males
13 years,Watch VCR movies,Percent,Less than 1 hour,Males
13 years,Watch VCR movies,Percent,7 to 9 hours,Males
11 years,Play computer games,Percent,Not at all,Females
11 years,Watch VCR movies,Percent,10 hours or more,Females
13 years,Play computer games,Percent,Not at all,Males
15 years,Watch VCR movies,Percent,7 to 9 hours,Males
11 years,Play computer games,Percent,Not at all,Females
13 years,Play computer games,Percent,Not at all,Males
11 years,Watch VCR movies,Percent,4 to 6 hours,Females
11 years,Watch VCR movies,Percent,10 hours or more,Males
11 years,Watch VCR movies,Percent,Not at all,Females
11 years,Play computer games,Percent,10 hours or more,Females
15 years,Play computer games,Percent,7 to 9 hours,Females
15 years,Play computer games,Percent,10 hours or more,Females
11 years,Play computer games,Percent,1 to 3 hours,Females
11 years,Play computer games,Percent,1 to 3 hours,Females
15 years,Watch VCR movies,Percent,Less than 1 hour,Females
15 years,Watch VCR movies,Percent,10 hours or more,Males
11 years,Play computer games,Percent,Not at all,Males
13 years,Play computer games,Percent,4 to 6 hours,Males
15 years,Watch VCR movies,Percent,1 to 3 hours,Females
13 years,Watch VCR movies,Percent,10 hours or more,Females
15 years,Play computer games,Percent,Less than 1 hour,Males
15 years,Play computer games,Percent,Not at all,Females
11 years,Watch VCR movies,Percent,Not at all,Females
13 years,Play computer games,Percent,Less than 1 hour,Males
15 years,Play computer games,Percent,4 to 6 hours,Females
13 years,Play computer games,Percent,1 to 3 hours,Males
11 years,Play computer games,Percent,7 to 9 hours,Females
15 years,Play computer games,Percent,Not at all,Males
13 years,Play computer games,Percent,Not at all,Males
11 years,Play computer games,Percent,10 hours or more,Males
11 years,Watch VCR movies,Percent,Not at all,Males
15 years,Play computer games,Percent,Less than 1 hour,Females
13 years,Watch VCR movies,Percent,Not at all,Males
13 years,Play computer games,Percent,4 to 6 hours,Males
13 years,Play computer games,Percent,1 to 3 hours,Females
13 years,Play computer games,Percent,Not at all,Females
13 years,Play computer games,Percent,4 to 6 hours,Females
11 years,Watch VCR movies,Percent,Less than 1 hour,Females
13 years,Play computer games,Percent,Less than 1 hour,Females
15 years,Play computer games,Percent,4 to 6 hours,Males
13 years,Watch VCR movies,Percent,7 to 9 hours,Females
11 years,Play computer games,Percent,4 to 6 hours,Males
15 years,Watch VCR movies,Percent,10 hours or more,Females
15 years,Watch VCR movies,Percent,Not at all,Females
15 years,Play computer games,Percent,Not at all,Males
15 years,Play computer games,Percent,Less than 1 hour,Males
15 years,Watch VCR movies,Percent,Not at all,Males
13 years,Play computer games,Percent,1 to 3 hours,Males
11 years,Play computer games,Percent,7 to 9 hours,Males
11 years,Play computer games,Percent,Less than 1 hour,Males
11 years,Play computer games,Percent,10 hours or more,Females
11 years,Watch VCR movies,Percent,Less than 1 hour,Females
15 years,Watch VCR movies,Percent,4 to 6 hours,Males
13 years,Play computer games,Percent,1 to 3 hours,Females
13 years,Play computer games,Percent,7 to 9 hours,Females
15 years,Play computer games,Percent,4 to 6 hours,Females
13 years,Watch VCR movies,Percent,1 to 3 hours,Males
11 years,Watch VCR movies,Percent,Less than 1 hour,Females
11 years,Watch VCR movies,Percent,1 to 3 hours,Females
11 years,Play computer games,Percent,4 to 6 hours,Males
15 years,Watch VCR movies,Percent,7 to 9 hours,Males
13 years,Watch VCR movies,Percent,1 to 3 hours,Males
15 years,Play computer games,Percent,1 to 3 hours,Females
13 years,Play computer games,Percent,Less than 1 hour,Males
15 years,Watch VCR movies,Percent,1 to 3 hours,Females
13 years,Play computer games,Percent,1 to 3 hours,Females
11 years,Play computer games,Percent,Not at all,Males
13 years,Watch VCR movies,Percent,10 hours or more,Males
15 years,Play computer games,Percent,4 to 6 hours,Females
13 years,Play computer games,Percent,Less than 1 hour,Males
15 years,Watch VCR movies,Percent,4 to 6 hours,Males
15 years,Watch VCR movies,Percent,10 hours or more,Females
11 years,Watch VCR movies,Percent,1 to 3 hours,Males
13 years,Watch VCR movies,Percent,4 to 6 hours,Females
15 years,Play computer games,Percent,Not at all,Females
13 years,Play computer games,Percent,10 hours or more,Males
13 years,Watch VCR movies,Percent,10 hours or more,Females
15 years,Play computer games,Percent,4 to 6 hours,Males
13 years,Watch VCR movies,Percent,4 to 6 hours,Males
13 years,Play computer games,Percent,Not at all,Males
11 years,Play computer games,Percent,10 hours or more,Males
13 years,Play computer games,Percent,7 to 9 hours,Males
13 years,Play computer games,Percent,4 to 6 hours,Females
13 years,Play computer games,Percent,Less than 1 hour,Males
11 years,Play computer games,Percent,7 to 9 hours,Males
15 years,Play computer games,Percent,4 to 6 hours,Females
15 years,Play computer games,Percent,Less than 1 hour,Males
11 years,Watch VCR movies,Percent,4 to 6 hours,Males
11 years,Play computer games,Percent,7 to 9 hours,Females
11 years,Watch VCR movies,Percent,Not at all,Males
13 years,Watch VCR movies,Percent,Not at all,Females
15 years,Play computer games,Percent,4 to 6 hours,Females
13 years,Watch VCR movies,Percent,Less than 1 hour,Males
15 years,Play computer games,Percent,10 hours or more,Females
11 years,Play computer games,Percent,10 hours or more,Females
13 years,Play computer games,Percent,10 hours or more,Males
15 years,Watch VCR movies,Percent,4 to 6 hours,Females
11 years,Play computer games,Percent,7 to 9 hours,Females
13 years,Play computer games,Percent,7 to 9 hours,Females
11 years,Play computer games,Percent,7 to 9 hours,Males
15 years,Watch VCR movies,Percent,1 to 3 hours,Females
13 years,Play computer games,Percent,1 to 3 hours,Males
11 years,Play computer games,Percent,10 hours or more,Females
11 years,Play computer games,Percent,7 to 9 hours,Males
13 years,Play computer games,Percent,4 to 6 hours,Females
11 years,Watch VCR movies,Percent,Less than 1 hour,Females
11 years,Play computer games,Percent,10 hours or more,Females
13 years,Play computer games,Percent,Less than 1 hour,Males
15 years,Watch VCR movies,Percent,4 to 6 hours,Females
11 years,Play computer games,Percent,Not at all,Females
15 years,Watch VCR movies,Percent,7 to 9 hours,Males
11 years,Watch VCR movies,Percent,Not at all,Males
15 years,Play computer games,Percent,Not at all,Females
13 years,Watch VCR movies,Percent,10 hours or more,Females
11 years,Watch VCR movies,Percent,Less than 1 hour,Females
13 years,Play computer games,Percent,7 to 9 hours,Males
15 years,Watch VCR movies,Percent,4 to 6 hours,Males
15 years,Play computer games,Percent,10 hours or more,Females
15 years,Play computer games,Percent,7 to 9 hours,Males
15 years,Play computer games,Percent,1 to 3 hours,Males
13 years,Watch VCR movies,Percent,7 to 9 hours,Females
15 years,Play computer games,Percent,1 to 3 hours,Females
13 years,Watch VCR movies,Percent,7 to 9 hours,Females
15 years,Watch VCR movies,Percent,4 to 6 hours,Females
15 years,Watch VCR movies,Percent,Not at all,Females
15 years,Watch VCR movies,Percent,1 to 3 hours,Females
13 years,Play computer games,Percent,10 hours or more,Females
13 years,Play computer games,Percent,10 hours or more,Females
13 years,Watch VCR movies,Percent,Not at all,Females
11 years,Watch VCR movies,Percent,1 to 3 hours,Females
11 years,Play computer games,Percent,10 hours or more,Males
11 years,Watch VCR movies,Percent,Not at all,Females
15 years,Watch VCR movies,Percent,1 to 3 hours,Females
11 years,Play computer games,Percent,Not at all,Females
11 years,Play computer games,Percent,Less than 1 hour,Females
15 years,Play computer games,Percent,10 hours or more,Females
11 years,Play computer games,Percent,1 to 3 hours,Males
13 years,Watch VCR movies,Percent,7 to 9 hours,Females
11 years,Play computer games,Percent,10 hours or more,Males
13 years,Watch VCR movies,Percent,10 hours or more,Females
11 years,Watch VCR movies,Percent,4 to 6 hours,Males
11 years,Watch VCR movies,Percent,7 to 9 hours,Males
11 years,Watch VCR movies,Percent,Less than 1 hour,Males
11 years,Watch VCR movies,Percent,10 hours or more,Females
11 years,Watch VCR movies,Percent,Not at all,Males
11 years,Play computer games,Percent,10 hours or more,Females
13 years,Play computer games,Percent,1 to 3 hours,Males
11 years,Watch VCR movies,Percent,1 to 3 hours,Females
13 years,Watch VCR movies,Percent,10 hours or more,Females
13 years,Watch VCR movies,Percent,10 hours or more,Males
11 years,Watch VCR movies,Percent,Less than 1 hour,Males
13 years,Play computer games,Percent,Less than 1 hour,Females
11 years,Watch VCR movies,Percent,Not at all,Females
15 years,Play computer games,Percent,1 to 3 hours,Males
11 years,Watch VCR movies,Percent,10 hours or more,Females
11 years,Watch VCR movies,Percent,10 hours or more,Females
15 years,Watch VCR movies,Percent,4 to 6 hours,Females
13 years,Play computer games,Percent,Not at all,Males
15 years,Watch VCR movies,Percent,Not at all,Females
11 years,Play computer games,Percent,4 to 6 hours,Females
15 years,Play computer games,Percent,1 to 3 hours,Females
15 years,Play computer games,Percent,7 to 9 hours,Males
11 years,Play computer games,Percent,4 to 6 hours,Males
13 years,Play computer games,Percent,1 to 3 hours,Females
11 years,Watch VCR movies,Percent,Not at all,Females
15 years,Watch VCR movies,Percent,Not at all,Females
13 years,Watch VCR movies,Percent,1 to 3 hours,Males
15 years,Play computer games,Percent,1 to 3 hours,Males
11 years,Play computer games,Percent,4 to 6 hours,Males
15 years,Play computer games,Percent,4 to 6 hours,Females
11 years,Play computer games,Percent,Not at all,Females
13 years,Watch VCR movies,Percent,Not at all,Females
11 years,Watch VCR movies,Percent,10 hours or more,Females
15 years,Play computer games,Percent,10 hours or more,Males
11 years,Play computer games,Percent,1 to 3 hours,Males
15 years,Watch VCR movies,Percent,Less than 1 hour,Males
13 years,Play computer games,Percent,Not at all,Males
11 years,Play computer games,Percent,4 to 6 hours,Males
13 years,Play computer games,Percent,1 to 3 hours,Females
13 years,Watch VCR movies,Percent,1 to 3 hours,Females
11 years,Watch VCR movies,Percent,1 to 3 hours,Males
13 years,Play computer games,Percent,7 to 9 hours,Females
11 years,Play computer games,Percent,4 to 6 hours,Males
11 years,Play computer games,Percent,Less than 1 hour,Females
15 years,Watch VCR movies,Percent,Less than 1 hour,Females
11 years,Play computer games,Percent,1 to 3 hours,Males
13 years,Watch VCR movies,Percent,1 to 3 hours,Males
11 years,Watch VCR movies,Percent,Less than 1 hour,Females
11 years,Watch VCR movies,Percent,1 to 3 hours,Females
15 years,Watch VCR movies,Percent,1 to 3 hours,Females
13 years,Play computer games,Percent,10 hours or more,Females
11 years,Watch VCR movies,Percent,7 to 9 hours,Males
11 years,Play computer games,Percent,Less than 1 hour,Females
15 years,Play computer games,Percent,7 to 9 hours,Females
11 years,Play computer games,Percent,10 hours or more,Females
11 years,Play computer games,Percent,7 to 9 hours,Males
15 years,Play computer games,Percent,1 to 3 hours,Males
11 years,Play computer games,Percent,Not at all,Males
15 years,Watch VCR movies,Percent,1 to 3 hours,Males
13 years,Watch VCR movies,Percent,Not at all,Females
13 years,Play computer games,Percent,7 to 9 hours,Females
15 years,Play computer games,Percent,Less than 1 hour,Females
15 years,Play computer games,Percent,4 to 6 hours,Males
15 years,Play computer games,Percent,Not at all,Females
11 years,Watch VCR movies,Percent,Less than 1 hour,Males
15 years,Watch VCR movies,Percent,Not at all,Males
11 years,Watch VCR movies,Percent,7 to 9 hours,Females
11 years,Watch VCR movies,Percent,1 to 3 hours,Males
13 years,Watch VCR movies,Percent,Less than 1 hour,Males
11 years,Watch VCR movies,Percent,1 to 3 hours,Females
13 years,Watch VCR movies,Percent,7 to 9 hours,Females
15 years,Watch VCR movies,Percent,Less than 1 hour,Males
15 years,Watch VCR movies,Percent,7 to 9 hours,Males
13 years,Play computer games,Percent,Less than 1 hour,Females
13 years,Watch VCR movies,Percent,Not at all,Males
11 years,Play computer games,Percent,7 to 9 hours,Males
15 years,Play computer games,Percent,Not at all,Females
15 years,Watch VCR movies,Percent,Less than 1 hour,Females
15 years,Play computer games,Percent,7 to 9 hours,Males
11 years,Play computer games,Percent,Less than 1 hour,Females
11 years,Watch VCR movies,Percent,Less than 1 hour,Females
13 years,Play computer games,Percent,1 to 3 hours,Females
11 years,Play computer games,Percent,1 to 3 hours,Males
13 years,Play computer games,Percent,10 hours or more,Females
13 years,Play computer games,Percent,Not at all,Males
13 years,Play computer games,Percent,Not at all,Females
11 years,Watch VCR movies,Percent,1 to 3 hours,Males
11 years,Play computer games,Percent,7 to 9 hours,Females
13 years,Play computer games,Percent,7 to 9 hours,Females
13 years,Play computer games,Percent,7 to 9 hours,Males
13 years,Play computer games,Percent,1 to 3 hours,Females
11 years,Watch VCR movies,Percent,4 to 6 hours,Females
15 years,Play computer games,Percent,7 to 9 hours,Females
13 years,Watch VCR movies,Percent,Not at all,Females
15 years,Play computer games,Percent,4 to 6 hours,Females
15 years,Watch VCR movies,Percent,Less than 1 hour,Males
11 years,Watch VCR movies,Percent,4 to 6 hours,Females
13 years,Play computer games,Percent,Less than 1 hour,Females
11 years,Play computer games,Percent,4 to 6 hours,Females
11 years,Play computer games,Percent,Less than 1 hour,Females
15 years,Play computer games,Percent,7 to 9 hours,Females
13 years,Play computer games,Percent,4 to 6 hours,Males
13 years,Watch VCR movies,Percent,7 to 9 hours,Males
11 years,Play computer games,Percent,1 to 3 hours,Females
15 years,Play computer games,Percent,7 to 9 hours,Males
15 years,Play computer games,Percent,4 to 6 hours,Females
15 years,Play computer games,Percent,4 to 6 hours,Females
15 years,Play computer games,Percent,10 hours or more,Males
13 years,Play computer games,Percent,4 to 6 hours,Males
15 years,Play computer games,Percent,10 hours or more,Females
13 years,Watch VCR movies,Percent,7 to 9 hours,Females
11 years,Play computer games,Percent,7 to 9 hours,Males
15 years,Play computer games,Percent,7 to 9 hours,Females
11 years,Watch VCR movies,Percent,Less than 1 hour,Males
13 years,Watch VCR movies,Percent,1 to 3 hours,Males
15 years,Play computer games,Percent,Less than 1 hour,Females
13 years,Play computer games,Percent,7 to 9 hours,Females
11 years,Watch VCR movies,Percent,1 to 3 hours,Females
11 years,Play computer games,Percent,7 to 9 hours,Males
11 years,Watch VCR movies,Percent,10 hours or more,Females
15 years,Watch VCR movies,Percent,10 hours or more,Females
13 years,Play computer games,Percent,4 to 6 hours,Males
13 years,Play computer games,Percent,7 to 9 hours,Females
15 years,Watch VCR movies,Percent,Less than 1 hour,Females
13 years,Play computer games,Percent,1 to 3 hours,Females
15 years,Play computer games,Percent,Not at all,Males
13 years,Watch VCR movies,Percent,1 to 3 hours,Females
13 years,Play computer games,Percent,7 to 9 hours,Males
13 years,Watch VCR movies,Percent,7 to 9 hours,Males
13 years,Watch VCR movies,Percent,4 to 6 hours,Females
11 years,Watch VCR movies,Percent,Less than 1 hour,Males
15 years,Play computer games,Percent,7 to 9 hours,Males
11 years,Play computer games,Percent,Not at all,Females
13 years,Play computer games,Percent,4 to 6 hours,Males
11 years,Watch VCR movies,Percent,7 to 9 hours,Males
13 years,Play computer games,Percent,7 to 9 hours,Males
15 years,Play computer games,Percent,7 to 9 hours,Males
11 years,Play computer games,Percent,10 hours or more,Males
15 years,Play computer games,Percent,10 hours or more,Males
13 years,Play computer games,Percent,7 to 9 hours,Females
15 years,Watch VCR movies,Percent,4 to 6 hours,Females
15 years,Play computer games,Percent,10 hours or more,Males
15 years,Watch VCR movies,Percent,Less than 1 hour,Females
11 years,Watch VCR movies,Percent,1 to 3 hours,Males
11 years,Watch VCR movies,Percent,Not at all,Females
13 years,Play computer games,Percent,4 to 6 hours,Females
13 years,Watch VCR movies,Percent,Less than 1 hour,Females
11 years,Play computer games,Percent,Less than 1 hour,Females
15 years,Watch VCR movies,Percent,Less than 1 hour,Females
13 years,Watch VCR movies,Percent,7 to 9 hours,Males
15 years,Play computer games,Percent,7 to 9 hours,Females
13 years,Watch VCR movies,Percent,7 to 9 hours,Males
15 years,Play computer games,Percent,1 to 3 hours,Males
15 years,Play computer games,Percent,1 to 3 hours,Males
11 years,Watch VCR movies,Percent,1 to 3 hours,Males
15 years,Watch VCR movies,Percent,10 hours or more,Females
11 years,Play computer games,Percent,10 hours or more,Males
15 years,Watch VCR movies,Percent,7 to 9 hours,Females
11 years,Play computer games,Percent,7 to 9 hours,Males
11 years,Watch VCR movies,Percent,4 to 6 hours,Males
11 years,Watch VCR movies,Percent,7 to 9 hours,Males
11 years,Watch VCR movies,Percent,1 to 3 hours,Males
13 years,Watch VCR movies,Percent,1 to 3 hours,Females
11 years,Watch VCR movies,Percent,4 to 6 hours,Females
13 years,Play computer games,Percent,4 to 6 hours,Females
13 years,Play computer games,Percent,Less than 1 hour,Males
15 years,Play computer games,Percent,7 to 9 hours,Females
15 years,Watch VCR movies,Percent,7 to 9 hours,Males
11 years,Play computer games,Percent,7 to 9 hours,Females
13 years,Play computer games,Percent,Not at all,Males
11 years,Watch VCR movies,Percent,1 to 3 hours,Females
13 years,Watch VCR movies,Percent,7 to 9 hours,Females
11 years,Watch VCR movies,Percent,1 to 3 hours,Females
11 years,Watch VCR movies,Percent,4 to 6 hours,Females
11 years,Play computer games,Percent,Less than 1 hour,Females
13 years,Watch VCR movies,Percent,7 to 9 hours,Females
15 years,Play computer games,Percent,4 to 6 hours,Females
13 years,Play computer games,Percent,10 hours or more,Males
15 years,Watch VCR movies,Percent,4 to 6 hours,Females
15 years,Play computer games,Percent,Not at all,Males
13 years,Watch VCR movies,Percent,1 to 3 hours,Males
11 years,Watch VCR movies,Percent,1 to 3 hours,Males
15 years,Watch VCR movies,Percent,1 to 3 hours,Males
11 years,Play computer games,Percent,Not at all,Females
15 years,Play computer games,Percent,10 hours or more,Males
11 years,Watch VCR movies,Percent,4 to 6 hours,Females
15 years,Watch VCR movies,Percent,10 hours or more,Males
11 years,Watch VCR movies,Percent,10 hours or more,Males
15 years,Play computer games,Percent,4 to 6 hours,Males
15 years,Watch VCR movies,Percent,7 to 9 hours,Males
13 years,Watch VCR movies,Percent,1 to 3 hours,Males
15 years,Play computer games,Percent,Not at all,Males
15 years,Watch VCR movies,Percent,7 to 9 hours,Males
13 years,Play computer games,Percent,10 hours or more,Males
15 years,Play computer games,Percent,Less than 1 hour,Females
11 years,Watch VCR movies,Percent,4 to 6 hours,Males
13 years,Watch VCR movies,Percent,Less than 1 hour,Males
15 years,Play computer games,Percent,10 hours or more,Males
13 years,Watch VCR movies,Percent,Less than 1 hour,Males
13 years,Play computer games,Percent,10 hours or more,Females
13 years,Play computer games,Percent,4 to 6 hours,Males
11 years,Watch VCR movies,Percent,10 hours or more,Males
15 years,Play computer games,Percent,Less than 1 hour,Males
13 years,Play computer games,Percent,Less than 1 hour,Females
15 years,Play computer games,Percent,Not at all,Males
13 years,Watch VCR movies,Percent,Less than 1 hour,Females
15 years,Watch VCR movies,Percent,10 hours or more,Males
15 years,Play computer games,Percent,10 hours or more,Males
13 years,Play computer games,Percent,Less than 1 hour,Males
15 years,Watch VCR movies,Percent,Not at all,Females
15 years,Play computer games,Percent,Not at all,Females
11 years,Watch VCR movies,Percent,Not at all,Females
11 years,Watch VCR movies,Percent,Not at all,Males
13 years,Play computer games,Percent,4 to 6 hours,Males
15 years,Watch VCR movies,Percent,10 hours or more,Males
13 years,Play computer games,Percent,4 to 6 hours,Females
13 years,Watch VCR movies,Percent,1 to 3 hours,Males
15 years,Play computer games,Percent,4 to 6 hours,Males
11 years,Watch VCR movies,Percent,7 to 9 hours,Males
15 years,Watch VCR movies,Percent,7 to 9 hours,Males
15 years,Play computer games,Percent,4 to 6 hours,Females
11 years,Play computer games,Percent,Not at all,Females
11 years,Play computer games,Percent,1 to 3 hours,Males
11 years,Watch VCR movies,Percent,1 to 3 hours,Males
15 years,Play computer games,Percent,Not at all,Females
11 years,Watch VCR movies,Percent,Less than 1 hour,Males
11 years,Play computer games,Percent,1 to 3 hours,Females
15 years,Watch VCR movies,Percent,7 to 9 hours,Males
15 years,Watch VCR movies,Percent,10 hours or more,Males
13 years,Play computer games,Percent,4 to 6 hours,Females
15 years,Watch VCR movies,Percent,Not at all,Males
11 years,Watch VCR movies,Percent,Not at all,Males
15 years,Watch VCR movies,Percent,Not at all,Females
15 years,Play computer games,Percent,Not at all,Females
11 years,Play computer games,Percent,Not at all,Males
11 years,Watch VCR movies,Percent,Less than 1 hour,Females
11 years,Watch VCR movies,Percent,7 to 9 hours,Males
11 years,Play computer games,Percent,10 hours or more,Females
15 years,Play computer games,Percent,10 hours or more,Males
13 years,Watch VCR movies,Percent,10 hours or more,Males
11 years,Watch VCR movies,Percent,Not at all,Males
13 years,Play computer games,Percent,1 to 3 hours,Females
13 years,Play computer games,Percent,Not at all,Males
11 years,Watch VCR movies,Percent,Less than 1 hour,Males
15 years,Watch VCR movies,Percent,Less than 1 hour,Males
15 years,Play computer games,Percent,10 hours or more,Males
11 years,Play computer games,Percent,Not at all,Females
11 years,Play computer games,Percent,Not at all,Females
11 years,Play computer games,Percent,7 to 9 hours,Females
13 years,Play computer games,Percent,Not at all,Males
15 years,Play computer games,Percent,Not at all,Males
15 years,Play computer games,Percent,10 hours or more,Males
13 years,Watch VCR movies,Percent,Not at all,Females
13 years,Watch VCR movies,Percent,Not at all,Males
15 years,Watch VCR movies,Percent,7 to 9 hours,Males
11 years,Watch VCR movies,Percent,Less than 1 hour,Males
11 years,Play computer games,Percent,7 to 9 hours,Females
13 years,Watch VCR movies,Percent,1 to 3 hours,Females
11 years,Watch VCR movies,Percent,1 to 3 hours,Females
15 years,Watch VCR movies,Percent,Less than 1 hour,Males
15 years,Watch VCR movies,Percent,Not at all,Males
15 years,Watch VCR movies,Percent,7 to 9 hours,Females
11 years,Watch VCR movies,Percent,10 hours or more,Females
13 years,Play computer games,Percent,4 to 6 hours,Males
15 years,Watch VCR movies,Percent,Less than 1 hour,Males
15 years,Play computer games,Percent,7 to 9 hours,Males
13 years,Play computer games,Percent,7 to 9 hours,Females
13 years,Play computer games,Percent,Less than 1 hour,Females
15 years,Watch VCR movies,Percent,7 to 9 hours,Females
15 years,Play computer games,Percent,10 hours or more,Males
13 years,Play computer games,Percent,10 hours or more,Males
15 years,Watch VCR movies,Percent,7 to 9 hours,Females
11 years,Play computer games,Percent,1 to 3 hours,Males
11 years,Watch VCR movies,Percent,10 hours or more,Females
15 years,Play computer games,Percent,4 to 6 hours,Females
15 years,Play computer games,Percent,Not at all,Males
13 years,Play computer games,Percent,7 to 9 hours,Males
11 years,Play computer games,Percent,7 to 9 hours,Males
11 years,Play computer games,Percent,1 to 3 hours,Females
15 years,Play computer games,Percent,1 to 3 hours,Males
15 years,Play computer games,Percent,1 to 3 hours,Females
13 years,Play computer games,Percent,4 to 6 hours,Females
11 years,Play computer games,Percent,7 to 9 hours,Females
13 years,Watch VCR movies,Percent,7 to 9 hours,Females
11 years,Play computer games,Percent,1 to 3 hours,Females
13 years,Watch VCR movies,Percent,Not at all,Females
15 years,Play computer games,Percent,Not at all,Males
11 years,Play computer games,Percent,1 to 3 hours,Males
11 years,Play computer games,Percent,Not at all,Males
11 years,Play computer games,Percent,Less than 1 hour,Females
11 years,Watch VCR movies,Percent,7 to 9 hours,Males
13 years,Play computer games,Percent,10 hours or more,Males
11 years,Watch VCR movies,Percent,1 to 3 hours,Females
11 years,Play computer games,Percent,4 to 6 hours,Females
11 years,Watch VCR movies,Percent,1 to 3 hours,Males
15 years,Watch VCR movies,Percent,10 hours or more,Females
11 years,Play computer games,Percent,7 to 9 hours,Females
11 years,Watch VCR movies,Percent,7 to 9 hours,Females
11 years,Play computer games,Percent,Less than 1 hour,Females
13 years,Play computer games,Percent,7 to 9 hours,Males
15 years,Play computer games,Percent,1 to 3 hours,Females
15 years,Watch VCR movies,Percent,Less than 1 hour,Females
15 years,Watch VCR movies,Percent,Not at all,Females
11 years,Watch VCR movies,Percent,Not at all,Females
11 years,Watch VCR movies,Percent,7 to 9 hours,Males
13 years,Watch VCR movies,Percent,Not at all,Females
15 years,Play computer games,Percent,4 to 6 hours,Females
15 years,Play computer games,Percent,7 to 9 hours,Females
15 years,Play computer games,Percent,4 to 6 hours,Males
11 years,Play computer games,Percent,1 to 3 hours,Females
15 years,Watch VCR movies,Percent,10 hours or more,Males
11 years,Watch VCR movies,Percent,Not at all,Females
13 years,Watch VCR movies,Percent,10 hours or more,Females
15 years,Play computer games,Percent,Not at all,Females
11 years,Play computer games,Percent,4 to 6 hours,Females
11 years,Watch VCR movies,Percent,Less than 1 hour,Males
11 years,Watch VCR movies,Percent,Not at all,Males
13 years,Watch VCR movies,Percent,Less than 1 hour,Males
15 years,Watch VCR movies,Percent,10 hours or more,Females
13 years,Play computer games,Percent,7 to 9 hours,Females
11 years,Watch VCR movies,Percent,7 to 9 hours,Males
11 years,Watch VCR movies,Percent,10 hours or more,Females
11 years,Play computer games,Percent,1 to 3 hours,Males
11 years,Play computer games,Percent,Not at all,Females
13 years,Play computer games,Percent,7 to 9 hours,Females
15 years,Watch VCR movies,Percent,1 to 3 hours,Males
13 years,Watch VCR movies,Percent,1 to 3 hours,Males
13 years,Play computer games,Percent,7 to 9 hours,Males
13 years,Watch VCR movies,Percent,Not at all,Males
13 years,Watch VCR movies,Percent,7 to 9 hours,Females
13 years,Watch VCR movies,Percent,Not at all,Males
11 years,Play computer games,Percent,4 to 6 hours,Females
15 years,Watch VCR movies,Percent,7 to 9 hours,Females
15 years,Play computer games,Percent,10 hours or more,Males
13 years,Play computer games,Percent,7 to 9 hours,Females
11 years,Play computer games,Percent,Less than 1 hour,Females
13 years,Watch VCR movies,Percent,4 to 6 hours,Males
13 years,Watch VCR movies,Percent,4 to 6 hours,Males
13 years,Play computer games,Percent,7 to 9 hours,Males
15 years,Play computer games,Percent,1 to 3 hours,Females
15 years,Play computer games,Percent,1 to 3 hours,Males
15 years,Play computer games,Percent,7 to 9 hours,Males
15 years,Watch VCR movies,Percent,4 to 6 hours,Females
11 years,Play computer games,Percent,7 to 9 hours,Females
15 years,Play computer games,Percent,7 to 9 hours,Females
15 years,Play computer games,Percent,Less than 1 hour,Males
13 years,Play computer games,Percent,1 to 3 hours,Females
13 years,Play computer games,Percent,4 to 6 hours,Females
11 years,Watch VCR movies,Percent,10 hours or more,Females
15 years,Play computer games,Percent,1 to 3 hours,Males
15 years,Play computer games,Percent,Less than 1 hour,Males
11 years,Play computer games,Percent,Not at all,Males
11 years,Watch VCR movies,Percent,Less than 1 hour,Males
15 years,Watch VCR movies,Percent,4 to 6 hours,Males
15 years,Watch VCR movies,Percent,7 to 9 hours,Females
11 years,Play computer games,Percent,4 to 6 hours,Males
15 years,Watch VCR movies,Percent,Less than 1 hour,Females
13 years,Watch VCR movies,Percent,Less than 1 hour,Females
11 years,Play computer games,Percent,4 to 6 hours,Females
15 years,Watch VCR movies,Percent,10 hours or more,Males
13 years,Watch VCR movies,Percent,7 to 9 hours,Females
13 years,Watch VCR movies,Percent,4 to 6 hours,Females
11 years,Play computer games,Percent,4 to 6 hours,Males
13 years,Play computer games,Percent,10 hours or more,Males
15 years,Watch VCR movies,Percent,10 hours or more,Males
11 years,Play computer games,Percent,4 to 6 hours,Males
13 years,Watch VCR movies,Percent,1 to 3 hours,Males
11 years,Play computer games,Percent,Not at all,Females
15 years,Play computer games,Percent,1 to 3 hours,Females
11 years,Watch VCR movies,Percent,7 to 9 hours,Males
11 years,Watch VCR movies,Percent,7 to 9 hours,Females
11 years,Watch VCR movies,Percent,1 to 3 hours,Females
11 years,Play computer games,Percent,Not at all,Males
13 years,Watch VCR movies,Percent,Less than 1 hour,Females
11 years,Play computer games,Percent,10 hours or more,Females
13 years,Watch VCR movies,Percent,7 to 9 hours,Males
13 years,Play computer games,Percent,7 to 9 hours,Males
11 years,Play computer games,Percent,Less than 1 hour,Males
11 years,Watch VCR movies,Percent,4 to 6 hours,Males
13 years,Play computer games,Percent,1 to 3 hours,Males
13 years,Watch VCR movies,Percent,4 to 6 hours,Females
11 years,Play computer games,Percent,7 to 9 hours,Males
15 years,Play computer games,Percent,Less than 1 hour,Males
11 years,Watch VCR movies,Percent,1 to 3 hours,Males
13 years,Watch VCR movies,Percent,Less than 1 hour,Females
13 years,Watch VCR movies,Percent,1 to 3 hours,Females
11 years,Play computer games,Percent,Not at all,Females
15 years,Watch VCR movies,Percent,Not at all,Females
11 years,Play computer games,Percent,Not at all,Females
15 years,Play computer games,Percent,7 to 9 hours,Males
15 years,Watch VCR movies,Percent,1 to 3 hours,Males
11 years,Play computer games,Percent,Less than 1 hour,Males
15 years,Watch VCR movies,Percent,4 to 6 hours,Males
13 years,Play computer games,Percent,7 to 9 hours,Males
15 years,Watch VCR movies,Percent,1 to 3 hours,Females
15 years,Play computer games,Percent,10 hours or more,Females
15 years,Play computer games,Percent,Less than 1 hour,Males
13 years,Play computer games,Percent,4 to 6 hours,Males
11 years,Watch VCR movies,Percent,7 to 9 hours,Females
13 years,Watch VCR movies,Percent,1 to 3 hours,Females
13 years,Watch VCR movies,Percent,Less than 1 hour,Males
13 years,Watch VCR movies,Percent,Not at all,Females
11 years,Play computer games,Percent,10 hours or more,Females
15 years,Play computer games,Percent,Less than 1 hour,Males
15 years,Watch VCR movies,Percent,Less than 1 hour,Females
11 years,Play computer games,Percent,1 to 3 hours,Males
11 years,Watch VCR movies,Percent,10 hours or more,Females
13 years,Watch VCR movies,Percent,Less than 1 hour,Females
13 years,Play computer games,Percent,Not at all,Males
11 years,Watch VCR movies,Percent,10 hours or more,Males
13 years,Watch VCR movies,Percent,1 to 3 hours,Males
15 years,Play computer games,Percent,10 hours or more,Males
15 years,Play computer games,Percent,10 hours or more,Females
13 years,Play computer games,Percent,7 to 9 hours,Females
15 years,Play computer games,Percent,Not at all,Females
11 years,Play computer games,Percent,Not at all,Males
15 years,Play computer games,Percent,4 to 6 hours,Females
15 years,Watch VCR movies,Percent,Less than 1 hour,Males
15 years,Watch VCR movies,Percent,7 to 9 hours,Males
11 years,Watch VCR movies,Percent,1 to 3 hours,Males
13 years,Play computer games,Percent,10 hours or more,Males
15 years,Play computer games,Percent,7 to 9 hours,Males
13 years,Play computer games,Percent,10 hours or more,Males
11 years,Watch VCR movies,Percent,Less than 1 hour,Males
13 years,Watch VCR movies,Percent,4 to 6 hours,Females
11 years,Watch VCR movies,Percent,4 to 6 hours,Males
15 years,Watch VCR movies,Percent,7 to 9 hours,Females
15 years,Play computer games,Percent,1 to 3 hours,Males
15 years,Watch VCR movies,Percent,Less than 1 hour,Females
15 years,Play computer games,Percent,Not at all,Females
13 years,Watch VCR movies,Percent,4 to 6 hours,Females
13 years,Watch VCR movies,Percent,7 to 9 hours,Females
13 years,Watch VCR movies,Percent,4 to 6 hours,Females
15 years,Play computer games,Percent,Less than 1 hour,Females
11 years,Play computer games,Percent,7 to 9 hours,Females
11 years,Play computer games,Percent,7 to 9 hours,Males
15 years,Play computer games,Percent,1 to 3 hours,Females
11 years,Watch VCR movies,Percent,Less than 1 hour,Females
15 years,Play computer games,Percent,10 hours or more,Females
11 years,Watch VCR movies,Percent,Not at all,Males
13 years,Play computer games,Percent,1 to 3 hours,Females
15 years,Watch VCR movies,Percent,10 hours or more,Females
13 years,Watch VCR movies,Percent,4 to 6 hours,Males
15 years,Watch VCR movies,Percent,1 to 3 hours,Males
15 years,Play computer games,Percent,10 hours or more,Males
11 years,Watch VCR movies,Percent,10 hours or more,Males
13 years,Watch VCR movies,Percent,1 to 3 hours,Females
13 years,Play computer games,Percent,10 hours or more,Females
13 years,Watch VCR movies,Percent,4 to 6 hours,Females
13 years,Watch VCR movies,Percent,7 to 9 hours,Males
15 years,Watch VCR movies,Percent,1 to 3 hours,Males
13 years,Watch VCR movies,Percent,4 to 6 hours,Females
11 years,Play computer games,Percent,4 to 6 hours,Males
13 years,Watch VCR movies,Percent,1 to 3 hours,Males
11 years,Play computer games,Percent,Less than 1 hour,Females
13 years,Play computer games,Percent,1 to 3 hours,Females
11 years,Watch VCR movies,Percent,4 to 6 hours,Females
15 years,Play computer games,Percent,7 to 9 hours,Females
13 years,Watch VCR movies,Percent,10 hours or more,Males
13 years,Play computer games,Percent,10 hours or more,Males
13 years,Play computer games,Percent,4 to 6 hours,Males
11 years,Play computer games,Percent,7 to 9 hours,Males
11 years,Watch VCR movies,Percent,Not at all,Males
11 years,Watch VCR movies,Percent,Less than 1 hour,Males
11 years,Watch VCR movies,Percent,7 to 9 hours,Females
11 years,Watch VCR movies,Percent,10 hours or more,Females
11 years,Watch VCR movies,Percent,4 to 6 hours,Males
13 years,Play computer games,Percent,1 to 3 hours,Males
13 years,Watch VCR movies,Percent,Not at all,Males
13 years,Watch VCR movies,Percent,1 to 3 hours,Males
15 years,Watch VCR movies,Percent,4 to 6 hours,Females
15 years,Watch VCR movies,Percent,1 to 3 hours,Females
11 years,Watch VCR movies,Percent,10 hours or more,Females
13 years,Watch VCR movies,Percent,1 to 3 hours,Females
15 years,Watch VCR movies,Percent,Less than 1 hour,Males
15 years,Play computer games,Percent,Not at all,Males
15 years,Watch VCR movies,Percent,7 to 9 hours,Males
15 years,Watch VCR movies,Percent,1 to 3 hours,Females
11 years,Play computer games,Percent,Less than 1 hour,Males
15 years,Watch VCR movies,Percent,1 to 3 hours,Females
13 years,Play computer games,Percent,4 to 6 hours,Males
15 years,Play computer games,Percent,Less than 1 hour,Females
15 years,Watch VCR movies,Percent,1 to 3 hours,Males
11 years,Play computer games,Percent,10 hours or more,Males
15 years,Play computer games,Percent,4 to 6 hours,Females
13 years,Watch VCR movies,Percent,1 to 3 hours,Males
11 years,Play computer games,Percent,1 to 3 hours,Females
15 years,Watch VCR movies,Percent,10 hours or more,Females
11 years,Play computer games,Percent,7 to 9 hours,Females
11 years,Play computer games,Percent,4 to 6 hours,Males
15 years,Watch VCR movies,Percent,1 to 3 hours,Females
13 years,Watch VCR movies,Percent,7 to 9 hours,Females
13 years,Watch VCR movies,Percent,4 to 6 hours,Males
13 years,Play computer games,Percent,10 hours or more,Females
15 years,Watch VCR movies,Percent,1 to 3 hours,Females
15 years,Play computer games,Percent,Not at all,Males
15 years,Watch VCR movies,Percent,4 to 6 hours,Females
11 years,Watch VCR movies,Percent,1 to 3 hours,Females
15 years,Watch VCR movies,Percent,7 to 9 hours,Males
15 years,Play computer games,Percent,Less than 1 hour,Males
11 years,Play computer games,Percent,7 to 9 hours,Males
13 years,Play computer games,Percent,4 to 6 hours,Females
11 years,Watch VCR movies,Percent,Less than 1 hour,Females
15 years,Play computer games,Percent,7 to 9 hours,Males
15 years,Play computer games,Percent,1 to 3 hours,Females
11 years,Watch VCR movies,Percent,Not at all,Males
13 years,Play computer games,Percent,Less than 1 hour,Females
13 years,Watch VCR movies,Percent,4 to 6 hours,Females
13 years,Watch VCR movies,Percent,7 to 9 hours,Males
15 years,Watch VCR movies,Percent,Not at all,Females
13 years,Watch VCR movies,Percent,4 to 6 hours,Males
11 years,Watch VCR movies,Percent,Less than 1 hour,Males
13 years,Watch VCR movies,Percent,Less than 1 hour,Males
13 years,Watch VCR movies,Percent,4 to 6 hours,Males
13 years,Watch VCR movies,Percent,Not at all,Males
15 years,Play computer games,Percent,4 to 6 hours,Females
11 years,Watch VCR movies,Percent,10 hours or more,Females
11 years,Watch VCR movies,Percent,Not at all,Males
15 years,Play computer games,Percent,1 to 3 hours,Males
13 years,Watch VCR movies,Percent,4 to 6 hours,Females
11 years,Watch VCR movies,Percent,4 to 6 hours,Females
11 years,Play computer games,Percent,4 to 6 hours,Males
15 years,Play computer games,Percent,10 hours or more,Females
11 years,Watch VCR movies,Percent,10 hours or more,Males
15 years,Play computer games,Percent,Less than 1 hour,Males
11 years,Play computer games,Percent,Less than 1 hour,Males
13 years,Play computer games,Percent,7 to 9 hours,Males
13 years,Play computer games,Percent,4 to 6 hours,Males
15 years,Play computer games,Percent,Less than 1 hour,Females
13 years,Watch VCR movies,Percent,7 to 9 hours,Males
15 years,Watch VCR movies,Percent,Not at all,Males
11 years,Play computer games,Percent,4 to 6 hours,Males
11 years,Watch VCR movies,Percent,Not at all,Females
11 years,Watch VCR movies,Percent,1 to 3 hours,Females
13 years,Watch VCR movies,Percent,4 to 6 hours,Males
13 years,Play computer games,Percent,Less than 1 hour,Males
13 years,Watch VCR movies,Percent,Less than 1 hour,Males
15 years,Watch VCR movies,Percent,7 to 9 hours,Females
13 years,Watch VCR movies,Percent,1 to 3 hours,Females
13 years,Play computer games,Percent,4 to 6 hours,Females
13 years,Play computer games,Percent,Less than 1 hour,Females
15 years,Play computer games,Percent,10 hours or more,Males
13 years,Watch VCR movies,Percent,1 to 3 hours,Females
13 years,Play computer games,Percent,1 to 3 hours,Males
13 years,Play computer games,Percent,Less than 1 hour,Females
15 years,Play computer games,Percent,1 to 3 hours,Females
15 years,Play computer games,Percent,Not at all,Females
11 years,Play computer games,Percent,7 to 9 hours,Females
15 years,Watch VCR movies,Percent,7 to 9 hours,Females
11 years,Watch VCR movies,Percent,4 to 6 hours,Males
13 years,Watch VCR movies,Percent,Less than 1 hour,Females
15 years,Play computer games,Percent,Not at all,Females
15 years,Watch VCR movies,Percent,1 to 3 hours,Females
15 years,Play computer games,Percent,7 to 9 hours,Males
11 years,Watch VCR movies,Percent,7 to 9 hours,Females
15 years,Play computer games,Percent,1 to 3 hours,Males
13 years,Play computer games,Percent,4 to 6 hours,Females
13 years,Watch VCR movies,Percent,10 hours or more,Females
13 years,Watch VCR movies,Percent,10 hours or more,Females
11 years,Play computer games,Percent,4 to 6 hours,Males
11 years,Play computer games,Percent,1 to 3 hours,Males
15 years,Play computer games,Percent,7 to 9 hours,Males
15 years,Watch VCR movies,Percent,Less than 1 hour,Males
13 years,Play computer games,Percent,7 to 9 hours,Males
15 years,Watch VCR movies,Percent,10 hours or more,Females
15 years,Play computer games,Percent,7 to 9 hours,Females
13 years,Watch VCR movies,Percent,10 hours or more,Males
15 years,Play computer games,Percent,Not at all,Males
15 years,Play computer games,Percent,1 to 3 hours,Females
13 years,Watch VCR movies,Percent,1 to 3 hours,Females
15 years,Play computer games,Percent,4 to 6 hours,Males
11 years,Watch VCR movies,Percent,4 to 6 hours,Females
11 years,Play computer games,Percent,Less than 1 hour,Females
11 years,Play computer games,Percent,Less than 1 hour,Males
13 years,Watch VCR movies,Percent,4 to 6 hours,Males
11 years,Play computer games,Percent,10 hours or more,Females
13 years,Play computer games,Percent,Less than 1 hour,Males
13 years,Watch VCR movies,Percent,1 to 3 hours,Females
13 years,Watch VCR movies,Percent,Not at all,Males
15 years,Watch VCR movies,Percent,1 to 3 hours,Males
11 years,Watch VCR movies,Percent,1 to 3 hours,Females
13 years,Watch VCR movies,Percent,Not at all,Males
15 years,Watch VCR movies,Percent,4 to 6 hours,Females
15 years,Watch VCR movies,Percent,Less than 1 hour,Males
15 years,Play computer games,Percent,1 to 3 hours,Females
15 years,Play computer games,Percent,1 to 3 hours,Females
15 years,Play computer games,Percent,Not at all,Males
13 years,Watch VCR movies,Percent,Not at all,Females
15 years,Watch VCR movies,Percent,Less than 1 hour,Females
15 years,Play computer games,Percent,4 to 6 hours,Females
11 years,Play computer games,Percent,Not at all,Females
11 years,Play computer games,Percent,7 to 9 hours,Females
11 years,Watch VCR movies,Percent,10 hours or more,Males
11 years,Watch VCR movies,Percent,Less than 1 hour,Females
15 years,Watch VCR movies,Percent,10 hours or more,Males
15 years,Play computer games,Percent,10 hours or more,Females
13 years,Watch VCR movies,Percent,7 to 9 hours,Males
11 years,Play computer games,Percent,1 to 3 hours,Males
15 years,Watch VCR movies,Percent,7 to 9 hours,Females
15 years,Play computer games,Percent,4 to 6 hours,Males
11 years,Watch VCR movies,Percent,10 hours or more,Males
13 years,Watch VCR movies,Percent,10 hours or more,Males
11 years,Play computer games,Percent,1 to 3 hours,Females
11 years,Play computer games,Percent,4 to 6 hours,Females
15 years,Play computer games,Percent,4 to 6 hours,Males
13 years,Watch VCR movies,Percent,7 to 9 hours,Males
13 years,Play computer games,Percent,Less than 1 hour,Females
11 years,Watch VCR movies,Percent,7 to 9 hours,Females
13 years,Watch VCR movies,Percent,4 to 6 hours,Females
11 years,Watch VCR movies,Percent,10 hours or more,Males
15 years,Watch VCR movies,Percent,1 to 3 hours,Females
15 years,Play computer games,Percent,Not at all,Males
13 years,Watch VCR movies,Percent,Not at all,Females
13 years,Watch VCR movies,Percent,Not at all,Females
15 years,Watch VCR movies,Percent,10 hours or more,Females
11 years,Play computer games,Percent,Less than 1 hour,Males
13 years,Watch VCR movies,Percent,4 to 6 hours,Males
11 years,Watch VCR movies,Percent,4 to 6 hours,Males
13 years,Watch VCR movies,Percent,1 to 3 hours,Males
11 years,Watch VCR movies,Percent,Less than 1 hour,Females
11 years,Play computer games,Percent,10 hours or more,Females
11 years,Watch VCR movies,Percent,4 to 6 hours,Females
15 years,Play computer games,Percent,10 hours or more,Males
11 years,Watch VCR movies,Percent,1 to 3 hours,Males
11 years,Play computer games,Percent,7 to 9 hours,Males
15 years,Watch VCR movies,Percent,1 to 3 hours,Males
13 years,Play computer games,Percent,Not at all,Females
13 years,Watch VCR movies,Percent,4 to 6 hours,Females
11 years,Play computer games,Percent,Less than 1 hour,Males
13 years,Play computer games,Percent,10 hours or more,Females
15 years,Play computer games,Percent,Less than 1 hour,Males
13 years,Play computer games,Percent,4 to 6 hours,Females
13 years,Play computer games,Percent,7 to 9 hours,Females
13 years,Watch VCR movies,Percent,4 to 6 hours,Males
15 years,Watch VCR movies,Percent,7 to 9 hours,Males
15 years,Play computer games,Percent,7 to 9 hours,Females
15 years,Play computer games,Percent,1 to 3 hours,Males
11 years,Play computer games,Percent,7 to 9 hours,Females
11 years,Watch VCR movies,Percent,1 to 3 hours,Males
15 years,Watch VCR movies,Percent,7 to 9 hours,Males
11 years,Watch VCR movies,Percent,10 hours or more,Females
15 years,Watch VCR movies,Percent,Less than 1 hour,Females
15 years,Watch VCR movies,Percent,1 to 3 hours,Males
11 years,Play computer games,Percent,4 to 6 hours,Males
13 years,Play computer games,Percent,10 hours or more,Males
13 years,Watch VCR movies,Percent,10 hours or more,Males
13 years,Play computer games,Percent,10 hours or more,Females
11 years,Play computer games,Percent,7 to 9 hours,Males
11 years,Watch VCR movies,Percent,4 to 6 hours,Females
15 years,Watch VCR movies,Percent,Not at all,Males
15 years,Play computer games,Percent,7 to 9 hours,Males
13 years,Play computer games,Percent,Less than 1 hour,Females
13 years,Watch VCR movies,Percent,7 to 9 hours,Males
15 years,Watch VCR movies,Percent,4 to 6 hours,Females
11 years,Play computer games,Percent,Not at all,Males
13 years,Play computer games,Percent,10 hours or more,Females
15 years,Play computer games,Percent,4 to 6 hours,Males
11 years,Watch VCR movies,Percent,Less than 1 hour,Females
11 years,Watch VCR movies,Percent,7 to 9 hours,Females
13 years,Watch VCR movies,Percent,10 hours or more,Males
13 years,Play computer games,Percent,7 to 9 hours,Males
15 years,Play computer games,Percent,Less than 1 hour,Females
15 years,Play computer games,Percent,Less than 1 hour,Males
15 years,Watch VCR movies,Percent,10 hours or more,Males
15 years,Watch VCR movies,Percent,Less than 1 hour,Males
13 years,Play computer games,Percent,4 to 6 hours,Females
13 years,Play computer games,Percent,Less than 1 hour,Females
11 years,Watch VCR movies,Percent,Not at all,Females
11 years,Watch VCR movies,Percent,7 to 9 hours,Females
13 years,Play computer games,Percent,4 to 6 hours,Females
15 years,Play computer games,Percent,1 to 3 hours,Males
13 years,Watch VCR movies,Percent,7 to 9 hours,Females
13 years,Watch VCR movies,Percent,10 hours or more,Males
13 years,Watch VCR movies,Percent,1 to 3 hours,Males
13 years,Play computer games,Percent,Not at all,Males
13 years,Watch VCR movies,Percent,4 to 6 hours,Males
13 years,Watch VCR movies,Percent,7 to 9 hours,Males
15 years,Play computer games,Percent,Not at all,Males
13 years,Play computer games,Percent,10 hours or more,Females
15 years,Watch VCR movies,Percent,1 to 3 hours,Males
15 years,Watch VCR movies,Percent,10 hours or more,Females
13 years,Play computer games,Percent,1 to 3 hours,Females
15 years,Watch VCR movies,Percent,1 to 3 hours,Females
13 years,Watch VCR movies,Percent,Less than 1 hour,Males
13 years,Play computer games,Percent,4 to 6 hours,Females
11 years,Watch VCR movies,Percent,10 hours or more,Females
13 years,Watch VCR movies,Percent,Not at all,Females
15 years,Play computer games,Percent,4 to 6 hours,Males
11 years,Watch VCR movies,Percent,Not at all,Males
13 years,Play computer games,Percent,4 to 6 hours,Males
15 years,Play computer games,Percent,1 to 3 hours,Females
13 years,Play computer games,Percent,4 to 6 hours,Males
11 years,Watch VCR movies,Percent,Not at all,Males
15 years,Watch VCR movies,Percent,7 to 9 hours,Females
11 years,Watch VCR movies,Percent,10 hours or more,Males
13 years,Play computer games,Percent,7 to 9 hours,Females
13 years,Watch VCR movies,Percent,10 hours or more,Males
15 years,Play computer games,Percent,1 to 3 hours,Females
11 years,Play computer games,Percent,Not at all,Females
15 years,Watch VCR movies,Percent,4 to 6 hours,Females
13 years,Watch VCR movies,Percent,7 to 9 hours,Males
13 years,Play computer games,Percent,10 hours or more,Males
11 years,Play computer games,Percent,1 to 3 hours,Females
15 years,Watch VCR movies,Percent,Less than 1 hour,Males
15 years,Play computer games,Percent,Less than 1 hour,Females
15 years,Play computer games,Percent,4 to 6 hours,Females
13 years,Watch VCR movies,Percent,10 hours or more,Males
15 years,Play computer games,Percent,Less than 1 hour,Females
