Payroll staff SEO/HEO Headcount,Organisation Type,Grand Total paybill/staffing (payroll and non-payroll) costs,Non-payroll Staff Specialist Contractors Headcount,Non-payroll Staff Total Employees Headcount,Payroll staff Total Employees Full-time Equivalent,Non-payroll Staff Interim Managers Full-time Equivalent,Non-payroll Staff Consultants/Consultancy Full-time Equivalent,Non-payroll Staff Consultants/Consultancy Headcount,Payroll Staff Costs Employer national insurance contributions,"Non-payroll Staff Total cost of contingent labour: agency (clerical and admin) staff, interim managers and specialist contractors",Non-payroll Staff Specialist Contractors Full-time Equivalent,Payroll Staff Costs Overtime,Payroll staff Total Employees Headcount,"Main, parent or sponsoring department",Payroll Staff Costs Allowances,Payroll Staff Costs Total paybill for payroll staff,Payroll staff SEO/HEO Full-time Equivalent,"Payroll staff Other, unknown or unspecified Headcount",Non-payroll Staff Agency staff (clerical/admin) Full-time Equivalent,Non-payroll Staff Total non-payroll (CCL) staff costs,Payroll staff SCS Headcount,Payroll Staff Costs Non-consolidated performance payments,Payroll staff SCS Full-time Equivalent,Comments,Non-payroll Staff Agency staff (clerical/admin) Headcount,Payroll Staff Costs Employer pension contributions,Grand Total (workforce numbers) Full-time Equivalent,Non-payroll Staff Total cost of consultants/consultancy,Payroll staff EO Full-time Equivalent,Non-payroll Staff Total Employees Full-time Equivalent,Payroll staff AO/AA Headcount,Grand Total (workforce numbers) Headcount,Non-payroll Staff Intermin Managers Headcount,Payroll staff Grade 6/7 Full-time Equivalent,Payroll staff AO/AA Full-time Equivalent,Payroll Staff Costs Salary,Organisation Name,Payroll staff EO Headcount,Payroll staff Grade 6/7 Headcount,"Payroll staff Other, unknown or unspecified Full-time Equivalent"
940,Ministerial Department,"£9,844,385",70,101,1995.67,15,2,2,"£614,642","£834,663",70,"£19,424",2070,"Department for Environment, Food and Rural Affairs",£0,"£8,990,891",909.79,0,14,"£853,494",95,£534,91.78,,14,"£1,357,948",2096.67,"£18,831",319.66,101,169,2171,15,510.63,163.81,"£6,998,343","Department for Environment, Food and Rural Affairs",333,533,0
692,Executive Agency,"£6,937,527",43,91,2034.35,2,0,0,"£399,029","£343,706",43,"£57,277",2188,"Department for Environment, Food and Rural Affairs","£84,551","£6,593,821",649.02,0,45.6,"£343,706",9,£0,9,,46,"£991,768",2124.95,£0,455.47,90.6,824,2279,2,171.4,749.46,"£5,061,196",Animal Health and Veterinary Laboratories Agency,485,178,0
238,Executive Agency,"£2,569,768",0,0,525.63,0,0,0,"£195,249",£0,0,"£30,041",557,"Department for Environment, Food and Rural Affairs","£33,429","£2,569,768",222.96,0,0,£0,2,"£764,078",2,,0,"£247,703",525.63,£0,129.34,0,93,557,0,84.95,86.38,"£1,299,268","Centre for Environment, Fisheries and Aquaculture Science",136,88,0
327,Executive Agency,"£2,570,044",1,6,810.35,0,0,0,"£349,644","£17,677",1,"£24,073",880,"Department for Environment, Food and Rural Affairs","£36,179","£2,420,268",303.38,12,5,"£149,776",4,"£3,000",4,,5,"£134,876",816.35,"£132,099",224.26,6,199,886,0,84.09,182.62,"£1,872,496",Food and Environment Research Agency,251,87,12
486,Executive Agency,"£2,848,212",10,81,1941.68,45,0,0,"£322,139","£1,165,162",10,"£70,183",2111,"Department for Environment, Food and Rural Affairs","£55,667","£1,683,050",466.51,0,26,"£1,165,162",15,"£7,450",15,,26,"£794,887",2022.68,£0,584.22,81,825,2192,45,149.98,725.97,"£4,293,614",Rural Payments Agency,634,151,0
46,Executive Agency,"£642,956",2,15,152.93,0,0,0,"£40,147","£40,392",0.4,"£1,465",156,"Department for Environment, Food and Rural Affairs","£6,945","£602,564",45.51,0,12,"£40,392",3,"£18,000",3,,13,"£90,926",165.33,£0,29.32,12.4,36,171,0,39.92,35.18,"£445,081",Veterinary Medicines Directorate ,31,40,0
(.),Executive Non-Departmental Public Body,(.),(.),(.),(.),(.),(.),(.),(.),(.),(.),(.),(.),"Department for Environment, Food and Rural Affairs",(.),(.),(.),(.),(.),(.),(.),(.),(.),The Agricultural Wages Board does not employ any staff,(.),(.),(.),(.),(.),(.),(.),(.),(.),(.),(.),(.),Agricultural Wages Board for England and Wales,(.),(.),(.)
(.),Executive Non-Departmental Public Body,(.),(.),(.),(.),(.),(.),(.),(.),(.),(.),(.),(.),"Department for Environment, Food and Rural Affairs",(.),(.),(.),(.),(.),(.),(.),(.),(.),The Agricultural Wages Committees do not employ any staff,(.),(.),(.),(.),(.),(.),(.),(.),(.),(.),(.),(.),Agricultural Wages Committee x 15,(.),(.),(.)
0,Executive Non-Departmental Public Body,"£1,360,602",13,29,366.25,0,0,0,"£117,166","£36,153",13,£186,377,"Department for Environment, Food and Rural Affairs","£34,509","£1,324,449",0,377,16,"£36,153",0,£0,0,AHDB is funded through a levy paid by farmers and others in the agricultural supply chain.  No funding towards staffing or other running costs is received from the Government. ,16,"£94,335",395.25,£0,0,29,0,406,0,0,0,"£1,078,254",Agriculture and Horticulture Development Board,0,0,366.25
23,Executive Non-Departmental Public Body,"£252,158",0,0,74.49,0,0,0,"£16,492",£0,0,£0,77,"Department for Environment, Food and Rural Affairs",£417,"£252,158",22.09,0,0,£0,4,"£14,950",4,,0,"£34,002",74.49,£0,28.98,0,11,77,0,9,10.42,"£186,297",Consumer Council for Water,30,9,0
3071,Executive Non-Departmental Public Body,"£34,497,097",67,388,10146.76,45.08,56.72,60,"£2,123,672","£583,794",65.43,"£511,596",10645,"Department for Environment, Food and Rural Affairs","£310,056","£32,362,600",2914.56,964,208.94,"£2,134,497",121,"£310,982",120.47,,214,"£3,341,988",10522.93,"£1,550,702",2545.14,376.17,1998,11033,47,1732.93,1877.9,"£25,764,306",Environment Agency,2692,1799,955.76
114,Executive Non-Departmental Public Body,"£554,325",0,0,166.63,0,0,0,"£32,907",£0,0,"£2,627",181,"Department for Environment, Food and Rural Affairs","£5,790","£554,325",108,5,0,£0,1,£500,1,,0,"£81,097",166.63,£0,23.69,0,15,181,0,19.55,13.46,"£431,404",Joint Nature Conservation Committee,25,21,0.93
102,Executive Non-Departmental Public Body,"£786,329",0,0,272.4,0,0,0,"£130,727",£0,0,"£10,122",279,"Department for Environment, Food and Rural Affairs",£0,"£786,329",98.96,0,0,£0,5,£0,4.81,,0,"£61,833",272.4,£0,95.36,0,34,279,0,40.87,32.4,"£583,646",Marine Management Organisation,97,41,0
12,Executive Non-Departmental Public Body,"£64,766",0,0,17,0,0,0,"£3,851",£0,0,"£1,026",19,"Department for Environment, Food and Rural Affairs",£175,"£64,766",10,0,0,£0,1,£0,1,,0,"£9,308",17,£0,4,0,1,19,0,1,1,"£50,406",National Forest Company,4,1,0
1396,Executive Non-Departmental Public Body,"£7,056,935",0,163,2119.81,0,0.8,1,"£399,557","£258,942",0,"£22,726",2246,"Department for Environment, Food and Rural Affairs","£61,350","£6,797,993",1317.28,8,159.45,"£258,942",23,"£3,690",23,,162,"£1,001,790",2280.06,£0,357.99,160.25,248,2409,0,186.25,227.89,"£5,308,880",Natural England,382,189,7.4
192,Executive Non-Departmental Public Body,"£2,282,213",6,37,701.92,3.5,0,0,"£129,844","£97,489",6,"£31,876",740,"Department for Environment, Food and Rural Affairs","£3,968","£2,173,249",185.83,86,24.4,"£108,964",13,£0,13,,27,"£301,904",735.82,"£11,475",154.84,33.9,228,777,4,55.47,206.78,"£1,705,657","Royal Botanic Gardens, Kew",164,57,86
0,Executive Non-Departmental Public Body,"£291,674",0,0,90,0,0,0,"£22,261",£0,0,£0,90,"Department for Environment, Food and Rural Affairs",£847,"£291,674",0,86,0,£0,0,£0,0,Bulk of staff do not fall into specified categories.,0,"£29,591",90,£0,0,0,4,90,0,0,4,"£238,974",Sea Fish Industry Authority,0,0,86
