Unnamed: 25,"Grand Total 
(workforce numbers)",Payroll staff,Unnamed: 20,Unnamed: 18,Unnamed: 11,Unnamed: 26,Unnamed: 5,Non-Payroll staff (contingent labour/consultancy) costs,Unnamed: 38,Unnamed: 24,Payroll staff costs,Unnamed: 34,Unnamed: 12,Unnamed: 7,Unnamed: 31,Organisation name,Unnamed: 28,Unnamed: 21,Unnamed: 44,Number of non-payroll staff (contingent labour and consultants/consultancy),Unnamed: 6,Unnamed: 10,Unnamed: 35,"Comments
(NB: These will be published alongside your row of information)",Unnamed: 23,Unnamed: 37,Unnamed: 8,Unnamed: 42,Unnamed: 33,Unnamed: 9,Unnamed: 43,Unnamed: 15,"Main, parent or 
sponsoring department: ",Unnamed: 30,Unnamed: 41,Grand Total paybill/staffing (payroll and non-payroll) costs,Unnamed: 32,Unnamed: 16,Unnamed: 13,Unnamed: 19,Unnamed: 22,Unnamed: 4,"Organisation 
type",Unnamed: 14
Total,,AO/AA,,,SCS,,EO,"Total monthly cost of contingent labour: agency (clerical and admin) staff, interim managers and specialist contractors",Total non-payroll (CCL) staff costs,,Salary,Employer national insurance contributions,,SEO/HEO,Non-consolidated performance payments,,,Specialist Contractors,,"Agency staff 
(clerical/admin)",,,Total paybill for payroll staff,,Consultants/consultancy,"Total monthly cost of consultants/
consultancy",,,Employer pension contributions,Grade 6/7,,"Total
Employees",,Allowances,,,Overtime,,"Other, unknown, or unspecified",Interim managers,,,,
Headcount,Headcount,Headcount,"Full-time 
equivalent","Full-time 
equivalent",Headcount,"Full-time 
equivalent",Headcount,,,"Full-time 
equivalent",,,"Full-time 
equivalent",Headcount,,,"Full-time 
equivalent",Headcount,,Headcount,"Full-time 
equivalent","Full-time 
equivalent",,,Headcount,,"Full-time 
equivalent",,,Headcount,,Headcount,,,,,,"Full-time 
equivalent",Headcount,Headcount,"Full-time 
equivalent","Full-time 
equivalent",,"Full-time 
equivalent"
124,1992,174,1.00,14.00,127,116.49,223,1674048.552,2871229.74,0,11145867.3,1227724.07,123.76,687,-239983.15,Department for Transport ,1924.22,109,2871229.74,14,215.87,632.35,13710196.4,,0,1197181.188,673.25,1674048.552,1484702.1,657,1197181.188,1868,Department for Transport,21804.25,,16581426.14,70081.83,1807.73,0,1,101.49,162.50,Ministerial Department,0.00
7,2255,229,0.00,7.00,2,7.00,1761,37947.2,54745.13,0,5425427.44,757714.32,2.00,213,0,Driving Standards Agency,2103.14,0,,7,1651.07,42.45,7167616.45,,0,16797.93,208.79,,896330.85,43,,2248,Department for Transport,47260.59,,7222361.58,40883.25,2096.14,0,0,0.00,191.83,Executive Agency,0.00
6,5708,4243,2.20,0.00,5,4.20,741,126888,129282,0,9036139,315239,5.00,587,1376,Driver and Vehicle Licensing Agency,5145.04,3,,0,701.77,121.25,11248580,,0,2394,566.67,,1674279,126,,5702,Department for Transport,-10138,,11377862.0,231685,5140.84,0,3,2.00,3746.15,Executive Agency,0.00
81,3551,1366,23.39,0.00,36,23.39,340,402796.41,402796.41,0,8388370.44,1334056.38,35.19,1394,2117.83,Highways Agency,3370.58,0,,0,321.67,323.86,12304132.71,,0,0,1347.55,,1783004.56,334,,3470,Department for Transport,671860.23,,12706929.12,124723.27,3347.19,0,81,0.00,1318.92,Executive Agency,0.00
33,1100,433,0.00,33.00,5,33.00,222,108506,108506,0,2419181.55,235300.92,5.00,299,2500,Maritime and Coastguard Agency,1028.90,0,,33,211.62,105.68,3495418.06,,0,0,275.64,,492213.93,108,,1067,Department for Transport,191098.32,,3603924.06,155123.34,995.90,0,0,0.00,397.96,Executive Agency,0.00
4,167,40,0.00,4.00,1,4.00,36,10000,10000,0,559011.73,83775.84,1.00,75,800,Vehicle Certification Agency,157.17,0,,4,34.45,11.00,774012.57,,0,,73.20,,85302.96,11,,163,Department for Transport,23193.73,,784012.57,21928.31,153.17,0,0,0.00,33.52,Executive Agency,0.00
89,2382,1040,13.00,45.17,4,88.17,803,368056.64,368056.64,0,4308724.5,661985.96,4.00,404,1400,Vehicle and Operator Services Agency,2294.21,30,,46,787.57,41.95,6480806.87,,0,0,398.32,,842637.41,42,,2293,Department for Transport,382781.5,,6848863.51,283277.5,2206.04,0,13,30.00,974.20,Executive Agency,0.00
2,12,0,0.00,0.00,1,2.00,1,7000,7134.5,0,40340.43,3096.7,1.00,5,0,British Transport Police Authority,11.70,2,,0,1.00,2.70,50548.82,,0,134.5,5.00,,4248.81,3,,10,Department for Transport,2862.88,,57683.32,0,9.70,0,0,2.00,0.00,Executive Non-Departmental Public Body,0.00
1,13,0,0.00,0.10,0,0.10,0,0,2406.25,0,112573.29,13097.36,0.00,0,0,Directly Operated Railways Ltd,11.00,0,,1,0.00,0.00,132989.14,,0,2406.25,0.00,,7318.49,0,,12,Department for Transport,0,,135395.39,0,10.90,12,0,0.00,0.00,Executive Non-Departmental Public Body,10.90
221,635,80,51.60,28.00,18,220.60,13,886272.18,886272.18,0,1850859.04,180132.46,17.80,201,0,High Speed 2,630.00,141,,28,13.00,101.60,2162697.11,,0,,198.70,,129643.56,102,,414,Department for Transport,,,3048969.29,2062.05,409.40,0,52,141.00,78.30,Executive Non-Departmental Public Body,0.00
4,200,27,0.00,1.50,4,1.50,18,7496,7496,0,503312.38,50152.31,4.00,65,0,Northern Lighthouse Board,175.00,0,,4,18.00,12.80,593145.92,,0,0,64.60,,2819.59,13,,196,Department for Transport,8998.44,,600641.92,27863.2,173.50,69,0,0.00,10.40,Executive Non-Departmental Public Body,63.70
4,48,1,0.00,0.00,3,0.90,16,4646,4646,0,144970,13473,3.00,13,0,Passenger Focus,44.20,4,,0,15.80,10.90,185626,,0,0,12.60,,26798,11,,44,Department for Transport,385,,190272.0,0,43.30,0,0,0.90,1.00,Executive Non-Departmental Public Body,0.00
0,304,0,0.00,0.00,0,0.00,0,2447.33,2447.33,0,881651.39,125042.41,0.00,0,367351,Trinity House,296.00,0,,0,0.00,0.00,1639366.82,,0,0,0.00,,237741.68,0,,304,Department for Transport,3956.94,,1641814.15,23623.4,296.00,304,0,0.00,0.00,Executive Non-Departmental Public Body,296.00
,,,,,,,,,,,,,,,,,,,,,,,,,,,,,,,,,,,,,,,,,,,,
