Payroll staff EO Full-time Equivalent,Non-payroll Staff Specialist Contractors Headcount,Non-payroll Staff Consultants/Consultancy Full-time Equivalent,"Main, parent or sponsoring department",Payroll staff AO/AA Full-time Equivalent,Non-payroll Staff Specialist Contractors Full-time Equivalent,Payroll staff EO Headcount,Comments,Payroll staff SEO/HEO Headcount,Non-payroll Staff Total non-payroll (CCL) staff costs,Payroll staff SCS Headcount,Payroll Staff Costs Overtime,Payroll staff Total Employees Headcount,"Non-payroll Staff Total cost of contingent labour: agency (clerical and admin) staff, interim managers and specialist contractors",Non-payroll Staff Intermin Managers Headcount,Payroll staff SEO/HEO Full-time Equivalent,Organisation Name,Payroll Staff Costs Non-consolidated performance payments,Grand Total (workforce numbers) Headcount,Grand Total paybill/staffing (payroll and non-payroll) costs,Payroll Staff Costs Salary,Non-payroll Staff Total cost of consultants/consultancy,Unnamed: 41,Payroll Staff Costs Employer national insurance contributions,Non-payroll Staff Total Employees Full-time Equivalent,Payroll Staff Costs Allowances,Non-payroll Staff Agency staff (clerical/admin) Headcount,Payroll Staff Costs Total paybill for payroll staff,"Payroll staff Other, unknown or unspecified Full-time Equivalent",Payroll staff AO/AA Headcount,Organisation Type,Payroll staff Grade 6/7 Headcount,Non-payroll Staff Total Employees Headcount,Non-payroll Staff Agency staff (clerical/admin) Full-time Equivalent,Non-payroll Staff Interim Managers Full-time Equivalent,"Payroll staff Other, unknown or unspecified Headcount",Payroll staff Grade 6/7 Full-time Equivalent,Non-payroll Staff Consultants/Consultancy Headcount,Grand Total (workforce numbers) Full-time Equivalent,Payroll Staff Costs Employer pension contributions,Payroll staff Total Employees Full-time Equivalent,Payroll staff SCS Full-time Equivalent
314.24,58,2,"Department for Environment, Food and Rural Affairs",163.92,58,329,,954,"£734,143",96,"£35,998",2081,"£717,542",9,923.96,"Department for Environment, Food and Rural Affairs",£534,2161,"£9,697,371","£7,004,257","£16,601",,"£580,539",80,£0,11,"£8,963,228",0,170,Ministerial Department,532,80,11,9,0,510.43,2,2085.72,"£1,341,900",2005.72,93.17
451.43,34,0,"Department for Environment, Food and Rural Affairs",741.11,34,480,,693,"£297,351",9,"£69,157",2171,"£297,351",2,649.65,Animal Health and Veterinary Laboratories Agency,£0,2250,"£6,752,758","£4,963,740",£0,,"£385,218",79,"£69,243",43,"£6,455,407",0,813,Executive Agency,176,79,43,2,0,170.33,0,2100.52,"£968,049",2021.52,9
124.8,0,0,"Department for Environment, Food and Rural Affairs",79.57,0,131,,238,£0,3,"£17,350",546,£0,0,222.45,"Centre for Environment, Fisheries and Aquaculture Science",£0,546,"£1,679,051","£1,286,432",£0,,"£101,172",0,"£27,203",0,"£1,679,051",0,86,Executive Agency,88,0,0,0,0,84.79,0,514.61,"£246,894",514.61,3
228.27,7,2,"Department for Environment, Food and Rural Affairs",178.65,7,252,,310,"£69,501",4,"£8,186",861,"£62,399",4,286.87,Food and Environment Research Agency,"£91,700",886,"£2,504,955","£1,824,731","£7,103",,"£342,406",25,"£36,365",12,"£2,435,454",15,196,Executive Agency,84,25,12,4,15,81.09,2,818.88,"£132,066",793.88,4
582.9,0,0,"Department for Environment, Food and Rural Affairs",733.7,0,629,"With the introduction of a new HR system in July, currently we are not in a position to provide separate figures for our interim managers and specialist contractors so the figure provided in column T&U is for both.",470,"£725,416",15,"£69,947",2091,"£725,416",58,450.7,Rural Payments Agency,"£17,000",2196,"£7,290,432","£5,087,945",£0,,"£412,020",105,"£52,675",47,"£6,565,016",0,829,Executive Agency,148,105,47,58,0,146.8,0,2034,"£925,429",1929,15
29.52,2,0,"Department for Environment, Food and Rural Affairs",32.43,0.4,31,,48,"£30,074",3,£681,157,"£30,074",0,47.41,Veterinary Medicines Directorate ,£0,168,"£619,777","£452,144",£0,,"£38,342",8.6,"£6,804",9,"£589,703",0,34,Executive Agency,41,11,8.2,0,0,40.52,0,161.48,"£91,732",152.88,3
(.),(.),(.),"Department for Environment, Food and Rural Affairs",(.),(.),(.),The Agricultural Wages Board does not employ any staff,(.),(.),(.),(.),(.),(.),(.),(.),Agricultural Wages Board for England and Wales,(.),(.),(.),(.),(.),,(.),(.),(.),(.),(.),(.),(.),Executive Non-Departmental Public Body,(.),(.),(.),(.),(.),(.),(.),(.),(.),(.),(.)
(.),(.),(.),"Department for Environment, Food and Rural Affairs",(.),(.),(.),The Agricultural Wages Committees do not employ any staff,(.),(.),(.),(.),(.),(.),(.),(.),Agricultural Wages Committee x 15,(.),(.),(.),(.),(.),,(.),(.),(.),(.),(.),(.),(.),Executive Non-Departmental Public Body,(.),(.),(.),(.),(.),(.),(.),(.),(.),(.),(.)
0,15,0,"Department for Environment, Food and Rural Affairs",0,15,0,AHDB is funded through a levy paid by farmers and others in the agricultural supply chain.  No funding towards staffing or other running costs is received from the Government. ,0,"£50,107",0,"£1,315",385,"£50,107",0,0,Agriculture and Horticulture Development Board,£0,419,"£1,386,581","£1,086,132",£0,,"£117,225",34,"£37,003",19,"£1,336,474",372.3,0,Executive Non-Departmental Public Body,0,34,19,0,385,0,0,406.3,"£94,799",372.3,0
28.98,0,0,"Department for Environment, Food and Rural Affairs",8.42,0,30,,20,"£2,975",4,£0,72,"£2,975",0,19.09,Consumer Council for Water,£0,73,"£229,364","£179,610",£0,,"£14,277",1,£417,1,"£226,389",0,9,Executive Non-Departmental Public Body,9,1,1,0,0,9,0,70.49,"£32,085",69.49,4
2516.32,67,66.73,"Department for Environment, Food and Rural Affairs",1758.83,65.43,2661,,3037,"£1,978,750",121,"£685,118",10427,"£552,020",56,2882.6,Environment Agency,"£4,030",10886,"£33,901,719","£25,445,687","£1,426,730",,"£2,123,672",447.69,"£322,474",266,"£31,922,969",925.92,1874,Executive Non-Departmental Public Body,1799,459,261.45,54.08,935,1733.79,70,10385.62,"£3,341,988",9937.93,120.47
21.69,0,0,"Department for Environment, Food and Rural Affairs",13.55,0,23,,116,£0,1,£725,180,£0,0,110.21,Joint Nature Conservation Committee,"£51,495",180,"£606,249","£426,863",£0,,"£38,719",0,"£7,379",0,"£606,249",0.81,15,Executive Non-Departmental Public Body,21,0,0,0,4,19.55,0,166.81,"£81,068",166.81,1
96.76,0,0,"Department for Environment, Food and Rural Affairs",37.75,0,99,,100,£0,5,"£12,936",275,£0,0,97.16,Marine Management Organisation,£0,282,"£845,778","£660,413",£0,,"£47,633",7,£0,7,"£845,778",0,32,Executive Non-Departmental Public Body,39,7,7,0,0,38.87,0,282.35,"£124,796",275.35,4.81
4,0,0,"Department for Environment, Food and Rural Affairs",1,0,4,,12,£0,1,"£3,530",19,£0,0,10,National Forest Company,£0,19,"£61,720","£45,768",£0,,"£3,811",0,£175,0,"£61,720",0,1,Executive Non-Departmental Public Body,1,0,0,0,0,1,0,17,"£8,436",17,1
337,0,2,"Department for Environment, Food and Rural Affairs",218.12,0,359,,1391,"£391,888",22,"£36,165",2212,"£391,888",0,1310.93,Natural England,"£139,953",2422,"£7,309,506","£5,272,316",£0,Sep-14,"£414,590",209.5,"£53,521",208,"£6,917,618",11.4,239,Executive Non-Departmental Public Body,189,210,207.5,0,12,186.17,2,2295.12,"£1,001,073",2085.62,22
154.42,5,0,"Department for Environment, Food and Rural Affairs",207.41,5,164,,187,"£190,846",12,"£29,419",724,"£189,860",7,180.85,"Royal Botanic Gardens, Kew",£0,756,"£2,302,098","£1,621,955",£986,,"£128,988",30.7,"£34,967",20,"£2,111,252",75,228,Executive Non-Departmental Public Body,58,32,18.9,6.8,75,56.27,0,716.65,"£295,923",685.95,12
0,0,0,"Department for Environment, Food and Rural Affairs",4,0,0,Bulk of staff do not fall into specified categories.,0,£0,0,£0,86,£0,0,0,Sea Fish Industry Authority,"£3,936",86,"£310,350","£247,142",£0,,"£23,858",0,"£4,192",0,"£310,350",82,4,Executive Non-Departmental Public Body,0,0,0,0,82,0,0,86,"£31,223",86,0
