Unnamed: 14,Unnamed: 12,Payroll staff costs,"Organisation 
type",Unnamed: 19,Unnamed: 34,Grand Total paybill/staffing (payroll and non-payroll) costs,Unnamed: 35,Unnamed: 6,"Grand Total 
(workforce numbers)",Unnamed: 21,Unnamed: 24,Unnamed: 25,Unnamed: 11,Unnamed: 5,Unnamed: 32,Unnamed: 9,"Main, parent or 
sponsoring department: ",Unnamed: 28,Unnamed: 37,Unnamed: 31,Unnamed: 23,Unnamed: 10,Number of non-payroll staff (contingent labour and consultants/consultancy),Payroll staff,Unnamed: 7,Unnamed: 33,Unnamed: 4,Unnamed: 22,Unnamed: 30,Non-Payroll staff (contingent labour/consultancy) costs,Unnamed: 20,Unnamed: 8,Unnamed: 16,Unnamed: 18,Unnamed: 26,"Comments
(NB: These will be published alongside your row of information)",Organisation name,Unnamed: 38,Unnamed: 15,Unnamed: 13
,,Salary,,Interim managers,Employer national insurance contributions,,Total paybill for payroll staff,,,Specialist Contractors,,Total,SCS,EO,Overtime,Grade 6/7,,,"Total monthly cost of consultants/
consultancy",Non-consolidated performance payments,Consultants/consultancy,,"Agency staff 
(clerical/admin)",AO/AA,SEO/HEO,Employer pension contributions,,,Allowances,"Total monthly cost of contingent labour: agency (clerical and admin) staff, interim managers and specialist contractors",,,,,,,,Total non-payroll (CCL) staff costs,"Total
Employees","Other, unknown, or unspecified"
"Full-time 
equivalent","Full-time 
equivalent",,,Headcount,,,,"Full-time 
equivalent",Headcount,Headcount,"Full-time 
equivalent",Headcount,Headcount,Headcount,,Headcount,,"Full-time 
equivalent",,,Headcount,"Full-time 
equivalent",Headcount,Headcount,Headcount,,"Full-time 
equivalent","Full-time 
equivalent",,,"Full-time 
equivalent","Full-time 
equivalent","Full-time 
equivalent","Full-time 
equivalent","Full-time 
equivalent",,,,Headcount,Headcount
0,117.76,"£7,025,599.93",Ministerial Department,1,"£672,532.00","£11,335,638.97","£9,372,925.30",217.32,"1,968",101,1,114,121,224,"£122,453.91",647,Department for Transport,"1,898","£384,945.59","£132,476.23",1,621.79,11,174,688,"£1,402,919.12",162.74,91.16,"£16,944.11","£1,577,768.08",1,674.5,"1,794",11,104.16,,Department for Transport ,"£1,962,713.67","1,854",0
0,2,"£14,893,946.97",Executive Agency,2,"£328,319.33","£16,374,245.57","£16,337,844.65",1663.71,"2,276",0,0,7,2,1773,"£188,891.78",43,Department for Transport,"2,125",,£0.00,0,42.45,5,233,218,"£817,404.16",195.9,0,"£109,282.41","£36,400.92",2,213.9,"2,118",5,7,MEC grant cost of £10.7m accrued,Driving Standards Agency,"£36,400.92","2,269",0
0,5,"£7,695,274.00",Executive Agency,3,"£547,512.00","£10,652,934.00","£10,121,053.00",684.79,"5,562",3,0,6,5,723,"£280,456.00",129,Department for Transport,"5,020","£531,881.00","£2,269.00",0,124.98,0,4111,588,"£1,509,697.00",3631.81,2.8,"£85,845.00",,2.2,568.32,"5,015",0,5,,Driver and Vehicle Licensing Agency,"£531,881.00","5,556",0
0,36.19,"£8,482,281.79",Executive Agency,75,"£708,434.70","£12,163,148.61","£11,641,916.32",313.43,"3,520",0,0,75,37,332,"£159,904.99",328,Department for Transport,"3,348",£0.00,"£9,807.44",0,317.86,0,1373,1375,"£1,647,230.34",1326.9,0,"£634,257.06","£521,232.29",26.01,1327.71,"3,322",0,26.01,,Highways Agency,"£521,232.29","3,445",0
0,4.49,"£2,271,035.23",Executive Agency,0,"£203,367.90","£3,582,704.79","£3,253,870.72",214.54,"1,079",0,0,24,5,227,"£109,894.43",107,Department for Transport,"1,005","£207,537.00","£6,000.00",0,104.87,24,412,304,"£461,468.84",375.32,0,"£202,104.32","£121,297.07",0,282.12,981,24,24,,Maritime and Coastguard Agency,"£328,834.07","1,055",0
0,1,"£473,670.00",Executive Agency,0,"£39,122.00","£639,021.11","£624,674.00",34.45,169,0,0,4,1,36,"£16,035.00",12,Department for Transport,159,,,0,12,4,41,75,"£81,615.00",34.52,0,"£14,232.00","£14,347.11",0,73.2,155,4,4,,Vehicle Certification Agency,"£14,347.11",165,0
0,4,"£4,532,580.00",Executive Agency,12,"£385,292.76","£6,757,994.46","£6,476,806.76",776.93,"2,346",21,0,63,4,792,"£361,561.98",42,Department for Transport,"2,258","£72,474.92",£0.00,0,41.95,30,1036,409,"£892,468.71",969.04,21,"£304,903.31","£208,712.78",12,403.88,"2,196",29.17,62.17,,Vehicle and Operator Services Agency,"£281,187.70","2,283",0
0,2,"£42,643.23",Executive Non-Departmental Public Body,0,"£4,042.19","£92,994.15","£56,370.45",1,13,2,0,2,2,1,£0.00,3,Department for Transport,12,£626.70,£0.00,0,2.7,0,0,5,"£5,289.75",0,1.5,"£4,395.28","£35,997.00",0,5,11,0,1.5,,British Transport Police Authority,"£36,623.70",11,0
10.9,0,"£236,343.00",Executive Non-Departmental Public Body,0,"£23,773.00","£295,024.30","£274,560.00",0,14,1,0,1,0,0,£0.00,0,Department for Transport,11,"£20,464.30",£0.00,0,0,0,0,0,"£14,444.00",0,0.1,£0.00,,0,0,11,0,0.1,"DOR operate a 13 period finance reporting calendar of four weeks each, while the DfT operate a 12 period financial calendar per annum.  Once a year therefore, DOR has a catch-up period.  The February return has the catch-up period and is therefore reporting eight weeks and not the usual four weeks.",Directly Operated Railways Ltd,"£20,464.30",13,13
4,15.81,"£1,529,682.87",Executive Non-Departmental Public Body,48,"£148,711.03","£2,996,970.33","£1,773,318.23",11,583,118,0,190,16,11,"£4,948.89",94,Department for Transport,574,"£431,883.93",£0.00,0,93.2,24,73,195,"£89,975.44",71.3,117,£0.00,"£791,768.17",47.6,191.2,387,23,187.6,,High Speed 2,"£1,223,652.10",393,4
64.7,4,"£553,000.19",Executive Non-Departmental Public Body,0,"£51,253.60","£644,080.39","£643,005.19",18,202,0,0,2,4,18,"£24,702.40",13,Department for Transport,178,,£0.00,0,12.8,2,28,67,"£2,855.69",10.5,0,"£11,193.31","£1,075.20",0,66.6,177,1,1,,Northern Lighthouse Board,"£1,075.20",200,70
0,2,"£138,122.00",Executive Non-Departmental Public Body,0,"£13,107.00","£183,615.52","£177,971.00",14.8,47,4,0,6,2,15,£0.00,11,Department for Transport,42,"£1,620.00",£0.00,0,10.9,2,1,12,"£26,498.00",1,0.9,£244.00,"£4,024.52",0,11.6,40,1.2,2.1,,Passenger Focus,"£5,644.52",41,0
292,0,"£832,737.86",Executive Non-Departmental Public Body,0,"£71,939.92","£937,706.18","£927,581.73",0,304,0,0,5,0,0,"£19,609.37",0,Department for Transport,297,,£0.00,0,0,5,0,0,£365.14,0,0,"£2,929.44","£10,124.45",0,0,292,5,5,,Trinity House,"£10,124.45",299,299
