Grand Total (workforce numbers) Headcount,Non-payroll Staff Consultants/Consultancy Headcount,Non-payroll Staff Consultants/Consultancy Full-time Equivalent,Payroll staff Grade 6/7 Headcount,Payroll Staff Costs Employer national insurance contributions,Payroll Staff Costs Overtime,Non-payroll Staff Total non-payroll (CCL) staff costs,Payroll Staff Costs Total paybill for payroll staff,Organisation Type,"Payroll staff Other, unknown or unspecified Full-time Equivalent","Main, parent or sponsoring department",Payroll staff EO Headcount,Payroll staff AO/AA Full-time Equivalent,Payroll Staff Costs Salary,Payroll staff SEO/HEO Headcount,Payroll staff AO/AA Headcount,Payroll staff Grade 6/7 Full-time Equivalent,Payroll staff SEO/HEO Full-time Equivalent,Non-payroll Staff Specialist Contractors Headcount,Non-payroll Staff Agency staff (clerical/admin) Headcount,Non-payroll Staff Total Employees Full-time Equivalent,Non-payroll Staff Interim Managers Full-time Equivalent,Non-payroll Staff Specialist Contractors Full-time Equivalent,Non-payroll Staff Agency staff (clerical/admin) Full-time Equivalent,Payroll staff Total Employees Headcount,Payroll staff SCS Headcount,Payroll Staff Costs Non-consolidated performance payments,"Non-payroll Staff Total cost of contingent labour: agency (clerical and admin) staff, interim managers and specialist contractors",Payroll Staff Costs Allowances,Organisation Name,Grand Total paybill/staffing (payroll and non-payroll) costs,Non-payroll Staff Total Employees Headcount,Payroll staff Total Employees Full-time Equivalent,Payroll staff EO Full-time Equivalent,Non-payroll Staff Intermin Managers Headcount,Payroll Staff Costs Employer pension contributions,Non-payroll Staff Total cost of consultants/consultancy,Grand Total (workforce numbers) Full-time Equivalent,Payroll staff SCS Full-time Equivalent,"Payroll staff Other, unknown or unspecified Headcount",Comments
2327,3,3,567,"£583,377","£35,171","£734,143","£8,869,455",Ministerial Department,0,"Department for Environment, Food and Rural Affairs",354,171.97,"£6,874,663",1049,180,544.08,1014.45,55,15,82,9,55,15,2245,95,"£15,472","£717,542",£0,"Department for Environment, Food and Rural Affairs","£9,603,598",82,2160.26,337.17,9,"£1,360,772","£16,601",2242.26,92.59,0,
2392,0,0,179,"£477,414","£101,386","£321,911","£7,662,963",Executive Agency,0,"Department for Environment, Food and Rural Affairs",541,771.75,"£5,866,670",746,842,173.57,698.95,30,43,74.4,2,30,42.4,2317,9,£0,"£321,911","£76,866",Animal Health and Veterinary Laboratories Agency,"£7,984,874",75,2160.01,506.74,2,"£1,140,627",£0,2234.41,9,0,
549,0,0,90,"£105,287","£34,107",£0,"£1,724,479",Executive Agency,0,"Department for Environment, Food and Rural Affairs",131,79.45,"£1,293,051",239,86,86.1,223.59,0,0,0,0,0,0,549,3,£0,£0,"£43,027","Centre for Environment, Fisheries and Aquaculture Science","£1,724,479",0,516.94,124.8,0,"£249,007",£0,516.94,3,0,
626,2,2,74,"£248,789","£7,283","£130,979","£1,907,165",Executive Agency,15,"Department for Environment, Food and Rural Affairs",143,147.91,"£1,318,214",210,161,71.12,193.55,8,6,19,3,8,6,607,4,"£193,989","£84,193","£22,671",Food and Environment Research Agency,"£2,038,144",19,563.53,131.95,3,"£116,217","£46,786",582.53,4,15,
2203,0,0,149,"£321,994","£62,256","£1,160,173","£5,613,742",Executive Agency,0,"Department for Environment, Food and Rural Affairs",630,716.23,"£4,359,760",479,809,147.84,458.72,0,64,121,57,0,64,2082,15,"£13,800","£74,101","£57,469",Rural Payments Agency,"£6,773,916",121,1919.43,581.64,57,"£798,464","£1,086,073",2040.43,15,0,"With the introduction of a new HR system in July, currently we are not in a position to provide separate figures for our interim managers and specialist contractors so the figure provided in column T&U is for both of these roles."
169,0,0,41,"£43,707",£556,"£52,565","£648,272",Executive Agency,0,"Department for Environment, Food and Rural Affairs",31,32.43,"£494,748",48,34,40.7,47.41,2,10,9.6,0,0.4,9.2,157,3,£0,"£52,565","£9,147",Veterinary Medicines Directorate ,"£700,837",12,153.06,29.52,0,"£100,114",£0,162.66,3,0,
(.),(.),(.),(.),(.),(.),(.),(.),Executive Non-Departmental Public Body,(.),"Department for Environment, Food and Rural Affairs",(.),(.),(.),(.),(.),(.),(.),(.),(.),(.),(.),(.),(.),(.),(.),(.),(.),(.),Agricultural Wages Board for England and Wales,(.),(.),(.),(.),(.),(.),(.),(.),(.),(.),The Agricultural Wages Board does not employ any staff
(.),(.),(.),(.),(.),(.),(.),(.),Executive Non-Departmental Public Body,(.),"Department for Environment, Food and Rural Affairs",(.),(.),(.),(.),(.),(.),(.),(.),(.),(.),(.),(.),(.),(.),(.),(.),(.),(.),Agricultural Wages Committee x 15,(.),(.),(.),(.),(.),(.),(.),(.),(.),(.),The Agricultural Wages Committees do not employ any staff
426,0,0,0,"£119,258",£53,"£74,253","£1,351,457",Executive Non-Departmental Public Body,377.7,"Department for Environment, Food and Rural Affairs",0,0,"£1,095,572",0,0,0,0,21,17,38,0,21,17,388,0,£0,"£74,253","£40,611",Agriculture and Horticulture Development Board,"£1,425,710",38,377.7,0,0,"£95,963",£0,415.7,0,388,AHDB is funded through a levy paid by farmers and others in the agricultural supply chain.  No funding towards staffing or other running costs is received from the Government. 
73,0,0,9,"£14,339",£0,"£2,342","£222,896",Executive Non-Departmental Public Body,0,"Department for Environment, Food and Rural Affairs",30,8.42,"£177,418",20,9,9,19.09,0,1,1,0,0,1,72,4,£0,"£2,342",£417,Consumer Council for Water,"£225,238",1,69.49,28.98,0,"£30,722",£0,70.49,4,0,
10813,70,67.32,1792,"£2,053,123","£864,485","£2,086,498","£31,481,294",Executive Non-Departmental Public Body,923.92,"Department for Environment, Food and Rural Affairs",2636,1741.55,"£25,185,706",3027,1858,1726.81,2871.92,67,244,435.08,63.08,65.43,239.25,10367,121,"£7,362","£594,005","£75,498",Environment Agency,"£33,567,792",446,9876.67,2491.8,65,"£3,295,121","£1,492,492",10311.75,120.67,933,
183,0,0,21,"£33,642","£2,354",£752,"£556,842",Executive Non-Departmental Public Body,0.81,"Department for Environment, Food and Rural Affairs",24,12.79,"£431,512",118,14,19.55,112.21,0,1,0.5,0,0,0.5,182,1,£950,£752,"£7,074",Joint Nature Conservation Committee,"£557,594",1,169.05,22.69,0,"£81,310",£0,169.55,1,4,
281,0,0,38,"£101,417","£11,691","£11,002","£857,837",Executive Non-Departmental Public Body,0,"Department for Environment, Food and Rural Affairs",97,30.75,"£667,499",101,32,37.87,98.76,0,8,8,0,0,8,273,5,£0,"£11,002",£0,Marine Management Organisation,"£868,839",8,266.71,94.52,0,"£77,231",£0,274.71,4.81,0,
19,0,0,1,"£5,257",£444,£0,"£76,444",Executive Non-Departmental Public Body,0,"Department for Environment, Food and Rural Affairs",4,1,"£50,025",12,1,1,10,0,0,0,0,0,0,19,1,"£11,084",£0,£175,National Forest Company,"£76,444",0,17,4,0,"£9,459",£0,17,1,0,
2325,2,2,165,"£379,896","£34,613","£270,689","£6,439,186",Executive Non-Departmental Public Body,10.4,"Department for Environment, Food and Rural Affairs",342,206.01,"£5,018,899",1346,226,162.55,1264.16,0,212,213.1,0,0,211.1,2111,21,403,"£270,689","£54,443",Natural England,"£6,709,875",214,1986.82,322.7,0,"£950,931",0,2199.92,21,11,
750,0,0,59,"£130,000","£29,000","£193,000","£2,127,000",Executive Non-Departmental Public Body,76,"Department for Environment, Food and Rural Affairs",162,202.1,"£1,611,000",187,223,57.1,180.7,4,17,30.8,10.2,4,16.6,718,11,£0,"£190,000","£59,000","Royal Botanic Gardens, Kew","£2,320,000",32,679.5,152.6,11,"£298,000","£3,000",710.3,11,76,
81,0,0,0,"£21,918",£0,£0,"£294,066",Executive Non-Departmental Public Body,77,"Department for Environment, Food and Rural Affairs",0,4,"£241,425",0,4,0,0,0,0,0,0,0,0,81,0,£0,£0,£808,Sea Fish Industry Authority,"£294,066",0,81,0,0,"£29,916",£0,81,0,77,Bulk of staff do not fall into specified categories.
