Payroll Staff Costs Total paybill for payroll staff,Payroll staff Grade 6/7 Full-time Equivalent,Payroll Staff Costs Employer pension contributions,Non-payroll Staff Interim Managers Full-time Equivalent,"Payroll staff Other, unknown or unspecified Headcount",Non-payroll Staff Consultants/Consultancy Full-time Equivalent,Non-payroll Staff Total non-payroll (CCL) staff costs,Non-payroll Staff Total Employees Headcount,Payroll staff EO Headcount,Payroll Staff Costs Salary,Payroll staff SCS Full-time Equivalent,Payroll staff Total Employees Full-time Equivalent,Grand Total paybill/staffing (payroll and non-payroll) costs,Non-payroll Staff Agency staff (clerical/admin) Full-time Equivalent,Payroll staff SEO/HEO Full-time Equivalent,Comments,Payroll staff AO/AA Headcount,Payroll Staff Costs Overtime,Payroll staff EO Full-time Equivalent,Non-payroll Staff Intermin Managers Headcount,Payroll staff SEO/HEO Headcount,Grand Total (workforce numbers) Headcount,Payroll Staff Costs Allowances,"Non-payroll Staff Total cost of contingent labour: agency (clerical and admin) staff, interim managers and specialist contractors",Non-payroll Staff Specialist Contractors Headcount,Non-payroll Staff Specialist Contractors Full-time Equivalent,Payroll staff AO/AA Full-time Equivalent,Organisation Name,"Main, parent or sponsoring department",Grand Total (workforce numbers) Full-time Equivalent,Payroll Staff Costs Non-consolidated performance payments,Non-payroll Staff Total cost of consultants/consultancy,Payroll staff Total Employees Headcount,Payroll staff SCS Headcount,Non-payroll Staff Consultants/Consultancy Headcount,Non-payroll Staff Total Employees Full-time Equivalent,Organisation Type,"Payroll staff Other, unknown or unspecified Full-time Equivalent",Payroll Staff Costs Employer national insurance contributions,Payroll staff Grade 6/7 Headcount,Non-payroll Staff Agency staff (clerical/admin) Headcount
"£9,380,751",504.52,"£1,311,669",12,0,2,"£752,940",91,334,"£7,412,009",91.43,1989.41,"£10,133,691",18,913.52,,164,"£68,275",320.72,12,947,2159,"£1,421","£735,893",59,59,159.22,"Department for Environment, Food and Rural Affairs","Department for Environment, Food and Rural Affairs",2080.41,"£13,545","£17,047",2068,95,2,91,Ministerial Department,0,"£573,832",528,18
"£6,569,591",173.02,"£985,911",2,0,0,"£320,142",90,497,"£5,020,555",7,2048.74,"£6,889,733",38,645.64,,831,"£90,560",467.48,2,686,2291,"£73,423","£320,142",50,50,755.6,Animal Health and Veterinary Laboratories Agency,"Department for Environment, Food and Rural Affairs",2138.74,£0,£0,2201,7,0,90,Executive Agency,0,"£399,142",180,38
"£1,726,778",84.09,"£251,529",0,0,0,£0,1,137,"£1,312,926",3,532.24,"£1,726,778",1,226.34,,95,"£19,572",130.43,0,242,566,"£38,143",£0,0,0,88.38,"Centre for Environment, Fisheries and Aquaculture Science","Department for Environment, Food and Rural Affairs",533.24,£0,£0,565,3,0,1,Executive Agency,0,"£104,608",88,1
"£2,184,319",77.95,"£121,309",1,13,0,"£63,566",11,206,"£1,664,377",4,773.14,"£2,247,886",8,308.07,,205,"£22,682",185.43,1,334,854,"£37,121","£18,321",2,2,184.69,Food and Environment Research Agency,"Department for Environment, Food and Rural Affairs",784.14,"£27,023","£45,246",843,4,0,11,Executive Agency,13,"£311,807",81,8
"£5,533,564",75.59,"£788,146",124,0,0,"£944,217",206,610,"£4,286,078",16,1875.28,"£6,477,782",8,454.71,,867,"£42,514",562.06,124,473,2324,"£49,129","£944,217",74,74,766.92,Rural Payments Agency,"Department for Environment, Food and Rural Affairs",2081.28,"£51,827",£0,2118,16,0,206,Executive Agency,0,"£315,870",152,8
"£584,483",38.92,"£91,323",0,0,0,"£56,853",12,30,"£448,124",3,153.04,"£641,336",9.2,44.62,,39,£397,28.49,0,45,168,"£6,329","£56,853",2,0.6,38.01,Veterinary Medicines Directorate ,"Department for Environment, Food and Rural Affairs",162.84,£0,£0,156,3,0,9.8,Executive Agency,0,"£38,310",39,10
(.),(.),(.),(.),(.),(.),(.),(.),(.),(.),(.),(.),(.),(.),(.),The Agricultural Wages Board does not employ any staff,(.),(.),(.),(.),(.),(.),(.),(.),(.),(.),(.),Agricultural Wages Board for England and Wales,"Department for Environment, Food and Rural Affairs",(.),(.),(.),(.),(.),(.),(.),Executive Non-Departmental Public Body,(.),(.),(.),(.)
(.),(.),(.),(.),(.),(.),(.),(.),(.),(.),(.),(.),(.),(.),(.),The Agricultural Wages Committees do not employ any staff,(.),(.),(.),(.),(.),(.),(.),(.),(.),(.),(.),Agricultural Wages Committee x 15,"Department for Environment, Food and Rural Affairs",(.),(.),(.),(.),(.),(.),(.),Executive Non-Departmental Public Body,(.),(.),(.),(.)
"£1,323,515",0,"£98,081",0,379,0,"£64,025",38,0,"£1,067,750",0,369,"£1,387,540",15,0,AHDB is funded through a levy paid by farmers and others in the agricultural supply chain.  No funding towards staffing or other running costs is received from the Government. ,0,"£4,205",0,0,0,417,"£35,498","£64,025",23,23,0,Agriculture and Horticulture Development Board,"Department for Environment, Food and Rural Affairs",407,£0,£0,379,0,0,38,Executive Non-Departmental Public Body,369,"£117,981",0,15
"£235,284",9,"£32,485",0,0,0,"£2,335",1,28,"£185,885",4,74.5,"£237,619",1,24.7,,10,"£1,171",27.4,0,25,77,£417,"£2,335",0,0,9.4,Consumer Council for Water,"Department for Environment, Food and Rural Affairs",75.5,£0,£0,76,4,0,1,Executive Non-Departmental Public Body,0,"£15,326",9,1
"£41,027,704",1811.33,"£4,103,280",42.68,982,67.31,"£6,235,189",418,2678,"£30,268,856",143.28,10465.99,"£47,262,893",229.28,3001.55,,2126,"£2,616,137",2533.82,45,3161,11386,"£1,023,270","£355,457",65,64.03,2003.56,Environment Agency,"Department for Environment, Food and Rural Affairs",10869.29,"£49,786","£5,879,732",10968,144,73,403.3,Executive Non-Departmental Public Body,972.45,"£2,966,374",1877,235
"£212,097",1.59,"£29,310",0,0,0,£0,1,8,"£160,549",1,63.5,"£212,097",0,47.86,,6,£0,7.65,0,48,66,"£8,180",£0,1,0.1,5.4,Gangmasters Licensing Authority,"Department for Environment, Food and Rural Affairs",63.6,£0,£0,65,1,0,0.1,Executive Non-Departmental Public Body,0,"£14,059",2,0
"£553,237",19.55,"£79,023",0,5,0,£0,0,22,"£426,740",1,167.21,"£553,237",0,110.42,,16,"£5,946",21.08,0,116,181,"£7,842",£0,0,0,14.23,Joint Nature Conservation Committee,"Department for Environment, Food and Rural Affairs",167.21,£0,£0,181,1,0,0,Executive Non-Departmental Public Body,0.93,"£33,685",21,0
"£1,673,919",41.87,"£149,690",0,0,0,£0,0,103,"£1,427,595",4.81,297.45,"£1,673,919",0,110.36,,41,"£31,166",101.36,0,113,304,£0,£0,0,0,39.05,Marine Management Organisation,"Department for Environment, Food and Rural Affairs",297.45,£0,£0,304,5,0,0,Executive Non-Departmental Public Body,0,"£65,468",42,0
"£66,155",1,"£9,523",0,0,0,£0,0,4,"£51,818",1,17,"£66,155",0,10,,1,£655,4,0,12,19,£175,£0,0,0,1,National Forest Company,"Department for Environment, Food and Rural Affairs",17,£0,£0,19,1,0,0,Executive Non-Departmental Public Body,0,"£3,984",1,0
"£7,255,009",191.54,"£1,054,349",0,9,0.8,"£366,853",183,413,"£5,607,398",23,2227.74,"£7,621,862",180.33,1393.86,,245,"£99,471",387.71,0,1484,2551,"£56,947","£366,853",0,0,223.23,Natural England,"Department for Environment, Food and Rural Affairs",2408.87,£500,£0,2368,23,1,181.13,Executive Non-Departmental Public Body,8.4,"£436,344",194,182
"£2,207,681",60,"£313,809",7,86,0,"£468,046",37,174,"£1,729,000",13,736.4,"£2,675,727",19.8,190.8,,246,"£21,452",162.9,7,199,816,"£7,396","£247,023",9,9,223.7,"Royal Botanic Gardens, Kew","Department for Environment, Food and Rural Affairs",772.2,£0,"£221,023",779,13,0,35.8,Executive Non-Departmental Public Body,86,"£136,024",61,21
"£292,894",0,"£26,968",0,87,0,£0,0,0,"£243,095",0,91,"£292,894",0,0,Bulk of staff do not fall into specified categories.,4,£0,0,0,0,91,£725,£0,0,0,4,Sea Fish Industry Authority,"Department for Environment, Food and Rural Affairs",91,£0,£0,91,0,0,0,Executive Non-Departmental Public Body,87,"£22,106",0,0
