Non-payroll Staff Interim Managers Full-time Equivalent,"Main, parent or sponsoring department","Payroll staff Other, unknown or unspecified Headcount",Non-payroll Staff Agency staff (clerical/admin) Full-time Equivalent,Payroll staff SCS Full-time Equivalent,Payroll staff Grade 6/7 Headcount,Non-payroll Staff Specialist Contractors Full-time Equivalent,Organisation Type,Payroll staff Total Employees Full-time Equivalent,Payroll staff SEO/HEO Full-time Equivalent,Payroll Staff Costs Allowances,Grand Total paybill/staffing (payroll and non-payroll) costs,Comments,Non-payroll Staff Agency staff (clerical/admin) Headcount,Payroll staff Grade 6/7 Full-time Equivalent,Non-payroll Staff Consultants/Consultancy Full-time Equivalent,Non-payroll Staff Consultants/Consultancy Headcount,Organisation Name,"Payroll staff Other, unknown or unspecified Full-time Equivalent",Payroll staff Total Employees Headcount,Grand Total (workforce numbers) Full-time Equivalent,Payroll staff EO Full-time Equivalent,"Non-payroll Staff Total cost of contingent labour: agency (clerical and admin) staff, interim managers and specialist contractors",Payroll Staff Costs Employer pension contributions,Payroll staff AO/AA Headcount,Payroll Staff Costs Salary,Non-payroll Staff Total Employees Headcount,Payroll staff SCS Headcount,Non-payroll Staff Intermin Managers Headcount,Grand Total (workforce numbers) Headcount,Payroll Staff Costs Overtime,Non-payroll Staff Total cost of consultants/consultancy,Payroll staff AO/AA Full-time Equivalent,Payroll Staff Costs Non-consolidated performance payments,Non-payroll Staff Total Employees Full-time Equivalent,Non-payroll Staff Total non-payroll (CCL) staff costs,Payroll Staff Costs Total paybill for payroll staff,Non-payroll Staff Specialist Contractors Headcount,Payroll staff SEO/HEO Headcount,Payroll Staff Costs Employer national insurance contributions,Payroll staff EO Headcount
9,"Department for Environment, Food and Rural Affairs",0,20,93.59,569,54,Ministerial Department,2162.98,1016.63,"-£1,569","£9,461,172",,20,546.06,3,3,"Department for Environment, Food and Rural Affairs",0,2246,2248.98,337.17,"£757,908","£1,261,434",177,"£6,842,513",86,96,9,2332,"£24,761","£33,229",169.53,£574,86,"£791,136","£8,670,036",54,1051,"£542,323",353
2,"Department for Environment, Food and Rural Affairs",0,47.4,9,181,33,Executive Agency,2161.1,704.27,"£68,857","£8,026,493",,48,175.57,0,0,Animal Health and Veterinary Laboratories Agency,0,2320,2243.5,505.35,"£276,248","£1,039,203",839,"£5,337,893",83,9,2,2403,"£86,506",£0,766.91,"£713,232",82.4,"£276,248","£7,750,245",33,752,"£504,554",539
0,"Department for Environment, Food and Rural Affairs",0,0,3,93,0,Executive Agency,523.32,226.14,"£48,732","£1,736,813",,0,89.1,0,0,"Centre for Environment, Fisheries and Aquaculture Science",0,556,523.32,125.63,£0,"£248,859",86,"£1,298,269",0,3,0,556,"£30,791",£0,79.45,"£4,069",0,£0,"£1,736,813",0,242,"£106,093",132
2,"Department for Environment, Food and Rural Affairs",18,9,4,74,5,Executive Agency,557.55,198.49,"£18,031","£1,764,503",,9,71.26,1,1,Food and Environment Research Agency,18,601,574.55,126.36,"£35,264","£96,598",153,"£1,321,994",17,4,2,618,"£8,826","£13,234",139.44,"£21,686",17,"£48,498","£1,716,005",5,215,"£248,870",137
63,"Department for Environment, Food and Rural Affairs",0,60,15,151,0,Executive Agency,1916.77,482.44,"£62,713","£6,201,582","With the introduction of a new HR system in July, currently we are not in a position to provide separate figures for our interim managers and specialist contractors so the figure provided in column T&U is for both of these roles.",60,149.84,0,0,Rural Payments Agency,0,2078,2039.77,568.18,"£44,013","£788,335",792,"£4,295,919",123,15,63,2201,"£73,196","£610,396",701.31,"£11,925",123,"£654,408","£5,547,173",0,503,"£315,085",617
0,"Department for Environment, Food and Rural Affairs",0,8,3,41,0.4,Executive Agency,155.06,48.41,"£9,211","£734,917",,9,40.7,0,0,Veterinary Medicines Directorate ,0,159,163.46,28.52,"£38,091","£94,147",36,"£456,782",11,3,0,170,"£3,951",£0,34.43,"£82,342",8.4,"£38,091","£696,826",2,49,"£50,393",30
(.),"Department for Environment, Food and Rural Affairs",(.),(.),(.),(.),(.),Executive Non-Departmental Public Body,(.),(.),(.),(.),The Agricultural Wages Board does not employ any staff,(.),(.),(.),(.),Agricultural Wages Board for England and Wales,(.),(.),(.),(.),(.),(.),(.),(.),(.),(.),(.),(.),(.),(.),(.),(.),(.),(.),(.),(.),(.),(.),(.)
(.),"Department for Environment, Food and Rural Affairs",(.),(.),(.),(.),(.),Executive Non-Departmental Public Body,(.),(.),(.),(.),The Agricultural Wages Committees do not employ any staff,(.),(.),(.),(.),Agricultural Wages Committee x 15,(.),(.),(.),(.),(.),(.),(.),(.),(.),(.),(.),(.),(.),(.),(.),(.),(.),(.),(.),(.),(.),(.),(.)
0,"Department for Environment, Food and Rural Affairs",392,19,0,0,26,Executive Non-Departmental Public Body,380.84,0,"£46,715","£1,452,179",AHDB is funded through a levy paid by farmers and others in the agricultural supply chain.  No funding towards staffing or other running costs is received from the Government. ,19,0,0,0,Agriculture and Horticulture Development Board,380.84,392,425.84,0,"£56,092","£100,156",0,"£1,107,884",45,0,0,437,"£11,802",£0,0,£0,45,"£56,092","£1,396,087",26,0,"£129,529",0
0,"Department for Environment, Food and Rural Affairs",0,2,4,8,0,Executive Non-Departmental Public Body,67.32,17.92,£417,"£226,752",,2,8,0,0,Consumer Council for Water,0,70,69.32,28.98,"£3,375","£31,934",9,"£176,924",2,4,0,72,£0,£0,8.42,£0,2,"£3,375","£223,377",0,19,"£14,102",30
64.68,"Department for Environment, Food and Rural Affairs",927,236.64,120.27,1787,66.4,Executive Non-Departmental Public Body,9830.19,2862.5,"£201,694","£33,364,914",,243,1721.36,67.14,71,Environment Agency,917.92,10322,10265.05,2488.84,"£505,399","£3,287,116",1834,"£25,060,235",448,121,67,10770,"£772,235","£1,485,764",1719.3,"£5,359",434.86,"£1,991,163","£31,373,751",67,3016,"£2,047,112",2637
0,"Department for Environment, Food and Rural Affairs",6,0.5,1,22,0,Executive Non-Departmental Public Body,173.06,113.61,"£7,697","£568,035",,0.5,20.55,0,0,Joint Nature Conservation Committee,1.05,187,173.56,24.11,£752,"£82,553",14,"£436,696",0.5,1,0,187.5,"£4,586",£0,12.74,"£1,750",0.5,£752,"£567,284",0,119,"£34,001",25
0,"Department for Environment, Food and Rural Affairs",0,9,4.81,38,0,Executive Non-Departmental Public Body,256.94,96.56,£0,"£871,172",,9,37.9,0,0,Marine Management Organisation,0,263,265.94,86.92,"£8,149","£131,725",32,"£672,000",9,5,0,272,"£8,484",£0,30.75,£0,9,"£8,149","£863,023",0,99,"£50,815",89
0,"Department for Environment, Food and Rural Affairs",0,0,1,1,0,Executive Non-Departmental Public Body,17,10,£175,"£64,939",,0,1,0,0,National Forest Company,0,19,17,4,£0,"£9,336",1,"£50,597",0,1,0,19,£0,£0,1,£961,0,£0,"£64,939",0,12,"£3,870",4
0,"Department for Environment, Food and Rural Affairs",11,227.2,20,166,0,Executive Non-Departmental Public Body,1970.81,1260.99,"£56,481","£6,688,327",,228,163.55,0,0,Natural England,10.4,2095,2198.01,323.14,"£276,704","£946,541",212,"£4,992,446",228,20,0,2323,"£38,047",£0,192.73,£758,227.2,"£276,704","£6,411,623",0,1344,"£377,350",342
8.2,"Department for Environment, Food and Rural Affairs",76,20,11,56,4,Executive Non-Departmental Public Body,652.8,173.4,"£3,092","£2,158,295",,21,54.6,0,0,"Royal Botanic Gardens, Kew",76,690,685,145.6,"£93,821","£295,612",212,"£1,613,219",34,11,9,724,"£17,765","£11,007",192.2,£0,32.2,"£104,827","£2,053,468",4,180,"£123,780",155
0,"Department for Environment, Food and Rural Affairs",76,0,0,0,0,Executive Non-Departmental Public Body,80,0,£18,"£294,281",Bulk of staff do not fall into specified categories.,0,0,0,0,Sea Fish Industry Authority,76,80,80,0,£0,"£29,674",4,"£242,819",0,0,0,80,£0,£0,4,£0,0,£0,"£294,281",0,0,"£21,770",0
