Payroll staff SCS Full-time Equivalent,Non-payroll Staff Agency staff (clerical/admin) Headcount,Organisation Name,Payroll staff AO/AA Full-time Equivalent,Grand Total paybill/staffing (payroll and non-payroll) costs,Payroll staff EO Full-time Equivalent,Payroll staff SEO/HEO Full-time Equivalent,Non-payroll Staff Total Employees Full-time Equivalent,Payroll Staff Costs Employer national insurance contributions,Grand Total (workforce numbers) Headcount,Payroll staff Total Employees Headcount,Payroll Staff Costs Non-consolidated performance payments,Non-payroll Staff Total non-payroll (CCL) staff costs,Payroll Staff Costs Total paybill for payroll staff,Payroll Staff Costs Employer pension contributions,Non-payroll Staff Total cost of consultants/consultancy,Payroll staff Grade 6/7 Headcount,Payroll staff SCS Headcount,Payroll Staff Costs Overtime,"Payroll staff Other, unknown or unspecified Full-time Equivalent",Non-payroll Staff Consultants/Consultancy Full-time Equivalent,Payroll staff EO Headcount,Payroll Staff Costs Salary,Non-payroll Staff Specialist Contractors Full-time Equivalent,Comments,"Non-payroll Staff Total cost of contingent labour: agency (clerical and admin) staff, interim managers and specialist contractors",Organisation Type,"Payroll staff Other, unknown or unspecified Headcount",Non-payroll Staff Total Employees Headcount,Payroll Staff Costs Allowances,Payroll staff SEO/HEO Headcount,"Main, parent or sponsoring department",Non-payroll Staff Intermin Managers Headcount,Non-payroll Staff Agency staff (clerical/admin) Full-time Equivalent,Payroll staff AO/AA Headcount,Grand Total (workforce numbers) Full-time Equivalent,Payroll staff Grade 6/7 Full-time Equivalent,Non-payroll Staff Interim Managers Full-time Equivalent,Non-payroll Staff Consultants/Consultancy Headcount,Non-payroll Staff Specialist Contractors Headcount,Payroll staff Total Employees Full-time Equivalent
91.23,19,"Department for Environment, Food and Rural Affairs",161.97,"£9,567,672",310.7,949.91,86,"£575,296",2213,2127,"£40,835","£699,729","£8,867,943","£1,311,251","£20,221",556,94,"£55,196",0,3,325,"£6,883,796",55,,"£679,508",Ministerial Department,0,86,"£1,569",982,"Department for Environment, Food and Rural Affairs",9,19,170,2132.74,532.93,9,3,55,2046.74
9,53,Animal Health and Veterinary Laboratories Agency,764.73,"£7,374,940",507.53,700.41,83.4,"£440,043",2398,2314,£0,"£193,680","£7,181,260","£1,048,194",£0,179,9,"£264,577",0,0,541,"£5,319,761",29,,"£193,680",Executive Agency,0,84,"£108,685",748,"Department for Environment, Food and Rural Affairs",2,52.4,837,2238.49,173.42,2,0,29,2155.09
3,0,"Centre for Environment, Fisheries and Aquaculture Science",79.04,"£1,703,285",125.13,228.14,0,"£249,024",557,557,"£1,687",£0,"£1,703,285","£102,614",£0,95,3,"£26,566",0,0,131,"£1,298,297",0,,£0,Executive Agency,0,0,"£25,097",243,"Department for Environment, Food and Rural Affairs",0,0,85,526.41,91.1,0,0,0,526.41
4,10,Food and Environment Research Agency,138.29,"£1,771,731",126.36,195.51,18,"£245,294",615,597,"£26,617","£80,842","£1,690,888","£93,567","£5,149",75,4,"£6,884",18,1,137,"£1,300,282",5,,"£75,693",Executive Agency,18,18,"£18,245",212,"Department for Environment, Food and Rural Affairs",2,10,151,572.18,72.02,2,1,5,554.18
16,53,Rural Payments Agency,699.19,"£6,713,040",595.45,552.47,108,"£355,169",2301,2193,"£29,900","£658,180","£6,054,860","£861,925","£567,092",166,16,"£77,266",0,0,645,"£4,648,224",0,,"£91,088",Executive Agency,0,108,"£82,376",577,"Department for Environment, Food and Rural Affairs",55,53,789,2135.43,164.32,55,0,0,2027.43
3,8,Veterinary Medicines Directorate ,34.43,"£655,308",28.52,48.41,7.04,"£40,910",169,159,"£1,586","£38,538","£616,770","£95,185",£0,41,3,"£5,566",0,0,30,"£463,798",0.04,,"£38,538",Executive Agency,0,10,"£9,725",49,"Department for Environment, Food and Rural Affairs",0,7,36,162.1,40.7,0,0,2,155.06
(.),(.),Agricultural Wages Board for England and Wales,(.),(.),(.),(.),(.),(.),(.),(.),(.),(.),(.),(.),(.),(.),(.),(.),(.),(.),(.),(.),(.),The Agricultural Wages Board does not employ any staff,(.),Executive Non-Departmental Public Body,(.),(.),(.),(.),"Department for Environment, Food and Rural Affairs",(.),(.),(.),(.),(.),(.),(.),(.),(.)
(.),(.),Agricultural Wages Committee x 15,(.),(.),(.),(.),(.),(.),(.),(.),(.),(.),(.),(.),(.),(.),(.),(.),(.),(.),(.),(.),(.),The Agricultural Wages Committees do not employ any staff,(.),Executive Non-Departmental Public Body,(.),(.),(.),(.),"Department for Environment, Food and Rural Affairs",(.),(.),(.),(.),(.),(.),(.),(.),(.)
0,14,Agriculture and Horticulture Development Board,0,"£1,429,351",0,0,26,"£121,687",414,392,£0,"£62,113","£1,367,238","£95,482",£0,0,0,"£4,000",380.84,0,0,"£1,104,407",12,AHDB is funded through a levy paid by farmers and others in the agricultural supply chain.  No funding towards staffing or other running costs is received from the Government. ,"£62,113",Executive Non-Departmental Public Body,392,26,"£41,661",0,"Department for Environment, Food and Rural Affairs",0,14,0,403.98,0,0,0,12,380.84
4,1,Consumer Council for Water,8.42,"£224,743",28.98,17.92,0,"£13,664",71,70,£0,"£10,201","£214,542","£30,867",£0,8,4,£0,0,0,30,"£169,594",0,,"£10,201",Executive Non-Departmental Public Body,0,2,£417,19,"Department for Environment, Food and Rural Affairs",1,0,9,66.32,8,0,0,0,67.32
120.27,266,Environment Agency,1719.3,"£33,996,196",2488.84,2862.5,460.92,"£2,048,223",10789,10322,"£24,100","£2,647,198","£31,348,998","£3,289,701","£1,894,993",1787,121,"£919,960",917.92,67.14,2637,"£24,994,594",65.4,,"£752,205",Executive Non-Departmental Public Body,927,476,"£72,421",3016,"Department for Environment, Food and Rural Affairs",73,257.7,1834,10280.44,1721.36,70.68,71,66,9830.19
1,0,Joint Nature Conservation Committee,12.74,"£588,826",24.11,113.61,0,"£35,715",187,187,"£2,800",£0,"£588,826","£83,332",£0,22,1,"£8,594",1.05,0,25,"£445,103",0,,£0,Executive Non-Departmental Public Body,6,0,"£13,282",119,"Department for Environment, Food and Rural Affairs",0,0,14,173.66,20.55,0,0,0,173.06
4.81,9,Marine Management Organisation,30.75,"£845,457",86.92,96.56,10,"£70,914",277,263,£0,"£23,326","£822,131","£118,006",£0,38,5,"£12,996",0,0,89,"£620,216",0,,"£23,326",Executive Non-Departmental Public Body,0,10,£0,99,"Department for Environment, Food and Rural Affairs",1,9,32,270.94,37.9,1,0,0,256.94
1,0,National Forest Company,1,"£78,909",4,10,0,"£5,586",19,19,"£5,260",£0,"£78,909","£9,338",£0,1,1,"£2,314",0,0,4,"£56,236",0,,£0,Executive Non-Departmental Public Body,0,0,£175,12,"Department for Environment, Food and Rural Affairs",0,0,1,17,1,0,0,0,17
20,233,Natural England,192.73,"£6,770,043",323.14,1260.99,232.2,"£376,482",2333,2095,"£1,800","£377,357","£6,392,686","£943,583",£0,166,20,"£29,035",10.4,0,342,"£4,989,010",0,,"£377,357",Executive Non-Departmental Public Body,11,233,"£52,775",1344,"Department for Environment, Food and Rural Affairs",0,232.2,212,2207.96,163.55,0,0,0,1970.81
11,21,"Royal Botanic Gardens, Kew",192.2,"£75,439",145.6,173.4,32.2,"£13,979",726,690,£0,"£56,322","£19,117","£5,137","£11,141",56,11,£0,76,0,155,£0,4,,"£45,181",Executive Non-Departmental Public Body,76,34,£0,180,"Department for Environment, Food and Rural Affairs",9,20,212,686.9,54.6,8.2,0,4,652.8
0,0,Sea Fish Industry Authority,4,"£298,783",0,0,0,"£21,901",80,80,£0,£0,"£298,783","£29,655",£0,0,0,£0,76,0,0,"£245,112",0,Bulk of staff do not fall into specified categories.,£0,Executive Non-Departmental Public Body,76,0,"£2,115",0,"Department for Environment, Food and Rural Affairs",0,0,4,80,0,0,0,0,80
