"Payroll staff Other, unknown or unspecified Full-time Equivalent",Payroll Staff Costs Employer pension contributions,Payroll staff SEO/HEO Full-time Equivalent,Non-payroll Staff Total Employees Full-time Equivalent,"Non-payroll Staff Total cost of contingent labour: agency (clerical and admin) staff, interim managers and specialist contractors",Payroll staff EO Full-time Equivalent,Non-payroll Staff Total cost of consultants/consultancy,Non-payroll Staff Total Employees Headcount,Payroll staff Total Employees Headcount,Payroll Staff Costs Salary,Non-payroll Staff Interim Managers Full-time Equivalent,Payroll Staff Costs Overtime,Non-payroll Staff Specialist Contractors Headcount,Payroll staff Total Employees Full-time Equivalent,Grand Total paybill/staffing (payroll and non-payroll) costs,Payroll Staff Costs Employer national insurance contributions,Non-payroll Staff Specialist Contractors Full-time Equivalent,Grand Total (workforce numbers) Full-time Equivalent,Payroll Staff Costs Total paybill for payroll staff,Non-payroll Staff Intermin Managers Headcount,Payroll Staff Costs Allowances,Non-payroll Staff Total non-payroll (CCL) staff costs,Payroll staff SEO/HEO Headcount,Non-payroll Staff Agency staff (clerical/admin) Headcount,Payroll staff SCS Headcount,"Payroll staff Other, unknown or unspecified Headcount",Payroll Staff Costs Non-consolidated performance payments,Grand Total (workforce numbers) Headcount,Organisation Type,Payroll staff EO Headcount,Organisation Name,Non-payroll Staff Agency staff (clerical/admin) Full-time Equivalent,Payroll staff Grade 6/7 Headcount,Payroll staff Grade 6/7 Full-time Equivalent,Non-payroll Staff Consultants/Consultancy Headcount,Comments,"Main, parent or sponsoring department",Payroll staff AO/AA Full-time Equivalent,Payroll staff SCS Full-time Equivalent,Payroll staff AO/AA Headcount,Non-payroll Staff Consultants/Consultancy Full-time Equivalent
0,"£1,312,476",912.21,103,"£774,575",320.85,"£13,942",103,2070,"£6,536,295",15,"£21,374",66,1994.54,"£9,243,193","£561,281",66,2097.54,"£8,454,676",15,£0,"£788,517",944,19,95,0,"£23,250",2173,Ministerial Department,334,"Department for Environment, Food and Rural Affairs",19,530,507.3,3,,"Department for Environment, Food and Rural Affairs",162.4,91.78,167,3
0,"£970,855",643.16,65.6,"£225,835",456.14,£0,66,2184,"£4,989,087",2,"£57,054",20,2030.14,"£6,683,296","£384,553",20,2095.74,"£6,457,461",2,"£55,912","£225,835",685,44,8,0,£0,2250,Executive Agency,485,Animal Health and Veterinary Laboratories Agency,43.6,179,172.23,0,,"Department for Environment, Food and Rural Affairs",750.61,8,827,0
0,"£247,270",224.46,0,£0,130.34,£0,0,560,"£1,302,414",0,"£21,959",0,527.13,"£1,692,315","£100,755",0,527.13,"£1,692,315",0,"£19,917",£0,240,0,2,0,£0,560,Executive Agency,137,"Centre for Environment, Fisheries and Aquaculture Science",0,88,83.95,0,,"Department for Environment, Food and Rural Affairs",86.38,2,93,0
12,"£129,807",308.78,7,"£16,285",211.48,"-£12,937",7,877,"£1,840,715",0,"£13,178",2,803.07,"£2,371,388","£346,302",2,810.07,"£2,368,040",0,"£36,938","£3,348",333,5,4,12,"£1,100",884,Executive Agency,238,Food and Environment Research Agency,5,84,80.95,0,,"Department for Environment, Food and Rural Affairs",185.86,4,206,0
0,"£787,505",462.71,78,"£885,887",577.71,£0,78,2117,"£4,293,614",52,"£126,832",13,1947.01,"£6,469,558","£316,820",13,2025.01,"£5,583,671",52,"£51,963","£885,887",482,13,15,0,"£6,937",2195,Executive Agency,627,Rural Payments Agency,13,150,148.98,0,,"Department for Environment, Food and Rural Affairs",742.61,15,843,0
0,"£90,674",45.51,11.4,"£43,797",29.32,£0,14,155,"£441,294",0,"£1,719",2,151.93,"£622,676","£37,789",0.4,163.33,"£578,879",0,"£7,403","£43,797",46,12,3,0,£0,169,Executive Agency,31,Veterinary Medicines Directorate ,11,38,37.92,0,,"Department for Environment, Food and Rural Affairs",36.18,3,37,0
(.),(.),(.),(.),(.),(.),(.),(.),(.),(.),(.),(.),(.),(.),(.),(.),(.),(.),(.),(.),(.),(.),(.),(.),(.),(.),(.),(.),Executive Non-Departmental Public Body,(.),Agricultural Wages Board for England and Wales,(.),(.),(.),(.),The Agricultural Wages Board does not employ any staff,"Department for Environment, Food and Rural Affairs",(.),(.),(.),(.)
(.),(.),(.),(.),(.),(.),(.),(.),(.),(.),(.),(.),(.),(.),(.),(.),(.),(.),(.),(.),(.),(.),(.),(.),(.),(.),(.),(.),Executive Non-Departmental Public Body,(.),Agricultural Wages Committee x 15,(.),(.),(.),(.),The Agricultural Wages Committees do not employ any staff,"Department for Environment, Food and Rural Affairs",(.),(.),(.),(.)
367.25,"£94,194",0,40,"£45,397",0,£0,40,378,"£1,076,510",0,"£1,660",20,367.25,"£1,373,999","£117,568",20,407.25,"£1,328,602",0,"£38,671","£45,397",0,20,0,378,£0,418,Executive Non-Departmental Public Body,0,Agriculture and Horticulture Development Board,20,0,0,0,AHDB is funded through a levy paid by farmers and others in the agricultural supply chain.  No funding towards staffing or other running costs is received from the Government. ,"Department for Environment, Food and Rural Affairs",0,0,0,0
0,"£34,072",24.7,0,£0,26.96,£0,0,77,"£186,229",0,£0,0,74.06,"£235,315","£14,597",0,74.06,"£235,315",0,£417,£0,25,0,4,0,£0,77,Executive Non-Departmental Public Body,29,Consumer Council for Water,0,9,9,0,,"Department for Environment, Food and Rural Affairs",9.4,4,10,0
962.36,"£3,326,629",2933.3,357.17,"£470,257",2523.92,"£176,498",369,10680,"£25,849,669",42.08,"£435,056",67,10186.76,"£32,661,305","£2,080,835",65.43,10543.93,"£32,014,549",44,"£297,933","£646,756",3091,200,123,971,"£24,428",11049,Executive Non-Departmental Public Body,2668,Environment Agency,195.13,1785,1721.64,58,The numbers in columns X and Y do not include the 70 temporary FTE currenlty undertaking State of the Nation work,"Department for Environment, Food and Rural Affairs",1923.17,122.37,2042,54.53
0.53,"£81,210",110.5,0,£0,23.69,£0,0,181,"£430,255",0,"£3,150",0,168.23,"£561,764","£33,682",0,168.23,"£561,764",0,"£8,417",£0,116,0,1,4,"£5,050",181,Executive Non-Departmental Public Body,25,Joint Nature Conservation Committee,0,21,19.55,0,,"Department for Environment, Food and Rural Affairs",12.96,1,14,0
0,"£134,295",99.96,0,£0,96.36,£0,0,279,"£809,259",0,"£11,357",0,272.4,"£1,009,917","£55,006",0,272.4,"£1,009,917",0,£0,£0,103,0,5,0,£0,279,Executive Non-Departmental Public Body,98,Marine Management Organisation,0,39,38.87,0,,"Department for Environment, Food and Rural Affairs",32.4,4.81,34,0
0,"£9,523",10,0,£0,4,£0,0,19,"£41,761",0,£289,0,17,"£66,808","£5,267",0,17,"£66,808",0,£175,£0,12,0,1,0,"£9,793",19,Executive Non-Departmental Public Body,4,National Forest Company,0,1,1,0,,"Department for Environment, Food and Rural Affairs",1,1,1,0
8.4,"£1,013,988",1318.09,130.63,"£255,689",370.93,£0,133,2269,"£5,365,685",0,"£20,765",0,2137.44,"£7,124,521","£406,251",0,2268.07,"£6,868,832",0,"£61,644","£255,689",1401,132,23,9,£500,2402,Executive Non-Departmental Public Body,396,Natural England,129.83,186,183.38,1,,"Department for Environment, Food and Rural Affairs",233.64,23,254,0.8
86,"£301,983",188.25,30.3,"£99,787",154.84,"£18,750",39,749,"£1,669,123",3,"£29,780",7,710.78,"£2,251,432","£128,041",6,741.08,"£2,132,895",3,"£3,968","£118,537",195,29,13,86,£0,788,Executive Non-Departmental Public Body,164,"Royal Botanic Gardens, Kew",21.3,60,58.47,0,,"Department for Environment, Food and Rural Affairs",210.22,13,231,0
87,"£28,757",0,0,£0,0,£0,0,91,"£238,188",0,£0,0,91,"£289,836","£22,044",0,91,"£289,836",0,£847,£0,0,0,0,87,£0,91,Executive Non-Departmental Public Body,0,Sea Fish Industry Authority,0,0,0,0,Bulk of staff do not fall into specified categories.,"Department for Environment, Food and Rural Affairs",4,0,4,0
