Unnamed: 35,Unnamed: 12,Unnamed: 20,Unnamed: 16,"Comments
(NB: These will be published alongside your row of information)",Unnamed: 26,Unnamed: 15,"Main, parent or 
sponsoring department: ",Unnamed: 13,Unnamed: 34,Unnamed: 28,"Grand Total 
(workforce numbers)",Unnamed: 21,Payroll staff,Unnamed: 23,Unnamed: 11,Unnamed: 8,Unnamed: 6,Organisation name,Unnamed: 9,Unnamed: 19,Number of non-payroll staff (contingent labour and consultants/consultancy),Unnamed: 22,Unnamed: 37,Payroll staff costs,Unnamed: 25,Unnamed: 10,Unnamed: 18,Unnamed: 4,Unnamed: 30,Unnamed: 32,Unnamed: 38,Unnamed: 33,Unnamed: 31,Non-Payroll staff (contingent labour/consultancy) costs,Unnamed: 7,Unnamed: 14,"Organisation 
type",Unnamed: 24,Grand Total paybill/staffing (payroll and non-payroll) costs,Unnamed: 5
Total paybill for payroll staff,,,,,,"Total
Employees",,"Other, unknown, or unspecified",Employer national insurance contributions,,,Specialist Contractors,AO/AA,Consultants/consultancy,SCS,,,,Grade 6/7,Interim managers,"Agency staff 
(clerical/admin)",,"Total monthly cost of consultants/
consultancy",Salary,Total,,,,Allowances,Overtime,Total non-payroll (CCL) staff costs,Employer pension contributions,Non-consolidated performance payments,"Total monthly cost of contingent labour: agency (clerical and admin) staff, interim managers and specialist contractors",SEO/HEO,,,,,EO
,"Full-time 
equivalent","Full-time 
equivalent","Full-time 
equivalent",,"Full-time 
equivalent",Headcount,,Headcount,,"Full-time 
equivalent",Headcount,Headcount,Headcount,Headcount,Headcount,"Full-time 
equivalent","Full-time 
equivalent",,Headcount,Headcount,Headcount,"Full-time 
equivalent",,,Headcount,"Full-time 
equivalent","Full-time 
equivalent","Full-time 
equivalent",,,,,,,Headcount,"Full-time 
equivalent",,"Full-time 
equivalent",,Headcount
"13,320,204.42",118.76,1.00,"1,794",,113.16,"1,854",Department for Transport,0,"911,140.06","1,907","1,977",106 ,172,1 ,122,672.25,218.32,Department for Transport ,649,1 ,15 ,96.16,326066.66,"8,718,110.57",123,624.17,15.00,160.74,"31,036.40","142,527.16","1,340,353.98","1,715,355.83","1,802,034.40",1014287.32,686,0,Ministerial Department,1.00,"14,660,558.40",225
"3,437,408.74",2.00,2.00,"2,113",,7,"2,264",Department for Transport,0,"912,506.70","2,120","2,271",0.00,229,0.00,2,209.76,1666.68,Driving Standards Agency,43,2.00,5.00,0.00,,"1,172,415.94",7,42.45,5.00,191.81,"108,905.48","124,531.35","11,303.45","1,119,521.63",-472.36,11303.45,214,0,Executive Agency,0.00,"3,448,712.19",1776
"21,360,762.00",5.00,3,"5,019",,5.6,"5,568",Department for Transport,0,"1,678,303.00","5,024","5,574",3,4124,0,5,566.69,686.88,Driver and Vehicle Licensing Agency,128,3,0,2.6,"-534,449.00","17,212,118.00",6,123.98,0,3636.33,"-158,456.00","544,222.00","-409,895.00","2,080,396.00","4,179.00","124,554.00",586,0,Executive Agency,0,"20,950,867.00",725
"16,243,357.34",36.19,27.19,"3,347",,27.18783784,"3,471",Department for Transport,0,"902,941.60","3,374","3,552",0,1377,0,37,1339.20,318.07,Highways Agency,334,81,0,0,,"11,958,857.82",81,323.86,0,1329.53,"848,575.82","155,873.37","609,218.22","1,989,512.93","387,595.80","609,218.22",1387,0,Executive Agency,0,"16,852,575.56",336
"4,737,085.90",6.00,0,"1,000",,31,"1,073",Department for Transport,0,"347,254.04","1,031","1,104",0,433,0,6,276.04,213.54,Maritime and Coastguard Agency,109,0,31,0,"184,354.19","3,267,230.14",31,106.68,31,397.92,"254,928.58","214,668.56","291,119.50","653,004.58",0.00,"106,765.31",299,0,Executive Agency,0,"5,028,205.40",226
"1,866,704.00",1,0,153,,4,163,Department for Transport,0,"95,748.00",157,167,0,40,0,1,73.2,34.45,Vehicle Certification Agency,11,0,4,0,,"1,612,326.00",4,11,4,33.52,"10,559.00","25,244.00","20,958.45","122,827.00",,"20,958.45",75,0,Executive Agency,0,"1,887,662.45",36
"8,330,563.11",4,13,"2,181",,75.17,"2,268",Department for Transport,0,"554,559.00","2,256","2,344",24,1024,0,4,400.79,775.8,Vehicle and Operator Services Agency,42,13,39,24,"656,444.22","5,927,975.36",76,41.95,38.17,958.12,"308,572.75","392,553.00","1,237,929.31","1,139,288.00","7,615.00","581,485.09",406,0,Executive Agency,0,"9,568,492.42",792
"56,417.06",1.5,0,11,,2,11,Department for Transport,0,"4,017.68",13,13,2,0,0,2,5,1,British Transport Police Authority,3,0,0,2,"14,612.51","42,921.56",2,3,0,0,"3,929.32",,"127,062.05","5,548.50",,"112,449.54",5,0,Executive Non-Departmental Public Body,0,"183,479.11",1
"132,978.68",0,0,9,,0,12,Department for Transport,12,"17,205.15",9,13,1,0,0,0,0,0,Directly Operated Railways Ltd,0,0,0,0,"24,750.00","109,255.67",1,0,0,0,,,"49,000.00","6,517.86",,"24,250.00",0,9.3,Executive Non-Departmental Public Body,0,"181,978.68",0
"2,099,187.35",17.8,41.6,401,,200.6,406,Department for Transport,4,"194,882.35",602,607,134,75,0,18,196.2,13,High Speed 2,97,42,25,134,"851,986.76","1,785,936.05",201,96.6,25,73.3,,"11,528.26","1,600,493.79","106,840.69",0.00,"748,507.03",199,4,Executive Non-Departmental Public Body,0,"3,699,681.14",13
"587,422.77",4,0,176,,2.3,199,Department for Transport,69,"45,462.67",178,204,0,28,0,4,66.6,18,Northern Lighthouse Board,13,0,5,0,,"515,323.16",5,12.8,2.3,10.5,"8,942.75","15,078.03","3,612.67","2,616.16",0.00,"3,612.67",67,63.7,Executive Non-Departmental Public Body,0,"591,035.44",18
"178,652.00",2,0,40,,2.9,41,Department for Transport,0,"13,482.00",43,47,4,1,0,2,11.6,14.8,Passenger Focus,11,0,2,0.9,"1,620.00","138,927.00",6,10.9,2,1,244.00,,"9,765.97","25,999.00",,"8,145.97",12,0,Executive Non-Departmental Public Body,0,"188,417.97",15
"1,057,538.93",0,10,291,,0,299,Department for Transport,299,"86,363.05",291,299,0,0,0,0,0,0,Trinity House,0,10,299,0,"1,303.55","936,199.69",0,0,291,0,"5,921.94","28,686.43","30,752.61",367.82,0.00,"29,449.06",0,291,Executive Non-Departmental Public Body,0,"1,088,291.54",0
