Non-payroll Staff Total Employees Full-time Equivalent,Grand Total (workforce numbers) Full-time Equivalent,"Main, parent or sponsoring department",Organisation Name,"Non-payroll Staff Total cost of contingent labour: agency (clerical and admin) staff, interim managers and specialist contractors",Payroll Staff Costs Salary,Non-payroll Staff Interim Managers Full-time Equivalent,Comments,Grand Total (workforce numbers) Headcount,Payroll staff Grade 6/7 Headcount,Grand Total paybill/staffing (payroll and non-payroll) costs,Non-payroll Staff Intermin Managers Headcount,Non-payroll Staff Total cost of consultants/consultancy,"Payroll staff Other, unknown or unspecified Headcount",Payroll staff Total Employees Full-time Equivalent,Payroll Staff Costs Employer national insurance contributions,Organisation Type,Non-payroll Staff Consultants/Consultancy Full-time Equivalent,Payroll staff AO/AA Full-time Equivalent,Payroll Staff Costs Employer pension contributions,Non-payroll Staff Agency staff (clerical/admin) Full-time Equivalent,Non-payroll Staff Agency staff (clerical/admin) Headcount,Payroll staff Total Employees Headcount,Payroll staff Grade 6/7 Full-time Equivalent,Payroll Staff Costs Allowances,Payroll Staff Costs Overtime,Payroll staff EO Full-time Equivalent,Payroll staff AO/AA Headcount,Payroll Staff Costs Non-consolidated performance payments,Non-payroll Staff Total non-payroll (CCL) staff costs,Payroll staff SEO/HEO Full-time Equivalent,Payroll staff SCS Headcount,Non-payroll Staff Specialist Contractors Headcount,Non-payroll Staff Total Employees Headcount,Payroll staff EO Headcount,Payroll staff SCS Full-time Equivalent,Non-payroll Staff Consultants/Consultancy Headcount,Non-payroll Staff Specialist Contractors Full-time Equivalent,Payroll Staff Costs Total paybill for payroll staff,"Payroll staff Other, unknown or unspecified Full-time Equivalent",Payroll staff SEO/HEO Headcount
98,2104.07,"Department for Environment, Food and Rural Affairs","Department for Environment, Food and Rural Affairs","£858,347","£7,439,499",12,,2184,543,"£10,314,839",12,"£19,624",0,2006.07,"£585,516",Ministerial Department,1,157.95,"£1,345,257",18,18,2086,523.23,"£5,584","£22,889",301.99,166,"£38,123","£877,971",931.35,95,67,98,317,91.55,1,67,"£9,436,868",0,965
64,2260.72,"Department for Environment, Food and Rural Affairs",Animal Health and Veterinary Laboratories Agency,"£230,524","£5,320,547",0,,2424,176,"£7,224,788",0,£0,0,2196.72,"£421,958",Executive Agency,0,756.98,"£1,041,534",31,32,2359,171.98,"£88,944","£104,019",549.84,828,"£17,262","£230,524",709.92,8,33,65,591,8,0,33,"£6,994,264",0,756
0,513.1,"Department for Environment, Food and Rural Affairs","Centre for Environment, Fisheries and Aquaculture Science",£0,"£1,294,282",0,,545,89,"£1,676,621",0,£0,0,513.1,"£101,139",Executive Agency,0,75.24,"£247,141",0,0,545,84.42,"£26,937","£7,122",119.7,80,£0,£0,230.74,3,0,0,127,3,0,0,"£1,676,621",0,246
25,565.77,"Department for Environment, Food and Rural Affairs",Food and Environment Research Agency,"£50,210","£1,692,760",3,,608,76,"£2,305,015",3,"£184,576",13,540.77,"£242,464",Executive Agency,3,136.28,"£94,143",14,14,583,72.42,"£17,289","£4,822",120.32,148,"£18,750","£234,787",194.75,4,5,25,131,4,3,5,"£2,070,229",13,211
141,2158.96,"Department for Environment, Food and Rural Affairs",Rural Payments Agency,"£76,621","£4,771,024",115,,2322,169,"£6,934,831",115,"£590,454",0,2017.96,"£370,667",Executive Agency,0,668.64,"£861,559",26,26,2181,167.51,"£84,341","£165,415",591.78,755,"£14,750","£667,076",574.03,16,0,141,641,16,0,0,"£6,267,756",0,600
5.9,160.82,"Department for Environment, Food and Rural Affairs",Veterinary Medicines Directorate ,"£26,614","£462,271",0,,168,41,"£634,015",0,£0,0,154.92,"£39,854",Executive Agency,0,34.17,"£93,807",4.5,6,159,40.7,"£9,549","£1,920",28.16,36,£0,"£26,614",48.89,3,3,9,29,3,0,1.4,"£607,401",0,50
(.),(.),"Department for Environment, Food and Rural Affairs",Agricultural Wages Board for England and Wales,(.),(.),(.),The Agricultural Wages Board does not employ any staff,(.),(.),(.),(.),(.),(.),(.),(.),Executive Non-Departmental Public Body,(.),(.),(.),(.),(.),(.),(.),(.),(.),(.),(.),(.),(.),(.),(.),(.),(.),(.),(.),(.),(.),(.),(.),(.)
(.),(.),"Department for Environment, Food and Rural Affairs",Agricultural Wages Committee x 15,(.),(.),(.),The Agricultural Wages Committees do not employ any staff,(.),(.),(.),(.),(.),(.),(.),(.),Executive Non-Departmental Public Body,(.),(.),(.),(.),(.),(.),(.),(.),(.),(.),(.),(.),(.),(.),(.),(.),(.),(.),(.),(.),(.),(.),(.),(.)
18,398.19,"Department for Environment, Food and Rural Affairs",Agriculture and Horticulture Development Board,"£27,505","£1,113,099",0,AHDB is funded through a levy paid by farmers and others in the agricultural supply chain.  No funding towards staffing or other running costs is received from the Government. ,408,0,"£1,408,769",0,£0,390,380.19,"£123,037",Executive Non-Departmental Public Body,0,0,"£95,697",11,11,390,0,"£45,743","£3,689",0,0,£0,"£27,505",0,0,7,18,0,0,0,7,"£1,381,265",380.19,0
2.8,70.82,"Department for Environment, Food and Rural Affairs",Consumer Council for Water,"£10,007","£179,083",1.8,,74,10,"£240,943",2,£0,0,68.02,"£15,344",Executive Non-Departmental Public Body,0,8.42,"£32,960",1,1,71,10,"£3,549",£0,25.79,10,£0,"£10,007",18.81,5,0,3,27,5,0,0,"£230,936",0,19
497.32,10234.85,"Department for Environment, Food and Rural Affairs",Environment Agency,"£1,625,038","£25,292,492",75.03,,10763,1793,"£39,162,765",78,"£6,093,456",956,9737.53,"£2,064,739",Executive Non-Departmental Public Body,74.72,1630.79,"£3,297,524",268.17,279,10248,1722.19,"£5,557","£769,295",2451.19,1745,"£14,664","£7,718,494",2872.59,118,80,515,2601,116.48,78,79.4,"£31,444,271",944.29,3035
0,169.56,"Department for Environment, Food and Rural Affairs",Joint Nature Conservation Committee,£0,"£436,589",0,,183,21,"£565,731",0,£0,6,169.56,"£33,637",Executive Non-Departmental Public Body,0,11.24,"£82,498",0,0,183,20.15,"£11,388","£1,618",26.11,13,£0,£0,110.01,1,0,0,27,1,0,0,"£565,731",1.05,115
12,274.92,"Department for Environment, Food and Rural Affairs",Marine Management Organisation,"£45,756","£637,525",3,,281,37,"£1,052,590",3,£0,0,262.92,"£63,464",Executive Non-Departmental Public Body,0,27.35,"£130,409",9,9,269,36.9,£0,"£42,435",94.92,29,"£133,000","£45,756",98.75,5,0,12,97,5,0,0,"£1,006,834",0,101
0,17,"Department for Environment, Food and Rural Affairs",National Forest Company,£0,"£51,342",0,,20,1,"£64,947",0,£0,0,17,"£3,859",Executive Non-Departmental Public Body,0,1,"£9,464",0,0,20,1,£175,£107,4,1,£0,£0,10,1,0,0,4,1,0,0,"£64,947",0,13
229.75,2194.97,"Department for Environment, Food and Rural Affairs",Natural England,"£287,480","£4,984,943",0,Mar-15,2328,171,"£6,694,622",0,£0,10,1965.22,"£378,131",Executive Non-Departmental Public Body,1,197.53,"£941,102",228.75,230,2097,167.27,"£50,984","£47,882",316.75,218,"£4,100","£287,480",1257.27,17,0,231,337,17,1,0,"£6,407,142",9.4,1344
24.8,637.2,"Department for Environment, Food and Rural Affairs","Royal Botanic Gardens, Kew","£161,702","£1,578,794",3.2,,673,53,"£2,206,845",4,"£38,191",75,612.4,"£122,834",Executive Non-Departmental Public Body,0,177.9,"£287,417",19.6,23,644,52.3,£672,"£17,234",129.1,196,£0,"£199,893",167.3,11,2,29,136,10.8,0,2,"£2,006,951",75,173
0,78,"Department for Environment, Food and Rural Affairs",Sea Fish Industry Authority,£0,"£237,725",0,Bulk of staff do not fall into specified categories.,78,0,"£288,262",0,£0,74,78,"£21,574",Executive Non-Departmental Public Body,0,4,"£28,946",0,0,78,0,£18,£0,0,4,£0,£0,0,0,0,0,0,0,0,0,"£288,262",74,0
