Payroll staff EO Full-time Equivalent,Grand Total paybill/staffing (payroll and non-payroll) costs,Payroll staff Total Employees Headcount,Payroll staff AO/AA Full-time Equivalent,Payroll staff Total Employees Full-time Equivalent,Non-payroll Staff Total non-payroll (CCL) staff costs,"Main, parent or sponsoring department",Payroll Staff Costs Total paybill for payroll staff,Organisation Type,Non-payroll Staff Intermin Managers Headcount,Non-payroll Staff Total cost of consultants/consultancy,Payroll Staff Costs Employer national insurance contributions,Non-payroll Staff Consultants/Consultancy Headcount,Grand Total (workforce numbers) Headcount,Non-payroll Staff Agency staff (clerical/admin) Full-time Equivalent,Organisation Name,Grand Total (workforce numbers) Full-time Equivalent,Non-payroll Staff Agency staff (clerical/admin) Headcount,Payroll staff Grade 6/7 Headcount,"Payroll staff Other, unknown or unspecified Full-time Equivalent",Non-payroll Staff Total Employees Headcount,Payroll Staff Costs Overtime,Payroll Staff Costs Employer pension contributions,Payroll staff SCS Full-time Equivalent,Payroll staff SEO/HEO Headcount,"Payroll staff Other, unknown or unspecified Headcount",Payroll Staff Costs Salary,Payroll staff SCS Headcount,Payroll staff EO Headcount,Non-payroll Staff Interim Managers Full-time Equivalent,Payroll Staff Costs Non-consolidated performance payments,"Non-payroll Staff Total cost of contingent labour: agency (clerical and admin) staff, interim managers and specialist contractors",Non-payroll Staff Specialist Contractors Full-time Equivalent,Payroll staff Grade 6/7 Full-time Equivalent,Non-payroll Staff Total Employees Full-time Equivalent,Non-payroll Staff Specialist Contractors Headcount,Comments,Payroll staff AO/AA Headcount,Payroll staff SEO/HEO Full-time Equivalent,Non-payroll Staff Consultants/Consultancy Full-time Equivalent,Payroll Staff Costs Allowances
323.25,"£9,208,144",2067,162.22,1989.59,"£670,187","Department for Environment, Food and Rural Affairs","£8,537,957",Ministerial Department,11,"£17,939","£567,520",2,2156,15,"Department for Environment, Food and Rural Affairs",2078.59,15,526,0,89,"£35,243","£1,313,250",92.43,941,0,"£6,650,610",96,337,11,"-£28,666","£652,248",61,502.7,89,61,,167,908.99,2,£0
467.48,"£6,876,171",2201,755.6,2048.74,"£300,881","Department for Environment, Food and Rural Affairs","£6,575,290",Executive Agency,2,£0,"£395,242",0,2267,40,Animal Health and Veterinary Laboratories Agency,2113.94,40,180,0,66,"£121,760","£978,444",7,686,0,"£5,009,807",7,497,2,£0,"£300,881",23.2,173.02,65.2,24,,831,645.64,0,"£70,037"
131.34,"£1,788,157",559,86.38,525.93,£0,"Department for Environment, Food and Rural Affairs","£1,788,157",Executive Agency,0,£0,"£110,424",0,560,1,"Centre for Environment, Fisheries and Aquaculture Science",526.93,1,89,0,1,"£46,948","£249,853",2,237,0,"£1,316,175",2,138,0,"£4,252",£0,0,84.95,1,0,,93,221.26,0,"£60,505"
209.51,"£2,362,132",868,182.99,798.23,"£18,242","Department for Environment, Food and Rural Affairs","£2,343,890",Executive Agency,1,"£17,814","£339,148",0,878,7,Food and Environment Research Agency,808.23,7,82,13,10,"£2,632","£133,043",4,333,13,"£1,828,334",4,236,1,"£1,100",£428,2,78.95,10,2,,200,309.78,0,"£39,632"
557.29,"£6,416,692",2105,755.56,1937.3,"£832,611","Department for Environment, Food and Rural Affairs","£5,584,081",Executive Agency,122,£0,"£316,820",0,2316,13,Rural Payments Agency,2148.3,13,148,0,211,"£126,832","£787,505",15,482,0,"£4,293,617",15,604,122,"£6,937","£832,611",76,146.98,211,76,,856,462.47,0,"£52,370"
29.3,"£618,946",155,36.18,151.91,"£35,201","Department for Environment, Food and Rural Affairs","£583,745",Executive Agency,0,£0,"£38,130",0,170,12,Veterinary Medicines Directorate ,164.31,13,38,0,15,"£4,741","£90,830",3,46,0,"£442,731",3,31,0,£0,"£35,201",0.4,37.92,12.4,2,,37,45.51,0,"£7,313"
(.),(.),(.),(.),(.),(.),"Department for Environment, Food and Rural Affairs",(.),Executive Non-Departmental Public Body,(.),(.),(.),(.),(.),(.),Agricultural Wages Board for England and Wales,(.),(.),(.),(.),(.),(.),(.),(.),(.),(.),(.),(.),(.),(.),(.),(.),(.),(.),(.),(.),The Agricultural Wages Board does not employ any staff,(.),(.),(.),(.)
(.),(.),(.),(.),(.),(.),"Department for Environment, Food and Rural Affairs",(.),Executive Non-Departmental Public Body,(.),(.),(.),(.),(.),(.),Agricultural Wages Committee x 15,(.),(.),(.),(.),(.),(.),(.),(.),(.),(.),(.),(.),(.),(.),(.),(.),(.),(.),(.),(.),The Agricultural Wages Committees do not employ any staff,(.),(.),(.),(.)
0,"£1,358,740",379,0,367.7,"£43,123","Department for Environment, Food and Rural Affairs","£1,315,617",Executive Non-Departmental Public Body,0,£0,"£116,817",0,411,13,Agriculture and Horticulture Development Board,399.7,13,0,367.7,32,£983,"£93,168",0,0,379,"£1,068,866",0,0,0,£0,"£43,123",19,0,32,19,AHDB is funded through a levy paid by farmers and others in the agricultural supply chain.  No funding towards staffing or other running costs is received from the Government. ,0,0,0,"£35,783"
26.96,"£230,383",76,8.4,73.06,"£1,866","Department for Environment, Food and Rural Affairs","£228,517",Executive Non-Departmental Public Body,0,£0,"£14,784",0,76,0,Consumer Council for Water,73.06,0,9,0,0,£0,"£32,774",4,25,0,"£180,543",4,29,0,£0,"£1,866",0,9,0,0,,9,24.7,0,£416
2507.05,"£33,924,019",10724,1968.18,10235.11,"£1,119,925","Department for Environment, Food and Rural Affairs","£32,804,094",Executive Non-Departmental Public Body,42,"£821,475","£2,168,696",58,11080,187.13,Environment Agency,10579.38,192,1790,964.36,356,"£1,176,522","£3,243,934",123.47,3101,973,"£25,945,383",124,2650,40.08,"£33,496","£298,450",63.03,1727.48,344.27,64,,2086,2944.57,54.03,"£236,063"
0,£0,0,0,0,£0,"Department for Environment, Food and Rural Affairs",£0,Executive Non-Departmental Public Body,0,£0,£0,0,0,0,Gangmasters Licensing Authority,0,0,0,0,0,£0,£0,0,0,0,£0,0,0,0,£0,£0,0,0,0,0,,0,0,0,£0
24.08,"£546,999",181,12.73,167.51,£0,"Department for Environment, Food and Rural Affairs","£546,999",Executive Non-Departmental Public Body,0,£0,"£32,637",0,181,0,Joint Nature Conservation Committee,167.51,0,21,0.93,0,"£4,084","£79,361",1,115,5,"£426,269",1,25,0,£0,£0,0,19.55,0,0,,14,109.22,0,"£4,647"
100.36,"£954,865",297,38.05,290.48,£0,"Department for Environment, Food and Rural Affairs","£954,865",Executive Non-Departmental Public Body,0,£0,"£63,540",0,297,0,Marine Management Organisation,290.48,0,42,0,0,"£22,128","£138,860",4.81,108,0,"£726,285",5,102,0,,£0,0,41.9,0,0,,40,105.36,0,"£4,053"
4,"£65,721",19,1,17,£0,"Department for Environment, Food and Rural Affairs","£65,721",Executive Non-Departmental Public Body,0,£0,"£3,951",0,19,0,National Forest Company,17,0,1,0,0,£518,"£9,523",1,12,0,"£51,554",1,4,0,£0,£0,0,1,0,0,,1,10,0,£175
387.64,"£7,410,842",2359,236.29,2218.81,"£212,825","Department for Environment, Food and Rural Affairs","£7,198,016",Executive Non-Departmental Public Body,0,£0,"£463,498",1,2496.5,134.83,Natural England,2354.44,136.5,192,8.4,137.5,"£84,394","£1,047,317",24,1462,9,"£5,544,552",24,414,0,£500,"£212,825",0,189.38,135.63,0,,258,1373.1,0.8,"£57,756"
155.8,"£2,425,526",748,213.7,710.9,"£119,032","Department for Environment, Food and Rural Affairs","£2,306,494",Executive Non-Departmental Public Body,8,"£22,500","£149,476",0,782,17.4,"Royal Botanic Gardens, Kew",743.9,18,60,86,34,"£22,438","£304,517",12,191,86,"£1,826,095",13,165,8,£0,"£96,532",7.6,58.5,33,8,,233,184.9,0,"£3,968"
0,"£321,709",90,4,90,£0,"Department for Environment, Food and Rural Affairs","£321,709",Executive Non-Departmental Public Body,0,£0,"£25,897",0,90,0,Sea Fish Industry Authority,90,0,0,86,0,£0,"£28,689",0,0,86,"£232,797",0,0,0,"£33,329",£0,0,0,0,0,Bulk of staff do not fall into specified categories.,4,0,0,£998
