Expense Area,Purpose of Grant,Registration Number,Procurement Card?,Body Name,Date,Expense Type,Amount,Time Period for Grant,Transaction Number,Supplier ID,Supplier Name
Green Lanes,,,,Yorkshire Dales National Park Authority,31/01/2018,Materials,79.0,,PCARD-2019/10,S0140,CARRS BILLINGTON AGRICULTURAL (SALES) LTD
Web Based Services,,,,Yorkshire Dales National Park Authority,01/01/2019,IT- Hardware Purchases,32.47,,PCARD-2019/10,,DIGITAL OCEAN
Farmed Land,,,,Yorkshire Dales National Park Authority,02/01/2019,Conferences and Seminars,137.5,,PCARD-2019/10,,SABINE BARN B&B
Northern Dales (Richmondshire),,,,Yorkshire Dales National Park Authority,02/01/2019,Materials,14.31,,PCARD-2019/10,S0045,J T ATKINSON & SONS LTD
Green Lanes,,,,Yorkshire Dales National Park Authority,02/01/2019,Tools & Office Equipment,118.7,,PCARD-2019/10,S0123,SIMON WINSTANLEY LTD
Northern Dales (Richmondshire),,,,Yorkshire Dales National Park Authority,02/01/2019,Equipment Repairs and Maint,84.95,,PCARD-2019/10,S0123,SIMON WINSTANLEY LTD
Biodiversity,,,,Yorkshire Dales National Park Authority,02/01/2019,Books and Publications,45.0,,PCARD-2019/10,S2270,NHBS LTD
Aysgarth Falls NPC,,,,Yorkshire Dales National Park Authority,02/01/2019,Rates,160.68,,RDC N044090007  10/2019,S3484,RICHMONDSHIRE DISTRICT COUNCIL
Aysgarth Falls NPC,,,,Yorkshire Dales National Park Authority,02/01/2019,Rates,444.96,,RDC N044090007  10/2019,S3484,RICHMONDSHIRE DISTRICT COUNCIL
Car Parks,,,,Yorkshire Dales National Park Authority,02/01/2019,Rates,346.08,,RDC N044090007 10/2019,S3484,RICHMONDSHIRE DISTRICT COUNCIL
Car Parks,,,,Yorkshire Dales National Park Authority,02/01/2019,Rates,949.2,,RDC N003069007 10/2019,S3484,RICHMONDSHIRE DISTRICT COUNCIL
Contracts - Access Rangers,,,,Yorkshire Dales National Park Authority,02/01/2019,Rates,253.0,,RDC N04569000 10/2019,S3484,RICHMONDSHIRE DISTRICT COUNCIL
Dales Countryside Museum,,,,Yorkshire Dales National Park Authority,02/01/2019,Rates,3796.8,,RDC N003069007 10/2019,S3484,RICHMONDSHIRE DISTRICT COUNCIL
Office Accomodation,,,,Yorkshire Dales National Park Authority,02/01/2019,Rates,2352.0,,RDC N084911002 10/2019,S3484,RICHMONDSHIRE DISTRICT COUNCIL
Toilets,,,,Yorkshire Dales National Park Authority,02/01/2019,Rates,137.0,,RDC N051177005  10/2019,S3484,RICHMONDSHIRE DISTRICT COUNCIL
Toilets,,,,Yorkshire Dales National Park Authority,02/01/2019,Rates,284.28,,RDC N044090007  10/2019,S3484,RICHMONDSHIRE DISTRICT COUNCIL
Car Parks,,,,Yorkshire Dales National Park Authority,02/01/2019,Rates,128.0,,CDC 50005325651 10/2019,S3485,CRAVEN DISTRICT COUNCIL
Car Parks,,,,Yorkshire Dales National Park Authority,02/01/2019,Rates,158.0,,CDC 50006368798 10/2019,S3485,CRAVEN DISTRICT COUNCIL
Car Parks,,,,Yorkshire Dales National Park Authority,02/01/2019,Rates,465.0,,CDC 50006368751  10/2019,S3485,CRAVEN DISTRICT COUNCIL
Car Parks,,,,Yorkshire Dales National Park Authority,02/01/2019,Rates,534.28,,CDC 50006368742 10/2019,S3485,CRAVEN DISTRICT COUNCIL
Car Parks,,,,Yorkshire Dales National Park Authority,02/01/2019,Rates,603.0,,CDC 50006368760 10/2019,S3485,CRAVEN DISTRICT COUNCIL
Car Parks,,,,Yorkshire Dales National Park Authority,02/01/2019,Rates,618.0,,CDC 50005331156  10/2019,S3485,CRAVEN DISTRICT COUNCIL
Car Parks,,,,Yorkshire Dales National Park Authority,02/01/2019,Rates,1179.36,,CDC 50006368789 10/2019,S3485,CRAVEN DISTRICT COUNCIL
Car Parks,,,,Yorkshire Dales National Park Authority,02/01/2019,Rates,2160.0,,CDC 50005323051 10/2019,S3485,CRAVEN DISTRICT COUNCIL
Grassington NPC,,,,Yorkshire Dales National Park Authority,02/01/2019,Rates,427.0,,CDC 50005318857 10/2019,S3485,CRAVEN DISTRICT COUNCIL
Office Accomodation,,,,Yorkshire Dales National Park Authority,02/01/2019,Rates,1440.0,,CDC 50005333756  10/2019,S3485,CRAVEN DISTRICT COUNCIL
Toilets,,,,Yorkshire Dales National Park Authority,02/01/2019,Rates,168.72,,CDC 50006368742 10/2019,S3485,CRAVEN DISTRICT COUNCIL
Toilets,,,,Yorkshire Dales National Park Authority,02/01/2019,Rates,254.0,,CDC 500055322753 10/2019,S3485,CRAVEN DISTRICT COUNCIL
Toilets,,,,Yorkshire Dales National Park Authority,02/01/2019,Rates,332.64,,CDC 50006368789 10/2019,S3485,CRAVEN DISTRICT COUNCIL
Web Based Services,,,,Yorkshire Dales National Park Authority,03/01/2019,IT- Hardware Purchases,0.73,,PCARD-2019/10,,AMAZON WEB SERVICES
IT Development,,,,Yorkshire Dales National Park Authority,03/01/2019,IT- Consumables,13.32,,PCARD-2019/10,,CCS ONLINE LTD
IT Development,,,,Yorkshire Dales National Park Authority,04/01/2019,Telephone,21.16,,PI136298,S0023,BRITISH TELECOM PLC - DD
Northern Dales (Richmondshire),,,,Yorkshire Dales National Park Authority,04/01/2019,Materials,29.6,,PCARD-2019/10,S0045,J T ATKINSON & SONS LTD
Support Services,,,,Yorkshire Dales National Park Authority,04/01/2019,Mobile Phones,96.28,,PI136266,S3004,EE LIMITED - DD
Contracts - Access Rangers,,,,Yorkshire Dales National Park Authority,04/01/2019,Vehicle Leasing,4675.96,,PI136092,S3089,VENSON AUTOMOTIVE SOLUTIONS LTD - DD
Development Management,,,,Yorkshire Dales National Park Authority,04/01/2019,Consultancy,422.92,,PI136304,S5243,PROSPUS GROUP LTD
Recreational Activities,,,,Yorkshire Dales National Park Authority,07/01/2019,Conferences and Seminars,190.0,,PCARD-2019/10,,OUTDOOR RECREATION NETWORK
National Trails,Pennine Way Ranger,,,Yorkshire Dales National Park Authority,07/01/2019,Grants Paid,15143.0,2018-19,PI136405,S0011,PEAK DISTRICT NATIONAL PARK AUTHORITY
Toilets,,,,Yorkshire Dales National Park Authority,07/01/2019,Consumables,40.43,,PI136328,S0038,TREVOR ILES LTD
Toilets,,,,Yorkshire Dales National Park Authority,07/01/2019,Consumables,50.36,,PI136328,S0038,TREVOR ILES LTD
Toilets,,,,Yorkshire Dales National Park Authority,07/01/2019,Consumables,960.9,,PI136328,S0038,TREVOR ILES LTD
Pennine way,,,,Yorkshire Dales National Park Authority,07/01/2019,Materials,6.5,,PI136375,S0045,J T ATKINSON & SONS LTD
Pennine way,,,,Yorkshire Dales National Park Authority,07/01/2019,Tools & Office Equipment,25.71,,PI136375,S0045,J T ATKINSON & SONS LTD
Southern Dales (Craven  Lancs),,,,Yorkshire Dales National Park Authority,07/01/2019,Materials,8.06,,PI136375,S0045,J T ATKINSON & SONS LTD
Western Dales (Cumbria),,,,Yorkshire Dales National Park Authority,07/01/2019,Materials,16.84,,PCARD-2019/10,S0045,J T ATKINSON & SONS LTD
Southern Dales (Craven  Lancs),,,,Yorkshire Dales National Park Authority,07/01/2019,Materials,106.7,,PI136338,S0058,HARTLINGTON FENCING SUPPLIES
Southern Dales (Craven  Lancs),,,,Yorkshire Dales National Park Authority,07/01/2019,Materials,109.5,,PI136338,S0058,HARTLINGTON FENCING SUPPLIES
Southern Dales (Craven  Lancs),,,,Yorkshire Dales National Park Authority,07/01/2019,Materials,138.6,,PI136338,S0058,HARTLINGTON FENCING SUPPLIES
Southern Dales (Craven  Lancs),,,,Yorkshire Dales National Park Authority,07/01/2019,Materials,157.5,,PI136338,S0058,HARTLINGTON FENCING SUPPLIES
Volunteers,,,,Yorkshire Dales National Park Authority,07/01/2019,Mileage Volunteers,151.09,,PI136358,S0088,REDACTED PERSONAL DATA
Trees & Woodlands,,,,Yorkshire Dales National Park Authority,07/01/2019,Contractors (Others),950.0,,PI136296,S0137,WENSLEYDALE TREE & HORTICULTURAL SERVICES LTD
Grassington NPC,,,,Yorkshire Dales National Park Authority,07/01/2019,Waste Collection,4.8,,PI136354,S0259,CANNON HYGIENE
Toilets,,,,Yorkshire Dales National Park Authority,07/01/2019,Waste Collection,7.8,,PI136349,S0259,CANNON HYGIENE
Toilets,,,,Yorkshire Dales National Park Authority,07/01/2019,Waste Collection,14.43,,PI136352,S0259,CANNON HYGIENE
Toilets,,,,Yorkshire Dales National Park Authority,07/01/2019,Waste Collection,14.43,,PI136355,S0259,CANNON HYGIENE
Toilets,,,,Yorkshire Dales National Park Authority,07/01/2019,Waste Collection,14.43,,PI136356,S0259,CANNON HYGIENE
Toilets,,,,Yorkshire Dales National Park Authority,07/01/2019,Waste Collection,19.23,,PI136357,S0259,CANNON HYGIENE
Toilets,,,,Yorkshire Dales National Park Authority,07/01/2019,Waste Collection,24.06,,PI136348,S0259,CANNON HYGIENE
Toilets,,,,Yorkshire Dales National Park Authority,07/01/2019,Waste Collection,24.06,,PI136353,S0259,CANNON HYGIENE
Toilets,,,,Yorkshire Dales National Park Authority,07/01/2019,Waste Collection,56.94,,PI136350,S0259,CANNON HYGIENE
Toilets,,,,Yorkshire Dales National Park Authority,07/01/2019,Waste Collection,75.93,,PI136351,S0259,CANNON HYGIENE
Support Services,,,,Yorkshire Dales National Park Authority,07/01/2019,Postage,74.19,,PI136378,S0264,ROYAL MAIL GROUP LTD
Dales Countryside Museum,,,,Yorkshire Dales National Park Authority,07/01/2019,Security,84.08,,PI136379,S0563,POINTER LTD
Outreach,,,,Yorkshire Dales National Park Authority,07/01/2019,Vehicle Hire,195.0,,PI136321,S0992,BIBBY'S COACHES
Biodiversity,,,,Yorkshire Dales National Park Authority,07/01/2019,Venue Hire,30.0,,PI136300,S1512,ORTON MARKET HALL
Malham NPC,,,,Yorkshire Dales National Park Authority,07/01/2019,Catering (Internal),9.9,,PI136233,S1630,R & J TOWNSON
Contracts - Planned Maintenance DCM,,,,Yorkshire Dales National Park Authority,07/01/2019,Contractors (Construction),115.0,,PI136326,S1687,HARRISON & CROSS LTD
Contracts - Planned Maintenance DCM,,,,Yorkshire Dales National Park Authority,07/01/2019,Contractors (Construction),170.0,,PI136326,S1687,HARRISON & CROSS LTD
Contracts - Planned Maintenance Office,,,,Yorkshire Dales National Park Authority,07/01/2019,Contractors (Construction),98.0,,PI136323,S1687,HARRISON & CROSS LTD
Contracts - Planned Maintenance Office,,,,Yorkshire Dales National Park Authority,07/01/2019,Contractors (Construction),160.0,,PI136322,S1687,HARRISON & CROSS LTD
Contracts - Planned Maintenance Office,,,,Yorkshire Dales National Park Authority,07/01/2019,Contractors (Construction),198.0,,PI136326,S1687,HARRISON & CROSS LTD
Contracts - Planned Maintenance Office,,,,Yorkshire Dales National Park Authority,07/01/2019,Contractors (Construction),200.0,,PI136324,S1687,HARRISON & CROSS LTD
Contracts - Planned Maintenance Office,,,,Yorkshire Dales National Park Authority,07/01/2019,Contractors (Construction),330.0,,PI136325,S1687,HARRISON & CROSS LTD
Toilets,,,,Yorkshire Dales National Park Authority,07/01/2019,Contractors (Construction),74.0,,PI136327,S1687,HARRISON & CROSS LTD
Southern Dales (Craven  Lancs),,,,Yorkshire Dales National Park Authority,07/01/2019,Materials,8.25,,PI136389,S1771,JACS (KEIGHLEY) LTD
Southern Dales (Craven  Lancs),,,,Yorkshire Dales National Park Authority,07/01/2019,Materials,10.26,,PI136389,S1771,JACS (KEIGHLEY) LTD
Southern Dales (Craven  Lancs),,,,Yorkshire Dales National Park Authority,07/01/2019,Materials,12.37,,PI136389,S1771,JACS (KEIGHLEY) LTD
Southern Dales (Craven  Lancs),,,,Yorkshire Dales National Park Authority,07/01/2019,Materials,12.78,,PI136389,S1771,JACS (KEIGHLEY) LTD
Southern Dales (Craven  Lancs),,,,Yorkshire Dales National Park Authority,07/01/2019,Materials,13.81,,PI136389,S1771,JACS (KEIGHLEY) LTD
Southern Dales (Craven  Lancs),,,,Yorkshire Dales National Park Authority,07/01/2019,Materials,13.84,,PI136389,S1771,JACS (KEIGHLEY) LTD
Southern Dales (Craven  Lancs),,,,Yorkshire Dales National Park Authority,07/01/2019,Materials,15.14,,PI136389,S1771,JACS (KEIGHLEY) LTD
Southern Dales (Craven  Lancs),,,,Yorkshire Dales National Park Authority,07/01/2019,Tools & Office Equipment,75.0,,PI136389,S1771,JACS (KEIGHLEY) LTD
Southern Dales (Craven  Lancs),,,,Yorkshire Dales National Park Authority,07/01/2019,Tools & Office Equipment,119.0,,PI136389,S1771,JACS (KEIGHLEY) LTD
CEO Administration,,,,Yorkshire Dales National Park Authority,07/01/2019,Vehicle Hire,96.19,,PI136294,S2388,SKIPTON SELF DRIVE LTD
Support Services,,,,Yorkshire Dales National Park Authority,07/01/2019,Mobile Phones,392.09,,PI136388,S2586,VODAFONE LTD (CORPORATE)
Contracts - Access Rangers,,,,Yorkshire Dales National Park Authority,07/01/2019,Property Rental,562.5,,PI136272,S2905,CARTER TOWLER LTD
IT Development,,,,Yorkshire Dales National Park Authority,07/01/2019,IT- Communications,8454.0,,PI136307,S3010,NYNET LTD
Support Services,,,,Yorkshire Dales National Park Authority,07/01/2019,Photocopying,156.79,,PI136373,S3090,XEROX FINANCE LTD
Dales Countryside Museum,,,,Yorkshire Dales National Park Authority,07/01/2019,Waste Collection,214.82,,PI136311,S3307,YORWASTE LTD
Volunteers,,,,Yorkshire Dales National Park Authority,07/01/2019,Mileage Volunteers,247.35,,PI136361,S3502,REDACTED PERSONAL DATA
Support Services,,,,Yorkshire Dales National Park Authority,07/01/2019,Catering (Internal),14.64,,PI136305,S3784,PEACOCKS WHOLESALE PROVISIONS LTD
Support Services,,,,Yorkshire Dales National Park Authority,07/01/2019,Catering (Internal),87.0,,PI136305,S3784,PEACOCKS WHOLESALE PROVISIONS LTD
Support Services,,,,Yorkshire Dales National Park Authority,07/01/2019,Catering (Internal),99.92,,PI136305,S3784,PEACOCKS WHOLESALE PROVISIONS LTD
Contracts - Access Rangers,,,,Yorkshire Dales National Park Authority,07/01/2019,Vehicle Running Costs,72.95,,PI136383,S3804,ALLSTAR BUSINESS SOLUTIONS LTD
Contracts - Access Rangers,,,,Yorkshire Dales National Park Authority,07/01/2019,Vehicle Running Costs,97.1,,PI136381,S3804,ALLSTAR BUSINESS SOLUTIONS LTD
Contracts - Access Rangers,,,,Yorkshire Dales National Park Authority,07/01/2019,Vehicle Running Costs,193.77,,PI136384,S3804,ALLSTAR BUSINESS SOLUTIONS LTD
Contracts - Access Rangers,,,,Yorkshire Dales National Park Authority,07/01/2019,Vehicle Running Costs,253.99,,PI136382,S3804,ALLSTAR BUSINESS SOLUTIONS LTD
Tourism ,,,,Yorkshire Dales National Park Authority,07/01/2019,Research & Surveys,2729.34,,PI136213,S3858,FRIENDS OF THE LAKE DISTRICT
Volunteers,,,,Yorkshire Dales National Park Authority,07/01/2019,Mileage Volunteers,233.55,,PI136345,S3958,REDACTED PERSONAL DATA
Contracts - Access Rangers,,,,Yorkshire Dales National Park Authority,07/01/2019,Vehicle Running Costs,395.65,,PI136380,S4140,KETTLEWELL GARAGE
National Trails,Pennine Bridleway Officer,,,Yorkshire Dales National Park Authority,07/01/2019,Grants Paid,23232.76,2018-19,PI136377,S4397,DERBYSHIRE COUNTY COUNCIL
Communications,,,,Yorkshire Dales National Park Authority,07/01/2019,Contractors (Others),-4356.9,,PC136265,S4664,BOW HOUSE DIGITAL LIMITED
Communications,,,,Yorkshire Dales National Park Authority,07/01/2019,Distribution,2070.75,,PI136227,S4664,BOW HOUSE DIGITAL LIMITED
Communications,,,,Yorkshire Dales National Park Authority,07/01/2019,Contractors (Others),8710.0,,PI136318,S4664,BOW HOUSE DIGITAL LIMITED
Volunteers,,,,Yorkshire Dales National Park Authority,07/01/2019,Mileage Volunteers,174.64,,PI136402,S4674,REDACTED PERSONAL DATA
Development Management,,,,Yorkshire Dales National Park Authority,07/01/2019,Consultancy,39.6,,PI136310,S4762,EGGLETON PLANNING AND DESIGN LTD
Development Management,,,,Yorkshire Dales National Park Authority,07/01/2019,Consultancy,5670.0,,PI136310,S4762,EGGLETON PLANNING AND DESIGN LTD
Western Dales (Cumbria),,,,Yorkshire Dales National Park Authority,07/01/2019,Waste Collection,40.0,,PI136315,S4886,B & J METALS (SKIP HIRE) LTD
Biodiversity,,,,Yorkshire Dales National Park Authority,07/01/2019,Research & Surveys,6600.0,,PI136189,S4891,BRITISH TRUST FOR ORNITHOLOGY
Dales Countryside Museum,,,,Yorkshire Dales National Park Authority,07/01/2019,Consumables,25.85,,PI136390,S4895,DALES DAIRIES
Contracts - Access Rangers,,,,Yorkshire Dales National Park Authority,07/01/2019,Vehicle Running Costs,98.57,,PI136387,S5006,DALE HEAD COMMUNITY GARAGE
National Trails,,,,Yorkshire Dales National Park Authority,07/01/2019,Mileage,3.6,,PI136277,S5117,NATIONAL TRAILS TRADING
National Trails,,,,Yorkshire Dales National Park Authority,07/01/2019,Public Transport,26.71,,PI136277,S5117,NATIONAL TRAILS TRADING
Member Costs,,,,Yorkshire Dales National Park Authority,07/01/2019,Consultancy,216.5,,PI136308,S5244,REDACTED PERSONAL DATA
Contracts - Access Rangers,,,,Yorkshire Dales National Park Authority,07/01/2019,Water,23.32,,PI136284,S5503,SCOTTISH WATER BUSINESS STREAM LTD
Office Accomodation,,,,Yorkshire Dales National Park Authority,07/01/2019,Water,446.55,,PI136309,S5503,SCOTTISH WATER BUSINESS STREAM LTD
Toilets,,,,Yorkshire Dales National Park Authority,07/01/2019,Water,446.62,,PI136281,S5503,SCOTTISH WATER BUSINESS STREAM LTD
Toilets,,,,Yorkshire Dales National Park Authority,07/01/2019,Water,755.23,,PI136282,S5503,SCOTTISH WATER BUSINESS STREAM LTD
Access For All ,,,,Yorkshire Dales National Park Authority,08/01/2019,Training,-95.0,,PCARD-2019/10,,EVENTBRITE
Northern Dales (Richmondshire),,,,Yorkshire Dales National Park Authority,08/01/2019,Materials,20.82,,PCARD-2019/10,S0045,J T ATKINSON & SONS LTD
Northern Dales (Richmondshire),,,,Yorkshire Dales National Park Authority,08/01/2019,Materials,57.53,,PCARD-2019/10,S0045,J T ATKINSON & SONS LTD
Western Dales (Cumbria),,,,Yorkshire Dales National Park Authority,08/01/2019,Materials,41.85,,PCARD-2019/10,S0045,J T ATKINSON & SONS LTD
Contracts - Planned Maintenance Office,,,,Yorkshire Dales National Park Authority,08/01/2019,Materials,21.15,,PCARD-2019/10,S0051,MERRITT & FRYERS LTD
Contracts - Planned Maintenance Office,,,,Yorkshire Dales National Park Authority,08/01/2019,Materials,47.31,,PCARD-2019/10,S0051,MERRITT & FRYERS LTD
Contracts - Planned Maintenance Office,,,,Yorkshire Dales National Park Authority,08/01/2019,Materials,114.15,,PCARD-2019/10,S0285,SCREWFIX DIRECT
Northern Dales (Richmondshire),,,,Yorkshire Dales National Park Authority,08/01/2019,Materials,59.85,,PCARD-2019/10,S0285,SCREWFIX DIRECT
Western Dales (Cumbria),,,,Yorkshire Dales National Park Authority,08/01/2019,Materials,13.75,,PCARD-2019/10,S4833,T W RELPH & SONS LTD
Employees,,,,Yorkshire Dales National Park Authority,09/01/2019,Accomodation - Staff,85.0,,PCARD-2019/10,,LYNFORD HALL HOTEL LTD
Tourism ,,,,Yorkshire Dales National Park Authority,09/01/2019,Materials,7.07,,PCARD-2019/10,,STRUTS PARTY SUPERSTORE LTD
IT Development,,,,Yorkshire Dales National Park Authority,09/01/2019,Telephone,215.6,,PI136297,S0023,BRITISH TELECOM PLC - DD
Development Management,,,,Yorkshire Dales National Park Authority,09/01/2019,Research & Surveys,12.0,,PI136408,S3091,LAND REGISTRY - DD
Development Management,,,,Yorkshire Dales National Park Authority,09/01/2019,Research & Surveys,12.0,,PI136408,S3091,LAND REGISTRY - DD
Training,,,,Yorkshire Dales National Park Authority,10/01/2019,Training,95.0,,PCARD-2019/10,,EB BID WRITING
Contracts - Planned Maintenance Office,,,,Yorkshire Dales National Park Authority,10/01/2019,Materials,79.11,,PCARD-2019/10,S0051,MERRITT & FRYERS LTD
Contracts - Planned Maintenance Office,,,,Yorkshire Dales National Park Authority,10/01/2019,Health & Safety Equipment,62.5,,PCARD-2019/10,S0285,SCREWFIX DIRECT
IT Development,,,,Yorkshire Dales National Park Authority,10/01/2019,IT- Hardware Purchases,37.25,,PCARD-2019/10,S1426,AMAZON.CO.UK
Tourism ,,,,Yorkshire Dales National Park Authority,10/01/2019,Materials,17.98,,PCARD-2019/10,S1426,AMAZON.CO.UK
Tourism ,,,,Yorkshire Dales National Park Authority,10/01/2019,Materials,41.94,,PCARD-2019/10,S1426,AMAZON.CO.UK
Retail Services O/H,,,,Yorkshire Dales National Park Authority,10/01/2019,Bank Charges,258.3,,Dec 18 TRANSACTIONS,S3006,BARCLAYS BANK
Western Dales (Cumbria),,,,Yorkshire Dales National Park Authority,11/01/2019,Materials,18.0,,PCARD-2019/10,,ACE FIXINGS
Tourism ,,,,Yorkshire Dales National Park Authority,11/01/2019,Materials,196.0,,PCARD-2019/10,,BETTER PRINTING
Dales Countryside Museum,,,,Yorkshire Dales National Park Authority,11/01/2019,Signage and Displays,136.66,,PCARD-2019/10,,LITTLE GREENE PAINT COMPANY LTD
Grassington NPC,,,,Yorkshire Dales National Park Authority,11/01/2019,Water,-5.61,,PC136419,S0024,YORKSHIRE WATER BUSINESS SERVICES
Dales Countryside Museum,,,,Yorkshire Dales National Park Authority,11/01/2019,Signage and Displays,65.76,,PCARD-2019/10,S0045,J T ATKINSON & SONS LTD
Office Accomodation,,,,Yorkshire Dales National Park Authority,11/01/2019,Materials,50.0,,PCARD-2019/10,S0045,J T ATKINSON & SONS LTD
Western Dales (Cumbria),,,,Yorkshire Dales National Park Authority,11/01/2019,Tools & Office Equipment,7.03,,PCARD-2019/10,S0045,J T ATKINSON & SONS LTD
Web Based Services,,,,Yorkshire Dales National Park Authority,12/01/2019,IT-Websites,496.94,,PCARD-2019/10,,ADOBE SYSTEMS SOFTWARE
DCM Redevelopment,,,,Yorkshire Dales National Park Authority,14/01/2019,Materials,91.09,,PCARD-2019/10,,DIRECT CHANNEL SUIPPORT SYSTEMS
IT Development,,,,Yorkshire Dales National Park Authority,15/01/2019,IT- Hardware Purchases,73.3,,PCARD-2019/10,,ANKER TECHNOLOGY (UK) LTD
Member Costs,,,,Yorkshire Dales National Park Authority,15/01/2019,Printing,167.0,,PI136483,S0012,NORTH YORKSHIRE COUNTY COUNCIL
Development Management,,,,Yorkshire Dales National Park Authority,15/01/2019,Training,400.0,,PI136450,S0016,CUMBRIA COUNTY COUNCIL
Health & Safety,,,,Yorkshire Dales National Park Authority,15/01/2019,Health & Safety Equipment,9.5,,PI136490,S0022,YORKSHIRE PURCHASING ORGANISATION
Office Accomodation,,,,Yorkshire Dales National Park Authority,15/01/2019,Water,-11.2,,PC136466,S0024,YORKSHIRE WATER BUSINESS SERVICES
Office Accomodation,,,,Yorkshire Dales National Park Authority,15/01/2019,Water,47.64,,PI136467,S0024,YORKSHIRE WATER BUSINESS SERVICES
Northern Dales (Richmondshire),,,,Yorkshire Dales National Park Authority,15/01/2019,Materials,23.8,,PI136299,S0045,J T ATKINSON & SONS LTD
Green Lanes,,,,Yorkshire Dales National Park Authority,15/01/2019,Materials,11.8,,PI136335,S0052,SETTLE COAL COMPANY LTD
Green Lanes,,,,Yorkshire Dales National Park Authority,15/01/2019,Materials,164.58,,PI136336,S0052,SETTLE COAL COMPANY LTD
Southern Dales (Craven  Lancs),,,,Yorkshire Dales National Park Authority,15/01/2019,Vehicle Repairs and Maint,12.65,,PI136337,S0052,SETTLE COAL COMPANY LTD
Contracts - Planned Maintenance Office,,,,Yorkshire Dales National Park Authority,15/01/2019,Equipment Hire,174.0,,PI136187,S0055,SKIPTON HIRE CENTRE LTD
Contracts - Planned Maintenance Office,,,,Yorkshire Dales National Park Authority,15/01/2019,Equipment Hire,187.92,,PI136330,S0055,SKIPTON HIRE CENTRE LTD
DCM Redevelopment,,,,Yorkshire Dales National Park Authority,15/01/2019,Contractors (Construction),310.0,,PI136485,S0122,REDACTED PERSONAL DATA
Contracts - Planned Maintenance DCM,,,,Yorkshire Dales National Park Authority,15/01/2019,Equipment Hire,303.0,,PI136437,S0123,SIMON WINSTANLEY LTD
Northern Dales (Richmondshire),,,,Yorkshire Dales National Park Authority,15/01/2019,Equipment Repairs and Maint,109.15,,PI136436,S0123,SIMON WINSTANLEY LTD
Green Lanes,,,,Yorkshire Dales National Park Authority,15/01/2019,Equipment Repairs and Maint,1806.47,,PI136312,S0236,DUDDON ELECTRONICS LTD
National Trails,,,,Yorkshire Dales National Park Authority,15/01/2019,Equipment Repairs and Maint,205.59,,PI136313,S0236,DUDDON ELECTRONICS LTD
Aysgarth Falls NPC,,,,Yorkshire Dales National Park Authority,15/01/2019,Waste Collection,4.8,,PI136347,S0259,CANNON HYGIENE
Office Accomodation,,,,Yorkshire Dales National Park Authority,15/01/2019,Cleaning,901.33,,PI136319,S0260,BULLOUGHS CLEANING SERVICES LTD
Office Accomodation,,,,Yorkshire Dales National Park Authority,15/01/2019,Cleaning,1278.33,,PI136320,S0260,BULLOUGHS CLEANING SERVICES LTD
Support Services,,,,Yorkshire Dales National Park Authority,15/01/2019,Postage,99.0,,PI136482,S0264,ROYAL MAIL GROUP LTD
Training,,,,Yorkshire Dales National Park Authority,15/01/2019,Accomodation - Staff,192.0,,PI136484,S0293,ASKHAM BRYAN COLLEGE
Support Services,,,,Yorkshire Dales National Park Authority,15/01/2019,Books and Publications,61.5,,PI136407,S0329,MASON BROS
Web Based Services,,,,Yorkshire Dales National Park Authority,15/01/2019,IT-Websites,396.0,,PI136169,S0342,FIREBRAND
Contracts - Land Holdings,,,,Yorkshire Dales National Park Authority,15/01/2019,Materials,461.1,,PI136424,S0357,ELLIS DEAN
Green Lanes,,,,Yorkshire Dales National Park Authority,15/01/2019,Materials,763.2,,PI136424,S0357,ELLIS DEAN
Office Accomodation,,,,Yorkshire Dales National Park Authority,15/01/2019,Gas/ Wood Chip,200.0,,PI136425,S0357,ELLIS DEAN
Office Accomodation,,,,Yorkshire Dales National Park Authority,15/01/2019,Gas/ Wood Chip,474.25,,PI136425,S0357,ELLIS DEAN
Dales Countryside Museum,,,,Yorkshire Dales National Park Authority,15/01/2019,Security,782.04,,PI136442,S0563,POINTER LTD
Local Access Forum,,,,Yorkshire Dales National Park Authority,15/01/2019,Catering (Internal),36.75,,PI136333,S0652,CORNMILL TEAROOM
Member Costs,,,,Yorkshire Dales National Park Authority,15/01/2019,Catering (Internal),47.25,,PI136333,S0652,CORNMILL TEAROOM
Member Costs,,,,Yorkshire Dales National Park Authority,15/01/2019,Catering (Internal),47.25,,PI136333,S0652,CORNMILL TEAROOM
Member Costs,,,,Yorkshire Dales National Park Authority,15/01/2019,Catering (Internal),126.0,,PI136333,S0652,CORNMILL TEAROOM
National Trails,,,,Yorkshire Dales National Park Authority,15/01/2019,Hospitality (External),115.5,,PI136333,S0652,CORNMILL TEAROOM
Support Services,,,,Yorkshire Dales National Park Authority,15/01/2019,Subsistence,15.75,,PI136333,S0652,CORNMILL TEAROOM
Tourism ,,,,Yorkshire Dales National Park Authority,15/01/2019,Catering (Internal),31.5,,PI136333,S0652,CORNMILL TEAROOM
Grassington NPC,,,,Yorkshire Dales National Park Authority,15/01/2019,Catering (Internal),2.48,,PI136421,S0664,DM & SL WHITE
Support Services,,,,Yorkshire Dales National Park Authority,15/01/2019,Catering (Internal),57.82,,PI136422,S0664,DM & SL WHITE
Western Dales (Cumbria),,,,Yorkshire Dales National Park Authority,15/01/2019,Equipment Repairs and Maint,46.93,,PI136372,S0699,"SWAN, TEST & CALIBRATION"
Farmed Land,,,,Yorkshire Dales National Park Authority,15/01/2019,Venue Hire,30.0,,PI136497,S0786,SEDBERGH PEOPLES HALL
Farmed Land,,,,Yorkshire Dales National Park Authority,15/01/2019,Venue Hire,124.0,,PI136418,S0786,SEDBERGH PEOPLES HALL
Support Services,,,,Yorkshire Dales National Park Authority,15/01/2019,Offsite Storage,8.8,,PI136339,S0854,IRON MOUNTAIN
Support Services,,,,Yorkshire Dales National Park Authority,15/01/2019,Offsite Storage,14.85,,PI136339,S0854,IRON MOUNTAIN
Support Services,,,,Yorkshire Dales National Park Authority,15/01/2019,Offsite Storage,228.87,,PI136339,S0854,IRON MOUNTAIN
Support Services,,,,Yorkshire Dales National Park Authority,15/01/2019,Offsite Storage,394.45,,PI136339,S0854,IRON MOUNTAIN
Training,,,,Yorkshire Dales National Park Authority,15/01/2019,Training,210.0,,PI136445,S1070,YORKSHIRE DALES GUIDES
Contracts - Planned Maintenance DCM,,,,Yorkshire Dales National Park Authority,15/01/2019,Equipment Hire,225.0,,PI136489,S1103,R & J FARROW LIMITED
Southern Dales (Craven  Lancs),,,,Yorkshire Dales National Park Authority,15/01/2019,Contractors (Construction),200.0,,PI136274,S1290,REDACTED PERSONAL DATA
Pennine way,,,,Yorkshire Dales National Park Authority,15/01/2019,Materials,90.0,,PI136461,S1327,H CLAY & SON
Pennine way,,,,Yorkshire Dales National Park Authority,15/01/2019,Materials,90.0,,PI136461,S1327,H CLAY & SON
Southern Dales (Craven  Lancs),,,,Yorkshire Dales National Park Authority,15/01/2019,Materials,78.0,,PI136461,S1327,H CLAY & SON
Southern Dales (Craven  Lancs),,,,Yorkshire Dales National Park Authority,15/01/2019,Materials,90.0,,PI136461,S1327,H CLAY & SON
Toilets,,,,Yorkshire Dales National Park Authority,15/01/2019,Contractors (Construction),77.75,,PI136431,S1549,H CLARKE & SONS LTD
Southern Dales (Craven  Lancs),,,,Yorkshire Dales National Park Authority,15/01/2019,Catering (Internal),8.25,,PI136481,S1630,R & J TOWNSON
Southern Dales (Craven  Lancs),,,,Yorkshire Dales National Park Authority,15/01/2019,Catering (Internal),11.0,,PI136423,S1630,R & J TOWNSON
Dales Countryside Museum,,,,Yorkshire Dales National Park Authority,15/01/2019,Premises Maintenance,215.0,,PI136430,S1687,HARRISON & CROSS LTD
Dales Countryside Museum,,,,Yorkshire Dales National Park Authority,15/01/2019,Premises Maintenance,277.0,,PI136438,S1687,HARRISON & CROSS LTD
Dales Countryside Museum,,,,Yorkshire Dales National Park Authority,15/01/2019,Premises Maintenance,840.0,,PI136430,S1687,HARRISON & CROSS LTD
Development Management,,,,Yorkshire Dales National Park Authority,15/01/2019,Training,495.0,,PI136479,S1735,RTPI YORKSHIRE
Contracts - Access Rangers,,,,Yorkshire Dales National Park Authority,15/01/2019,Waste Collection,205.0,,PI136441,S1782,EWR SKIPS LTD
Northern Dales (Richmondshire),,,,Yorkshire Dales National Park Authority,15/01/2019,Materials,51.09,,PI136398,S1822,ARNOLD LAVER & CO LTD
Northern Dales (Richmondshire),,,,Yorkshire Dales National Park Authority,15/01/2019,Materials,918.0,,PI136398,S1822,ARNOLD LAVER & CO LTD
Southern Dales (Craven  Lancs),,,,Yorkshire Dales National Park Authority,15/01/2019,Materials,212.5,,PI136398,S1822,ARNOLD LAVER & CO LTD
Southern Dales (Craven  Lancs),,,,Yorkshire Dales National Park Authority,15/01/2019,Materials,287.5,,PI136398,S1822,ARNOLD LAVER & CO LTD
Southern Dales (Craven  Lancs),,,,Yorkshire Dales National Park Authority,15/01/2019,Materials,362.5,,PI136398,S1822,ARNOLD LAVER & CO LTD
Western Dales (Cumbria),,,,Yorkshire Dales National Park Authority,15/01/2019,Materials,861.0,,PI136398,S1822,ARNOLD LAVER & CO LTD
Western Dales (Cumbria),,,,Yorkshire Dales National Park Authority,15/01/2019,IT - Licences,75.0,,PI136420,S1854,SMART WATER TECHNOLOGY LTD
Contracts - Planned Maintenance Office,,,,Yorkshire Dales National Park Authority,15/01/2019,Premises Maintenance,13100.0,,PI136191,S2178,GEOWARMTH HEAT PUMPS LTD
Open Access,,,,Yorkshire Dales National Park Authority,15/01/2019,Contractors (Others),4000.0,,PI136285,S2213,NATURAL ENGLAND
Aysgarth Falls NPC,,,,Yorkshire Dales National Park Authority,15/01/2019,Catering (Internal),20.75,,PI136433,S2237,SYKES'S HOUSE
Dales Countryside Museum,,,,Yorkshire Dales National Park Authority,15/01/2019,Membership Subscriptions,25.0,,PI136414,S2549,RURAL MUSEUMS NETWORK
Contracts - Access Rangers,,,,Yorkshire Dales National Park Authority,15/01/2019,Materials,39.56,,PI136410,S2908,P V DOBSON & SONS
Historic Environment,,,,Yorkshire Dales National Park Authority,15/01/2019,Venue Hire,600.0,,PI136306,S2928,THE CHARLES BATHURST INN
Car Parks,,,,Yorkshire Dales National Park Authority,15/01/2019,Materials,356.0,,PI136416,S2936,CBF SCREENPRINTS LTD
Support Services,,,,Yorkshire Dales National Park Authority,15/01/2019,Postage,513.0,,PI136415,S2994,PURCHASE POWER
Support Services,,,,Yorkshire Dales National Park Authority,15/01/2019,Postage,517.74,,PI136415,S2994,PURCHASE POWER
Pennine way,,,,Yorkshire Dales National Park Authority,15/01/2019,Vehicle Repairs and Maint,899.46,,PI136412,S3138,GUY MACHINERY LTD
Contracts - Access Rangers,,,,Yorkshire Dales National Park Authority,15/01/2019,Waste Collection,152.52,,PI136470,S3307,YORWASTE LTD
Office Accomodation,,,,Yorkshire Dales National Park Authority,15/01/2019,Waste Collection,161.18,,PI136470,S3307,YORWASTE LTD
Contracts - Access Rangers,,,,Yorkshire Dales National Park Authority,15/01/2019,Security,90.0,,PI136427,S3380,KINGS SECURITY SYSTEMS LTD
Contracts - Access Rangers,,,,Yorkshire Dales National Park Authority,15/01/2019,Vehicle Repairs and Maint,33.28,,PI136406,S3546,TAYLOR ATV LTD
IT Development,,,,Yorkshire Dales National Park Authority,15/01/2019,IT-Software Maintenance,395.29,,PI136374,S3593,CIVICA UK LTD
IT Development,,,,Yorkshire Dales National Park Authority,15/01/2019,IT-Software Maintenance,824.0,,PI136374,S3593,CIVICA UK LTD
Legal Services,,,,Yorkshire Dales National Park Authority,15/01/2019,Legal Expenses,123.5,,PI136446,S3756,SCARBOROUGH BOROUGH COUNCIL
Legal Services,,,,Yorkshire Dales National Park Authority,15/01/2019,Legal Expenses,123.5,,PI136446,S3756,SCARBOROUGH BOROUGH COUNCIL
Legal Services,,,,Yorkshire Dales National Park Authority,15/01/2019,Legal Expenses,143.0,,PI136446,S3756,SCARBOROUGH BOROUGH COUNCIL
Legal Services,,,,Yorkshire Dales National Park Authority,15/01/2019,Legal Expenses,214.5,,PI136446,S3756,SCARBOROUGH BOROUGH COUNCIL
Support Services,,,,Yorkshire Dales National Park Authority,15/01/2019,Research & Surveys,128.34,,PI136439,S3774,IMPROVEMENT DEVELOPMENT GROWTH LIMITED
Support Services,,,,Yorkshire Dales National Park Authority,15/01/2019,Research & Surveys,142.5,,PI136468,S3774,IMPROVEMENT DEVELOPMENT GROWTH LIMITED
Support Services,,,,Yorkshire Dales National Park Authority,15/01/2019,Research & Surveys,6200.0,,PI136439,S3774,IMPROVEMENT DEVELOPMENT GROWTH LIMITED
Contracts - Access Rangers,,,,Yorkshire Dales National Park Authority,15/01/2019,Vehicle Repairs and Maint,1400.0,,PI136409,S3989,MIDGLEY MOTOR CARS
Contracts - Planned Maintenance Office,,,,Yorkshire Dales National Park Authority,15/01/2019,Contractors (Others),900.0,,PI136331,S4104,JOHNSON BUILDING LTD
Dales Countryside Museum,,,,Yorkshire Dales National Park Authority,15/01/2019,Gas/ Wood Chip,996.53,,PI136411,S4141,AMP CLEAN ENERGY
Corporate Other Staff Costs,,,,Yorkshire Dales National Park Authority,15/01/2019,Employee Benefits Schemes  Admin Costs,3.72,,PI136472,S4143,COMPUTERSHARE VOUCHER SERVICES
Contracts - Access Rangers,,,,Yorkshire Dales National Park Authority,15/01/2019,Vehicle Repairs and Maint,54.75,,PI136486,S4212,J E HANSON & SON
Farmed Land,,,,Yorkshire Dales National Park Authority,15/01/2019,Printing,78.82,,PI136454,S4510,YORKSHIRE DALES RIVERS TRUST
Farmed Land,,,,Yorkshire Dales National Park Authority,15/01/2019,Printing,78.82,,PI136454,S4510,YORKSHIRE DALES RIVERS TRUST
Farmed Land,,,,Yorkshire Dales National Park Authority,15/01/2019,Hospitality (External),96.37,,PI136453,S4510,YORKSHIRE DALES RIVERS TRUST
Farmed Land,,,,Yorkshire Dales National Park Authority,15/01/2019,Hospitality (External),96.37,,PI136453,S4510,YORKSHIRE DALES RIVERS TRUST
Contracts - Access Rangers,,,,Yorkshire Dales National Park Authority,15/01/2019,Waste Collection,47.76,,PI136460,S4734,AMEY T/A ENTERPRISE MANAGED SERVICES LTD
Support Services,,,,Yorkshire Dales National Park Authority,15/01/2019,Catering (Internal),88.0,,PI136391,S4895,DALES DAIRIES
NPC General,,,,Yorkshire Dales National Park Authority,15/01/2019,Cleaning,3126.0,,PI136316,S4939,KINGDOM SERVICES GROUP LTD
Toilets - Cleaning,,,,Yorkshire Dales National Park Authority,15/01/2019,Cleaning,2333.16,,PI136316,S4939,KINGDOM SERVICES GROUP LTD
Outreach,,,,Yorkshire Dales National Park Authority,15/01/2019,Vehicle Hire,70.0,,PI136469,S4977,COUNTRY PRIVATE HIRE
Northern Dales (Richmondshire),,,,Yorkshire Dales National Park Authority,15/01/2019,Tools & Office Equipment,179.0,,PI136458,S5108,ALAN WADKINS LTD
Western Dales (Cumbria),,,,Yorkshire Dales National Park Authority,15/01/2019,Tools & Office Equipment,299.0,,PI136457,S5108,ALAN WADKINS LTD
Definitive Map ,,,,Yorkshire Dales National Park Authority,15/01/2019,Advertising,215.44,,PI136462,S5155,TMP (UK) LTD
Development Management,,,,Yorkshire Dales National Park Authority,15/01/2019,Advertising,109.64,,PI136413,S5155,TMP (UK) LTD
Development Management,,,,Yorkshire Dales National Park Authority,15/01/2019,Advertising,144.76,,PI136329,S5155,TMP (UK) LTD
Development Management,,,,Yorkshire Dales National Park Authority,15/01/2019,Advertising,144.76,,PI136491,S5155,TMP (UK) LTD
Development Management,,,,Yorkshire Dales National Park Authority,15/01/2019,Advertising,154.6,,PI136295,S5155,TMP (UK) LTD
Development Management,,,,Yorkshire Dales National Park Authority,15/01/2019,Advertising,154.6,,PI136464,S5155,TMP (UK) LTD
Development Management,,,,Yorkshire Dales National Park Authority,15/01/2019,Advertising,173.12,,PI136463,S5155,TMP (UK) LTD
Development Management,,,,Yorkshire Dales National Park Authority,15/01/2019,Advertising,234.58,,PI136456,S5155,TMP (UK) LTD
Office Accomodation,,,,Yorkshire Dales National Park Authority,15/01/2019,Tools & Office Equipment,759.9,,PI136317,S5211,LAKES CATERING MAINTENANCE LTD
Three Peaks,,,,Yorkshire Dales National Park Authority,15/01/2019,Delivery Charges,50.0,,PI136376,S5229,WEIR & CARMICHAEL LTD
Three Peaks,,,,Yorkshire Dales National Park Authority,15/01/2019,Materials,1425.0,,PI136376,S5229,WEIR & CARMICHAEL LTD
Contracts - Access Rangers,,,,Yorkshire Dales National Park Authority,15/01/2019,Vehicle Repairs and Maint,313.18,,PI136434,S5237,RICKERBY LIMITED
Interpretation,,,,Yorkshire Dales National Park Authority,15/01/2019,Contractors (Others),245.0,,PI136444,S5246,GENEALOGY SUPPLIES (JERSEY) LTD
Contracts - Access Rangers,,,,Yorkshire Dales National Park Authority,15/01/2019,Water,80.46,,PI136474,S5503,SCOTTISH WATER BUSINESS STREAM LTD
Grassington NPC,,,,Yorkshire Dales National Park Authority,15/01/2019,Water,26.32,,PI136473,S5503,SCOTTISH WATER BUSINESS STREAM LTD
Office Accomodation,,,,Yorkshire Dales National Park Authority,15/01/2019,Water,286.47,,PI136475,S5503,SCOTTISH WATER BUSINESS STREAM LTD
Toilets,,,,Yorkshire Dales National Park Authority,15/01/2019,Water,247.16,,PI136476,S5503,SCOTTISH WATER BUSINESS STREAM LTD
Toilets,,,,Yorkshire Dales National Park Authority,15/01/2019,Water,669.91,,PI136477,S5503,SCOTTISH WATER BUSINESS STREAM LTD
Dales Countryside Museum,,,,Yorkshire Dales National Park Authority,16/01/2019,Equipment Repairs and Maint,8.96,,PCARD-2019/10,,HESTYA EU
Contracts - Planned Maintenance Office,,,,Yorkshire Dales National Park Authority,16/01/2019,Materials,25.73,,PCARD-2019/10,S0051,MERRITT & FRYERS LTD
Contracts - Planned Maintenance Office,,,,Yorkshire Dales National Park Authority,16/01/2019,Materials,54.48,,PCARD-2019/10,S0051,MERRITT & FRYERS LTD
Land Management Partnersips,,,,Yorkshire Dales National Park Authority,16/01/2019,IT-Websites,300.0,,PCARD-2019/10,S5247,WEBAHEAD INTERNET LTD
Outreach,,,,Yorkshire Dales National Park Authority,17/01/2019,Media Film and Processing,102.11,,PCARD-2019/10,,DREAMSTIME LLC
Training,,,,Yorkshire Dales National Park Authority,18/01/2019,Training,176.25,,PCARD-2019/10,,TRAVELODGE
Western Dales (Cumbria),,,,Yorkshire Dales National Park Authority,18/01/2019,Materials,27.99,,PCARD-2019/10,S0285,SCREWFIX DIRECT
Western Dales (Cumbria),,,,Yorkshire Dales National Park Authority,18/01/2019,Materials,32.52,,PCARD-2019/10,S0285,SCREWFIX DIRECT
Western Dales (Cumbria),,,,Yorkshire Dales National Park Authority,18/01/2019,Tools & Office Equipment,39.16,,PCARD-2019/10,S0285,SCREWFIX DIRECT
Contracts - Access Rangers,,,,Yorkshire Dales National Park Authority,18/01/2019,Rates,113.0,,EDC 3022589 10/2019,S0803,EDEN DISTRICT COUNCIL
Dales Countryside Museum,,,,Yorkshire Dales National Park Authority,18/01/2019,Membership Subscriptions,7.99,,PCARD-2019/10,S1426,AMAZON.CO.UK
Western Dales (Cumbria),,,,Yorkshire Dales National Park Authority,18/01/2019,Materials,13.5,,PCARD-2019/10,S4833,T W RELPH & SONS LTD
Retail Services O/H,,,,Yorkshire Dales National Park Authority,19/01/2019,Bank Charges,70.59,,PCARD-2019/10,S4518,SHOPIFY
Green Lanes,,,,Yorkshire Dales National Park Authority,21/01/2019,Stationery,51.52,,PCARD-2019/10,,ELECTRICAL WORLD LTD
DCM Redevelopment,,,,Yorkshire Dales National Park Authority,22/01/2019,Materials,22.71,,PCARD-2019/10,,CROMWELL TOOLS
Dales Countryside Museum,,,,Yorkshire Dales National Park Authority,22/01/2019,Materials,6.9,,PCARD-2019/10,S0045,J T ATKINSON & SONS LTD
Dales Countryside Museum,,,,Yorkshire Dales National Park Authority,22/01/2019,Signage and Displays,22.04,,PCARD-2019/10,S0509,IKEA BUSINESS ACCOUNTS TEAM
Contracts - Access Rangers,,,,Yorkshire Dales National Park Authority,22/01/2019,Vehicle Leasing,662.47,,PI136385,S3089,VENSON AUTOMOTIVE SOLUTIONS LTD - DD
Contracts - Access Rangers,,,,Yorkshire Dales National Park Authority,22/01/2019,Vehicle Leasing,4675.96,,PI136386,S3089,VENSON AUTOMOTIVE SOLUTIONS LTD - DD
Trees & Woodlands,,,,Yorkshire Dales National Park Authority,23/01/2019,Materials,25.56,,PCARD-2019/10,S0045,J T ATKINSON & SONS LTD
Contracts - Planned Maintenance Office,,,,Yorkshire Dales National Park Authority,23/01/2019,Materials,26.5,,PCARD-2019/10,S0051,MERRITT & FRYERS LTD
Toilets- Planned Maintenance,,,,Yorkshire Dales National Park Authority,23/01/2019,Materials,5.0,,PCARD-2019/10,S0051,MERRITT & FRYERS LTD
Contracts - Land Holdings ,,,,Yorkshire Dales National Park Authority,23/01/2019,Materials,9.88,,PCARD-2019/10,S0140,CARRS BILLINGTON AGRICULTURAL (SALES) LTD
Western Dales (Cumbria),,,,Yorkshire Dales National Park Authority,23/01/2019,Materials,20.3,,PCARD-2019/10,S0140,CARRS BILLINGTON AGRICULTURAL (SALES) LTD
Western Dales (Cumbria),,,,Yorkshire Dales National Park Authority,23/01/2019,Materials,40.0,,PCARD-2019/10,S1311,EDEN FARM SUPPLIES
Northern Dales (Richmondshire),,,,Yorkshire Dales National Park Authority,25/01/2019,Tools & Office Equipment,4.68,,PCARD-2019/10,S0045,J T ATKINSON & SONS LTD
Retail Services O/H,,,,Yorkshire Dales National Park Authority,25/01/2019,Signage and Displays,3.07,,PCARD-2019/10,S1426,AMAZON.CO.UK
Retail Services O/H,,,,Yorkshire Dales National Park Authority,25/01/2019,Signage and Displays,4.99,,PCARD-2019/10,S1426,AMAZON.CO.UK
Retail Services O/H,,,,Yorkshire Dales National Park Authority,25/01/2019,Signage and Displays,10.82,,PCARD-2019/10,S1426,AMAZON.CO.UK
Retail Services O/H,,,,Yorkshire Dales National Park Authority,25/01/2019,Signage and Displays,27.37,,PCARD-2019/10,S1426,AMAZON.CO.UK
Web Based Services,,,,Yorkshire Dales National Park Authority,26/01/2019,IT-Websites,280.0,,PCARD-2019/10,,SURVEY MONKEY
Dales Countryside Museum,,,,Yorkshire Dales National Park Authority,28/01/2019,Signage and Displays,60.0,,PCARD-2019/10,,LITTLE GREENE PAINT COMPANY LTD
Dales Countryside Museum,,,,Yorkshire Dales National Park Authority,28/01/2019,Materials,11.2,,PCARD-2019/10,S0045,J T ATKINSON & SONS LTD
Office Accomodation,,,,Yorkshire Dales National Park Authority,28/01/2019,Materials,50.0,,PCARD-2019/10,S0045,J T ATKINSON & SONS LTD
Training,,,,Yorkshire Dales National Park Authority,28/01/2019,Training,136.52,,PCARD-2019/10,S2559,YHA
Contracts - Planned Maintenance Office,,,,Yorkshire Dales National Park Authority,29/01/2019,Materials,83.95,,PCARD-2019/10,,FIBREGRID LTD
Contracts - Area Rangers,,,,Yorkshire Dales National Park Authority,29/01/2019,Clothing,120.0,,PCARD-2019/10,,POLIMILL
Volunteers,,,,Yorkshire Dales National Park Authority,29/01/2019,Stationery,79.34,,PCARD-2019/10,,REALLY USEFUL PRODUCTS LTD
Volunteers,,,,Yorkshire Dales National Park Authority,29/01/2019,Stationery,27.48,,PCARD-2019/10,,STAPLEOFFICE LTD
Northern Dales (Richmondshire),,,,Yorkshire Dales National Park Authority,29/01/2019,Materials,5.99,,PCARD-2019/10,S0045,J T ATKINSON & SONS LTD
Northern Dales (Richmondshire),,,,Yorkshire Dales National Park Authority,29/01/2019,Materials,7.35,,PCARD-2019/10,S0045,J T ATKINSON & SONS LTD
Contracts - Access Rangers,,,,Yorkshire Dales National Park Authority,29/01/2019,Vehicle Repairs and Maint,6.31,,PCARD-2019/10,S1426,AMAZON.CO.UK
Support Services,,,,Yorkshire Dales National Park Authority,29/01/2019,Membership Subscriptions,588.13,,PI136569,S2804,EUROPARC FEDERATION
Support Services,,,,Yorkshire Dales National Park Authority,29/01/2019,Mobile Phones,92.73,,PI136417,S3004,EE LIMITED - DD
Development Management,,,,Yorkshire Dales National Park Authority,29/01/2019,Research & Surveys,6.0,,PI136611,S3091,LAND REGISTRY - DD
Retail Services O/H,,,,Yorkshire Dales National Park Authority,29/01/2019,Bank Charges,27.0,,PI136314,S4307,SAGE PAY DD
Web Based Services,,,,Yorkshire Dales National Park Authority,30/01/2019,IT-Websites,1299.0,,PCARD-2019/10,,E-INFINITY
Contracts - Access Rangers,,,,Yorkshire Dales National Park Authority,30/01/2019,Tools & Office Equipment,94.0,,PCARD-2019/10,,EQUIP4WORK
Tourism ,,,,Yorkshire Dales National Park Authority,30/01/2019,Materials,10.98,,PCARD-2019/10,,HENWEITHONG
Corporate Other Staff Costs,,,,Yorkshire Dales National Park Authority,30/01/2019,Subsistence,5.27,,PCARD-2019/10,,MCDONALDS RESTAURANTS LTD
Health & Safety,,,,Yorkshire Dales National Park Authority,30/01/2019,Materials,28.0,,PCARD-2019/10,,PDJ IMPORTS LTD
Web Based Services,,,,Yorkshire Dales National Park Authority,30/01/2019,IT-Websites,319.0,,PCARD-2019/10,,SLR HUT
Web Based Services,,,,Yorkshire Dales National Park Authority,30/01/2019,IT-Websites,19.41,,PCARD-2019/10,,SYRP
Western Dales (Cumbria),,,,Yorkshire Dales National Park Authority,30/01/2019,Vehicle Running Costs,4.99,,PCARD-2019/10,,WESTMORLAND LIMITED
Western Dales (Cumbria),,,,Yorkshire Dales National Park Authority,30/01/2019,Materials,46.87,,PCARD-2019/10,S0045,J T ATKINSON & SONS LTD
Contracts - Land Holdings ,,,,Yorkshire Dales National Park Authority,30/01/2019,Materials,46.7,,PCARD-2019/10,S0051,MERRITT & FRYERS LTD
Contracts - Planned Maintenance Office,,,,Yorkshire Dales National Park Authority,30/01/2019,Materials,12.62,,PCARD-2019/10,S0051,MERRITT & FRYERS LTD
Contracts - Planned Maintenance Office,,,,Yorkshire Dales National Park Authority,30/01/2019,Materials,29.31,,PCARD-2019/10,S0051,MERRITT & FRYERS LTD
Tourism ,,,,Yorkshire Dales National Park Authority,30/01/2019,Materials,17.97,,PCARD-2019/10,S1426,AMAZON.CO.UK
Web Based Services,,,,Yorkshire Dales National Park Authority,30/01/2019,IT-Websites,49.56,,PCARD-2019/10,S1426,AMAZON.CO.UK
Contracts - Planned Maintenance Office,,,,Yorkshire Dales National Park Authority,30/01/2019,Materials,39.98,,PCARD-2019/10,S1771,JACS (KEIGHLEY) LTD
Land Management Partnersips,,,,Yorkshire Dales National Park Authority,31/01/2019,Donations & Contributions,10000.0,,PI134113,S0003,NORTHUMBERLAND NPA
Training,,,,Yorkshire Dales National Park Authority,31/01/2019,Training,310.99,,PI136575,S0003,NORTHUMBERLAND NPA
Development Management,,,,Yorkshire Dales National Park Authority,31/01/2019,Subsistence,12.03,,PI136478,S0007,LAKE DISTRICT NPA
Training,,,,Yorkshire Dales National Park Authority,31/01/2019,Training,485.0,,PI136598,S0007,LAKE DISTRICT NPA
Corporate Other Staff Costs,,,,Yorkshire Dales National Park Authority,31/01/2019,Medical Fees,345.0,,PI136594,S0012,NORTH YORKSHIRE COUNTY COUNCIL
Member Costs,,,,Yorkshire Dales National Park Authority,31/01/2019,Distribution,254.46,,PI136554,S0012,NORTH YORKSHIRE COUNTY COUNCIL
Western Dales (Cumbria),,,,Yorkshire Dales National Park Authority,31/01/2019,Contractors (Others),50.0,,PI136551,S0016,CUMBRIA COUNTY COUNCIL
Support Services,,,,Yorkshire Dales National Park Authority,31/01/2019,Stationery,3.63,,PI136606,S0022,YORKSHIRE PURCHASING ORGANISATION
Support Services,,,,Yorkshire Dales National Park Authority,31/01/2019,Stationery,31.8,,PI136606,S0022,YORKSHIRE PURCHASING ORGANISATION
Support Services,,,,Yorkshire Dales National Park Authority,31/01/2019,Stationery,65.04,,PI136606,S0022,YORKSHIRE PURCHASING ORGANISATION
Dales Countryside Museum,,,,Yorkshire Dales National Park Authority,31/01/2019,Consumables,120.29,,PI136516,S0038,TREVOR ILES LTD
Western Dales (Cumbria),,,,Yorkshire Dales National Park Authority,31/01/2019,Materials,25.69,,PCARD-2019/10,S0045,J T ATKINSON & SONS LTD
IT Development,,,,Yorkshire Dales National Park Authority,31/01/2019,IT-Websites,30.0,,PI136517,S0057,CLARANET
Northern Dales (Richmondshire),,,,Yorkshire Dales National Park Authority,31/01/2019,Materials,35.0,,PI136615,S0058,HARTLINGTON FENCING SUPPLIES
Southern Dales (Craven  Lancs),,,,Yorkshire Dales National Park Authority,31/01/2019,Materials,213.74,,PI136616,S0058,HARTLINGTON FENCING SUPPLIES
Three Peaks,,,,Yorkshire Dales National Park Authority,31/01/2019,Materials,44.8,,PI136613,S0058,HARTLINGTON FENCING SUPPLIES
Three Peaks,,,,Yorkshire Dales National Park Authority,31/01/2019,Materials,165.0,,PI136613,S0058,HARTLINGTON FENCING SUPPLIES
Contracts - Access Rangers,,,,Yorkshire Dales National Park Authority,31/01/2019,Vehicle Repairs and Maint,54.11,,PI136591,S0098,RIBBLESDALE MOTORS LTD
Northern Dales (Richmondshire),,,,Yorkshire Dales National Park Authority,31/01/2019,Equipment Repairs and Maint,0.07,,PI136435,S0123,SIMON WINSTANLEY LTD
Northern Dales (Richmondshire),,,,Yorkshire Dales National Park Authority,31/01/2019,Equipment Repairs and Maint,54.63,,PI136435,S0123,SIMON WINSTANLEY LTD
Northern Dales (Richmondshire),,,,Yorkshire Dales National Park Authority,31/01/2019,Equipment Repairs and Maint,95.58,,PI136435,S0123,SIMON WINSTANLEY LTD
Contracts - Access Rangers,,,,Yorkshire Dales National Park Authority,31/01/2019,Vehicle Repairs and Maint,4.5,,PI136539,S0125,STEVRON AUTO SERVICES
Contracts - Access Rangers,,,,Yorkshire Dales National Park Authority,31/01/2019,Vehicle Repairs and Maint,200.37,,PI136539,S0125,STEVRON AUTO SERVICES
Corporate Other Staff Costs,,,,Yorkshire Dales National Park Authority,31/01/2019,Recruitment Costs,67.5,,PI136548,S0211,COUNTRYSIDE JOBS SERVICE
IT Development,,,,Yorkshire Dales National Park Authority,31/01/2019,IT-Software Maintenance,175.0,,PI136521,S0221,LAKE FINANCIAL SYSTEMS
Contracts - Access Rangers,,,,Yorkshire Dales National Park Authority,31/01/2019,Electricity,1060.37,,PI136533,S0225,NPOWER LTD
Dales Countryside Museum,,,,Yorkshire Dales National Park Authority,31/01/2019,Electricity,18.87,,PI136530,S0225,NPOWER LTD
Grassington NPC,,,,Yorkshire Dales National Park Authority,31/01/2019,Electricity,663.23,,PI136536,S0225,NPOWER LTD
Office Accomodation,,,,Yorkshire Dales National Park Authority,31/01/2019,Electricity,45.86,,PI136528,S0225,NPOWER LTD
Office Accomodation,,,,Yorkshire Dales National Park Authority,31/01/2019,Electricity,89.65,,PI136532,S0225,NPOWER LTD
Office Accomodation,,,,Yorkshire Dales National Park Authority,31/01/2019,Electricity,1063.85,,PI136537,S0225,NPOWER LTD
Office Accomodation,,,,Yorkshire Dales National Park Authority,31/01/2019,Electricity,1551.83,,PI136529,S0225,NPOWER LTD
Toilets,,,,Yorkshire Dales National Park Authority,31/01/2019,Electricity,63.95,,PI136531,S0225,NPOWER LTD
Toilets,,,,Yorkshire Dales National Park Authority,31/01/2019,Electricity,78.82,,PI136531,S0225,NPOWER LTD
Toilets,,,,Yorkshire Dales National Park Authority,31/01/2019,Electricity,78.82,,PI136535,S0225,NPOWER LTD
Toilets,,,,Yorkshire Dales National Park Authority,31/01/2019,Electricity,180.35,,PI136534,S0225,NPOWER LTD
Reeth NPC,,,,Yorkshire Dales National Park Authority,31/01/2019,Telephone,410.71,,PI136487,S0242,HUDSON HOUSE LTD
Support Services,,,,Yorkshire Dales National Park Authority,31/01/2019,Postage,224.0,,PI136578,S0264,ROYAL MAIL GROUP LTD
Support Services,,,,Yorkshire Dales National Park Authority,31/01/2019,Postage,787.0,,PI136588,S0264,ROYAL MAIL GROUP LTD
Support Services,,,,Yorkshire Dales National Park Authority,31/01/2019,Books and Publications,4.4,,PI136503,S0271,DALES NEWSAGENTS
Support Services,,,,Yorkshire Dales National Park Authority,31/01/2019,Books and Publications,29.2,,PI136502,S0271,DALES NEWSAGENTS
Southern Dales (Craven  Lancs),,,,Yorkshire Dales National Park Authority,31/01/2019,Contractors (Construction),225.4,,PI136540,S0330,J C  & H J ARMSTRONG
Southern Dales (Craven  Lancs),,,,Yorkshire Dales National Park Authority,31/01/2019,Contractors (Construction),277.2,,PI136540,S0330,J C  & H J ARMSTRONG
Southern Dales (Craven  Lancs),,,,Yorkshire Dales National Park Authority,31/01/2019,Materials,350.0,,PI136540,S0330,J C  & H J ARMSTRONG
Western Dales (Cumbria),,,,Yorkshire Dales National Park Authority,31/01/2019,Materials,1033.11,,PI136452,S0330,J C  & H J ARMSTRONG
Trees & Woodlands,Woodland Creation,1061687.0,,Yorkshire Dales National Park Authority,31/01/2019,Grants Paid,1334.0,2018-19,PI133397,S0353,YORKSHIRE DALES MILLENNIUM TRUST
Historic Landscapes,,,,Yorkshire Dales National Park Authority,31/01/2019,Contractors (Construction),2000.0,,PI136571,S0365,REDACTED PERSONAL DATA
Contracts - Planned Maintenance Office,,,,Yorkshire Dales National Park Authority,31/01/2019,Contractors (Construction),450.0,,PI136544,S0373,SHARP & SHARP LTD
Dales Countryside Museum,,,,Yorkshire Dales National Park Authority,31/01/2019,Catering (Internal),39.76,,PI136556,S0419,ELIJAH ALLEN & SON
Dales Countryside Museum,,,,Yorkshire Dales National Park Authority,31/01/2019,Security,25.0,,PI136505,S0563,POINTER LTD
Interpretation,,,,Yorkshire Dales National Park Authority,31/01/2019,Contractors (Others),73.5,,PI136625,S0652,CORNMILL TEAROOM
Contracts - Access Rangers,,,,Yorkshire Dales National Park Authority,31/01/2019,Premises Maintenance,90.0,,PI136520,S0771,ASSURED ENVIRONMENTAL SERVICES LIMITED
Trees & Woodlands,,,,Yorkshire Dales National Park Authority,31/01/2019,Membership Subscriptions,125.0,,PI136546,S0951,SMALL WOODS ASSOCIATION
Outreach,,,,Yorkshire Dales National Park Authority,31/01/2019,Media Film and Processing,60.0,,PI136570,S1185,WHITFIELD BENSON PHOTOGRAPHY
Outreach,,,,Yorkshire Dales National Park Authority,31/01/2019,Media Film and Processing,288.0,,PI136570,S1185,WHITFIELD BENSON PHOTOGRAPHY
Contracts - Land Holdings,,,,Yorkshire Dales National Park Authority,31/01/2019,Materials,75.0,,PI136553,S1327,H CLAY & SON
Contracts - Land Holdings ,,,,Yorkshire Dales National Park Authority,31/01/2019,Materials,78.0,,PI136553,S1327,H CLAY & SON
Contracts - Land Holdings ,,,,Yorkshire Dales National Park Authority,31/01/2019,Materials,88.0,,PI136553,S1327,H CLAY & SON
Contracts - Land Holdings ,,,,Yorkshire Dales National Park Authority,31/01/2019,Materials,100.0,,PI136553,S1327,H CLAY & SON
Southern Dales (Craven  Lancs),,,,Yorkshire Dales National Park Authority,31/01/2019,Materials,80.0,,PI136553,S1327,H CLAY & SON
Sustainable Development,Clapper Bridge Restoration,,,Yorkshire Dales National Park Authority,31/01/2019,Grants Paid,450.0,2018-19,PI136512,S1334,REDACTED PERSONAL DATA
Web Based Services,,,,Yorkshire Dales National Park Authority,31/01/2019,IT-Websites,14.7,,PCARD-2019/10,S1426,AMAZON.CO.UK
Corporate Other Staff Costs,,,,Yorkshire Dales National Park Authority,31/01/2019,Conferences and Seminars,190.49,,PCARD-2019/10,S1470,LYRECO
Support Services,,,,Yorkshire Dales National Park Authority,31/01/2019,Catering (Internal),15.08,,PCARD-2019/10,S1470,LYRECO
Support Services,,,,Yorkshire Dales National Park Authority,31/01/2019,Tools & Office Equipment,27.35,,PCARD-2019/10,S1470,LYRECO
Support Services,,,,Yorkshire Dales National Park Authority,31/01/2019,Consumables,56.6,,PCARD-2019/10,S1470,LYRECO
Support Services,,,,Yorkshire Dales National Park Authority,31/01/2019,Stationery,171.36,,PCARD-2019/10,S1470,LYRECO
Support Services,,,,Yorkshire Dales National Park Authority,31/01/2019,Stationery,304.96,,PCARD-2019/10,S1470,LYRECO
Contracts - Planned Maintenance Office,,,,Yorkshire Dales National Park Authority,31/01/2019,Contractors (Construction),70.0,,PI136541,S1549,H CLARKE & SONS LTD
Contracts - Planned Maintenance Office,,,,Yorkshire Dales National Park Authority,31/01/2019,Contractors (Construction),264.33,,PI136541,S1549,H CLARKE & SONS LTD
Contracts - Planned Maintenance Office,,,,Yorkshire Dales National Park Authority,31/01/2019,Contractors (Construction),65.0,,PI136506,S1687,HARRISON & CROSS LTD
Dales Countryside Museum,,,,Yorkshire Dales National Park Authority,31/01/2019,Premises Maintenance,70.0,,PI136574,S1687,HARRISON & CROSS LTD
Sustainable Development,Website Design & Marketing,5493687.0,,Yorkshire Dales National Park Authority,31/01/2019,Grants Paid,197.31,2018-19,PI136561,S1922,YOREBRIDGE SPORTS DEVELOPMENT ASSOCIATION LTD
Southern Dales (Craven  Lancs),,,,Yorkshire Dales National Park Authority,31/01/2019,Delivery Charges,101.0,,PI136558,S2050,CHIPPINDALE PLANT LTD
Southern Dales (Craven  Lancs),,,,Yorkshire Dales National Park Authority,31/01/2019,Equipment Hire,127.5,,PI136558,S2050,CHIPPINDALE PLANT LTD
Biodiversity,,,,Yorkshire Dales National Park Authority,31/01/2019,Materials,123.93,,PI136577,S2270,NHBS LTD
Outreach,,,,Yorkshire Dales National Park Authority,31/01/2019,Vehicle Hire,93.88,,PI136555,S2388,SKIPTON SELF DRIVE LTD
Support Services,,,,Yorkshire Dales National Park Authority,31/01/2019,Photocopying,174.31,,PI136538,S2511,RICOH UK LTD
Dales Countryside Museum,,,,Yorkshire Dales National Park Authority,31/01/2019,Printing,400.0,,PI136618,S2556,ANDREW LATHWELL DESIGN LTD
Dales Countryside Museum,,,,Yorkshire Dales National Park Authority,31/01/2019,Printing,2339.0,,PI136618,S2556,ANDREW LATHWELL DESIGN LTD
Support Services,,,,Yorkshire Dales National Park Authority,31/01/2019,Mobile Phones,422.12,,PI136592,S2586,VODAFONE LTD (CORPORATE)
Toilets- Planned Maintenance,,,,Yorkshire Dales National Park Authority,31/01/2019,Equipment Hire,360.0,,PI136602,S2594,CONVENIENCE HIRE LTD
Contracts - Access Rangers,,,,Yorkshire Dales National Park Authority,31/01/2019,Property Rental,562.5,,PI136576,S2905,CARTER TOWLER LTD
Volunteers,,,,Yorkshire Dales National Park Authority,31/01/2019,Conferences and Seminars,500.0,,PI136614,S2928,THE CHARLES BATHURST INN
Parish Wildlife Project,"Trees, Treework & Storage",1105377.0,,Yorkshire Dales National Park Authority,31/01/2019,Grants Paid,1000.0,2018-19,PI136542,S3044,PLAYAWAY (ESHTON GRANGE)
Parish Wildlife Project,Tree work & Access Gate,1105377.0,,Yorkshire Dales National Park Authority,31/01/2019,Grants Paid,1000.0,2018-19,PI136580,S3044,PLAYAWAY (ESHTON GRANGE)
Biodiversity,,,,Yorkshire Dales National Park Authority,31/01/2019,Membership Subscriptions,31.0,,PI136579,S3053,YORKSHIRE NATURALISTS UNION
Health & Safety,,,,Yorkshire Dales National Park Authority,31/01/2019,Health & Safety Equipment,120.0,,PI136586,S3217,BECKS GARDEN MACHINERY LTD
Southern Dales (Craven  Lancs),,,,Yorkshire Dales National Park Authority,31/01/2019,Equipment Repairs and Maint,72.9,,PI136587,S3217,BECKS GARDEN MACHINERY LTD
IT Development,,,,Yorkshire Dales National Park Authority,31/01/2019,IT-Hardware Maintenance,272.53,,PI136590,S3260,ELITETELE.COM PLC
Aysgarth Falls NPC,,,,Yorkshire Dales National Park Authority,31/01/2019,Waste Collection,173.14,,PI136471,S3307,YORWASTE LTD
Sustainable Development,Piano for Meeting House,,,Yorkshire Dales National Park Authority,31/01/2019,Grants Paid,600.0,2018-19,PI136560,S3578,AIRTON FRIENDS MEETING
Retail Services O/H,,,,Yorkshire Dales National Park Authority,31/01/2019,IT-Software Maintenance,1975.0,,PI136451,S3633,INDEPENDENT EQUIPMENT CO
Biodiversity,,,,Yorkshire Dales National Park Authority,31/01/2019,Materials,56.57,,PI136607,S3689,WILDCARE
Contracts - Access Rangers,,,,Yorkshire Dales National Park Authority,31/01/2019,Vehicle Running Costs,104.32,,PI136508,S3804,ALLSTAR BUSINESS SOLUTIONS LTD
Contracts - Access Rangers,,,,Yorkshire Dales National Park Authority,31/01/2019,Vehicle Running Costs,129.4,,PI136510,S3804,ALLSTAR BUSINESS SOLUTIONS LTD
Contracts - Access Rangers,,,,Yorkshire Dales National Park Authority,31/01/2019,Vehicle Running Costs,258.95,,PI136509,S3804,ALLSTAR BUSINESS SOLUTIONS LTD
Contracts - Access Rangers,,,,Yorkshire Dales National Park Authority,31/01/2019,Vehicle Running Costs,452.76,,PI136507,S3804,ALLSTAR BUSINESS SOLUTIONS LTD
Southern Dales (Craven  Lancs),,,,Yorkshire Dales National Park Authority,31/01/2019,Consumables,1.07,,PI136552,S3876,SETTLE DIY LTD
Southern Dales (Craven  Lancs),,,,Yorkshire Dales National Park Authority,31/01/2019,Consumables,3.34,,PI136552,S3876,SETTLE DIY LTD
Southern Dales (Craven  Lancs),,,,Yorkshire Dales National Park Authority,31/01/2019,Consumables,4.13,,PI136552,S3876,SETTLE DIY LTD
Southern Dales (Craven  Lancs),,,,Yorkshire Dales National Park Authority,31/01/2019,Consumables,4.92,,PI136552,S3876,SETTLE DIY LTD
Southern Dales (Craven  Lancs),,,,Yorkshire Dales National Park Authority,31/01/2019,Consumables,4.99,,PI136552,S3876,SETTLE DIY LTD
Southern Dales (Craven  Lancs),,,,Yorkshire Dales National Park Authority,31/01/2019,Consumables,6.21,,PI136552,S3876,SETTLE DIY LTD
Southern Dales (Craven  Lancs),,,,Yorkshire Dales National Park Authority,31/01/2019,Consumables,6.63,,PI136552,S3876,SETTLE DIY LTD
Southern Dales (Craven  Lancs),,,,Yorkshire Dales National Park Authority,31/01/2019,Consumables,13.26,,PI136552,S3876,SETTLE DIY LTD
Southern Dales (Craven  Lancs),,,,Yorkshire Dales National Park Authority,31/01/2019,Consumables,19.84,,PI136552,S3876,SETTLE DIY LTD
Training,,,,Yorkshire Dales National Park Authority,31/01/2019,Training,115.0,,PI136604,S3891,GO FULL CIRCLE LTD T/A GO DRIVING
Training,,,,Yorkshire Dales National Park Authority,31/01/2019,Training,600.0,,PI136604,S3891,GO FULL CIRCLE LTD T/A GO DRIVING
IT Development,,,,Yorkshire Dales National Park Authority,31/01/2019,Telephone,73.36,,PI136488,S4082,COMCENTRIX LTD T/A FREECOMM SERVICES
Land Management Partnersips,,,,Yorkshire Dales National Park Authority,31/01/2019,Donations & Contributions,50000.0,,PI136593,S4137,DURHAM COUNTY COUNCIL
Biodiversity,,,,Yorkshire Dales National Park Authority,31/01/2019,Materials,79.98,,PI136562,S4175,TEAM-WISE (UK) LTD
Biodiversity,,,,Yorkshire Dales National Park Authority,31/01/2019,Materials,138.1,,PI136568,S4213,WENSLEYDALE RED SQUIRREL GROUP
Biodiversity,,,,Yorkshire Dales National Park Authority,31/01/2019,Materials,191.28,,PI136568,S4213,WENSLEYDALE RED SQUIRREL GROUP
Malham NPC,,,,Yorkshire Dales National Park Authority,31/01/2019,Books and Publications,5.4,,PI136501,S4344,H'S OF HELLIFIELD
Training,,,,Yorkshire Dales National Park Authority,31/01/2019,Training,125.0,,PI136523,S4356,LOWE MAINTENANCE
Support Services,,,,Yorkshire Dales National Park Authority,31/01/2019,Audit,2330.0,,PI136597,S4456,ERNST & YOUNG LLP
IT Development,,,,Yorkshire Dales National Park Authority,31/01/2019,IT- Consumables,285.53,,PI136585,S4460,TONERGIANT
Legal Services,,,,Yorkshire Dales National Park Authority,31/01/2019,Professional Fees,700.0,,PI136563,S4578,KINGS CHAMBERS
Contracts - Access Rangers,,,,Yorkshire Dales National Park Authority,31/01/2019,Property Rental,333.33,,PI136621,S4640,BARBARA RUMSBY T/A SILVER YARD
Outreach,,,,Yorkshire Dales National Park Authority,31/01/2019,Training,90.0,,PI136524,S4685,INSTITUTE FOR OUTDOOR LEARNING
Sustainable Development,Arts Development & Exhibition,6415061.0,,Yorkshire Dales National Park Authority,31/01/2019,Grants Paid,2500.0,2018-19,PI136525,S4688,CHRYSALIS ARTS DEVELOPMENT LTD
Western Dales (Cumbria),,,,Yorkshire Dales National Park Authority,31/01/2019,Materials,62.0,,PI136499,S4833,T W RELPH & SONS LTD
Western Dales (Cumbria),,,,Yorkshire Dales National Park Authority,31/01/2019,Materials,62.0,,PI136499,S4833,T W RELPH & SONS LTD
Western Dales (Cumbria),,,,Yorkshire Dales National Park Authority,31/01/2019,Materials,66.0,,PI136499,S4833,T W RELPH & SONS LTD
Western Dales (Cumbria),,,,Yorkshire Dales National Park Authority,31/01/2019,Materials,92.0,,PI136500,S4833,T W RELPH & SONS LTD
Western Dales (Cumbria),,,,Yorkshire Dales National Park Authority,31/01/2019,Materials,101.2,,PI136499,S4833,T W RELPH & SONS LTD
Western Dales (Cumbria),,,,Yorkshire Dales National Park Authority,31/01/2019,Materials,108.0,,PI136499,S4833,T W RELPH & SONS LTD
Western Dales (Cumbria),,,,Yorkshire Dales National Park Authority,31/01/2019,Materials,193.6,,PI136499,S4833,T W RELPH & SONS LTD
Western Dales (Cumbria),,,,Yorkshire Dales National Park Authority,31/01/2019,Materials,203.0,,PI136499,S4833,T W RELPH & SONS LTD
Western Dales (Cumbria),,,,Yorkshire Dales National Park Authority,31/01/2019,Materials,273.0,,PI136499,S4833,T W RELPH & SONS LTD
Partnership Centres,,,,Yorkshire Dales National Park Authority,31/01/2019,Service Agreements,5000.0,,PI136584,S4877,KIRKBY LONSDALE AND LUNE VALLEY CIC
Web Based Services,,,,Yorkshire Dales National Park Authority,31/01/2019,IT-Websites,2500.0,,PI136459,S4906,EXTREME CREATIONS LTD
Tourism ,,,,Yorkshire Dales National Park Authority,31/01/2019,Venue Hire,240.0,,PI136599,S4950,ST ANDREW'S METHODIST & U R CHURCH
Contracts - Land Holdings ,,,,Yorkshire Dales National Park Authority,31/01/2019,Grounds & Estates Maintenance,23.29,,PI136572,S5004,BRITISH BIRD FOOD
Contracts - Land Holdings ,,,,Yorkshire Dales National Park Authority,31/01/2019,Grounds & Estates Maintenance,44.95,,PI136572,S5004,BRITISH BIRD FOOD
Contracts - Land Holdings ,,,,Yorkshire Dales National Park Authority,31/01/2019,Grounds & Estates Maintenance,48.95,,PI136572,S5004,BRITISH BIRD FOOD
Outreach,,,,Yorkshire Dales National Park Authority,31/01/2019,Vehicle Hire,100.0,,PI136515,S5015,JAMES PEACOCK PRIVATE HIRE
Office Accomodation,,,,Yorkshire Dales National Park Authority,31/01/2019,Gas/ Wood Chip,19.59,,PI136566,S5021,CORONA ENERGY RETAIL 4 LTD
Office Accomodation,,,,Yorkshire Dales National Park Authority,31/01/2019,Gas/ Wood Chip,41.23,,PI136565,S5021,CORONA ENERGY RETAIL 4 LTD
Sustainable Development,Dales Life & Tradition Project,224083.0,,Yorkshire Dales National Park Authority,31/01/2019,Grants Paid,2169.58,2018-19,PI136626,S5028,YORKSHIRE ARCHAEOLOGICAL & HISTORICAL SOCIETY
Sustainable Development,Interpretation Boards & Walk Leaflets,,,Yorkshire Dales National Park Authority,31/01/2019,Grants Paid,4953.1,2018-19,PI136605,S5032,CROSBY RAVENSWORTH PARISH COUNCIL
Sustainable Development,Visitor & Traffic Management Plan,,,Yorkshire Dales National Park Authority,31/01/2019,Grants Paid,7481.25,2018-19,PI136526,S5133,KIRKBY MALHAMDALE PARISH COUNCIL - SDF
Development Management,,,,Yorkshire Dales National Park Authority,31/01/2019,Advertising,109.64,,PI136608,S5155,TMP (UK) LTD
Development Management,,,,Yorkshire Dales National Park Authority,31/01/2019,Advertising,135.0,,PI136550,S5155,TMP (UK) LTD
Development Management,,,,Yorkshire Dales National Park Authority,31/01/2019,Advertising,144.76,,PI136549,S5155,TMP (UK) LTD
Development Management,,,,Yorkshire Dales National Park Authority,31/01/2019,Advertising,154.6,,PI136609,S5155,TMP (UK) LTD
Development Management,,,,Yorkshire Dales National Park Authority,31/01/2019,Advertising,187.0,,PI136527,S5155,TMP (UK) LTD
Development Management,,,,Yorkshire Dales National Park Authority,31/01/2019,Advertising,264.52,,PI136612,S5155,TMP (UK) LTD
Development Management,,,,Yorkshire Dales National Park Authority,31/01/2019,Consultancy,875.0,,PI136603,S5177,CHERYL WARD PLANNING
Three Peaks,,,,Yorkshire Dales National Park Authority,31/01/2019,Printing,80.0,,PI136513,S5194,KONTRAST DESIGN LIMITED
Tourism,,,,Yorkshire Dales National Park Authority,31/01/2019,Signage and Displays,75.0,,PI136545,S5194,KONTRAST DESIGN LIMITED
Farmed Land,,,,Yorkshire Dales National Park Authority,31/01/2019,Hospitality (External),42.0,,PI136581,S5199,BAINES & SON LTD T/A NO6 FINKLE STREET&MAD HATTERS
DCM Redevelopment,,,,Yorkshire Dales National Park Authority,31/01/2019,Contractors (Construction),775.0,,PI136567,S5212,INSPECTAS COMPLIANCE LTD
Contracts - Planned Maintenance DCM,,,,Yorkshire Dales National Park Authority,31/01/2019,Contractors (Construction),15187.2,,PI136564,S5213,B & K BUILDERS LTD
Aysgarth Falls NPC,,,,Yorkshire Dales National Park Authority,31/01/2019,Premises Maintenance,585.0,,PI136622,S5256,GENTLEMAN JACKS LOCKSMITH
