Supplier ID,Body Name,Transaction Number,Expense Type,Expense Area,Time Period for Grant,Supplier Name,Amount,Registration Number,Date,Purpose of Grant,Procurement Card?
,Yorkshire Dales National Park Authority,PCARD-2020/10,Accomodation - Members,Member Costs,,PREMIER INN,126.25,,07/01/2020,,Y
,Yorkshire Dales National Park Authority,PCARD-2020/10,Advertising,Tourism,,FACEBOOK,152.88,,25/01/2020,,Y
S5155,Yorkshire Dales National Park Authority,PI140992,Advertising,Development Management,,TMP (UK) LTD,109.64,,15/01/2020,,
S5155,Yorkshire Dales National Park Authority,PI140847,Advertising,Development Management,,TMP (UK) LTD,130.8,,15/01/2020,,
S5155,Yorkshire Dales National Park Authority,PI140809,Advertising,Development Management,,TMP (UK) LTD,144.76,,06/01/2020,,
S5155,Yorkshire Dales National Park Authority,PI140945,Advertising,Development Management,,TMP (UK) LTD,153.0,,15/01/2020,,
S5155,Yorkshire Dales National Park Authority,PI140991,Advertising,Development Management,,TMP (UK) LTD,154.6,,15/01/2020,,
S5155,Yorkshire Dales National Park Authority,PI140841,Advertising,Development Management,,TMP (UK) LTD,174.7,,06/01/2020,,
S5155,Yorkshire Dales National Park Authority,PI141131,Advertising,Development Management,,TMP (UK) LTD,187.0,,30/01/2020,,
S5155,Yorkshire Dales National Park Authority,PI141155,Advertising,Development Management,,TMP (UK) LTD,217.0,,30/01/2020,,
S5155,Yorkshire Dales National Park Authority,PI140705,Advertising,Development Management,,TMP (UK) LTD,219.4,,06/01/2020,,
S5155,Yorkshire Dales National Park Authority,PI140846,Advertising,Development Management,,TMP (UK) LTD,219.4,,15/01/2020,,
S5155,Yorkshire Dales National Park Authority,PI140897,Advertising,Development Management,,TMP (UK) LTD,234.58,,15/01/2020,,
S5155,Yorkshire Dales National Park Authority,PI141050,Advertising,Development Management,,TMP (UK) LTD,264.52,,30/01/2020,,
S5155,Yorkshire Dales National Park Authority,PI141132,Advertising,Development Management,,TMP (UK) LTD,284.2,,30/01/2020,,
S5155,Yorkshire Dales National Park Authority,PI140734,Advertising,Definitive Map,,TMP (UK) LTD,294.46,,15/01/2020,,
S5155,Yorkshire Dales National Park Authority,PI140793,Advertising,Definitive Map,,TMP (UK) LTD,300.08,,15/01/2020,,
S3006,Yorkshire Dales National Park Authority,Dec 19 TRANSACTIONS Vatable,Bank Charges,Retail Services O/H,,BARCLAYS BANK PLC - DD,75.0,,10/01/2020,,
S3006,Yorkshire Dales National Park Authority,Dec 19 TRANSACTIONS Exempt,Bank Charges,Retail Services O/H,,BARCLAYS BANK PLC - DD,206.23,,10/01/2020,,
S4307,Yorkshire Dales National Park Authority,PI140845,Bank Charges,Retail Services O/H,,SAGE PAY DD,27.0,,20/01/2020,,
S4518,Yorkshire Dales National Park Authority,PCARD-2020/10,Bank Charges,Retail Services O/H,,SHOPIFY,74.32,,14/01/2020,,Y
S4524,Yorkshire Dales National Park Authority,CARPARK CHGS - 14/01/20,Bank Charges,Car Parks,,SIX PAYMENT SERVICES LTD,39.36,,14/01/2020,,
S4524,Yorkshire Dales National Park Authority,CARPARK CHGS - 27/01/20,Bank Charges,Car Parks,,SIX PAYMENT SERVICES LTD,56.42,,27/01/2020,,
S4524,Yorkshire Dales National Park Authority,CARPARK CHGS - 21/01/20,Bank Charges,Car Parks,,SIX PAYMENT SERVICES LTD,63.77,,21/01/2020,,
S4524,Yorkshire Dales National Park Authority,CARPARK CHGS - 06/01/20,Bank Charges,Car Parks,,SIX PAYMENT SERVICES LTD,152.62,,06/01/2020,,
S3369,Yorkshire Dales National Park Authority,PI141087,Books and Publications,Support Services,,CIPFA BUSINESS LTD,1103.75,,30/01/2020,,
S0271,Yorkshire Dales National Park Authority,PI141028,Books and Publications,Office Accomodation,,DALES NEWSAGENTS,5.75,,15/01/2020,,
S0271,Yorkshire Dales National Park Authority,PI141027,Books and Publications,Office Accomodation,,DALES NEWSAGENTS,37.35,,15/01/2020,,
S5289,Yorkshire Dales National Park Authority,PI140916,Books and Publications,Support Services,,HAWES NEWSAGENTS,55.85,,15/01/2020,,
S4344,Yorkshire Dales National Park Authority,PI141192,Books and Publications,Malham NPC,,H'S OF HELLIFIELD,11.05,,30/01/2020,,
S3472,Yorkshire Dales National Park Authority,PI140911,Books and Publications,WMD 3.6 Celebrating and engaging,,SUMMERFIELD BOOKS,3.25,,06/01/2020,,
S3472,Yorkshire Dales National Park Authority,PI140911,Books and Publications,WMD 3.6 Celebrating and engaging,,SUMMERFIELD BOOKS,14.3,,06/01/2020,,
S0652,Yorkshire Dales National Park Authority,PI140939,Catering (Internal),Member Costs,,CORNMILL TEAROOM,11.0,,15/01/2020,,
S0652,Yorkshire Dales National Park Authority,PI140939,Catering (Internal),Member Costs,,CORNMILL TEAROOM,60.5,,15/01/2020,,
S0652,Yorkshire Dales National Park Authority,PI140939,Catering (Internal),Member Costs,,CORNMILL TEAROOM,66.0,,15/01/2020,,
S0652,Yorkshire Dales National Park Authority,PI140939,Catering (Internal),Member Costs,,CORNMILL TEAROOM,88.0,,15/01/2020,,
S4895,Yorkshire Dales National Park Authority,PI140959,Catering (Internal),Dales Countryside Museum,,DALES DAIRIES,30.05,,15/01/2020,,
S4895,Yorkshire Dales National Park Authority,PI140960,Catering (Internal),Support Services,,DALES DAIRIES,72.6,,15/01/2020,,
S0664,Yorkshire Dales National Park Authority,PI140924,Catering (Internal),Grassington NPC,,DM & SL WHITE,2.48,,15/01/2020,,
S0664,Yorkshire Dales National Park Authority,PI140923,Catering (Internal),Office Accomodation,,DM & SL WHITE,72.57,,15/01/2020,,
S0419,Yorkshire Dales National Park Authority,PI141187,Catering (Internal),Dales Countryside Museum,,ELIJAH ALLEN & SON,34.52,,30/01/2020,,
S1470,Yorkshire Dales National Park Authority,PCARD-2020/10,Catering (Internal),Support Services,,LYRECO,133.16,,31/01/2020,,Y
S1470,Yorkshire Dales National Park Authority,PCARD-2020/10,Catering (Internal),Support Services,,LYRECO,317.9,,31/01/2020,,Y
,Yorkshire Dales National Park Authority,PCARD-2020/10,Catering (Internal),Northern Dales (Richmondshire),,THE BAKEWELL MARKETPLACE,14.0,,15/01/2020,,Y
S3290,Yorkshire Dales National Park Authority,PI140929,Catering (Internal),Reeth NPC,,THE GIFT SHOP,28.65,,15/01/2020,,
S0260,Yorkshire Dales National Park Authority,PI140849,Cleaning,Office Accomodation,,BULLOUGHS CLEANING SERVICES LTD,929.17,,15/01/2020,,
S0260,Yorkshire Dales National Park Authority,PI140850,Cleaning,Office Accomodation,,BULLOUGHS CLEANING SERVICES LTD,1324.72,,15/01/2020,,
S1687,Yorkshire Dales National Park Authority,PI141145,Cleaning,Planned Maintenance NPC's,,HARRISON & CROSS LTD,90.0,,30/01/2020,,
S4939,Yorkshire Dales National Park Authority,PI140977,Cleaning,Toilets - Cleaning,,KINGDOM SERVICES GROUP LTD,2333.16,,15/01/2020,,
S4939,Yorkshire Dales National Park Authority,PI140977,Cleaning,NPC General,,KINGDOM SERVICES GROUP LTD,3126.0,,15/01/2020,,
S3784,Yorkshire Dales National Park Authority,PI141013,Cleaning,Office Accomodation,,UK TEA & COFFEE LTD,23.7,,15/01/2020,,
S3784,Yorkshire Dales National Park Authority,PI141013,Cleaning,Office Accomodation,,UK TEA & COFFEE LTD,58.56,,15/01/2020,,
S0022,Yorkshire Dales National Park Authority,PI141041,Cleaning,Office Accomodation,,YORKSHIRE PURCHASING ORGANISATION,65.04,,15/01/2020,,
S0022,Yorkshire Dales National Park Authority,PI141109,Cleaning,Office Accomodation,,YORKSHIRE PURCHASING ORGANISATION,86.72,,30/01/2020,,
S2733,Yorkshire Dales National Park Authority,PI140800,Clothing,Volunteers,,RICHARD SPEAK & CO LTD,549.08,,15/01/2020,,
S2561,Yorkshire Dales National Park Authority,PI140946,Clothing,Contracts - Area Rangers,,THE OUTDOORS COMPANY,8.99,,15/01/2020,,
S2561,Yorkshire Dales National Park Authority,PI141095,Clothing,Contracts - Area Rangers,,THE OUTDOORS COMPANY,8.99,,30/01/2020,,
S2561,Yorkshire Dales National Park Authority,PI141095,Clothing,Contracts - Area Rangers,,THE OUTDOORS COMPANY,72.84,,30/01/2020,,
S2561,Yorkshire Dales National Park Authority,PI140946,Clothing,Contracts - Area Rangers,,THE OUTDOORS COMPANY,109.99,,15/01/2020,,
S2561,Yorkshire Dales National Park Authority,PI140946,Clothing,Contracts - Area Rangers,,THE OUTDOORS COMPANY,109.99,,15/01/2020,,
S2561,Yorkshire Dales National Park Authority,PI140946,Clothing,Contracts - Area Rangers,,THE OUTDOORS COMPANY,219.98,,15/01/2020,,
S2561,Yorkshire Dales National Park Authority,PI140946,Clothing,Contracts - Area Rangers,,THE OUTDOORS COMPANY,219.98,,15/01/2020,,
,Yorkshire Dales National Park Authority,PCARD-2020/10,Conferences and Seminars,Biodiversity,,BOOKWHEN,455.16,,22/01/2020,,Y
S0004,Yorkshire Dales National Park Authority,PI140937,Conferences and Seminars,Member Costs,,BRECON BEACONS NPA,900.0,,15/01/2020,,
S0007,Yorkshire Dales National Park Authority,PI141126,Conferences and Seminars,CEO Administration,,LAKE DISTRICT NPA,33.33,,30/01/2020,,
,Yorkshire Dales National Park Authority,PCARD-2020/10,Conferences and Seminars,Biodiversity,,THE RIVER RESTORATION CENTRE LTD,327.5,,22/01/2020,,Y
S3643,Yorkshire Dales National Park Authority,PI141052,Consultancy,Development Management,,A G & P JACKSON,462.0,,30/01/2020,,
S5486,Yorkshire Dales National Park Authority,PI140759,Consultancy,Development Management,,CARVER BUILDING SURVEYORS,250.0,,06/01/2020,,
S0012,Yorkshire Dales National Park Authority,PI141163,Consultancy,Health & Safety,,NORTH YORKSHIRE COUNTY COUNCIL,2370.0,,30/01/2020,,
S1470,Yorkshire Dales National Park Authority,PCARD-2020/10,Consumables,Office Accomodation,,LYRECO,9.26,,31/01/2020,,Y
S1470,Yorkshire Dales National Park Authority,PCARD-2020/10,Consumables,Dales Countryside Museum,,LYRECO,92.44,,15/01/2020,,Y
S0038,Yorkshire Dales National Park Authority,PI141011,Consumables,Toilets,,TREVOR ILES LTD,62.95,,15/01/2020,,
S0038,Yorkshire Dales National Park Authority,PI140980,Consumables,Office Accomodation,,TREVOR ILES LTD,100.87,,15/01/2020,,
S0038,Yorkshire Dales National Park Authority,PI141011,Consumables,Toilets,,TREVOR ILES LTD,1008.9,,15/01/2020,,
S5493,Yorkshire Dales National Park Authority,PI141002,Contractors (Construction),Historical Environment,,CRAFTSMAN RESTORATION LTD T/A UK RESTORATION SERVI,2802.0,,15/01/2020,,
S1549,Yorkshire Dales National Park Authority,PI141033,Contractors (Construction),Toilets,,H CLARKE & SONS LTD,82.07,,30/01/2020,,
S1549,Yorkshire Dales National Park Authority,PI141033,Contractors (Construction),Toilets,,H CLARKE & SONS LTD,120.0,,30/01/2020,,
S1687,Yorkshire Dales National Park Authority,PI141203,Contractors (Construction),Contracts - Planned Maintenance DCM,,HARRISON & CROSS LTD,175.0,,30/01/2020,,
S5478,Yorkshire Dales National Park Authority,PI141195,Contractors (Construction),Contracts - Planned Maintenance DCM,,MICHAEL THOMPSON LTD,34801.35,,30/01/2020,,
S5478,Yorkshire Dales National Park Authority,PI140806,Contractors (Construction),Contracts - Planned Maintenance DCM,,MICHAEL THOMPSON LTD,55849.55,,15/01/2020,,
S1290,Yorkshire Dales National Park Authority,PI140838,Contractors (Construction),Southern Dales (Craven  Lancs),,REDACTED PERSONAL DATA,200.0,,15/01/2020,,
S4829,Yorkshire Dales National Park Authority,PI141047,Contractors (Construction),Car Parks,,NAGELS UK LIMITED,963.75,,30/01/2020,,
S4045,Yorkshire Dales National Park Authority,PI140836,Contractors (Construction),Pennine Bridleway,,REDACTED PERSONAL DATA,208.33,,06/01/2020,,
S1513,Yorkshire Dales National Park Authority,PI140933,Contractors (Construction),Pennine Bridleway,,STRUCTURAL & CIVIL CONSULTANTS LTD,1350.0,,15/01/2020,,
S5062,Yorkshire Dales National Park Authority,PI141066,Contractors (Others),Outreach,,AGE UK NORTH CRAVEN,200.0,,30/01/2020,,
S5062,Yorkshire Dales National Park Authority,PI141065,Contractors (Others),Outreach,,AGE UK NORTH CRAVEN,200.0,,30/01/2020,,
S5062,Yorkshire Dales National Park Authority,PI141063,Contractors (Others),Outreach,,AGE UK NORTH CRAVEN,200.0,,30/01/2020,,
S5062,Yorkshire Dales National Park Authority,PI141064,Contractors (Others),Outreach,,AGE UK NORTH CRAVEN,200.0,,30/01/2020,,
S5403,Yorkshire Dales National Park Authority,PI141067,Contractors (Others),Development Management,,AGILE APPLICATIONS LIMITED,6750.0,,30/01/2020,,
S5403,Yorkshire Dales National Park Authority,PI140598,Contractors (Others),Development Management,,AGILE APPLICATIONS LIMITED,8150.0,,15/01/2020,,
S4963,Yorkshire Dales National Park Authority,PI141093,Contractors (Others),IT Development,,ALPHA LAN SYSTEMS LTD,2500.0,,30/01/2020,,
S4957,Yorkshire Dales National Park Authority,PI141105,Contractors (Others),Tourism,,"AMANDA BROWN, A2B PR",1000.0,,30/01/2020,,
S0771,Yorkshire Dales National Park Authority,PI141116,Contractors (Others),Contracts - Access Rangers,,ASSURED ENVIRONMENTAL SERVICES LIMITED,90.0,,30/01/2020,,
S0054,Yorkshire Dales National Park Authority,PI141120,Contractors (Others),Interpretation,,AUDIOWORKS (N W) LTD,90.0,,30/01/2020,,
S4553,Yorkshire Dales National Park Authority,PCARD-2020/10,Contractors (Others),Contracts - Planned Maintenance Office,,B&Q PLC,35.0,,22/01/2020,,Y
S4553,Yorkshire Dales National Park Authority,PCARD-2020/10,Contractors (Others),Contracts - Planned Maintenance Office,,B&Q PLC,65.84,,21/01/2020,,Y
S4664,Yorkshire Dales National Park Authority,PI140848,Contractors (Others),Communications,,BOW HOUSE DIGITAL LIMITED,8710.0,,15/01/2020,,
S5371,Yorkshire Dales National Park Authority,PI141108,Contractors (Others),Western Dales (Cumbria),,CBEC ECO-ENGINEERING UK LTD,9943.0,,30/01/2020,,
S0550,Yorkshire Dales National Park Authority,PI141025,Contractors (Others),Dales Countryside Museum,,CURRICULUM KITCHEN,95.76,,15/01/2020,,
S0550,Yorkshire Dales National Park Authority,PI141026,Contractors (Others),Dales Countryside Museum,,CURRICULUM KITCHEN,224.0,,15/01/2020,,
S5544,Yorkshire Dales National Park Authority,PI141136,Contractors (Others),Contracts - Planned Maintenance Office,,DAVE ALDERSON DECORATING,500.0,,30/01/2020,,
S5556,Yorkshire Dales National Park Authority,PI140998,Contractors (Others),Car Parks,,DRAINAGE INVESTIGATIONS & SOLUTIONS NW LTD T/A DRA,280.0,,15/01/2020,,
S2123,Yorkshire Dales National Park Authority,PI140955,Contractors (Others),Dales Countryside Museum,,EVAC & CHAIR INTERNATIONAL LTD,145.0,,15/01/2020,,
S5246,Yorkshire Dales National Park Authority,PI140764,Contractors (Others),Interpretation,,GENEALOGY SUPPLIES (JERSEY) LTD,245.0,,06/01/2020,,
S3511,Yorkshire Dales National Park Authority,PI140763,Contractors (Others),Contracts - Planned Maintenance Office,,J PARFITT PLUMBING & HEATING LTD,259.65,,06/01/2020,,
S3511,Yorkshire Dales National Park Authority,PI140763,Contractors (Others),Contracts - Planned Maintenance Office,,J PARFITT PLUMBING & HEATING LTD,570.0,,06/01/2020,,
S5435,Yorkshire Dales National Park Authority,PI141151,Contractors (Others),Historical Environment,,REDACTED PERSONAL DATA,4350.0,,30/01/2020,,
S0051,Yorkshire Dales National Park Authority,PCARD-2020/10,Contractors (Others),Contracts - Planned Maintenance Office,,MERRITT & FRYERS LTD,14.18,,22/01/2020,,Y
S0051,Yorkshire Dales National Park Authority,PCARD-2020/10,Contractors (Others),Contracts - Planned Maintenance Office,,MERRITT & FRYERS LTD,26.5,,27/01/2020,,Y
S3186,Yorkshire Dales National Park Authority,PI140799,Contractors (Others),Historical Environment,,NORTHERN ARCHAEOLOGICAL ASSOC LTD,1000.0,,06/01/2020,,
S5352,Yorkshire Dales National Park Authority,PI139046,Contractors (Others),Car Parks,,POD POINT LTD,4995.0,,15/01/2020,,
S5352,Yorkshire Dales National Park Authority,PI141046,Contractors (Others),Car Parks,,POD POINT LTD,7435.0,,30/01/2020,,
S3899,Yorkshire Dales National Park Authority,PI141185,Contractors (Others),Car Parks,,SABA PARK SERVICES UK LTD,90.36,,30/01/2020,,
S3899,Yorkshire Dales National Park Authority,PI141174,Contractors (Others),Car Parks,,SABA PARK SERVICES UK LTD,90.36,,30/01/2020,,
S3899,Yorkshire Dales National Park Authority,PI141185,Contractors (Others),Car Parks,,SABA PARK SERVICES UK LTD,2336.66,,30/01/2020,,
S3899,Yorkshire Dales National Park Authority,PI141174,Contractors (Others),Car Parks,,SABA PARK SERVICES UK LTD,2336.66,,30/01/2020,,
S4560,Yorkshire Dales National Park Authority,PI140766,Contractors (Others),Outreach,,REDACTED PERSONAL DATA,300.0,,06/01/2020,,
S3925,Yorkshire Dales National Park Authority,PI141113,Contractors (Others),Interpretation,,THE ARCHIPELAGO,1000.0,,30/01/2020,,
,Yorkshire Dales National Park Authority,PCARD-2020/10,Contractors (Others),Contracts - Planned Maintenance Office,,THE RANGE,16.66,,01/02/2020,,Y
S0137,Yorkshire Dales National Park Authority,PI140682,Contractors (Others),Trees & Woodlands,,WENSLEYDALE TREE & HORTICULTURAL SERVICES LTD,170.0,,06/01/2020,,
S0837,Yorkshire Dales National Park Authority,PI141032,Delivery Charges,Northern Dales (Richmondshire),,JOHN BINNS & SON (SPRINGS) LTD,10.0,,30/01/2020,,
S2434,Yorkshire Dales National Park Authority,PI141012,Delivery Charges,Trading Account,,NORTHERN LIGHT,20.0,,15/01/2020,,
S0264,Yorkshire Dales National Park Authority,PC141147,Distribution,Communications,,ROYAL MAIL GROUP LTD,-253.58,,30/01/2020,,
S5021,Yorkshire Dales National Park Authority,PI140777,Electricity,Office Accomodation,,CORONA ENERGY RETAIL 4 LTD,19.73,,06/01/2020,,
S5021,Yorkshire Dales National Park Authority,PI141072,Electricity,Office Accomodation,,CORONA ENERGY RETAIL 4 LTD,20.37,,30/01/2020,,
S5021,Yorkshire Dales National Park Authority,PI140778,Electricity,Office Accomodation,,CORONA ENERGY RETAIL 4 LTD,27.99,,06/01/2020,,
S5021,Yorkshire Dales National Park Authority,PI141073,Electricity,Office Accomodation,,CORONA ENERGY RETAIL 4 LTD,38.64,,30/01/2020,,
S0225,Yorkshire Dales National Park Authority,PI140789,Electricity,Dales Countryside Museum,,NPOWER LTD,14.72,,06/01/2020,,
S0225,Yorkshire Dales National Park Authority,PI140788,Electricity,Office Accomodation,,NPOWER LTD,22.07,,06/01/2020,,
S0225,Yorkshire Dales National Park Authority,PI140770,Electricity,Toilets,,NPOWER LTD,28.76,,06/01/2020,,
S0225,Yorkshire Dales National Park Authority,PI140780,Electricity,Toilets,,NPOWER LTD,35.87,,06/01/2020,,
S0225,Yorkshire Dales National Park Authority,PI140769,Electricity,Office Accomodation,,NPOWER LTD,39.7,,06/01/2020,,
S0225,Yorkshire Dales National Park Authority,PI140783,Electricity,Contracts - Access Rangers,,NPOWER LTD,44.18,,06/01/2020,,
S0225,Yorkshire Dales National Park Authority,PI140786,Electricity,Toilets,,NPOWER LTD,45.49,,06/01/2020,,
S0225,Yorkshire Dales National Park Authority,PI140767,Electricity,Toilets,,NPOWER LTD,46.28,,06/01/2020,,
S0225,Yorkshire Dales National Park Authority,PI140785,Electricity,Toilets,,NPOWER LTD,47.53,,06/01/2020,,
S0225,Yorkshire Dales National Park Authority,PI140773,Electricity,Toilets,,NPOWER LTD,71.2,,06/01/2020,,
S0225,Yorkshire Dales National Park Authority,PI140772,Electricity,Malham NPC,,NPOWER LTD,83.43,,06/01/2020,,
S0225,Yorkshire Dales National Park Authority,PI140779,Electricity,Toilets,,NPOWER LTD,100.89,,06/01/2020,,
S0225,Yorkshire Dales National Park Authority,PI140782,Electricity,Aysgarth Falls NPC,,NPOWER LTD,166.35,,06/01/2020,,
S0225,Yorkshire Dales National Park Authority,PI140784,Electricity,Grassington NPC,,NPOWER LTD,170.12,,06/01/2020,,
S0225,Yorkshire Dales National Park Authority,PI140790,Electricity,Contracts - Access Rangers,,NPOWER LTD,268.96,,06/01/2020,,
S0225,Yorkshire Dales National Park Authority,PI140781,Electricity,Aysgarth Falls NPC,,NPOWER LTD,360.97,,06/01/2020,,
S0225,Yorkshire Dales National Park Authority,PI140791,Electricity,WMD Westmorland Dales Overheads,,NPOWER LTD,367.16,,15/01/2020,,
S0225,Yorkshire Dales National Park Authority,PI140771,Electricity,Contracts - Access Rangers,,NPOWER LTD,421.3,,06/01/2020,,
S0225,Yorkshire Dales National Park Authority,PI140787,Electricity,Office Accomodation,,NPOWER LTD,496.39,,06/01/2020,,
S0225,Yorkshire Dales National Park Authority,PI140971,Electricity,Dales Countryside Museum,,NPOWER LTD,1194.43,,15/01/2020,,
S0225,Yorkshire Dales National Park Authority,PI140768,Electricity,Office Accomodation,,NPOWER LTD,1337.58,,06/01/2020,,
S5396,Yorkshire Dales National Park Authority,PI140835,Employee Benefits Schemes  Admin Costs,Corporate HR Staff Costs,,AVC WISE LTD,331.44,,06/01/2020,,
S4143,Yorkshire Dales National Park Authority,PI141006,Employee Benefits Schemes  Admin Costs,Corporate HR Staff Costs,,COMPUTERSHARE VOUCHER SERVICES,2.05,,15/01/2020,,
S0123,Yorkshire Dales National Park Authority,PCARD-2020/10,Equipment Hire,Green Lanes,,SIMON WINSTANLEY LTD,30.0,,29/01/2020,,Y
S4821,Yorkshire Dales National Park Authority,PI140970,Equipment Repairs and Maint,Car Parks,,FLOWBIRD SMART CITY UK LIMITED,78.0,,15/01/2020,,
S4821,Yorkshire Dales National Park Authority,PI140986,Equipment Repairs and Maint,Car Parks,,FLOWBIRD SMART CITY UK LIMITED,78.0,,15/01/2020,,
S4821,Yorkshire Dales National Park Authority,PI140970,Equipment Repairs and Maint,Car Parks,,FLOWBIRD SMART CITY UK LIMITED,90.0,,15/01/2020,,
S4821,Yorkshire Dales National Park Authority,PI140986,Equipment Repairs and Maint,Car Parks,,FLOWBIRD SMART CITY UK LIMITED,90.0,,15/01/2020,,
S0045,Yorkshire Dales National Park Authority,PCARD-2020/10,Equipment Repairs and Maint,Health & Safety,,J T ATKINSON & SONS LTD,9.45,,15/01/2020,,Y
S2908,Yorkshire Dales National Park Authority,PI141190,Equipment Repairs and Maint,Pennine way,,P V DOBSON & SONS,429.2,,30/01/2020,,
S5328,Yorkshire Dales National Park Authority,PI141173,Event Leaders,Volunteers,,NAV4 ADVENTURE,299.2,,30/01/2020,,
S4560,Yorkshire Dales National Park Authority,PI140765,Event Leaders,Interpretation,,REDACTED PERSONAL DATA,900.0,,06/01/2020,,
S4141,Yorkshire Dales National Park Authority,PI140839,Gas/ Wood Chip,Dales Countryside Museum,,AMP CLEAN ENERGY,1305.6,,15/01/2020,,
S4141,Yorkshire Dales National Park Authority,PI140697,Gas/ Wood Chip,Dales Countryside Museum,,AMP CLEAN ENERGY,1308.3,,06/01/2020,,
S4141,Yorkshire Dales National Park Authority,PI141001,Gas/ Wood Chip,Dales Countryside Museum,,AMP CLEAN ENERGY,1391.6,,30/01/2020,,
S0357,Yorkshire Dales National Park Authority,PI140994,Gas/ Wood Chip,Office Accomodation,,ELLIS DEAN,100.0,,15/01/2020,,
S0357,Yorkshire Dales National Park Authority,PI140994,Gas/ Wood Chip,Office Accomodation,,ELLIS DEAN,231.0,,15/01/2020,,
S0012,Yorkshire Dales National Park Authority,PCARD-2020/10,General Expenses,Historical Environment,,NORTH YORKSHIRE COUNTY COUNCIL,50.0,,17/01/2020,,Y
S5530,Yorkshire Dales National Park Authority,PI141018,Grants Paid,Sustainable Development,2019-2020,CROSBY RAVENSWORTH PARISH TREE GROUP,6933.3,,15/01/2020,Tree Planting Scheme,
S2160,Yorkshire Dales National Park Authority,PI141115,Grants Paid,Community Wildlife Projects,2019-2020,KILNSEY PARK,400.0,,30/01/2020,Tree Planting   ,
S3044,Yorkshire Dales National Park Authority,PI141138,Grants Paid,Community Wildlife Projects,2019-2020,PLAYAWAY (ESHTON GRANGE),1000.0,1105377.0,30/01/2020,Pool Restoration,
S4397,Yorkshire Dales National Park Authority,PI140927,Grants Paid,National Trails,2019-2020,DERBYSHIRE COUNTY COUNCIL,18667.79,,15/01/2020,Pennine Bridleway Ranger and Maintenance,
S0011,Yorkshire Dales National Park Authority,PI140840,Grants Paid,National Trails,2019-2020,PEAK DISTRICT NATIONAL PARK AUTHORITY,14245.0,,15/01/2020,Pennine Way Ranger,
S4475,Yorkshire Dales National Park Authority,PI140926,Grants Paid,Sustainable Development,2019-2020,GRASSINGTON HUB,675.0,,15/01/2020,Grassington Visitor Map,
S5508,Yorkshire Dales National Park Authority,PI141019,Grants Paid,Sustainable Development,2019-2020,HAWES MARKET HOUSE TRUSTEES,973.39,245038.0,15/01/2020,Hall Refurbishment,
S5295,Yorkshire Dales National Park Authority,PI140909,Grants Paid,Sustainable Development,2019-2020,KIRKBY STEPHEN COMMUNITY ARTS,750.0,1175507.0,15/01/2020,Festival to Celebrate Tour of Britain Cycle Race,
S5450,Yorkshire Dales National Park Authority,PI141114,Grants Paid,Sustainable Development,2019-2020,VICTORIA BENN,1050.0,,30/01/2020,"Fell Running Website, Leaflets, Exhibition",
S3858,Yorkshire Dales National Park Authority,PI140865,Grants Paid,WMD Westmorland Dales Overheads,2019 - 2023,FRIENDS OF THE LAKE DISTRICT,4871.61,1100759.0,06/01/2020,Westmorland Dales Heritage Lottery Projects,
S3858,Yorkshire Dales National Park Authority,PI140851,Grants Paid,WMD Westmorland Dales Overheads,2019 - 2023,FRIENDS OF THE LAKE DISTRICT,9886.96,1100759.0,06/01/2020,Westmorland Dales Heritage Lottery Projects,
S3858,Yorkshire Dales National Park Authority,PI141183,Grants Paid,WMD Westmorland Dales Overheads,2019 - 2023,FRIENDS OF THE LAKE DISTRICT,9931.28,1100759.0,30/01/2020,Westmorland Dales Heritage Lottery Projects,
S0195,Yorkshire Dales National Park Authority,PI141122,Grounds & Estates Maintenance,Car Parks,,METROSIGNS 2000 LTD,12.5,,30/01/2020,,
S0195,Yorkshire Dales National Park Authority,PI141122,Grounds & Estates Maintenance,Car Parks,,METROSIGNS 2000 LTD,94.8,,30/01/2020,,
S1426,Yorkshire Dales National Park Authority,PCARD-2020/10,Health & Safety Equipment,Health & Safety,,AMAZON.CO.UK,11.56,,14/01/2020,,Y
S1426,Yorkshire Dales National Park Authority,PCARD-2020/10,Health & Safety Equipment,Health & Safety,,AMAZON.CO.UK,31.77,,14/01/2020,,Y
,Yorkshire Dales National Park Authority,PCARD-2020/10,Health & Safety Equipment,Health & Safety,,JD SPORTS FASHION PLC,17.86,,13/01/2020,,Y
,Yorkshire Dales National Park Authority,PCARD-2020/10,Health & Safety Equipment,WMD 3.2 Skills for the future,,MEDTREE,42.47,,07/01/2020,,Y
S2505,Yorkshire Dales National Park Authority,PI141096,Health & Safety Equipment,Health & Safety,,POSTURITE,259.5,,30/01/2020,,
,Yorkshire Dales National Park Authority,PCARD-2020/10,Health & Safety Equipment,Health & Safety,,SAFETY BUYER (UK) LTD,56.91,,30/01/2020,,Y
S0285,Yorkshire Dales National Park Authority,PCARD-2020/10,Health & Safety Equipment,Health & Safety,,SCREWFIX DIRECT,47.48,,06/01/2020,,Y
,Yorkshire Dales National Park Authority,PCARD-2020/10,Health & Safety Equipment,Health & Safety,,SPORTS DIRECT,52.99,,30/01/2020,,Y
,Yorkshire Dales National Park Authority,PCARD-2020/10,Health & Safety Equipment,Health & Safety,,SUPERDRUG,21.5,,14/01/2020,,Y
,Yorkshire Dales National Park Authority,PCARD-2020/10,Health & Safety Equipment,Health & Safety,,TESCO,6.04,,12/01/2020,,Y
,Yorkshire Dales National Park Authority,PCARD-2020/10,Health & Safety Equipment,Health & Safety,,TOOLSTATION LTD,34.98,,21/01/2020,,Y
,Yorkshire Dales National Park Authority,PCARD-2020/10,Health & Safety Equipment,Health & Safety,,TOOLSTATION LTD,34.98,,14/01/2020,,Y
,Yorkshire Dales National Park Authority,PCARD-2020/10,Health & Safety Equipment,Health & Safety,,TOOLSTATION LTD,76.52,,22/01/2020,,Y
S0652,Yorkshire Dales National Park Authority,PI140939,Hospitality (External),National Trails,,CORNMILL TEAROOM,99.0,,15/01/2020,,
S0652,Yorkshire Dales National Park Authority,PI140939,Hospitality (External),Historical Environment,,CORNMILL TEAROOM,100.0,,15/01/2020,,
S0652,Yorkshire Dales National Park Authority,PI140939,Hospitality (External),Land Management Partnersips,,CORNMILL TEAROOM,192.5,,15/01/2020,,
S5018,Yorkshire Dales National Park Authority,PI140943,Hospitality (External),Farmed Land,,MILL RACE TEASHOP LIMITED,125.0,,15/01/2020,,
,Yorkshire Dales National Park Authority,PCARD-2020/10,Hospitality (External),Recreational Activity,,PREMIER INN,137.0,,28/01/2020,,Y
S2740,Yorkshire Dales National Park Authority,PI140975,Hospitality (External),Farmed Land,,STREETHEAD INN,124.25,,15/01/2020,,
S2740,Yorkshire Dales National Park Authority,PI140999,Hospitality (External),Farmed Land,,STREETHEAD INN,195.5,,15/01/2020,,
,Yorkshire Dales National Park Authority,PCARD-2020/10,Hospitality (External),CEO Administration,,THE SANDPIPER INN,123.85,,22/01/2020,,Y
S5566,Yorkshire Dales National Park Authority,PI141014,Hospitality (External),Farmed Land,,VILLAGE BAKERY,91.0,,15/01/2020,,
S5445,Yorkshire Dales National Park Authority,PI140804,Insurance,WMD Westmorland Dales Overheads,,MINERVA SIPP,126.8,,15/01/2020,,
,Yorkshire Dales National Park Authority,PCARD-2020/10,IT - Licences,Web Based Services,,DIGITAL OCEAN,75.41,,31/12/2019,,Y
,Yorkshire Dales National Park Authority,PCARD-2020/10,IT - Licences,Web Based Services,,DIGITAL OCEAN,75.55,,31/01/2020,,Y
S3010,Yorkshire Dales National Park Authority,PI140913,IT- Communications,IT Development,,NYNET LTD,7082.5,,15/01/2020,,
S3830,Yorkshire Dales National Park Authority,PI140679,IT- Consumables,IT Development,,CONDOR OFFICE SOLUTIONS,74.0,,15/01/2020,,
S1426,Yorkshire Dales National Park Authority,PCARD-2020/10,IT- Hardware Purchases,IT Development,,AMAZON.CO.UK,5.99,,08/01/2020,,Y
S1426,Yorkshire Dales National Park Authority,PCARD-2020/10,IT- Hardware Purchases,IT Development,,AMAZON.CO.UK,9.99,,08/01/2020,,Y
S1426,Yorkshire Dales National Park Authority,PCARD-2020/10,IT- Hardware Purchases,IT Development,,AMAZON.CO.UK,18.29,,23/01/2020,,Y
S1426,Yorkshire Dales National Park Authority,PCARD-2020/10,IT- Hardware Purchases,Web Based Services,,AMAZON.CO.UK,158.42,,03/01/2020,,Y
S1426,Yorkshire Dales National Park Authority,PCARD-2020/10,IT- Hardware Purchases,IT Development,,AMAZON.CO.UK,179.75,,23/01/2020,,Y
S0245,Yorkshire Dales National Park Authority,PI140956,IT- Hardware Purchases,IT Development,,INSIGHT DIRECT (UK) LTD,160.13,,15/01/2020,,
S0245,Yorkshire Dales National Park Authority,PI141092,IT- Hardware Purchases,IT Development,,INSIGHT DIRECT (UK) LTD,202.84,,30/01/2020,,
S0245,Yorkshire Dales National Park Authority,PI140718,IT- Hardware Purchases,IT Development,,INSIGHT DIRECT (UK) LTD,599.43,,06/01/2020,,
S3593,Yorkshire Dales National Park Authority,PI140903,IT-Software Maintenance,IT Development,,CIVICA UK LTD,407.15,,06/01/2020,,
S3593,Yorkshire Dales National Park Authority,PI140903,IT-Software Maintenance,IT Development,,CIVICA UK LTD,848.72,,06/01/2020,,
S3593,Yorkshire Dales National Park Authority,PI140802,IT-Software Maintenance,IT Development,,CIVICA UK LTD,1290.0,,06/01/2020,,
S3633,Yorkshire Dales National Park Authority,PI140917,IT-Software Maintenance,Retail Services O/H,,INDEPENDENT EQUIPMENT CO,1975.0,,15/01/2020,,
,Yorkshire Dales National Park Authority,PCARD-2020/10,IT-Software Subscriptions,Communications,,ADOBE SYSTEMS SOFTWARE,301.84,,23/01/2020,,Y
,Yorkshire Dales National Park Authority,PCARD-2020/10,IT-Software Subscriptions,Web Based Services,,ADOBE SYSTEMS SOFTWARE,496.94,,12/01/2020,,Y
,Yorkshire Dales National Park Authority,PCARD-2020/10,IT-Websites,Web Based Services,,SURVEY MONKEY,320.0,,26/01/2020,,Y
S5247,Yorkshire Dales National Park Authority,PCARD-2020/10,IT-Websites,Land Management Partnersips,,WEBAHEAD INTERNET LTD,300.0,,08/01/2020,,Y
S3091,Yorkshire Dales National Park Authority,PI141023,Legal Expenses,Legal Services,,LAND REGISTRY - DD,6.0,,20/01/2020,,
S3756,Yorkshire Dales National Park Authority,PI140681,Legal Expenses,Legal Services,,SCARBOROUGH BOROUGH COUNCIL,6.0,,15/01/2020,,
S3756,Yorkshire Dales National Park Authority,PI140680,Legal Expenses,Legal Services,,SCARBOROUGH BOROUGH COUNCIL,665.6,,15/01/2020,,
S3756,Yorkshire Dales National Park Authority,PI140681,Legal Expenses,Legal Services,,SCARBOROUGH BOROUGH COUNCIL,1836.0,,15/01/2020,,
S5571,Yorkshire Dales National Park Authority,PI141088,Materials,Contracts - Planned Maintenance Office,,AGRATECH NW LTD,132.62,,30/01/2020,,
,Yorkshire Dales National Park Authority,PCARD-2020/10,Materials,Contracts - Planned Maintenance Office,,AGRIGEM,48.7,,20/01/2020,,Y
S1426,Yorkshire Dales National Park Authority,PCARD-2020/10,Materials,Tourism,,AMAZON.CO.UK,3.0,,15/01/2020,,Y
S1426,Yorkshire Dales National Park Authority,PCARD-2020/10,Materials,WMD 2.10 A way through from Roman roads to M6,,AMAZON.CO.UK,8.23,,17/01/2020,,Y
S1426,Yorkshire Dales National Park Authority,PCARD-2020/10,Materials,WMD 2.10 A way through from Roman roads to M6,,AMAZON.CO.UK,14.12,,16/01/2020,,Y
S5540,Yorkshire Dales National Park Authority,PI141076,Materials,Ranger Services,,BANK HOUSE FARMS - LECK ESTATE,105.0,,30/01/2020,,
,Yorkshire Dales National Park Authority,PCARD-2020/10,Materials,Health & Safety,,BLACKS,21.0,,22/01/2020,,Y
S2598,Yorkshire Dales National Park Authority,PI141184,Materials,Interpretation,,BRIDGE STREET STONE,2970.0,,30/01/2020,,
S2598,Yorkshire Dales National Park Authority,PI140798,Materials,Northern Dales (Richmondshire),,BRIDGE STREET STONE,4200.0,,06/01/2020,,
S0140,Yorkshire Dales National Park Authority,PCARD-2020/10,Materials,Northern Dales (Richmondshire),,CARRS BILLINGTON AGRICULTURAL (SALES) LTD,16.67,,08/01/2020,,Y
S0140,Yorkshire Dales National Park Authority,PCARD-2020/10,Materials,Northern Dales (Richmondshire),,CARRS BILLINGTON AGRICULTURAL (SALES) LTD,51.25,,21/01/2020,,Y
S0140,Yorkshire Dales National Park Authority,PCARD-2020/10,Materials,Northern Dales (Richmondshire),,CARRS BILLINGTON AGRICULTURAL (SALES) LTD,89.0,,06/01/2020,,Y
S0140,Yorkshire Dales National Park Authority,PCARD-2020/10,Materials,Northern Dales (Richmondshire),,CARRS BILLINGTON AGRICULTURAL (SALES) LTD,95.0,,10/01/2020,,Y
S0140,Yorkshire Dales National Park Authority,PCARD-2020/10,Materials,Green Lanes,,CARRS BILLINGTON AGRICULTURAL (SALES) LTD,257.0,,15/01/2020,,Y
,Yorkshire Dales National Park Authority,PCARD-2020/10,Materials,Dales Countryside Museum,,FORTSPANG,11.0,,16/01/2020,,Y
,Yorkshire Dales National Park Authority,PCARD-2020/10Kim Scholey,Materials,Interpretation,,G B EYE,154.62,,08/01/2020,,Y
,Yorkshire Dales National Park Authority,PCARD-2020/10,Materials,Dales Countryside Museum,,G&N ONLINE SERVICES LTD,3.74,,31/01/2020,,Y
S1687,Yorkshire Dales National Park Authority,PI141024,Materials,Toilets- Planned Maintenance,,HARRISON & CROSS LTD,80.0,,15/01/2020,,
S0058,Yorkshire Dales National Park Authority,PI141149,Materials,Southern Dales (Craven  Lancs),,HARTLINGTON FENCING SUPPLIES,9.4,,30/01/2020,,
S0058,Yorkshire Dales National Park Authority,PI141149,Materials,Southern Dales (Craven  Lancs),,HARTLINGTON FENCING SUPPLIES,9.9,,30/01/2020,,
S0058,Yorkshire Dales National Park Authority,PI141149,Materials,Southern Dales (Craven  Lancs),,HARTLINGTON FENCING SUPPLIES,20.7,,30/01/2020,,
S0058,Yorkshire Dales National Park Authority,PI141149,Materials,Southern Dales (Craven  Lancs),,HARTLINGTON FENCING SUPPLIES,21.0,,30/01/2020,,
S0058,Yorkshire Dales National Park Authority,PI141176,Materials,Southern Dales (Craven  Lancs),,HARTLINGTON FENCING SUPPLIES,26.0,,30/01/2020,,
S0058,Yorkshire Dales National Park Authority,PI141149,Materials,Southern Dales (Craven  Lancs),,HARTLINGTON FENCING SUPPLIES,28.3,,30/01/2020,,
S0058,Yorkshire Dales National Park Authority,PI141176,Materials,Southern Dales (Craven  Lancs),,HARTLINGTON FENCING SUPPLIES,58.0,,30/01/2020,,
S0058,Yorkshire Dales National Park Authority,PI141176,Materials,Southern Dales (Craven  Lancs),,HARTLINGTON FENCING SUPPLIES,75.0,,30/01/2020,,
S0058,Yorkshire Dales National Park Authority,PI141176,Materials,Southern Dales (Craven  Lancs),,HARTLINGTON FENCING SUPPLIES,80.0,,30/01/2020,,
S0058,Yorkshire Dales National Park Authority,PI141176,Materials,Southern Dales (Craven  Lancs),,HARTLINGTON FENCING SUPPLIES,80.8,,30/01/2020,,
S0058,Yorkshire Dales National Park Authority,PI141176,Materials,Southern Dales (Craven  Lancs),,HARTLINGTON FENCING SUPPLIES,83.9,,30/01/2020,,
S0058,Yorkshire Dales National Park Authority,PI141176,Materials,Southern Dales (Craven  Lancs),,HARTLINGTON FENCING SUPPLIES,90.4,,30/01/2020,,
S0058,Yorkshire Dales National Park Authority,PI141176,Materials,Southern Dales (Craven  Lancs),,HARTLINGTON FENCING SUPPLIES,92.0,,30/01/2020,,
S0058,Yorkshire Dales National Park Authority,PI141149,Materials,Southern Dales (Craven  Lancs),,HARTLINGTON FENCING SUPPLIES,95.0,,30/01/2020,,
S0058,Yorkshire Dales National Park Authority,PI141176,Materials,Southern Dales (Craven  Lancs),,HARTLINGTON FENCING SUPPLIES,122.0,,30/01/2020,,
S0058,Yorkshire Dales National Park Authority,PI141176,Materials,Southern Dales (Craven  Lancs),,HARTLINGTON FENCING SUPPLIES,137.5,,30/01/2020,,
S0058,Yorkshire Dales National Park Authority,PI140810,Materials,Southern Dales (Craven  Lancs),,HARTLINGTON FENCING SUPPLIES,141.4,,06/01/2020,,
,Yorkshire Dales National Park Authority,PCARD-2020/10,Materials,Dales Countryside Museum,,HOBBYCRAFT TRADING LIMITED,16.67,,09/01/2020,,Y
,Yorkshire Dales National Park Authority,PCARD-2020/10,Materials,Outreach,,HOLLAND AND BARRATT,28.01,,20/01/2020,,Y
S0045,Yorkshire Dales National Park Authority,PCARD-2020/10,Materials,Northern Dales (Richmondshire),,J T ATKINSON & SONS LTD,4.16,,09/01/2020,,Y
S0045,Yorkshire Dales National Park Authority,PCARD-2020/10,Materials,Northern Dales (Richmondshire),,J T ATKINSON & SONS LTD,5.0,,08/01/2020,,Y
S0045,Yorkshire Dales National Park Authority,PCARD-2020/10,Materials,Northern Dales (Richmondshire),,J T ATKINSON & SONS LTD,5.0,,14/01/2020,,Y
S0045,Yorkshire Dales National Park Authority,PCARD-2020/10,Materials,Northern Dales (Richmondshire),,J T ATKINSON & SONS LTD,6.96,,20/01/2020,,Y
S0045,Yorkshire Dales National Park Authority,PCARD-2020/10,Materials,Northern Dales (Richmondshire),,J T ATKINSON & SONS LTD,15.0,,29/01/2020,,Y
S0045,Yorkshire Dales National Park Authority,PCARD-2020/10,Materials,Northern Dales (Richmondshire),,J T ATKINSON & SONS LTD,19.77,,10/01/2020,,Y
S0045,Yorkshire Dales National Park Authority,PCARD-2020/10,Materials,Contracts - Planned Maintenance Office,,J T ATKINSON & SONS LTD,25.8,,08/01/2020,,Y
S0045,Yorkshire Dales National Park Authority,PCARD-2020/10,Materials,Western Dales (Cumbria),,J T ATKINSON & SONS LTD,26.14,,07/01/2020,,Y
S0045,Yorkshire Dales National Park Authority,PCARD-2020/10,Materials,Northern Dales (Richmondshire),,J T ATKINSON & SONS LTD,32.64,,13/01/2020,,Y
S0045,Yorkshire Dales National Park Authority,PCARD-2020/10,Materials,Contracts - Planned Maintenance Office,,J T ATKINSON & SONS LTD,35.0,,27/01/2020,,Y
S0045,Yorkshire Dales National Park Authority,PCARD-2020/10,Materials,Western Dales (Cumbria),,J T ATKINSON & SONS LTD,37.92,,31/01/2020,,Y
S0045,Yorkshire Dales National Park Authority,PCARD-2020/10,Materials,Western Dales (Cumbria),,J T ATKINSON & SONS LTD,48.45,,14/01/2020,,Y
S0045,Yorkshire Dales National Park Authority,PCARD-2020/10,Materials,Northern Dales (Richmondshire),,J T ATKINSON & SONS LTD,62.58,,21/01/2020,,Y
S0045,Yorkshire Dales National Park Authority,PCARD-2020/10,Materials,Western Dales (Cumbria),,J T ATKINSON & SONS LTD,162.66,,31/01/2020,,Y
S1771,Yorkshire Dales National Park Authority,PCARD-2020/10,Materials,Contracts - Planned Maintenance Office,,JACS (KEIGHLEY) LTD,8.0,,06/01/2020,,Y
S3565,Yorkshire Dales National Park Authority,PI141160,Materials,Northern Dales (Richmondshire),,JIM THOMPSON TRANSPORT LTD,116.1,,30/01/2020,,
S3565,Yorkshire Dales National Park Authority,PI141159,Materials,Northern Dales (Richmondshire),,JIM THOMPSON TRANSPORT LTD,786.76,,30/01/2020,,
S3565,Yorkshire Dales National Park Authority,PI141158,Materials,Green Lanes,,JIM THOMPSON TRANSPORT LTD,801.04,,30/01/2020,,
S0837,Yorkshire Dales National Park Authority,PI141032,Materials,Northern Dales (Richmondshire),,JOHN BINNS & SON (SPRINGS) LTD,455.0,,30/01/2020,,
S2635,Yorkshire Dales National Park Authority,PCARD-2020/10,Materials,Outreach,,JOHN MUIR TRUST,90.0,,14/01/2020,,Y
S5460,Yorkshire Dales National Park Authority,PI141089,Materials,WMD 3.2 Skills for the future,,K & A THOMPSON,120.0,,30/01/2020,,
,Yorkshire Dales National Park Authority,PCARD-2020/10Kim Scholey,Materials,Interpretation,,KITE PACKAGING LTD,16.18,,09/01/2020,,Y
S0051,Yorkshire Dales National Park Authority,PCARD-2020/10,Materials,Outreach,,MERRITT & FRYERS LTD,29.78,,09/01/2020,,Y
S0051,Yorkshire Dales National Park Authority,PCARD-2020/10,Materials,Toilets- Planned Maintenance,,MERRITT & FRYERS LTD,30.89,,09/01/2020,,Y
S0051,Yorkshire Dales National Park Authority,PCARD-2020/10,Materials,Outreach,,MERRITT & FRYERS LTD,136.84,,06/01/2020,,Y
S0195,Yorkshire Dales National Park Authority,PI141178,Materials,Ranger Services,,METROSIGNS 2000 LTD,25.0,,30/01/2020,,
S0195,Yorkshire Dales National Park Authority,PI141178,Materials,Ranger Services,,METROSIGNS 2000 LTD,120.0,,30/01/2020,,
S0195,Yorkshire Dales National Park Authority,PI141178,Materials,Ranger Services,,METROSIGNS 2000 LTD,123.6,,30/01/2020,,
S0195,Yorkshire Dales National Park Authority,PI141178,Materials,Ranger Services,,METROSIGNS 2000 LTD,206.0,,30/01/2020,,
S0195,Yorkshire Dales National Park Authority,PI141178,Materials,Ranger Services,,METROSIGNS 2000 LTD,206.0,,30/01/2020,,
S0195,Yorkshire Dales National Park Authority,PI141178,Materials,Ranger Services,,METROSIGNS 2000 LTD,206.0,,30/01/2020,,
S0195,Yorkshire Dales National Park Authority,PI141178,Materials,Ranger Services,,METROSIGNS 2000 LTD,206.0,,30/01/2020,,
S0195,Yorkshire Dales National Park Authority,PI141178,Materials,Ranger Services,,METROSIGNS 2000 LTD,206.0,,30/01/2020,,
S0195,Yorkshire Dales National Park Authority,PI141178,Materials,Ranger Services,,METROSIGNS 2000 LTD,257.5,,30/01/2020,,
S0195,Yorkshire Dales National Park Authority,PI141178,Materials,Ranger Services,,METROSIGNS 2000 LTD,283.5,,30/01/2020,,
,Yorkshire Dales National Park Authority,PCARD-2020/10,Materials,Outreach,,MORRISONS,5.1,,14/01/2020,,Y
,Yorkshire Dales National Park Authority,PCARD-2020/10,Materials,Dales Countryside Museum,,MY CAKE SUPPLIES LIMITED,4.54,,31/01/2020,,Y
S2785,Yorkshire Dales National Park Authority,PCARD-2020/10,Materials,Toilets- Planned Maintenance,,OLDFIELD LIGHTING SUPPLIES LTD,122.1,,22/01/2020,,Y
S0122,Yorkshire Dales National Park Authority,PI140915,Materials,Green Lanes,,P M IVESON LTD,600.0,,06/01/2020,,
S0354,Yorkshire Dales National Park Authority,PCARD-2020/10,Materials,Northern Dales (Richmondshire),,SAM TURNER & SONS LTD,14.8,,02/01/2020,,Y
S0285,Yorkshire Dales National Park Authority,PCARD-2020/10,Materials,Western Dales (Cumbria),,SCREWFIX DIRECT,47.6,,10/01/2020,,Y
S0052,Yorkshire Dales National Park Authority,PI141166,Materials,Pennine way,,SETTLE COAL COMPANY LTD,3.09,,30/01/2020,,
S0052,Yorkshire Dales National Park Authority,PI141166,Materials,Pennine way,,SETTLE COAL COMPANY LTD,19.5,,30/01/2020,,
S3876,Yorkshire Dales National Park Authority,PI140829,Materials,Southern Dales (Craven  Lancs),,SETTLE DIY LTD,3.29,,06/01/2020,,
S3876,Yorkshire Dales National Park Authority,PI141161,Materials,Southern Dales (Craven  Lancs),,SETTLE DIY LTD,3.29,,30/01/2020,,
S3876,Yorkshire Dales National Park Authority,PI141161,Materials,Pennine way,,SETTLE DIY LTD,4.58,,30/01/2020,,
S3876,Yorkshire Dales National Park Authority,PI141161,Materials,Pennine way,,SETTLE DIY LTD,4.99,,30/01/2020,,
S3876,Yorkshire Dales National Park Authority,PI140829,Materials,Southern Dales (Craven  Lancs),,SETTLE DIY LTD,5.84,,06/01/2020,,
S3876,Yorkshire Dales National Park Authority,PI141161,Materials,Pennine way,,SETTLE DIY LTD,6.52,,30/01/2020,,
S3876,Yorkshire Dales National Park Authority,PI140829,Materials,Southern Dales (Craven  Lancs),,SETTLE DIY LTD,6.58,,06/01/2020,,
S3876,Yorkshire Dales National Park Authority,PI141161,Materials,Pennine way,,SETTLE DIY LTD,8.28,,30/01/2020,,
S3876,Yorkshire Dales National Park Authority,PI140829,Materials,Southern Dales (Craven  Lancs),,SETTLE DIY LTD,9.16,,06/01/2020,,
S4833,Yorkshire Dales National Park Authority,PI140741,Materials,Western Dales (Cumbria),,T W RELPH & SONS LTD,4.5,,06/01/2020,,
S4833,Yorkshire Dales National Park Authority,PI140741,Materials,Western Dales (Cumbria),,T W RELPH & SONS LTD,5.0,,06/01/2020,,
S4833,Yorkshire Dales National Park Authority,PI141039,Materials,WMD 3.2 Skills for the future,,T W RELPH & SONS LTD,5.0,,15/01/2020,,
S4833,Yorkshire Dales National Park Authority,PI140741,Materials,Western Dales (Cumbria),,T W RELPH & SONS LTD,11.0,,06/01/2020,,
S4833,Yorkshire Dales National Park Authority,PI140741,Materials,Western Dales (Cumbria),,T W RELPH & SONS LTD,19.6,,06/01/2020,,
S4833,Yorkshire Dales National Park Authority,PI140741,Materials,Western Dales (Cumbria),,T W RELPH & SONS LTD,27.6,,06/01/2020,,
S4833,Yorkshire Dales National Park Authority,PI141075,Materials,Western Dales (Cumbria),,T W RELPH & SONS LTD,78.0,,30/01/2020,,
S4833,Yorkshire Dales National Park Authority,PI140732,Materials,Western Dales (Cumbria),,T W RELPH & SONS LTD,87.0,,06/01/2020,,
S4833,Yorkshire Dales National Park Authority,PI140732,Materials,Western Dales (Cumbria),,T W RELPH & SONS LTD,91.0,,06/01/2020,,
,Yorkshire Dales National Park Authority,PCARD-2020/10,Materials,Outreach,,TESCO,7.49,,14/01/2020,,Y
S1489,Yorkshire Dales National Park Authority,PI141143,Materials,Dales Countryside Museum,,THE OLD SWEET SHOP HAWES LTD,52.5,,30/01/2020,,
,Yorkshire Dales National Park Authority,PCARD-2020/10,Materials,Contracts - Planned Maintenance Office,,THE SOLAR CENTRE,19.99,,24/01/2020,,Y
S4151,Yorkshire Dales National Park Authority,PI140775,Materials,Southern Dales (Craven  Lancs),,THE WONDER OF WOOD LTD,90.0,,06/01/2020,,
S4151,Yorkshire Dales National Park Authority,PI141031,Materials,Southern Dales (Craven  Lancs),,THE WONDER OF WOOD LTD,90.0,,15/01/2020,,
S4151,Yorkshire Dales National Park Authority,PI141031,Materials,Southern Dales (Craven  Lancs),,THE WONDER OF WOOD LTD,90.0,,15/01/2020,,
S4151,Yorkshire Dales National Park Authority,PI141029,Materials,Pennine Bridleway,,THE WONDER OF WOOD LTD,110.0,,15/01/2020,,
S4151,Yorkshire Dales National Park Authority,PI140775,Materials,Pennine way,,THE WONDER OF WOOD LTD,110.0,,06/01/2020,,
S4151,Yorkshire Dales National Park Authority,PI140775,Materials,Pennine way,,THE WONDER OF WOOD LTD,110.0,,06/01/2020,,
S4151,Yorkshire Dales National Park Authority,PI140775,Materials,Pennine way,,THE WONDER OF WOOD LTD,110.0,,06/01/2020,,
S4151,Yorkshire Dales National Park Authority,PI140775,Materials,Southern Dales (Craven  Lancs),,THE WONDER OF WOOD LTD,110.0,,06/01/2020,,
S4151,Yorkshire Dales National Park Authority,PI140775,Materials,Pennine Bridleway,,THE WONDER OF WOOD LTD,220.0,,06/01/2020,,
S4151,Yorkshire Dales National Park Authority,PI141029,Materials,Southern Dales (Craven  Lancs),,THE WONDER OF WOOD LTD,220.0,,15/01/2020,,
S4151,Yorkshire Dales National Park Authority,PI141031,Materials,Southern Dales (Craven  Lancs),,THE WONDER OF WOOD LTD,236.5,,15/01/2020,,
S4151,Yorkshire Dales National Park Authority,PI141055,Materials,Southern Dales (Craven  Lancs),,THE WONDER OF WOOD LTD,777.94,,30/01/2020,,
,Yorkshire Dales National Park Authority,PCARD-2020/10,Materials,Dales Countryside Museum,,TINYYO LIMITED,16.64,,15/01/2020,,Y
S1426,Yorkshire Dales National Park Authority,PCARD-2020/10,Membership Subscriptions,Dales Countryside Museum,,AMAZON.CO.UK,7.99,,18/01/2020,,Y
S5573,Yorkshire Dales National Park Authority,PI141140,Membership Subscriptions,Historical Environment,,MEDIEVAL SETTLEMENT RESEARCH GROUP,12.0,,30/01/2020,,
S0749,Yorkshire Dales National Park Authority,PI140978,Membership Subscriptions,Trees & Woodlands,,QUANTIFIED TREE RISK ASSESSMENT LTD,128.25,,15/01/2020,,
S2549,Yorkshire Dales National Park Authority,PI140987,Membership Subscriptions,Dales Countryside Museum,,RURAL MUSEUMS NETWORK,25.0,,15/01/2020,,
S3858,Yorkshire Dales National Park Authority,PI140953,Mileage Volunteers,WMD Westmorland Dales Overheads,,FRIENDS OF THE LAKE DISTRICT,23.4,,15/01/2020,,
S0095,Yorkshire Dales National Park Authority,PI140867,Mileage Volunteers,Volunteers,,REDACTED PERSONAL DATA,201.25,,06/01/2020,,
S5204,Yorkshire Dales National Park Authority,PI140853,Mileage Volunteers,Volunteers,,REDACTED PERSONAL DATA,207.62,,06/01/2020,,
S3502,Yorkshire Dales National Park Authority,PI140864,Mileage Volunteers,Volunteers,,REDACTED PERSONAL DATA,211.53,,06/01/2020,,
S4123,Yorkshire Dales National Park Authority,PI141202,Mileage Volunteers,Volunteers,,REDACTED PERSONAL DATA,246.4,,30/01/2020,,
S0435,Yorkshire Dales National Park Authority,PI141198,Mileage Volunteers,Volunteers,,REDACTED PERSONAL DATA,255.2,,30/01/2020,,
S3004,Yorkshire Dales National Park Authority,PI140958,Mobile Phones,Support Services,,EE LIMITED - DD,195.64,,29/01/2020,,
S3004,Yorkshire Dales National Park Authority,PI140587,Mobile Phones,Support Services,,EE LIMITED - DD,533.78,,02/01/2020,,
S2586,Yorkshire Dales National Park Authority,PI140906,Mobile Phones,IT Development,,VODAFONE LTD (CORPORATE),189.81,,15/01/2020,,
S2586,Yorkshire Dales National Park Authority,PI141148,Mobile Phones,Support Services,,VODAFONE LTD (CORPORATE),540.83,,30/01/2020,,
S2586,Yorkshire Dales National Park Authority,PI140908,Mobile Phones,Support Services,,VODAFONE LTD (CORPORATE),571.14,,06/01/2020,,
S0106,Yorkshire Dales National Park Authority,PI141056,Office Furniture,Office Accomodation,,CENTRAL STATIONERS,63.0,,30/01/2020,,
S0854,Yorkshire Dales National Park Authority,PI140844,Offsite Storage,Support Services,,IRON MOUNTAIN,9.44,,15/01/2020,,
S0854,Yorkshire Dales National Park Authority,PI140844,Offsite Storage,Support Services,,IRON MOUNTAIN,15.91,,15/01/2020,,
S0854,Yorkshire Dales National Park Authority,PI140844,Offsite Storage,Support Services,,IRON MOUNTAIN,302.65,,15/01/2020,,
S0854,Yorkshire Dales National Park Authority,PI140844,Offsite Storage,Support Services,,IRON MOUNTAIN,389.99,,15/01/2020,,
,Yorkshire Dales National Park Authority,PCARD-2020/10,Parking,Employees,,ECML,10.0,,29/01/2020,,Y
,Yorkshire Dales National Park Authority,PCARD-2020/10,Parking,Land Management Salaries,,MANCHESTER AIRPORT,43.33,,14/01/2020,,Y
,Yorkshire Dales National Park Authority,PCARD-2020/10,Parking,Employees,,Q PARK,9.8,,17/01/2020,,Y
,Yorkshire Dales National Park Authority,PCARD-2020/10,Postage,National Trails,,HERMES PARCELNET LTD,3.38,,28/01/2020,,Y
S2994,Yorkshire Dales National Park Authority,PI140925,Postage,Office Accomodation,,PURCHASE POWER,516.8,,15/01/2020,,
S0264,Yorkshire Dales National Park Authority,PI141083,Postage,Support Services,,ROYAL MAIL GROUP LTD,46.46,,30/01/2020,,
S0264,Yorkshire Dales National Park Authority,PI140907,Postage,Support Services,,ROYAL MAIL GROUP LTD,230.0,,15/01/2020,,
S0264,Yorkshire Dales National Park Authority,PI141162,Postage,Support Services,,ROYAL MAIL GROUP LTD,787.0,,30/01/2020,,
S5050,Yorkshire Dales National Park Authority,PI140831,Premises Maintenance,Contracts - Planned Maintenance DCM,,DAY CUMMINS LIMITED,984.47,,15/01/2020,,
S2178,Yorkshire Dales National Park Authority,PI140979,Premises Maintenance,Office Accomodation,,GEOWARMTH HEAT PUMPS LTD,390.0,,15/01/2020,,
S1687,Yorkshire Dales National Park Authority,PI141061,Premises Maintenance,Office Accomodation,,HARRISON & CROSS LTD,60.0,,30/01/2020,,
S1687,Yorkshire Dales National Park Authority,PI141062,Premises Maintenance,Dales Countryside Museum,,HARRISON & CROSS LTD,113.7,,30/01/2020,,
S3511,Yorkshire Dales National Park Authority,PI141048,Premises Maintenance,Dales Countryside Museum,,J PARFITT PLUMBING & HEATING LTD,71.65,,30/01/2020,,
S0045,Yorkshire Dales National Park Authority,PCARD-2020/10,Premises Maintenance,Dales Countryside Museum,,J T ATKINSON & SONS LTD,26.01,,16/01/2020,,Y
S0045,Yorkshire Dales National Park Authority,PCARD-2020/10,Premises Maintenance,Dales Countryside Museum,,J T ATKINSON & SONS LTD,29.54,,16/01/2020,,Y
S0012,Yorkshire Dales National Park Authority,PI140808,Premises Maintenance,Workshops,,NORTH YORKSHIRE COUNTY COUNCIL,43.91,,15/01/2020,,
S0012,Yorkshire Dales National Park Authority,PI140808,Premises Maintenance,Malham NPC,,NORTH YORKSHIRE COUNTY COUNCIL,128.9,,15/01/2020,,
S0012,Yorkshire Dales National Park Authority,PI140808,Premises Maintenance,Aysgarth Falls NPC,,NORTH YORKSHIRE COUNTY COUNCIL,150.37,,15/01/2020,,
S0012,Yorkshire Dales National Park Authority,PI140808,Premises Maintenance,Office Accomodation,,NORTH YORKSHIRE COUNTY COUNCIL,275.86,,15/01/2020,,
S0012,Yorkshire Dales National Park Authority,PI140808,Premises Maintenance,Office Accomodation,,NORTH YORKSHIRE COUNTY COUNCIL,289.88,,15/01/2020,,
S0012,Yorkshire Dales National Park Authority,PI140808,Premises Maintenance,Grassington NPC,,NORTH YORKSHIRE COUNTY COUNCIL,445.18,,15/01/2020,,
S5522,Yorkshire Dales National Park Authority,PI141040,Premises Maintenance,Office Accomodation,,PARK END ELECTRICALS LTD,240.0,,30/01/2020,,
S5522,Yorkshire Dales National Park Authority,PI141040,Premises Maintenance,Office Accomodation,,PARK END ELECTRICALS LTD,337.5,,30/01/2020,,
S1426,Yorkshire Dales National Park Authority,PCARD-2020/10,Printing,Dales Countryside Museum,,AMAZON.CO.UK,3.82,,28/01/2020,,Y
S2556,Yorkshire Dales National Park Authority,PI141051,Printing,Recreational Activity,,ANDREW LATHWELL DESIGN LTD,397.0,,30/01/2020,,
,Yorkshire Dales National Park Authority,PCARD-2020/10Kim Scholey,Printing,Interpretation,,MOO PRINT LIMITED,404.17,,08/01/2020,,Y
S0012,Yorkshire Dales National Park Authority,PI141020,Printing,Member Costs,,NORTH YORKSHIRE COUNTY COUNCIL,71.0,,15/01/2020,,
S0219,Yorkshire Dales National Park Authority,PI141078,Printing,Interpretation,,WENSLEYDALE PRESS,36.0,,30/01/2020,,
S0219,Yorkshire Dales National Park Authority,PI141079,Printing,Dales Countryside Museum,,WENSLEYDALE PRESS,40.5,,30/01/2020,,
S0219,Yorkshire Dales National Park Authority,PI140914,Printing,Support Services,,WENSLEYDALE PRESS,103.0,,06/01/2020,,
S1823,Yorkshire Dales National Park Authority,PI141068,Professional Fees,Ranger Services,,LANCASHIRE COUNTY COUNCIL,227.0,,30/01/2020,,
S4640,Yorkshire Dales National Park Authority,PI141130,Property Rental,Contracts - Access Rangers,,SILVER YARD,333.33,,30/01/2020,,
S2905,Yorkshire Dales National Park Authority,PI140830,Property Rental,Contracts - Access Rangers,,CARTER TOWLER LTD,616.67,,06/01/2020,,
S2905,Yorkshire Dales National Park Authority,PI141154,Property Rental,Contracts - Access Rangers,,CARTER TOWLER LTD,616.67,,30/01/2020,,
S4217,Yorkshire Dales National Park Authority,PI140954,Public Transport,Employees,,CLARITY TRAVEL MANAGEMENT,-125.85,,15/01/2020,,
S4217,Yorkshire Dales National Park Authority,PI140954,Public Transport,Salaries Historic Environment,,CLARITY TRAVEL MANAGEMENT,12.3,,15/01/2020,,
S4217,Yorkshire Dales National Park Authority,PI140954,Public Transport,Salaries ROW,,CLARITY TRAVEL MANAGEMENT,18.2,,15/01/2020,,
S4217,Yorkshire Dales National Park Authority,PI140954,Public Transport,Land Management Salaries,,CLARITY TRAVEL MANAGEMENT,29.6,,15/01/2020,,
S4217,Yorkshire Dales National Park Authority,PI140954,Public Transport,Employees,,CLARITY TRAVEL MANAGEMENT,51.4,,15/01/2020,,
S4217,Yorkshire Dales National Park Authority,PI140954,Public Transport,Apprenticeships,,CLARITY TRAVEL MANAGEMENT,137.2,,15/01/2020,,
S3858,Yorkshire Dales National Park Authority,PI140952,Public Transport,WMD Westmorland Dales Overheads,,FRIENDS OF THE LAKE DISTRICT,639.7,,15/01/2020,,
S5523,Yorkshire Dales National Park Authority,PI140776,Public Transport,WMD 3.6 Celebrating and engaging,,KIRKBY STEPHEN PRIMARY SCHOOL,115.0,,06/01/2020,,
,Yorkshire Dales National Park Authority,PCARD-2020/10,Public Transport,Retail Services O/H,,TRAINLINE,68.1,,07/01/2020,,Y
,Yorkshire Dales National Park Authority,PCARD-2020/10,Public Transport,Employees,,TRANSPORT FOR LONDON,25.0,,23/01/2020,,Y
,Yorkshire Dales National Park Authority,PCARD-2020/10,Public Transport,Employees,,TRANSPORT FOR LONDON,40.0,,31/01/2020,,Y
,Yorkshire Dales National Park Authority,PCARD-2020/10,Public Transport,Employees,,TRANSPORT FOR LONDON,40.0,,18/01/2020,,Y
S4217,Yorkshire Dales National Park Authority,PI140954,Public Transport Members,Member Costs,,CLARITY TRAVEL MANAGEMENT,-60.1,,15/01/2020,,
S3485,Yorkshire Dales National Park Authority,CDC 50005325651 10/2020,Rates,Car Parks,,CRAVEN DISTRICT COUNCIL - RATES DD,144.0,,02/01/2020,,
S3485,Yorkshire Dales National Park Authority,CDC 50006368798 10/2020,Rates,Car Parks,,CRAVEN DISTRICT COUNCIL - RATES DD,178.0,,02/01/2020,,
S3485,Yorkshire Dales National Park Authority,CDC 50005317557 10/2020,Rates,Malham NPC,,CRAVEN DISTRICT COUNCIL - RATES DD,183.0,,02/01/2020,,
S3485,Yorkshire Dales National Park Authority,CDC 50006368742 10/2020,Rates,Toilets,,CRAVEN DISTRICT COUNCIL - RATES DD,189.84,,02/01/2020,,
S3485,Yorkshire Dales National Park Authority,CDC 50002987959 10/2020,Rates,Contracts - Access Rangers,,CRAVEN DISTRICT COUNCIL - RATES DD,243.0,,02/01/2020,,
S3485,Yorkshire Dales National Park Authority,CDC 50005318857 10/2020,Rates,Grassington NPC,,CRAVEN DISTRICT COUNCIL - RATES DD,255.0,,02/01/2020,,
S3485,Yorkshire Dales National Park Authority,CDC 500055322753 10/2020,Rates,Toilets,,CRAVEN DISTRICT COUNCIL - RATES DD,260.0,,02/01/2020,,
S3485,Yorkshire Dales National Park Authority,CDC 50006368789 10/2020,Rates,Toilets,,CRAVEN DISTRICT COUNCIL - RATES DD,340.34,,02/01/2020,,
S3485,Yorkshire Dales National Park Authority,CDC 50006368751  10/2020,Rates,Car Parks,,CRAVEN DISTRICT COUNCIL - RATES DD,523.0,,02/01/2020,,
S3485,Yorkshire Dales National Park Authority,CDC 50006368742 10/2020,Rates,Car Parks,,CRAVEN DISTRICT COUNCIL - RATES DD,601.16,,02/01/2020,,
S3485,Yorkshire Dales National Park Authority,CDC 50006368760 10/2020,Rates,Car Parks,,CRAVEN DISTRICT COUNCIL - RATES DD,678.0,,02/01/2020,,
S3485,Yorkshire Dales National Park Authority,CDC 50005331156  10/2020,Rates,Car Parks,,CRAVEN DISTRICT COUNCIL - RATES DD,730.0,,02/01/2020,,
S3485,Yorkshire Dales National Park Authority,CDC 50006368789 10/2020,Rates,Car Parks,,CRAVEN DISTRICT COUNCIL - RATES DD,1206.66,,02/01/2020,,
S3485,Yorkshire Dales National Park Authority,CDC 50005333756  10/2020,Rates,Office Accomodation,,CRAVEN DISTRICT COUNCIL - RATES DD,1473.0,,02/01/2020,,
S3485,Yorkshire Dales National Park Authority,CDC 50005323051 10/2020,Rates,Car Parks,,CRAVEN DISTRICT COUNCIL - RATES DD,2210.0,,02/01/2020,,
S0803,Yorkshire Dales National Park Authority,EDC 3022589 10/2020,Rates,Contracts - Access Rangers,,EDEN DISTRICT COUNCIL,115.0,,20/01/2020,,
S0803,Yorkshire Dales National Park Authority,EDC   40242369 10/2020,Rates,WMD Westmorland Dales Overheads,,EDEN DISTRICT COUNCIL,338.0,,20/01/2020,,
S3484,Yorkshire Dales National Park Authority,RDC N044090007  10/2020,Rates,Aysgarth Falls NPC,,RICHMONDSHIRE DISTRICT COUNCIL - RATES DD,95.81,,02/01/2020,,
S3484,Yorkshire Dales National Park Authority,RDC N051177005  10/2020,Rates,Toilets,,RICHMONDSHIRE DISTRICT COUNCIL - RATES DD,140.0,,02/01/2020,,
S3484,Yorkshire Dales National Park Authority,RDC N044090007  10/2020,Rates,Toilets,,RICHMONDSHIRE DISTRICT COUNCIL - RATES DD,169.51,,02/01/2020,,
S3484,Yorkshire Dales National Park Authority,RDC N044090007 10/2020,Rates,Car Parks,,RICHMONDSHIRE DISTRICT COUNCIL - RATES DD,206.36,,02/01/2020,,
S3484,Yorkshire Dales National Park Authority,RDC N04569000 10/2020,Rates,Contracts - Access Rangers,,RICHMONDSHIRE DISTRICT COUNCIL - RATES DD,265.0,,02/01/2020,,
S3484,Yorkshire Dales National Park Authority,RDC N044090007  10/2020,Rates,Aysgarth Falls NPC,,RICHMONDSHIRE DISTRICT COUNCIL - RATES DD,265.32,,02/01/2020,,
S3484,Yorkshire Dales National Park Authority,RDC N003069007 10/2020,Rates,Car Parks,,RICHMONDSHIRE DISTRICT COUNCIL - RATES DD,1212.4,,02/01/2020,,
S3484,Yorkshire Dales National Park Authority,RDC N003069007 11/2020,Rates,Car Parks,,RICHMONDSHIRE DISTRICT COUNCIL - RATES DD,1212.4,,02/01/2020,,
S3484,Yorkshire Dales National Park Authority,RDC N084911002 10/2020,Rates,Office Accomodation,,RICHMONDSHIRE DISTRICT COUNCIL - RATES DD,2406.0,,02/01/2020,,
S3484,Yorkshire Dales National Park Authority,RDC N003069007 10/2020,Rates,Dales Countryside Museum,,RICHMONDSHIRE DISTRICT COUNCIL - RATES DD,4849.6,,02/01/2020,,
S3484,Yorkshire Dales National Park Authority,RDC N003069007 11/2020,Rates,Dales Countryside Museum,,RICHMONDSHIRE DISTRICT COUNCIL - RATES DD,4849.6,,02/01/2020,,
S3516,Yorkshire Dales National Park Authority,PI141060,Recruitment Costs,Corporate HR Staff Costs,,RETOX DIGITAL LTD,400.0,,30/01/2020,,
S5448,Yorkshire Dales National Park Authority,PI140940,Recruitment Costs,Corporate HR Staff Costs,,WR GROUP LTD T/A WEBRECRUIT,275.0,,15/01/2020,,
S5448,Yorkshire Dales National Park Authority,PI141084,Recruitment Costs,Corporate HR Staff Costs,,WR GROUP LTD T/A WEBRECRUIT,275.0,,30/01/2020,,
S5448,Yorkshire Dales National Park Authority,PI141091,Recruitment Costs,Corporate HR Staff Costs,,WR GROUP LTD T/A WEBRECRUIT,290.0,,30/01/2020,,
S5448,Yorkshire Dales National Park Authority,PI141156,Recruitment Costs,Corporate HR Staff Costs,,WR GROUP LTD T/A WEBRECRUIT,375.0,,30/01/2020,,
S5448,Yorkshire Dales National Park Authority,PI141074,Recruitment Costs,Corporate HR Staff Costs,,WR GROUP LTD T/A WEBRECRUIT,469.0,,30/01/2020,,
S5448,Yorkshire Dales National Park Authority,PI141157,Recruitment Costs,Corporate HR Staff Costs,,WR GROUP LTD T/A WEBRECRUIT,495.0,,30/01/2020,,
S4929,Yorkshire Dales National Park Authority,PI141119,Research & Surveys,Tourism,,INFORMATION BY DESIGN LTD,4575.0,,30/01/2020,,
S3091,Yorkshire Dales National Park Authority,PI140727,Research & Surveys,Development Management,,LAND REGISTRY - DD,3.0,,02/01/2020,,
S3091,Yorkshire Dales National Park Authority,PI140727,Research & Surveys,Development Management,,LAND REGISTRY - DD,6.0,,02/01/2020,,
S3091,Yorkshire Dales National Park Authority,PI140811,Research & Surveys,Development Management,,LAND REGISTRY - DD,6.0,,02/01/2020,,
S4622,Yorkshire Dales National Park Authority,PI141146,Retail Stock Clothing VAT,Trading Account,,LOGO AND STITCH,20.86,,30/01/2020,,
S4622,Yorkshire Dales National Park Authority,PI140812,Retail Stock Clothing VAT,Trading Account,,LOGO AND STITCH,133.39,,15/01/2020,,
S2211,Yorkshire Dales National Park Authority,PI140910,Retail Stock Clothing VAT,Trading Account,,RALAWISE,519.84,,15/01/2020,,
S0580,Yorkshire Dales National Park Authority,PI141070,Retail Stock Maps Non-VAT,Trading Account,,CARDTOONS PUBLICATIONS LTD,59.4,,30/01/2020,,
S1458,Yorkshire Dales National Park Authority,PI141141,Retail Stock Publications Non-VAT,Trading Account,,NORTH CRAVEN HERITAGE TRUST,120.0,,30/01/2020,,
S4842,Yorkshire Dales National Park Authority,PI140807,Retail Stock Publications Non-VAT,Trading Account,,OUTSTANDING MAP DISTRIBUTORS LTD,23.96,,15/01/2020,,
S5549,Yorkshire Dales National Park Authority,PI140976,Retail Stock Publications Non-VAT,Trading Account,,THE ALKELDA PRESS - GIGGLESWICK PCC,50.4,,15/01/2020,,
S0393,Yorkshire Dales National Park Authority,PI141000,Retail Stock Souvenirs,Trading Account,,AJ PROMOTIONS,539.2,,15/01/2020,,
S0580,Yorkshire Dales National Park Authority,PI141069,Retail Stock Souvenirs,Trading Account,,CARDTOONS PUBLICATIONS LTD,278.28,,30/01/2020,,
S0580,Yorkshire Dales National Park Authority,PI141070,Retail Stock Souvenirs,Trading Account,,CARDTOONS PUBLICATIONS LTD,788.08,,30/01/2020,,
S0243,Yorkshire Dales National Park Authority,PI140822,Retail Stock Souvenirs,Trading Account,,REDACTED PERSONAL DATA,511.0,,15/01/2020,,
S0708,Yorkshire Dales National Park Authority,PI141135,Retail Stock Souvenirs,Trading Account,,FARRAH'S OF HARROGATE,270.55,,30/01/2020,,
S2434,Yorkshire Dales National Park Authority,PI141012,Retail Stock Souvenirs,Trading Account,,NORTHERN LIGHT,433.5,,15/01/2020,,
S5368,Yorkshire Dales National Park Authority,PI141134,Retail Stock Souvenirs,Trading Account,,THE MILFORD COLLECTION,1011.91,,30/01/2020,,
S0223,Yorkshire Dales National Park Authority,PI140834,Security,Contracts - Access Rangers,,MONKS SECURITY SYSTEMS,270.0,,15/01/2020,,
S0223,Yorkshire Dales National Park Authority,PI141022,Security,Malham NPC,,MONKS SECURITY SYSTEMS,395.0,,15/01/2020,,
S0563,Yorkshire Dales National Park Authority,PI140731,Security,Dales Countryside Museum,,POINTER LTD,73.16,,06/01/2020,,
S0563,Yorkshire Dales National Park Authority,PI140972,Security,Dales Countryside Museum,,POINTER LTD,796.9,,30/01/2020,,
S1854,Yorkshire Dales National Park Authority,PI141005,Security,Ranger Services,,SMARTWATER TECHNOLOGY LTD,75.0,,15/01/2020,,
S4877,Yorkshire Dales National Park Authority,PI140936,Service Agreements,Partnership Centres,,KIRKBY LONSDALE AND LUNE VALLEY CIC,5000.0,,15/01/2020,,
S0012,Yorkshire Dales National Park Authority,PI141082,Service Agreements,Support Services,,NORTH YORKSHIRE COUNTY COUNCIL,810.0,,30/01/2020,,
S4826,Yorkshire Dales National Park Authority,PI140774,Signage and Displays,WMD Westmorland Dales Overheads,,ABSOLUTE DIGITAL PRINT LTD,13.0,,06/01/2020,,
S4826,Yorkshire Dales National Park Authority,PI140774,Signage and Displays,WMD Westmorland Dales Overheads,,ABSOLUTE DIGITAL PRINT LTD,32.0,,06/01/2020,,
S4826,Yorkshire Dales National Park Authority,PI140805,Signage and Displays,WMD Westmorland Dales Overheads,,ABSOLUTE DIGITAL PRINT LTD,35.0,,06/01/2020,,
S4826,Yorkshire Dales National Park Authority,PI140774,Signage and Displays,WMD Westmorland Dales Overheads,,ABSOLUTE DIGITAL PRINT LTD,56.0,,06/01/2020,,
S4826,Yorkshire Dales National Park Authority,PI140805,Signage and Displays,WMD Westmorland Dales Overheads,,ABSOLUTE DIGITAL PRINT LTD,72.0,,06/01/2020,,
S4826,Yorkshire Dales National Park Authority,PI140774,Signage and Displays,WMD Westmorland Dales Overheads,,ABSOLUTE DIGITAL PRINT LTD,252.0,,06/01/2020,,
S4826,Yorkshire Dales National Park Authority,PI140774,Signage and Displays,WMD Westmorland Dales Overheads,,ABSOLUTE DIGITAL PRINT LTD,270.0,,06/01/2020,,
S1426,Yorkshire Dales National Park Authority,PCARD-2020/10,Signage and Displays,Dales Countryside Museum,,AMAZON.CO.UK,3.33,,15/01/2020,,Y
S1426,Yorkshire Dales National Park Authority,PCARD-2020/10,Signage and Displays,Retail Services O/H,,AMAZON.CO.UK,23.71,,21/01/2020,,Y
S3239,Yorkshire Dales National Park Authority,PI141057,Signage and Displays,Interpretation,,ANGLEZARKE DIXON ASSOCIATES LTD,360.0,,30/01/2020,,
,Yorkshire Dales National Park Authority,PCARD-2020/10,Signage and Displays,Dales Countryside Museum,,DISPLAY STANDS LTD,6.56,,08/01/2020,,Y
,Yorkshire Dales National Park Authority,PCARD-2020/10,Signage and Displays,Interpretation,,G B EYE,353.26,,02/01/2020,,Y
S0503,Yorkshire Dales National Park Authority,PI141123,Signage and Displays,Interpretation,,HEADLAND DESIGN ASSOCIATES,1540.0,,30/01/2020,,
S0503,Yorkshire Dales National Park Authority,PI141124,Signage and Displays,Interpretation,,HEADLAND DESIGN ASSOCIATES,2480.0,,30/01/2020,,
S0503,Yorkshire Dales National Park Authority,PI141125,Signage and Displays,Interpretation,,HEADLAND DESIGN ASSOCIATES,2740.0,,30/01/2020,,
S0503,Yorkshire Dales National Park Authority,PI140988,Signage and Displays,Interpretation,,HEADLAND DESIGN ASSOCIATES,4180.0,,15/01/2020,,
S5548,Yorkshire Dales National Park Authority,PI140938,Signage and Displays,Dales Countryside Museum,,MARCLEM ENGINEERING SERVICES,281.0,,15/01/2020,,
S1470,Yorkshire Dales National Park Authority,PCARD-2020/10,Stationery,WMD Westmorland Dales Overheads,,LYRECO,70.49,,31/01/2020,,Y
S1470,Yorkshire Dales National Park Authority,PCARD-2020/10,Stationery,Support Services,,LYRECO,120.16,,31/01/2020,,Y
S1470,Yorkshire Dales National Park Authority,PCARD-2020/10,Stationery,Support Services,,LYRECO,380.25,,31/01/2020,,Y
S0022,Yorkshire Dales National Park Authority,PI141041,Stationery,Support Services,,YORKSHIRE PURCHASING ORGANISATION,11.55,,15/01/2020,,
S0022,Yorkshire Dales National Park Authority,PI141110,Stationery,Support Services,,YORKSHIRE PURCHASING ORGANISATION,19.4,,30/01/2020,,
S0022,Yorkshire Dales National Park Authority,PI141110,Stationery,Support Services,,YORKSHIRE PURCHASING ORGANISATION,19.4,,30/01/2020,,
S4217,Yorkshire Dales National Park Authority,PI140954,Subsistence,Apprenticeships,,CLARITY TRAVEL MANAGEMENT,150.98,,15/01/2020,,
S3433,Yorkshire Dales National Park Authority,PCARD-2020/10,Subsistence,Employees,,DALES BIKE CENTRE,44.35,,23/01/2020,,Y
,Yorkshire Dales National Park Authority,PCARD-2020/10,Subsistence,Employees,,LNER,2.1,,29/01/2020,,Y
,Yorkshire Dales National Park Authority,PCARD-2020/10,Subsistence,Employees,,LNER,6.35,,29/01/2020,,Y
,Yorkshire Dales National Park Authority,PCARD-2020/10,Subsistence,Employees,,MARTON ARMS HOTEL,24.92,,16/01/2020,,Y
,Yorkshire Dales National Park Authority,PCARD-2020/10,Subsistence,Employees,,MCDONALD'S RESTAURANTS LIMITED,5.77,,17/01/2020,,Y
S5053,Yorkshire Dales National Park Authority,PI140898,Telephone,IT Development,,ASPIRE TECHNOLOGY SOLUTIONS LIMITED,100.0,,15/01/2020,,
S5053,Yorkshire Dales National Park Authority,PI141085,Telephone,IT Development,,ASPIRE TECHNOLOGY SOLUTIONS LIMITED,108.0,,30/01/2020,,
S5053,Yorkshire Dales National Park Authority,PI140947,Telephone,IT Development,,ASPIRE TECHNOLOGY SOLUTIONS LIMITED,1048.53,,15/01/2020,,
S0023,Yorkshire Dales National Park Authority,PC140751,Telephone,IT Development,,BRITISH TELECOM PLC - DD,-33.14,,29/01/2020,,
S0023,Yorkshire Dales National Park Authority,PI140973,Telephone,IT Development,,BRITISH TELECOM PLC - DD,237.42,,14/01/2020,,
S4082,Yorkshire Dales National Park Authority,PI141003,Telephone,IT Development,,COMCENTRIX LTD T/A FREECOMM SERVICES,45.1,,15/01/2020,,
S4082,Yorkshire Dales National Park Authority,PI140695,Telephone,IT Development,,COMCENTRIX LTD T/A FREECOMM SERVICES,77.04,,06/01/2020,,
S0242,Yorkshire Dales National Park Authority,PI141030,Telephone,Reeth NPC,,HUDSON HOUSE LTD,356.5,,15/01/2020,,
S5286,Yorkshire Dales National Park Authority,PCARD-2020/10,Tools & Office Equipment,Western Dales (Cumbria),,ACE FIXINGS (CUMBRIA) LTD,49.28,,11/01/2020,,Y
S1426,Yorkshire Dales National Park Authority,PCARD-2020/10,Tools & Office Equipment,Office Accomodation,,AMAZON.CO.UK,18.73,,27/01/2020,,Y
S1426,Yorkshire Dales National Park Authority,PCARD-2020/10,Tools & Office Equipment,Contracts - Access Rangers,,AMAZON.CO.UK,21.48,,24/01/2020,,Y
S1426,Yorkshire Dales National Park Authority,PCARD-2020/10,Tools & Office Equipment,Contracts - Access Rangers,,AMAZON.CO.UK,179.75,,23/01/2020,,Y
S1339,Yorkshire Dales National Park Authority,PI140935,Tools & Office Equipment,WMD 3.2 Skills for the future,,ARCO LTD,13.48,,15/01/2020,,
S1339,Yorkshire Dales National Park Authority,PI140935,Tools & Office Equipment,WMD 3.2 Skills for the future,,ARCO LTD,22.32,,15/01/2020,,
S1339,Yorkshire Dales National Park Authority,PI140935,Tools & Office Equipment,WMD 3.2 Skills for the future,,ARCO LTD,34.96,,15/01/2020,,
S1339,Yorkshire Dales National Park Authority,PI140935,Tools & Office Equipment,WMD 3.2 Skills for the future,,ARCO LTD,122.84,,15/01/2020,,
S5040,Yorkshire Dales National Park Authority,PI141021,Tools & Office Equipment,Retail Services O/H,,DEMPSON LTD,12.5,,30/01/2020,,
S5040,Yorkshire Dales National Park Authority,PI141021,Tools & Office Equipment,Retail Services O/H,,DEMPSON LTD,56.0,,30/01/2020,,
S5040,Yorkshire Dales National Park Authority,PI141021,Tools & Office Equipment,Retail Services O/H,,DEMPSON LTD,353.94,,30/01/2020,,
S5040,Yorkshire Dales National Park Authority,PI140694,Tools & Office Equipment,Retail Services O/H,,DEMPSON LTD,823.88,,06/01/2020,,
S5558,Yorkshire Dales National Park Authority,PI141080,Tools & Office Equipment,WMD 3.2 Skills for the future,,G&E AUTOMATIC EQUIPMENT LTD,670.0,,30/01/2020,,
S5418,Yorkshire Dales National Park Authority,PI141042,Tools & Office Equipment,WMD 3.2 Skills for the future,,H PIGNEY & SON,0.58,,15/01/2020,,
S5418,Yorkshire Dales National Park Authority,PI141042,Tools & Office Equipment,WMD 3.2 Skills for the future,,H PIGNEY & SON,0.84,,15/01/2020,,
S5418,Yorkshire Dales National Park Authority,PI141042,Tools & Office Equipment,WMD 3.2 Skills for the future,,H PIGNEY & SON,1.83,,15/01/2020,,
S5418,Yorkshire Dales National Park Authority,PI141042,Tools & Office Equipment,WMD 3.2 Skills for the future,,H PIGNEY & SON,2.04,,15/01/2020,,
S5418,Yorkshire Dales National Park Authority,PI141042,Tools & Office Equipment,WMD 3.2 Skills for the future,,H PIGNEY & SON,3.0,,15/01/2020,,
S5418,Yorkshire Dales National Park Authority,PI141042,Tools & Office Equipment,WMD 3.2 Skills for the future,,H PIGNEY & SON,3.48,,15/01/2020,,
S5418,Yorkshire Dales National Park Authority,PI141042,Tools & Office Equipment,WMD 3.2 Skills for the future,,H PIGNEY & SON,4.99,,15/01/2020,,
S5418,Yorkshire Dales National Park Authority,PI141042,Tools & Office Equipment,WMD 3.2 Skills for the future,,H PIGNEY & SON,4.99,,15/01/2020,,
S5418,Yorkshire Dales National Park Authority,PI141042,Tools & Office Equipment,WMD 3.2 Skills for the future,,H PIGNEY & SON,6.67,,15/01/2020,,
S5418,Yorkshire Dales National Park Authority,PI141042,Tools & Office Equipment,WMD 3.2 Skills for the future,,H PIGNEY & SON,11.25,,15/01/2020,,
S5418,Yorkshire Dales National Park Authority,PI141042,Tools & Office Equipment,WMD 3.2 Skills for the future,,H PIGNEY & SON,13.67,,15/01/2020,,
S5418,Yorkshire Dales National Park Authority,PI141042,Tools & Office Equipment,WMD 3.2 Skills for the future,,H PIGNEY & SON,20.32,,15/01/2020,,
S0045,Yorkshire Dales National Park Authority,PCARD-2020/10,Tools & Office Equipment,Office Accomodation,,J T ATKINSON & SONS LTD,26.88,,10/01/2020,,Y
,Yorkshire Dales National Park Authority,PCARD-2020/10,Tools & Office Equipment,Western Dales (Cumbria),,LUNESDALE HOME AND GARDEN,4.19,,14/01/2020,,Y
S1470,Yorkshire Dales National Park Authority,PCARD-2020/10,Tools & Office Equipment,Support Services,,LYRECO,9.28,,31/01/2020,,Y
S0123,Yorkshire Dales National Park Authority,PCARD-2020/10,Tools & Office Equipment,Northern Dales (Richmondshire),,SIMON WINSTANLEY LTD,76.87,,28/01/2020,,Y
S4833,Yorkshire Dales National Park Authority,PI141039,Tools & Office Equipment,WMD 3.2 Skills for the future,,T W RELPH & SONS LTD,10.0,,15/01/2020,,
S4833,Yorkshire Dales National Park Authority,PI141039,Tools & Office Equipment,WMD 3.2 Skills for the future,,T W RELPH & SONS LTD,19.0,,15/01/2020,,
S4833,Yorkshire Dales National Park Authority,PI141039,Tools & Office Equipment,WMD 3.2 Skills for the future,,T W RELPH & SONS LTD,26.0,,15/01/2020,,
S4833,Yorkshire Dales National Park Authority,PI141039,Tools & Office Equipment,WMD 3.2 Skills for the future,,T W RELPH & SONS LTD,27.0,,15/01/2020,,
,Yorkshire Dales National Park Authority,PCARD-2020/10,Tools & Office Equipment,Southern Dales (Craven  Lancs),,TOOLSTATION LTD,45.79,,23/01/2020,,Y
S0064,Yorkshire Dales National Park Authority,PCARD-2020/10,Tools & Office Equipment,Western Dales (Cumbria),,VIKING DIRECT,5.69,,07/01/2020,,Y
S2586,Yorkshire Dales National Park Authority,PI140906,Tools & Office Equipment,Contracts - Access Rangers,,VODAFONE LTD (CORPORATE),80.19,,15/01/2020,,
S5105,Yorkshire Dales National Park Authority,PI141106,Training,Training,,ACT NOW  TRAINING LTD,389.0,,30/01/2020,,
S5105,Yorkshire Dales National Park Authority,PI141107,Training,Training,,ACT NOW  TRAINING LTD,389.0,,30/01/2020,,
S4949,Yorkshire Dales National Park Authority,PI141077,Training,Apprenticeships,,BALTIC TRAINING SERVICES LIMITED,3.82,,30/01/2020,,
S3593,Yorkshire Dales National Park Authority,PI140803,Training,Training,,CIVICA UK LTD,250.0,,06/01/2020,,
S0401,Yorkshire Dales National Park Authority,PI141044,Training,Apprenticeships,,CRAVEN COLLEGE,24.0,,30/01/2020,,
S0016,Yorkshire Dales National Park Authority,PI141139,Training,Development Management,,CUMBRIA COUNTY COUNCIL,400.0,,30/01/2020,,
S0811,Yorkshire Dales National Park Authority,PI141129,Training,Pennine way,,DEEPDALE OFF ROAD,150.0,,30/01/2020,,
S4356,Yorkshire Dales National Park Authority,PI141128,Training,Training,,LOWE MAINTENANCE,125.0,,30/01/2020,,
S1951,Yorkshire Dales National Park Authority,PI141090,Training,Training,,NYCC,446.0,,30/01/2020,,
S5560,Yorkshire Dales National Park Authority,PI141094,Training,WMD Westmorland Dales Overheads,,REDACTED PERSONAL DATA,300.0,,30/01/2020,,
S5564,Yorkshire Dales National Park Authority,PI140990,Training,Training,,PDP COMPANIES,485.0,,15/01/2020,,
S0011,Yorkshire Dales National Park Authority,PI140934,Training,Training,,PEAK DISTRICT NATIONAL PARK AUTHORITY,268.33,,15/01/2020,,
S5515,Yorkshire Dales National Park Authority,PI141177,Training,WMD Westmorland Dales Overheads,,REACH BEYOND ADVENTURE,200.0,,30/01/2020,,
S1735,Yorkshire Dales National Park Authority,PC140931,Training,Development Management,,RTPI YORKSHIRE,-85.0,,29/01/2020,,
S4172,Yorkshire Dales National Park Authority,PI140928,Training,Training,,T K ROBINSON & SONS LTD,250.0,,15/01/2020,,
S4727,Yorkshire Dales National Park Authority,PI140761,Training,Training,,THINKWHERE LTD,270.0,,06/01/2020,,
,Yorkshire Dales National Park Authority,PCARD-2020/10,Training,Training,,TRAVELODGE,70.62,,07/01/2020,,Y
,Yorkshire Dales National Park Authority,PCARD-2020/10,Training,Training,,TRAVELODGE,70.62,,07/01/2020,,Y
,Yorkshire Dales National Park Authority,PCARD-2020/10,Training,Training,,TRAVELODGE,97.48,,07/01/2020,,Y
,Yorkshire Dales National Park Authority,PCARD-2020/10,Training,Training,,TRAVELODGE,99.98,,07/01/2020,,Y
S2908,Yorkshire Dales National Park Authority,PI141144,Vehicle & Plant Purchase,Northern Dales (Richmondshire),,P V DOBSON & SONS,6000.0,,30/01/2020,,
S2908,Yorkshire Dales National Park Authority,PI141144,Vehicle & Plant Purchase,Northern Dales (Richmondshire),,P V DOBSON & SONS,14070.0,,30/01/2020,,
S4977,Yorkshire Dales National Park Authority,PI141058,Vehicle Hire,Outreach,,COUNTRY PRIVATE HIRE,108.0,,30/01/2020,,
S4977,Yorkshire Dales National Park Authority,PI141150,Vehicle Hire,Outreach,,COUNTRY PRIVATE HIRE,136.0,,30/01/2020,,
S4475,Yorkshire Dales National Park Authority,PI141054,Vehicle Hire,Outreach,,GRASSINGTON HUB,50.0,,30/01/2020,,
S4475,Yorkshire Dales National Park Authority,PI141054,Vehicle Hire,Outreach,,GRASSINGTON HUB,50.0,,30/01/2020,,
S5015,Yorkshire Dales National Park Authority,PI141071,Vehicle Hire,Outreach,,JAMES PEACOCK PRIVATE HIRE,80.0,,30/01/2020,,
S2238,Yorkshire Dales National Park Authority,PI140832,Vehicle Hire,CEO Administration,,R HANDLEY & SONS LTD,370.0,,15/01/2020,,
S2388,Yorkshire Dales National Park Authority,PI140796,Vehicle Hire,Outreach,,SKIPTON SELF DRIVE LTD,92.1,,06/01/2020,,
S2388,Yorkshire Dales National Park Authority,PI141111,Vehicle Hire,Outreach,,SKIPTON SELF DRIVE LTD,98.5,,30/01/2020,,
S5497,Yorkshire Dales National Park Authority,PI141049,Vehicle Hire,Outreach,,WENSLEYDALE & SWALEDALE AREA QUAKER MEETING,150.0,,30/01/2020,,
S4475,Yorkshire Dales National Park Authority,PI141053,Vehicle Leasing,Outreach,,GRASSINGTON HUB,30.0,,30/01/2020,,
S3089,Yorkshire Dales National Park Authority,PI140553,Vehicle Leasing,Contracts - Access Rangers,,VENSON AUTOMOTIVE SOLUTIONS LTD - DD,4675.96,,02/01/2020,,
S3089,Yorkshire Dales National Park Authority,PI140912,Vehicle Leasing,Contracts - Access Rangers,,VENSON AUTOMOTIVE SOLUTIONS LTD - DD,4675.96,,20/01/2020,,
S3217,Yorkshire Dales National Park Authority,PI140904,Vehicle Repairs and Maint,Contracts - Access Rangers,,BECKS GARDEN MACHINERY LTD,223.2,,06/01/2020,,
S5579,Yorkshire Dales National Park Authority,PI141164,Vehicle Repairs and Maint,Contracts - Access Rangers,,CHARLES PUGH (WINDSCREENS) LTD - NATIONAL WINDSCRE,157.8,,30/01/2020,,
S3138,Yorkshire Dales National Park Authority,PI140967,Vehicle Repairs and Maint,Contracts - Access Rangers,,GUY MACHINERY LTD,376.17,,15/01/2020,,
S3138,Yorkshire Dales National Park Authority,PI140942,Vehicle Repairs and Maint,Pennine way,,GUY MACHINERY LTD,559.97,,15/01/2020,,
S4212,Yorkshire Dales National Park Authority,PI140921,Vehicle Repairs and Maint,Contracts - Access Rangers,,J E HANSON & SON,45.0,,15/01/2020,,
S4212,Yorkshire Dales National Park Authority,PI140948,Vehicle Repairs and Maint,Contracts - Access Rangers,,J E HANSON & SON,45.0,,15/01/2020,,
S5181,Yorkshire Dales National Park Authority,PI141008,Vehicle Repairs and Maint,Contracts - Access Rangers,,SKIPTON BODY REPAIR CENTRE LTD,150.0,,15/01/2020,,
S3804,Yorkshire Dales National Park Authority,PI140901,Vehicle Running Costs,Contracts - Access Rangers,,ALLSTAR BUSINESS SOLUTIONS LTD,64.69,,06/01/2020,,
S3804,Yorkshire Dales National Park Authority,PI140899,Vehicle Running Costs,WMD 3.2 Skills for the future,,ALLSTAR BUSINESS SOLUTIONS LTD,65.87,,06/01/2020,,
S3804,Yorkshire Dales National Park Authority,PI141098,Vehicle Running Costs,WMD 3.2 Skills for the future,,ALLSTAR BUSINESS SOLUTIONS LTD,67.52,,30/01/2020,,
S3804,Yorkshire Dales National Park Authority,PI141099,Vehicle Running Costs,Contracts - Access Rangers,,ALLSTAR BUSINESS SOLUTIONS LTD,118.88,,30/01/2020,,
S3804,Yorkshire Dales National Park Authority,PI140899,Vehicle Running Costs,Contracts - Access Rangers,,ALLSTAR BUSINESS SOLUTIONS LTD,186.22,,06/01/2020,,
S3804,Yorkshire Dales National Park Authority,PI141098,Vehicle Running Costs,Contracts - Access Rangers,,ALLSTAR BUSINESS SOLUTIONS LTD,186.3,,30/01/2020,,
S3804,Yorkshire Dales National Park Authority,PI141097,Vehicle Running Costs,Contracts - Access Rangers,,ALLSTAR BUSINESS SOLUTIONS LTD,250.33,,30/01/2020,,
S3804,Yorkshire Dales National Park Authority,PI140902,Vehicle Running Costs,Contracts - Access Rangers,,ALLSTAR BUSINESS SOLUTIONS LTD,317.82,,06/01/2020,,
S3804,Yorkshire Dales National Park Authority,PI141100,Vehicle Running Costs,Contracts - Access Rangers,,ALLSTAR BUSINESS SOLUTIONS LTD,391.01,,30/01/2020,,
S3804,Yorkshire Dales National Park Authority,PI140900,Vehicle Running Costs,Contracts - Access Rangers,,ALLSTAR BUSINESS SOLUTIONS LTD,411.69,,06/01/2020,,
S5006,Yorkshire Dales National Park Authority,PI140919,Vehicle Running Costs,Contracts - Access Rangers,,DALE HEAD COMMUNITY GARAGE,20.5,,06/01/2020,,
S4140,Yorkshire Dales National Park Authority,PI140930,Vehicle Running Costs,Contracts - Access Rangers,,KETTLEWELL GARAGE,364.17,,15/01/2020,,
S2437,Yorkshire Dales National Park Authority,PI141104,Venue Hire,Farmed Land,,DENTDALE MEMORIAL HALL,26.0,,30/01/2020,,
S5309,Yorkshire Dales National Park Authority,PI141172,Venue Hire,WMD 3.6 Celebrating and engaging,,F & R FARMS LTD,90.0,,30/01/2020,,
S0188,Yorkshire Dales National Park Authority,PI140974,Venue Hire,NPC General,,GRASSINGTON DEVONSHIRE INSTITIUTE,35.0,,15/01/2020,,
S0188,Yorkshire Dales National Park Authority,PI140905,Venue Hire,Volunteers,,GRASSINGTON DEVONSHIRE INSTITIUTE,297.0,,06/01/2020,,
S5355,Yorkshire Dales National Park Authority,PI141102,Venue Hire,Southern Dales (Craven  Lancs),,MALHAM METHODIST CHAPEL,25.0,,30/01/2020,,
S5355,Yorkshire Dales National Park Authority,PI141127,Venue Hire,Outreach,,MALHAM METHODIST CHAPEL,50.0,,30/01/2020,,
S5355,Yorkshire Dales National Park Authority,PI141127,Venue Hire,Outreach,,MALHAM METHODIST CHAPEL,50.0,,30/01/2020,,
S0786,Yorkshire Dales National Park Authority,PI140997,Venue Hire,Farmed Land,,SEDBERGH PEOPLE'S HALL,30.0,,15/01/2020,,
S0786,Yorkshire Dales National Park Authority,PI140996,Venue Hire,Farmed Land,,SEDBERGH PEOPLE'S HALL,102.0,,15/01/2020,,
S5091,Yorkshire Dales National Park Authority,PI141101,Venue Hire,WMD Westmorland Dales Overheads,,SHAP COMMUNITY CIO,24.0,,30/01/2020,,
S4770,Yorkshire Dales National Park Authority,PI140792,Venue Hire,Farmed Land,,THORNTON RUST INSTITUTE,15.0,,06/01/2020,,
S0948,Yorkshire Dales National Park Authority,PI141171,Venue Hire,Member Costs,,WEST BURTON VILLAGE HALL,45.0,,30/01/2020,,
S0948,Yorkshire Dales National Park Authority,PI141171,Venue Hire,Member Costs,,WEST BURTON VILLAGE HALL,45.0,,30/01/2020,,
S4734,Yorkshire Dales National Park Authority,PI140993,Waste Collection,Contracts - Access Rangers,,AMEY T/A ENTERPRISE MANAGED SERVICES LTD,48.72,,15/01/2020,,
S4734,Yorkshire Dales National Park Authority,PI140993,Waste Collection,WMD Westmorland Dales Overheads,,AMEY T/A ENTERPRISE MANAGED SERVICES LTD,48.72,,15/01/2020,,
S5578,Yorkshire Dales National Park Authority,PI141153,Waste Collection,Contracts - Access Rangers,,BLACKBURN SKIPS LTD,230.0,,30/01/2020,,
S5495,Yorkshire Dales National Park Authority,PI140896,Waste Collection,Aysgarth Falls NPC,,CITRON HYGIENE UK LTD,5.07,,15/01/2020,,
S5495,Yorkshire Dales National Park Authority,PI140890,Waste Collection,Grassington NPC,,CITRON HYGIENE UK LTD,5.07,,15/01/2020,,
S5495,Yorkshire Dales National Park Authority,PI140895,Waste Collection,Toilets,,CITRON HYGIENE UK LTD,8.31,,15/01/2020,,
S5495,Yorkshire Dales National Park Authority,PI140894,Waste Collection,Toilets,,CITRON HYGIENE UK LTD,15.21,,15/01/2020,,
S5495,Yorkshire Dales National Park Authority,PI140892,Waste Collection,Toilets,,CITRON HYGIENE UK LTD,15.21,,15/01/2020,,
S5495,Yorkshire Dales National Park Authority,PI140893,Waste Collection,Toilets,,CITRON HYGIENE UK LTD,15.21,,15/01/2020,,
S5495,Yorkshire Dales National Park Authority,PI140891,Waste Collection,Toilets,,CITRON HYGIENE UK LTD,20.28,,15/01/2020,,
S5495,Yorkshire Dales National Park Authority,PI140886,Waste Collection,Toilets,,CITRON HYGIENE UK LTD,25.35,,15/01/2020,,
S5495,Yorkshire Dales National Park Authority,PI140889,Waste Collection,Toilets,,CITRON HYGIENE UK LTD,25.35,,15/01/2020,,
S5495,Yorkshire Dales National Park Authority,PI140887,Waste Collection,Toilets,,CITRON HYGIENE UK LTD,60.84,,15/01/2020,,
S5495,Yorkshire Dales National Park Authority,PI140888,Waste Collection,Toilets,,CITRON HYGIENE UK LTD,81.12,,15/01/2020,,
S0014,Yorkshire Dales National Park Authority,PI141189,Waste Collection,Malham NPC,,CRAVEN DISTRICT COUNCIL,2.47,,30/01/2020,,
S0120,Yorkshire Dales National Park Authority,PCARD-2020/10,Waste Collection,Contracts - Access Rangers,,ENVIRONMENT AGENCY,154.0,,27/01/2020,,Y
S1782,Yorkshire Dales National Park Authority,PI141010,Waste Collection,Contracts - Access Rangers,,EWR SKIPS LTD,230.0,,15/01/2020,,
S0034,Yorkshire Dales National Park Authority,PI140920,Waste Collection,Toilets,,M W WASTE DRAINAGE SUPPORT SERVICES LTD,150.0,,15/01/2020,,
S0052,Yorkshire Dales National Park Authority,PI141170,Waste Collection,Car Parks,,SETTLE COAL COMPANY LTD,327.8,,30/01/2020,,
S3307,Yorkshire Dales National Park Authority,PC140932,Waste Collection,Northern Dales (Richmondshire),,YORWASTE LTD,-6.53,,15/01/2020,,
S3307,Yorkshire Dales National Park Authority,PC140932,Waste Collection,Office Accomodation,,YORWASTE LTD,-5.75,,15/01/2020,,
S3307,Yorkshire Dales National Park Authority,PI140950,Waste Collection,Northern Dales (Richmondshire),,YORWASTE LTD,52.02,,15/01/2020,,
S3307,Yorkshire Dales National Park Authority,PI140951,Waste Collection,Aysgarth Falls NPC,,YORWASTE LTD,56.35,,15/01/2020,,
S3307,Yorkshire Dales National Park Authority,PI140950,Waste Collection,Office Accomodation,,YORWASTE LTD,56.35,,15/01/2020,,
S3307,Yorkshire Dales National Park Authority,PI140949,Waste Collection,Dales Countryside Museum,,YORWASTE LTD,75.41,,15/01/2020,,
S5503,Yorkshire Dales National Park Authority,PC140995,Water,Toilets,,SCOTTISH WATER BUSINESS STREAM LTD,-324.7,,15/01/2020,,
S5503,Yorkshire Dales National Park Authority,PC141015,Water,Toilets,,SCOTTISH WATER BUSINESS STREAM LTD,-178.14,,15/01/2020,,
S5503,Yorkshire Dales National Park Authority,PC140981,Water,Toilets,,SCOTTISH WATER BUSINESS STREAM LTD,-115.63,,15/01/2020,,
S5503,Yorkshire Dales National Park Authority,PC140984,Water,Toilets,,SCOTTISH WATER BUSINESS STREAM LTD,-79.69,,15/01/2020,,
S5503,Yorkshire Dales National Park Authority,PC140982,Water,Toilets,,SCOTTISH WATER BUSINESS STREAM LTD,-71.48,,15/01/2020,,
S5503,Yorkshire Dales National Park Authority,PC140983,Water,Toilets,,SCOTTISH WATER BUSINESS STREAM LTD,-38.19,,15/01/2020,,
S5503,Yorkshire Dales National Park Authority,PI140985,Water,Contracts - Access Rangers,,SCOTTISH WATER BUSINESS STREAM LTD,1.82,,15/01/2020,,
S5503,Yorkshire Dales National Park Authority,PI141017,Water,Grassington NPC,,SCOTTISH WATER BUSINESS STREAM LTD,6.31,,15/01/2020,,
S5503,Yorkshire Dales National Park Authority,PI140877,Water,Grassington NPC,,SCOTTISH WATER BUSINESS STREAM LTD,6.49,,06/01/2020,,
S5503,Yorkshire Dales National Park Authority,PI140884,Water,Contracts - Access Rangers,,SCOTTISH WATER BUSINESS STREAM LTD,8.31,,15/01/2020,,
S5503,Yorkshire Dales National Park Authority,PI140874,Water,Toilets,,SCOTTISH WATER BUSINESS STREAM LTD,9.22,,15/01/2020,,
S5503,Yorkshire Dales National Park Authority,PI140880,Water,Contracts - Access Rangers,,SCOTTISH WATER BUSINESS STREAM LTD,23.19,,15/01/2020,,
S5503,Yorkshire Dales National Park Authority,PI141016,Water,Office Accomodation,,SCOTTISH WATER BUSINESS STREAM LTD,25.82,,15/01/2020,,
S5503,Yorkshire Dales National Park Authority,PI140885,Water,Aysgarth Falls NPC,,SCOTTISH WATER BUSINESS STREAM LTD,63.59,,15/01/2020,,
S5503,Yorkshire Dales National Park Authority,PI140876,Water,Office Accomodation,,SCOTTISH WATER BUSINESS STREAM LTD,64.23,,06/01/2020,,
S5503,Yorkshire Dales National Park Authority,PI141045,Water,Contracts - Access Rangers,,SCOTTISH WATER BUSINESS STREAM LTD,64.3,,30/01/2020,,
S5503,Yorkshire Dales National Park Authority,PI140878,Water,Toilets,,SCOTTISH WATER BUSINESS STREAM LTD,64.3,,15/01/2020,,
S5503,Yorkshire Dales National Park Authority,PI141045,Water,Contracts - Access Rangers,,SCOTTISH WATER BUSINESS STREAM LTD,123.85,,30/01/2020,,
S5503,Yorkshire Dales National Park Authority,PI140882,Water,Office Accomodation,,SCOTTISH WATER BUSINESS STREAM LTD,167.93,,15/01/2020,,
S5503,Yorkshire Dales National Park Authority,PI140879,Water,Toilets,,SCOTTISH WATER BUSINESS STREAM LTD,171.43,,15/01/2020,,
S5503,Yorkshire Dales National Park Authority,PI140872,Water,Toilets,,SCOTTISH WATER BUSINESS STREAM LTD,206.48,,15/01/2020,,
S5503,Yorkshire Dales National Park Authority,PI140881,Water,Toilets,,SCOTTISH WATER BUSINESS STREAM LTD,210.71,,15/01/2020,,
S5503,Yorkshire Dales National Park Authority,PI140875,Water,Toilets,,SCOTTISH WATER BUSINESS STREAM LTD,281.8,,15/01/2020,,
S5503,Yorkshire Dales National Park Authority,PI140883,Water,Dales Countryside Museum,,SCOTTISH WATER BUSINESS STREAM LTD,486.02,,15/01/2020,,
S5503,Yorkshire Dales National Park Authority,PI140873,Water,Toilets,,SCOTTISH WATER BUSINESS STREAM LTD,661.72,,15/01/2020,,
